method,split,seed,episode,stress_level,success,edge_f1,birth_f1,death_f1,graph_edit,component_accuracy,jam_f1,safety_violation_rate,chain_contact_rate,pocket_contact_rate,fixture_contact_rate,wall_contact_rate,final_progress,final_y_error,energy,trajectory_samples
pairwise_contact_classifier,stress_sweep,0,2000,0.00,0,0.41719,0.07292,0.07812,0.35938,0.07812,0.88462,0.00000,0.96875,0.92188,0.00000,0.00000,0.81921,0.05290,11.68299,"0:b(0.029,-0.038):p0.00:e[none];10:b(0.358,-0.038):p0.82:e[pusher_block_a,block_a_block_b,block_b_pocket];20:b(0.357,-0.038):p0.82:e[pusher_block_a,block_a_block_b,block_b_pocket];30:b(0.357,-0.038):p0.82:e[pusher_block_a,block_a_block_b,block_b_pocket];40:b(0.357,-0.038):p0.82:e[pusher_block_a,block_a_block_b,block_b_pocket];50:b(0.357,-0.038):p0.82:e[pusher_block_a,block_a_block_b,block_b_pocket];60:b(0.357,-0.038):p0.82:e[pusher_block_a,block_a_block_b,block_b_pocket];63:b(0.357,-0.038):p0.82:e[pusher_block_a,block_a_block_b,block_b_pocket]"
ensemble_uncertainty_planner,stress_sweep,0,2000,0.00,0,0.13906,0.04688,0.08854,0.38672,0.21875,0.38889,0.00000,0.35938,0.92188,0.00000,0.00000,0.81921,0.05472,14.48586,"0:b(0.029,-0.038):p0.00:e[none];10:b(0.358,-0.038):p0.82:e[pusher_block_a,block_a_block_b,block_b_pocket];20:b(0.357,-0.038):p0.82:e[pusher_block_a,block_a_block_b,block_b_pocket];30:b(0.357,-0.040):p0.82:e[pusher_block_b,block_b_pocket];40:b(0.357,-0.040):p0.82:e[pusher_block_b,block_b_pocket];50:b(0.357,-0.040):p0.82:e[pusher_block_b,block_b_pocket];60:b(0.357,-0.040):p0.82:e[pusher_block_b,block_b_pocket];63:b(0.357,-0.040):p0.82:e[pusher_block_b,block_b_pocket]"
contact_implicit_mpc_baseline,stress_sweep,0,2000,0.00,0,0.97917,0.96875,1.00000,0.00391,0.96875,0.00000,0.00000,0.96875,0.92188,0.00000,0.00000,0.81921,0.05247,11.68623,"0:b(0.029,-0.038):p0.00:e[none];10:b(0.358,-0.038):p0.82:e[pusher_block_a,block_a_block_b,block_b_pocket];20:b(0.357,-0.038):p0.82:e[pusher_block_a,block_a_block_b,block_b_pocket];30:b(0.357,-0.038):p0.82:e[pusher_block_a,block_a_block_b,block_b_pocket];40:b(0.357,-0.038):p0.82:e[pusher_block_a,block_a_block_b,block_b_pocket];50:b(0.357,-0.038):p0.82:e[pusher_block_a,block_a_block_b,block_b_pocket];60:b(0.357,-0.038):p0.82:e[pusher_block_a,block_a_block_b,block_b_pocket];63:b(0.357,-0.038):p0.82:e[pusher_block_a,block_a_block_b,block_b_pocket]"
topology_world_model,stress_sweep,0,2000,0.00,0,0.66510,0.03125,0.06771,0.24414,0.98438,0.88462,0.00000,0.96875,0.92188,0.00000,0.00000,0.81921,0.05313,11.68931,"0:b(0.029,-0.038):p0.00:e[none];10:b(0.358,-0.038):p0.82:e[pusher_block_a,block_a_block_b,block_b_pocket];20:b(0.357,-0.038):p0.82:e[pusher_block_a,block_a_block_b,block_b_pocket];30:b(0.357,-0.038):p0.82:e[pusher_block_a,block_a_block_b,block_b_pocket];40:b(0.357,-0.038):p0.82:e[pusher_block_a,block_a_block_b,block_b_pocket];50:b(0.357,-0.038):p0.82:e[pusher_block_a,block_a_block_b,block_b_pocket];60:b(0.357,-0.038):p0.82:e[pusher_block_a,block_a_block_b,block_b_pocket];63:b(0.357,-0.038):p0.82:e[pusher_block_a,block_a_block_b,block_b_pocket]"
oracle_topology_planner,stress_sweep,0,2000,0.00,0,1.00000,1.00000,1.00000,0.00000,1.00000,1.00000,0.00000,0.06250,0.06250,0.00000,0.00000,0.78949,0.07147,106.33502,"0:b(0.029,-0.038):p0.00:e[none];10:b(0.276,-0.051):p0.62:e[none];20:b(0.346,-0.055):p0.79:e[none];30:b(0.355,-0.057):p0.81:e[none];40:b(0.352,-0.057):p0.80:e[none];50:b(0.349,-0.057):p0.80:e[none];60:b(0.346,-0.057):p0.79:e[none];63:b(0.345,-0.057):p0.79:e[none]"
pairwise_contact_classifier,stress_sweep,0,2001,0.00,0,0.65469,0.04688,0.04688,0.24805,0.96875,0.88462,0.00000,0.96875,0.92188,0.00000,0.00000,0.80465,0.04974,11.25470,"0:b(0.058,-0.039):p0.00:e[none];10:b(0.357,-0.038):p0.80:e[pusher_block_a,block_a_block_b,block_b_pocket];20:b(0.357,-0.038):p0.80:e[pusher_block_a,block_a_block_b,block_b_pocket];30:b(0.357,-0.038):p0.80:e[pusher_block_a,block_a_block_b,block_b_pocket];40:b(0.357,-0.038):p0.80:e[pusher_block_a,block_a_block_b,block_b_pocket];50:b(0.357,-0.038):p0.80:e[pusher_block_a,block_a_block_b,block_b_pocket];60:b(0.357,-0.038):p0.80:e[pusher_block_a,block_a_block_b,block_b_pocket];63:b(0.357,-0.038):p0.80:e[pusher_block_a,block_a_block_b,block_b_pocket]"
ensemble_uncertainty_planner,stress_sweep,0,2001,0.00,0,0.31198,0.06250,0.16406,0.35156,0.04688,0.74074,0.00000,0.85938,0.81250,0.00000,0.00000,0.79761,0.05889,25.70259,"0:b(0.058,-0.039):p0.00:e[none];10:b(0.357,-0.039):p0.80:e[pusher_block_a,block_a_block_b,block_b_pocket];20:b(0.357,-0.040):p0.80:e[pusher_block_a,block_a_block_b,block_b_pocket];30:b(0.357,-0.041):p0.80:e[pusher_block_a,block_a_block_b,block_b_pocket];40:b(0.357,-0.042):p0.80:e[pusher_block_a,block_a_block_b,block_b_pocket];50:b(0.357,-0.044):p0.80:e[pusher_block_a,block_a_block_b,block_b_pocket];60:b(0.356,-0.047):p0.80:e[none];63:b(0.355,-0.048):p0.80:e[none]"
contact_implicit_mpc_baseline,stress_sweep,0,2001,0.00,0,0.97917,0.96875,1.00000,0.00391,0.96875,0.00000,0.00000,0.96875,0.92188,0.00000,0.00000,0.80465,0.04997,11.25180,"0:b(0.058,-0.039):p0.00:e[none];10:b(0.357,-0.039):p0.80:e[pusher_block_a,block_a_block_b,block_b_pocket];20:b(0.357,-0.039):p0.80:e[pusher_block_a,block_a_block_b,block_b_pocket];30:b(0.357,-0.039):p0.80:e[pusher_block_a,block_a_block_b,block_b_pocket];40:b(0.357,-0.039):p0.80:e[pusher_block_a,block_a_block_b,block_b_pocket];50:b(0.357,-0.039):p0.80:e[pusher_block_a,block_a_block_b,block_b_pocket];60:b(0.357,-0.039):p0.80:e[pusher_block_a,block_a_block_b,block_b_pocket];63:b(0.357,-0.039):p0.80:e[pusher_block_a,block_a_block_b,block_b_pocket]"
topology_world_model,stress_sweep,0,2001,0.00,0,0.66510,0.03125,0.08333,0.24414,0.98438,0.88462,0.00000,0.96875,0.92188,0.00000,0.00000,0.80465,0.04970,11.23747,"0:b(0.058,-0.039):p0.00:e[none];10:b(0.357,-0.038):p0.80:e[pusher_block_a,block_a_block_b,block_b_pocket];20:b(0.357,-0.038):p0.80:e[pusher_block_a,block_a_block_b,block_b_pocket];30:b(0.357,-0.038):p0.80:e[pusher_block_a,block_a_block_b,block_b_pocket];40:b(0.357,-0.038):p0.80:e[pusher_block_a,block_a_block_b,block_b_pocket];50:b(0.357,-0.038):p0.80:e[pusher_block_a,block_a_block_b,block_b_pocket];60:b(0.357,-0.038):p0.80:e[pusher_block_a,block_a_block_b,block_b_pocket];63:b(0.357,-0.038):p0.80:e[pusher_block_a,block_a_block_b,block_b_pocket]"
oracle_topology_planner,stress_sweep,0,2001,0.00,0,1.00000,1.00000,1.00000,0.00000,1.00000,1.00000,0.00000,0.21875,0.15625,0.00000,0.01562,0.57586,0.08029,52.53423,"0:b(0.058,-0.039):p0.00:e[none];10:b(0.357,-0.001):p0.80:e[pusher_block_a,block_a_block_b,block_b_pocket];20:b(0.346,-0.009):p0.78:e[none];30:b(0.324,-0.028):p0.71:e[none];40:b(0.305,-0.043):p0.66:e[none];50:b(0.289,-0.056):p0.62:e[none];60:b(0.276,-0.066):p0.59:e[none];63:b(0.272,-0.069):p0.58:e[none]"
pairwise_contact_classifier,stress_sweep,0,2002,0.00,0,0.57240,0.03125,0.96875,0.19531,0.06250,0.00000,0.00000,0.00000,0.00000,0.00000,0.01562,0.51042,0.05430,13.29475,"0:b(0.014,-0.023):p0.00:e[none];10:b(0.230,-0.406):p0.52:e[pusher_block_a];20:b(0.234,-0.315):p0.53:e[pusher_block_a];30:b(0.231,-0.224):p0.52:e[pusher_block_a];40:b(0.229,-0.150):p0.52:e[pusher_block_a];50:b(0.227,-0.088):p0.51:e[pusher_block_a];60:b(0.226,-0.061):p0.51:e[pusher_block_a];63:b(0.226,-0.062):p0.51:e[pusher_block_a]"
ensemble_uncertainty_planner,stress_sweep,0,2002,0.00,0,0.65365,0.04688,0.95312,0.12695,0.07812,1.00000,0.00000,0.00000,0.00000,0.00000,0.01562,0.49862,0.30213,13.29965,"0:b(0.014,-0.023):p0.00:e[none];10:b(0.231,-0.408):p0.52:e[pusher_block_a,block_b_wall];20:b(0.228,-0.381):p0.52:e[pusher_block_a];30:b(0.226,-0.359):p0.51:e[pusher_block_a];40:b(0.224,-0.341):p0.51:e[pusher_block_a];50:b(0.223,-0.326):p0.50:e[pusher_block_a];60:b(0.222,-0.313):p0.50:e[pusher_block_a];63:b(0.221,-0.310):p0.50:e[pusher_block_a]"
contact_implicit_mpc_baseline,stress_sweep,0,2002,0.00,0,0.92188,0.82812,0.96875,0.02539,0.79688,1.00000,0.00000,0.00000,0.00000,0.00000,0.01562,0.51180,0.05307,13.28954,"0:b(0.014,-0.023):p0.00:e[none];10:b(0.230,-0.407):p0.52:e[pusher_block_a];20:b(0.234,-0.311):p0.53:e[pusher_block_a];30:b(0.232,-0.218):p0.52:e[pusher_block_a];40:b(0.229,-0.140):p0.52:e[pusher_block_a];50:b(0.227,-0.076):p0.51:e[pusher_block_a];60:b(0.227,-0.060):p0.51:e[pusher_block_a];63:b(0.227,-0.061):p0.51:e[pusher_block_a]"
topology_world_model,stress_sweep,0,2002,0.00,0,0.58385,0.03125,0.96875,0.19336,0.04688,0.00000,0.00000,0.00000,0.00000,0.00000,0.01562,0.51370,0.08627,13.47703,"0:b(0.014,-0.023):p0.00:e[none];10:b(0.230,-0.407):p0.52:e[pusher_block_a];20:b(0.234,-0.312):p0.53:e[pusher_block_a];30:b(0.232,-0.218):p0.52:e[pusher_block_a];40:b(0.229,-0.141):p0.52:e[pusher_block_a];50:b(0.228,-0.089):p0.51:e[pusher_block_a,pusher_block_b];60:b(0.228,-0.093):p0.51:e[pusher_block_a];63:b(0.228,-0.094):p0.51:e[pusher_block_a]"
oracle_topology_planner,stress_sweep,0,2002,0.00,1,1.00000,1.00000,1.00000,0.00000,1.00000,0.00000,0.00000,0.90000,0.75000,0.00000,0.00000,0.82496,0.02299,7.44560,"0:b(0.014,-0.023):p0.00:e[none];10:b(0.357,-0.040):p0.83:e[pusher_block_a,block_a_block_b,block_b_pocket]"
pairwise_contact_classifier,stress_sweep,0,2003,0.00,0,0.65260,0.04167,0.07031,0.25000,0.93750,0.88462,0.00000,0.96875,0.92188,0.00000,0.00000,0.81487,0.00089,11.69624,"0:b(0.038,-0.021):p0.00:e[none];10:b(0.357,-0.021):p0.82:e[pusher_block_a,block_a_block_b,block_b_pocket];20:b(0.357,-0.021):p0.81:e[pusher_block_a,block_a_block_b,block_b_pocket];30:b(0.357,-0.021):p0.81:e[pusher_block_a,block_a_block_b,block_b_pocket];40:b(0.357,-0.021):p0.81:e[pusher_block_a,block_a_block_b,block_b_pocket];50:b(0.357,-0.021):p0.81:e[pusher_block_a,block_a_block_b,block_b_pocket];60:b(0.357,-0.021):p0.81:e[pusher_block_a,block_a_block_b,block_b_pocket];63:b(0.357,-0.021):p0.81:e[pusher_block_a,block_a_block_b,block_b_pocket]"
ensemble_uncertainty_planner,stress_sweep,0,2003,0.00,0,0.25156,0.04688,0.36719,0.32617,0.04688,0.58974,0.00000,0.65625,0.60938,0.00000,0.00000,0.79137,0.01540,15.07867,"0:b(0.038,-0.021):p0.00:e[none];10:b(0.357,-0.022):p0.82:e[pusher_block_a,block_a_block_b,block_b_pocket];20:b(0.357,-0.023):p0.81:e[pusher_block_a,block_a_block_b,block_b_pocket];30:b(0.357,-0.025):p0.81:e[pusher_block_a,block_a_block_b,block_b_pocket];40:b(0.357,-0.025):p0.81:e[pusher_block_a,block_a_block_b,block_b_pocket];50:b(0.354,-0.030):p0.81:e[none];60:b(0.349,-0.036):p0.79:e[none];63:b(0.348,-0.038):p0.79:e[none]"
contact_implicit_mpc_baseline,stress_sweep,0,2003,0.00,0,0.97917,0.96875,1.00000,0.00391,0.96875,0.00000,0.00000,0.96875,0.92188,0.00000,0.00000,0.81487,0.00083,11.70289,"0:b(0.038,-0.021):p0.00:e[none];10:b(0.357,-0.021):p0.82:e[pusher_block_a,block_a_block_b,block_b_pocket];20:b(0.357,-0.021):p0.81:e[pusher_block_a,block_a_block_b,block_b_pocket];30:b(0.357,-0.021):p0.81:e[pusher_block_a,block_a_block_b,block_b_pocket];40:b(0.357,-0.021):p0.81:e[pusher_block_a,block_a_block_b,block_b_pocket];50:b(0.357,-0.021):p0.81:e[pusher_block_a,block_a_block_b,block_b_pocket];60:b(0.357,-0.021):p0.81:e[pusher_block_a,block_a_block_b,block_b_pocket];63:b(0.357,-0.021):p0.81:e[pusher_block_a,block_a_block_b,block_b_pocket]"
topology_world_model,stress_sweep,0,2003,0.00,0,0.66510,0.03125,0.05729,0.24414,0.98438,0.88462,0.00000,0.96875,0.92188,0.00000,0.00000,0.81487,0.00059,11.69078,"0:b(0.038,-0.021):p0.00:e[none];10:b(0.357,-0.022):p0.82:e[pusher_block_a,block_a_block_b,block_b_pocket];20:b(0.357,-0.022):p0.81:e[pusher_block_a,block_a_block_b,block_b_pocket];30:b(0.357,-0.022):p0.81:e[pusher_block_a,block_a_block_b,block_b_pocket];40:b(0.357,-0.022):p0.81:e[pusher_block_a,block_a_block_b,block_b_pocket];50:b(0.357,-0.022):p0.81:e[pusher_block_a,block_a_block_b,block_b_pocket];60:b(0.357,-0.022):p0.81:e[pusher_block_a,block_a_block_b,block_b_pocket];63:b(0.357,-0.022):p0.81:e[pusher_block_a,block_a_block_b,block_b_pocket]"
oracle_topology_planner,stress_sweep,0,2003,0.00,0,1.00000,1.00000,1.00000,0.00000,1.00000,1.00000,0.00000,0.03125,0.04688,0.00000,0.00000,0.68295,0.16455,105.99918,"0:b(0.038,-0.021):p0.00:e[none];10:b(0.335,-0.167):p0.76:e[none];20:b(0.348,-0.181):p0.79:e[none];30:b(0.335,-0.183):p0.76:e[none];40:b(0.324,-0.184):p0.73:e[none];50:b(0.315,-0.186):p0.71:e[none];60:b(0.308,-0.187):p0.69:e[none];63:b(0.306,-0.187):p0.68:e[none]"
pairwise_contact_classifier,stress_sweep,0,2004,0.00,0,0.66094,0.03125,0.05469,0.24609,0.96875,0.88462,0.00000,0.96875,0.92188,0.00000,0.00000,0.81232,0.01405,10.12711,"0:b(0.043,-0.010):p0.00:e[none];10:b(0.357,-0.010):p0.81:e[pusher_block_a,block_a_block_b,block_b_pocket];20:b(0.357,-0.010):p0.81:e[pusher_block_a,block_a_block_b,block_b_pocket];30:b(0.357,-0.010):p0.81:e[pusher_block_a,block_a_block_b,block_b_pocket];40:b(0.357,-0.010):p0.81:e[pusher_block_a,block_a_block_b,block_b_pocket];50:b(0.357,-0.010):p0.81:e[pusher_block_a,block_a_block_b,block_b_pocket];60:b(0.357,-0.010):p0.81:e[pusher_block_a,block_a_block_b,block_b_pocket];63:b(0.357,-0.010):p0.81:e[pusher_block_a,block_a_block_b,block_b_pocket]"
ensemble_uncertainty_planner,stress_sweep,0,2004,0.00,0,0.07448,0.04688,0.04688,0.46484,0.04688,0.00000,0.00000,0.96875,0.92188,0.00000,0.00000,0.81232,0.01437,10.17232,"0:b(0.043,-0.010):p0.00:e[none];10:b(0.357,-0.011):p0.81:e[pusher_block_a,block_a_block_b,block_b_pocket];20:b(0.357,-0.011):p0.81:e[pusher_block_a,block_a_block_b,block_b_pocket];30:b(0.357,-0.011):p0.81:e[pusher_block_a,block_a_block_b,block_b_pocket];40:b(0.357,-0.011):p0.81:e[pusher_block_a,block_a_block_b,block_b_pocket];50:b(0.357,-0.011):p0.81:e[pusher_block_a,block_a_block_b,block_b_pocket];60:b(0.357,-0.011):p0.81:e[pusher_block_a,block_a_block_b,block_b_pocket];63:b(0.357,-0.011):p0.81:e[pusher_block_a,block_a_block_b,block_b_pocket]"
contact_implicit_mpc_baseline,stress_sweep,0,2004,0.00,0,0.97917,0.96875,1.00000,0.00391,0.96875,0.00000,0.00000,0.96875,0.92188,0.00000,0.00000,0.81232,0.01408,10.12550,"0:b(0.043,-0.010):p0.00:e[none];10:b(0.357,-0.010):p0.81:e[pusher_block_a,block_a_block_b,block_b_pocket];20:b(0.357,-0.010):p0.81:e[pusher_block_a,block_a_block_b,block_b_pocket];30:b(0.357,-0.010):p0.81:e[pusher_block_a,block_a_block_b,block_b_pocket];40:b(0.357,-0.010):p0.81:e[pusher_block_a,block_a_block_b,block_b_pocket];50:b(0.357,-0.010):p0.81:e[pusher_block_a,block_a_block_b,block_b_pocket];60:b(0.357,-0.010):p0.81:e[pusher_block_a,block_a_block_b,block_b_pocket];63:b(0.357,-0.010):p0.81:e[pusher_block_a,block_a_block_b,block_b_pocket]"
topology_world_model,stress_sweep,0,2004,0.00,0,0.66510,0.03125,0.04688,0.24414,0.98438,0.88462,0.00000,0.96875,0.92188,0.00000,0.00000,0.81232,0.01473,10.12575,"0:b(0.043,-0.010):p0.00:e[none];10:b(0.357,-0.011):p0.81:e[pusher_block_a,block_a_block_b,block_b_pocket];20:b(0.357,-0.011):p0.81:e[pusher_block_a,block_a_block_b,block_b_pocket];30:b(0.357,-0.011):p0.81:e[pusher_block_a,block_a_block_b,block_b_pocket];40:b(0.357,-0.011):p0.81:e[pusher_block_a,block_a_block_b,block_b_pocket];50:b(0.357,-0.011):p0.81:e[pusher_block_a,block_a_block_b,block_b_pocket];60:b(0.357,-0.011):p0.81:e[pusher_block_a,block_a_block_b,block_b_pocket];63:b(0.357,-0.011):p0.81:e[pusher_block_a,block_a_block_b,block_b_pocket]"
oracle_topology_planner,stress_sweep,0,2004,0.00,0,1.00000,1.00000,1.00000,0.00000,1.00000,1.00000,0.00000,0.20312,0.12500,0.01562,0.00000,0.82000,0.37191,12.11992,"0:b(0.043,-0.010):p0.00:e[none];10:b(0.357,0.012):p0.81:e[pusher_block_a,block_a_block_b,block_b_pocket];20:b(0.286,0.206):p0.63:e[block_a_fixture];30:b(0.326,0.385):p0.73:e[none];40:b(0.346,0.397):p0.78:e[none];50:b(0.353,0.387):p0.80:e[none];60:b(0.359,0.378):p0.82:e[none];63:b(0.360,0.376):p0.82:e[none]"
pairwise_contact_classifier,stress_sweep,1,2000,0.00,0,0.66510,0.04167,0.04688,0.24414,0.98438,0.88462,0.00000,0.96875,0.92188,0.00000,0.00000,0.81665,0.04176,11.54038,"0:b(0.034,-0.030):p0.00:e[none];10:b(0.357,-0.030):p0.82:e[pusher_block_a,block_a_block_b,block_b_pocket];20:b(0.357,-0.030):p0.82:e[pusher_block_a,block_a_block_b,block_b_pocket];30:b(0.357,-0.030):p0.82:e[pusher_block_a,block_a_block_b,block_b_pocket];40:b(0.357,-0.030):p0.82:e[pusher_block_a,block_a_block_b,block_b_pocket];50:b(0.357,-0.030):p0.82:e[pusher_block_a,block_a_block_b,block_b_pocket];60:b(0.357,-0.030):p0.82:e[pusher_block_a,block_a_block_b,block_b_pocket];63:b(0.357,-0.030):p0.82:e[pusher_block_a,block_a_block_b,block_b_pocket]"
ensemble_uncertainty_planner,stress_sweep,1,2000,0.00,0,0.27187,0.03125,0.09375,0.38281,0.06250,0.74359,0.00000,0.90625,0.85938,0.00000,0.00000,0.80983,0.04887,19.41229,"0:b(0.034,-0.030):p0.00:e[none];10:b(0.357,-0.031):p0.82:e[pusher_block_a,block_a_block_b,block_b_pocket];20:b(0.357,-0.033):p0.82:e[pusher_block_a,block_a_block_b,block_b_pocket];30:b(0.357,-0.036):p0.82:e[pusher_block_a,block_a_block_b,block_b_pocket];40:b(0.357,-0.038):p0.82:e[pusher_block_a,block_a_block_b,block_b_pocket];50:b(0.357,-0.039):p0.82:e[pusher_block_a,block_a_block_b,block_b_pocket];60:b(0.357,-0.040):p0.82:e[none];63:b(0.355,-0.037):p0.81:e[none]"
contact_implicit_mpc_baseline,stress_sweep,1,2000,0.00,0,0.97917,0.96875,1.00000,0.00391,0.96875,0.00000,0.00000,0.96875,0.92188,0.00000,0.00000,0.81665,0.04057,11.54458,"0:b(0.034,-0.030):p0.00:e[none];10:b(0.357,-0.029):p0.82:e[pusher_block_a,block_a_block_b,block_b_pocket];20:b(0.357,-0.029):p0.82:e[pusher_block_a,block_a_block_b,block_b_pocket];30:b(0.357,-0.029):p0.82:e[pusher_block_a,block_a_block_b,block_b_pocket];40:b(0.357,-0.029):p0.82:e[pusher_block_a,block_a_block_b,block_b_pocket];50:b(0.357,-0.029):p0.82:e[pusher_block_a,block_a_block_b,block_b_pocket];60:b(0.357,-0.029):p0.82:e[pusher_block_a,block_a_block_b,block_b_pocket];63:b(0.357,-0.029):p0.82:e[pusher_block_a,block_a_block_b,block_b_pocket]"
topology_world_model,stress_sweep,1,2000,0.00,0,0.66510,0.05729,0.07292,0.24414,0.98438,0.88462,0.00000,0.96875,0.92188,0.00000,0.00000,0.81665,0.04116,11.55938,"0:b(0.034,-0.030):p0.00:e[none];10:b(0.357,-0.029):p0.82:e[pusher_block_a,block_a_block_b,block_b_pocket];20:b(0.357,-0.029):p0.82:e[pusher_block_a,block_a_block_b,block_b_pocket];30:b(0.357,-0.029):p0.82:e[pusher_block_a,block_a_block_b,block_b_pocket];40:b(0.357,-0.029):p0.82:e[pusher_block_a,block_a_block_b,block_b_pocket];50:b(0.357,-0.029):p0.82:e[pusher_block_a,block_a_block_b,block_b_pocket];60:b(0.357,-0.029):p0.82:e[pusher_block_a,block_a_block_b,block_b_pocket];63:b(0.357,-0.029):p0.82:e[pusher_block_a,block_a_block_b,block_b_pocket]"
oracle_topology_planner,stress_sweep,1,2000,0.00,0,1.00000,1.00000,1.00000,0.00000,1.00000,0.00000,0.00000,0.96875,0.92188,0.00000,0.00000,0.81665,0.00013,8.66799,"0:b(0.034,-0.030):p0.00:e[none];10:b(0.357,0.012):p0.82:e[pusher_block_a,block_a_block_b,block_b_pocket];20:b(0.357,0.012):p0.82:e[pusher_block_a,block_a_block_b,block_b_pocket];30:b(0.357,0.012):p0.82:e[pusher_block_a,block_a_block_b,block_b_pocket];40:b(0.357,0.012):p0.82:e[pusher_block_a,block_a_block_b,block_b_pocket];50:b(0.357,0.012):p0.82:e[pusher_block_a,block_a_block_b,block_b_pocket];60:b(0.357,0.012):p0.82:e[pusher_block_a,block_a_block_b,block_b_pocket];63:b(0.357,0.012):p0.82:e[pusher_block_a,block_a_block_b,block_b_pocket]"
pairwise_contact_classifier,stress_sweep,1,2001,0.00,0,0.66094,0.04167,0.05469,0.24609,0.96875,0.88462,0.00000,0.96875,0.92188,0.00000,0.00000,0.81706,0.04899,11.21962,"0:b(0.033,-0.061):p0.00:e[none];10:b(0.358,-0.061):p0.82:e[pusher_block_a,block_a_block_b,block_b_pocket];20:b(0.357,-0.061):p0.82:e[pusher_block_a,block_a_block_b,block_b_pocket];30:b(0.357,-0.061):p0.82:e[pusher_block_a,block_a_block_b,block_b_pocket];40:b(0.357,-0.061):p0.82:e[pusher_block_a,block_a_block_b,block_b_pocket];50:b(0.357,-0.061):p0.82:e[pusher_block_a,block_a_block_b,block_b_pocket];60:b(0.357,-0.061):p0.82:e[pusher_block_a,block_a_block_b,block_b_pocket];63:b(0.357,-0.061):p0.82:e[pusher_block_a,block_a_block_b,block_b_pocket]"
ensemble_uncertainty_planner,stress_sweep,1,2001,0.00,0,0.06198,0.04688,0.04688,0.46875,0.04688,0.00000,0.00000,0.96875,0.92188,0.00000,0.00000,0.81706,0.04819,11.19025,"0:b(0.033,-0.061):p0.00:e[none];10:b(0.358,-0.061):p0.82:e[pusher_block_a,block_a_block_b,block_b_pocket];20:b(0.357,-0.061):p0.82:e[pusher_block_a,block_a_block_b,block_b_pocket];30:b(0.357,-0.061):p0.82:e[pusher_block_a,block_a_block_b,block_b_pocket];40:b(0.357,-0.061):p0.82:e[pusher_block_a,block_a_block_b,block_b_pocket];50:b(0.357,-0.061):p0.82:e[pusher_block_a,block_a_block_b,block_b_pocket];60:b(0.357,-0.061):p0.82:e[pusher_block_a,block_a_block_b,block_b_pocket];63:b(0.357,-0.061):p0.82:e[pusher_block_a,block_a_block_b,block_b_pocket]"
contact_implicit_mpc_baseline,stress_sweep,1,2001,0.00,0,0.78437,0.96875,0.05729,0.12305,0.01562,0.00000,0.00000,0.96875,0.92188,0.00000,0.00000,0.81707,0.04789,11.20962,"0:b(0.033,-0.061):p0.00:e[none];10:b(0.358,-0.060):p0.82:e[pusher_block_a,block_a_block_b,block_b_pocket];20:b(0.357,-0.060):p0.82:e[pusher_block_a,block_a_block_b,block_b_pocket];30:b(0.357,-0.060):p0.82:e[pusher_block_a,block_a_block_b,block_b_pocket];40:b(0.357,-0.060):p0.82:e[pusher_block_a,block_a_block_b,block_b_pocket];50:b(0.357,-0.060):p0.82:e[pusher_block_a,block_a_block_b,block_b_pocket];60:b(0.357,-0.060):p0.82:e[pusher_block_a,block_a_block_b,block_b_pocket];63:b(0.357,-0.060):p0.82:e[pusher_block_a,block_a_block_b,block_b_pocket]"
topology_world_model,stress_sweep,1,2001,0.00,0,0.65677,0.05208,0.06771,0.24805,0.95312,0.88235,0.00000,0.96875,0.92188,0.00000,0.00000,0.81707,0.04980,11.23637,"0:b(0.033,-0.061):p0.00:e[none];10:b(0.358,-0.061):p0.82:e[pusher_block_a,block_a_block_b,block_b_pocket];20:b(0.357,-0.062):p0.82:e[pusher_block_a,block_a_block_b,block_b_pocket];30:b(0.357,-0.062):p0.82:e[pusher_block_a,block_a_block_b,block_b_pocket];40:b(0.357,-0.062):p0.82:e[pusher_block_a,block_a_block_b,block_b_pocket];50:b(0.357,-0.062):p0.82:e[pusher_block_a,block_a_block_b,block_b_pocket];60:b(0.357,-0.062):p0.82:e[pusher_block_a,block_a_block_b,block_b_pocket];63:b(0.357,-0.062):p0.82:e[pusher_block_a,block_a_block_b,block_b_pocket]"
oracle_topology_planner,stress_sweep,1,2001,0.00,1,1.00000,1.00000,1.00000,0.00000,1.00000,1.00000,0.00000,0.35000,0.70000,0.00000,0.00000,0.82053,0.00299,12.97101,"0:b(0.033,-0.061):p0.00:e[none];10:b(0.357,0.005):p0.81:e[pusher_block_b]"
pairwise_contact_classifier,stress_sweep,1,2002,0.00,0,0.67448,0.04167,1.00000,0.12305,0.04688,1.00000,0.00000,0.00000,0.00000,0.00000,0.01562,0.49776,0.24062,13.16701,"0:b(0.028,-0.035):p0.00:e[none];10:b(0.217,-0.375):p0.47:e[pusher_block_a];20:b(0.235,-0.364):p0.52:e[pusher_block_a];30:b(0.233,-0.318):p0.51:e[pusher_block_a];40:b(0.231,-0.281):p0.51:e[pusher_block_a];50:b(0.230,-0.250):p0.50:e[pusher_block_a];60:b(0.229,-0.224):p0.50:e[pusher_block_a];63:b(0.228,-0.217):p0.50:e[pusher_block_a]"
ensemble_uncertainty_planner,stress_sweep,1,2002,0.00,0,0.65104,0.04688,0.93750,0.12891,0.09375,1.00000,0.00000,0.00000,0.00000,0.00000,0.03125,0.49969,0.17517,13.16359,"0:b(0.028,-0.035):p0.00:e[none];10:b(0.218,-0.377):p0.47:e[pusher_block_a];20:b(0.237,-0.349):p0.52:e[pusher_block_a];30:b(0.234,-0.288):p0.51:e[pusher_block_a];40:b(0.232,-0.238):p0.51:e[pusher_block_a];50:b(0.231,-0.196):p0.50:e[pusher_block_a];60:b(0.229,-0.161):p0.50:e[pusher_block_a];63:b(0.229,-0.152):p0.50:e[pusher_block_a]"
contact_implicit_mpc_baseline,stress_sweep,1,2002,0.00,0,0.95312,0.90625,0.98438,0.01367,0.89062,1.00000,0.00000,0.00000,0.00000,0.00000,0.01562,0.49935,0.18662,13.16641,"0:b(0.028,-0.035):p0.00:e[none];10:b(0.218,-0.377):p0.47:e[pusher_block_a];20:b(0.236,-0.352):p0.52:e[pusher_block_a];30:b(0.234,-0.293):p0.51:e[pusher_block_a];40:b(0.232,-0.245):p0.51:e[pusher_block_a];50:b(0.231,-0.205):p0.50:e[pusher_block_a];60:b(0.229,-0.172):p0.50:e[pusher_block_a];63:b(0.229,-0.163):p0.50:e[pusher_block_a]"
topology_world_model,stress_sweep,1,2002,0.00,0,0.67188,0.03125,0.98438,0.12500,0.06250,1.00000,0.00000,0.00000,0.00000,0.00000,0.03125,0.49993,0.16700,13.16723,"0:b(0.028,-0.035):p0.00:e[none];10:b(0.219,-0.378):p0.47:e[pusher_block_a];20:b(0.237,-0.347):p0.52:e[pusher_block_a];30:b(0.234,-0.284):p0.51:e[pusher_block_a];40:b(0.233,-0.232):p0.51:e[pusher_block_a];50:b(0.231,-0.189):p0.50:e[pusher_block_a];60:b(0.230,-0.153):p0.50:e[pusher_block_a];63:b(0.229,-0.144):p0.50:e[pusher_block_a]"
oracle_topology_planner,stress_sweep,1,2002,0.00,0,1.00000,1.00000,1.00000,0.00000,1.00000,0.00000,0.00000,0.17188,0.12500,0.00000,0.03125,0.24876,0.36804,12.57684,"0:b(0.028,-0.035):p0.00:e[none];10:b(0.358,-0.018):p0.82:e[block_a_block_b,block_b_pocket];20:b(0.248,-0.207):p0.55:e[none];30:b(0.130,-0.398):p0.25:e[none];40:b(0.125,-0.387):p0.24:e[none];50:b(0.127,-0.366):p0.24:e[none];60:b(0.128,-0.349):p0.25:e[none];63:b(0.128,-0.345):p0.25:e[none]"
pairwise_contact_classifier,stress_sweep,1,2003,0.00,0,0.41719,0.04688,0.05469,0.35938,0.07812,0.88462,0.00000,0.96875,0.92188,0.00000,0.00000,0.81600,0.01229,11.70825,"0:b(0.036,-0.017):p0.00:e[none];10:b(0.358,-0.017):p0.82:e[pusher_block_a,block_a_block_b,block_b_pocket];20:b(0.357,-0.017):p0.82:e[pusher_block_a,block_a_block_b,block_b_pocket];30:b(0.357,-0.017):p0.82:e[pusher_block_a,block_a_block_b,block_b_pocket];40:b(0.357,-0.017):p0.82:e[pusher_block_a,block_a_block_b,block_b_pocket];50:b(0.357,-0.017):p0.82:e[pusher_block_a,block_a_block_b,block_b_pocket];60:b(0.357,-0.017):p0.82:e[pusher_block_a,block_a_block_b,block_b_pocket];63:b(0.357,-0.017):p0.82:e[pusher_block_a,block_a_block_b,block_b_pocket]"
ensemble_uncertainty_planner,stress_sweep,1,2003,0.00,0,0.27812,0.03125,0.34063,0.31250,0.07812,0.69444,0.00000,0.67188,0.62500,0.01562,0.00000,0.77933,0.03089,17.46548,"0:b(0.036,-0.017):p0.00:e[none];10:b(0.358,-0.017):p0.82:e[pusher_block_a,block_a_block_b,block_b_pocket];20:b(0.357,-0.017):p0.82:e[pusher_block_a,block_a_block_b,block_b_pocket];30:b(0.357,-0.017):p0.82:e[pusher_block_a,block_a_block_b,block_b_pocket];40:b(0.357,-0.019):p0.82:e[pusher_block_a,block_a_block_b,block_b_pocket];50:b(0.352,-0.011):p0.80:e[block_a_fixture];60:b(0.345,-0.001):p0.78:e[none];63:b(0.343,0.002):p0.78:e[none]"
contact_implicit_mpc_baseline,stress_sweep,1,2003,0.00,0,0.99479,0.98438,1.00000,0.00195,0.98438,0.00000,0.00000,0.96875,0.92188,0.00000,0.00000,0.81600,0.01167,11.70106,"0:b(0.036,-0.017):p0.00:e[none];10:b(0.358,-0.017):p0.82:e[pusher_block_a,block_a_block_b,block_b_pocket];20:b(0.357,-0.017):p0.82:e[pusher_block_a,block_a_block_b,block_b_pocket];30:b(0.357,-0.017):p0.82:e[pusher_block_a,block_a_block_b,block_b_pocket];40:b(0.357,-0.017):p0.82:e[pusher_block_a,block_a_block_b,block_b_pocket];50:b(0.357,-0.017):p0.82:e[pusher_block_a,block_a_block_b,block_b_pocket];60:b(0.357,-0.017):p0.82:e[pusher_block_a,block_a_block_b,block_b_pocket];63:b(0.357,-0.017):p0.82:e[pusher_block_a,block_a_block_b,block_b_pocket]"
topology_world_model,stress_sweep,1,2003,0.00,0,0.66510,0.03125,0.04167,0.24414,0.98438,0.88462,0.00000,0.96875,0.92188,0.00000,0.00000,0.81600,0.01210,11.71077,"0:b(0.036,-0.017):p0.00:e[none];10:b(0.358,-0.017):p0.82:e[pusher_block_a,block_a_block_b,block_b_pocket];20:b(0.357,-0.017):p0.82:e[pusher_block_a,block_a_block_b,block_b_pocket];30:b(0.357,-0.017):p0.82:e[pusher_block_a,block_a_block_b,block_b_pocket];40:b(0.357,-0.017):p0.82:e[pusher_block_a,block_a_block_b,block_b_pocket];50:b(0.357,-0.017):p0.82:e[pusher_block_a,block_a_block_b,block_b_pocket];60:b(0.357,-0.017):p0.82:e[pusher_block_a,block_a_block_b,block_b_pocket];63:b(0.357,-0.017):p0.82:e[pusher_block_a,block_a_block_b,block_b_pocket]"
oracle_topology_planner,stress_sweep,1,2003,0.00,0,1.00000,1.00000,1.00000,0.00000,1.00000,0.00000,0.00000,0.96875,0.92188,0.00000,0.00000,0.81600,0.00008,9.45563,"0:b(0.036,-0.017):p0.00:e[none];10:b(0.357,-0.029):p0.82:e[pusher_block_a,block_a_block_b,block_b_pocket];20:b(0.357,-0.029):p0.82:e[pusher_block_a,block_a_block_b,block_b_pocket];30:b(0.357,-0.029):p0.82:e[pusher_block_a,block_a_block_b,block_b_pocket];40:b(0.357,-0.029):p0.82:e[pusher_block_a,block_a_block_b,block_b_pocket];50:b(0.357,-0.029):p0.82:e[pusher_block_a,block_a_block_b,block_b_pocket];60:b(0.357,-0.029):p0.82:e[pusher_block_a,block_a_block_b,block_b_pocket];63:b(0.357,-0.029):p0.82:e[pusher_block_a,block_a_block_b,block_b_pocket]"
pairwise_contact_classifier,stress_sweep,1,2004,0.00,0,0.64844,0.03125,0.09375,0.25195,0.92188,0.88462,0.00000,0.96875,0.92188,0.00000,0.00000,0.81423,0.01627,10.07395,"0:b(0.039,-0.010):p0.00:e[none];10:b(0.357,-0.010):p0.81:e[pusher_block_a,block_a_block_b,block_b_pocket];20:b(0.357,-0.010):p0.81:e[pusher_block_a,block_a_block_b,block_b_pocket];30:b(0.357,-0.010):p0.81:e[pusher_block_a,block_a_block_b,block_b_pocket];40:b(0.357,-0.010):p0.81:e[pusher_block_a,block_a_block_b,block_b_pocket];50:b(0.357,-0.010):p0.81:e[pusher_block_a,block_a_block_b,block_b_pocket];60:b(0.357,-0.010):p0.81:e[pusher_block_a,block_a_block_b,block_b_pocket];63:b(0.357,-0.010):p0.81:e[pusher_block_a,block_a_block_b,block_b_pocket]"
ensemble_uncertainty_planner,stress_sweep,1,2004,0.00,0,0.05573,0.04688,0.04688,0.47070,0.04688,0.00000,0.00000,0.96875,0.92188,0.00000,0.00000,0.81423,0.01702,10.06097,"0:b(0.039,-0.010):p0.00:e[none];10:b(0.357,-0.011):p0.81:e[pusher_block_a,block_a_block_b,block_b_pocket];20:b(0.357,-0.011):p0.81:e[pusher_block_a,block_a_block_b,block_b_pocket];30:b(0.357,-0.011):p0.81:e[pusher_block_a,block_a_block_b,block_b_pocket];40:b(0.357,-0.011):p0.81:e[pusher_block_a,block_a_block_b,block_b_pocket];50:b(0.357,-0.011):p0.81:e[pusher_block_a,block_a_block_b,block_b_pocket];60:b(0.357,-0.011):p0.81:e[pusher_block_a,block_a_block_b,block_b_pocket];63:b(0.357,-0.011):p0.81:e[pusher_block_a,block_a_block_b,block_b_pocket]"
contact_implicit_mpc_baseline,stress_sweep,1,2004,0.00,0,0.97917,0.96875,1.00000,0.00391,0.96875,0.00000,0.00000,0.96875,0.92188,0.00000,0.00000,0.81423,0.01688,10.08217,"0:b(0.039,-0.010):p0.00:e[none];10:b(0.357,-0.010):p0.81:e[pusher_block_a,block_a_block_b,block_b_pocket];20:b(0.357,-0.010):p0.81:e[pusher_block_a,block_a_block_b,block_b_pocket];30:b(0.357,-0.010):p0.81:e[pusher_block_a,block_a_block_b,block_b_pocket];40:b(0.357,-0.010):p0.81:e[pusher_block_a,block_a_block_b,block_b_pocket];50:b(0.357,-0.010):p0.81:e[pusher_block_a,block_a_block_b,block_b_pocket];60:b(0.357,-0.010):p0.81:e[pusher_block_a,block_a_block_b,block_b_pocket];63:b(0.357,-0.010):p0.81:e[pusher_block_a,block_a_block_b,block_b_pocket]"
topology_world_model,stress_sweep,1,2004,0.00,0,0.66510,0.03125,0.08854,0.24414,0.98438,0.88462,0.00000,0.96875,0.92188,0.00000,0.00000,0.81423,0.01713,10.08362,"0:b(0.039,-0.010):p0.00:e[none];10:b(0.357,-0.011):p0.81:e[pusher_block_a,block_a_block_b,block_b_pocket];20:b(0.357,-0.011):p0.81:e[pusher_block_a,block_a_block_b,block_b_pocket];30:b(0.357,-0.011):p0.81:e[pusher_block_a,block_a_block_b,block_b_pocket];40:b(0.357,-0.011):p0.81:e[pusher_block_a,block_a_block_b,block_b_pocket];50:b(0.357,-0.011):p0.81:e[pusher_block_a,block_a_block_b,block_b_pocket];60:b(0.357,-0.011):p0.81:e[pusher_block_a,block_a_block_b,block_b_pocket];63:b(0.357,-0.011):p0.81:e[pusher_block_a,block_a_block_b,block_b_pocket]"
oracle_topology_planner,stress_sweep,1,2004,0.00,0,1.00000,1.00000,1.00000,0.00000,1.00000,0.00000,0.00000,0.96875,0.92188,0.00000,0.00000,0.81423,0.00014,10.74044,"0:b(0.039,-0.010):p0.00:e[none];10:b(0.358,0.007):p0.82:e[pusher_block_a,block_a_block_b,block_b_pocket];20:b(0.357,0.007):p0.81:e[pusher_block_a,block_a_block_b,block_b_pocket];30:b(0.357,0.007):p0.81:e[pusher_block_a,block_a_block_b,block_b_pocket];40:b(0.357,0.007):p0.81:e[pusher_block_a,block_a_block_b,block_b_pocket];50:b(0.357,0.007):p0.81:e[pusher_block_a,block_a_block_b,block_b_pocket];60:b(0.357,0.007):p0.81:e[pusher_block_a,block_a_block_b,block_b_pocket];63:b(0.357,0.007):p0.81:e[pusher_block_a,block_a_block_b,block_b_pocket]"
pairwise_contact_classifier,stress_sweep,2,2000,0.00,0,0.66510,0.03125,0.06250,0.24414,0.98438,0.88462,0.00000,0.96875,0.92188,0.00000,0.00000,0.81338,0.00132,10.12636,"0:b(0.041,-0.015):p0.00:e[none];10:b(0.357,-0.015):p0.81:e[pusher_block_a,block_a_block_b,block_b_pocket];20:b(0.357,-0.015):p0.81:e[pusher_block_a,block_a_block_b,block_b_pocket];30:b(0.357,-0.015):p0.81:e[pusher_block_a,block_a_block_b,block_b_pocket];40:b(0.357,-0.015):p0.81:e[pusher_block_a,block_a_block_b,block_b_pocket];50:b(0.357,-0.015):p0.81:e[pusher_block_a,block_a_block_b,block_b_pocket];60:b(0.357,-0.015):p0.81:e[pusher_block_a,block_a_block_b,block_b_pocket];63:b(0.357,-0.015):p0.81:e[pusher_block_a,block_a_block_b,block_b_pocket]"
ensemble_uncertainty_planner,stress_sweep,2,2000,0.00,1,0.36525,0.06383,0.07447,0.36702,0.08511,0.71875,0.00000,0.95745,0.89362,0.00000,0.00000,0.82112,0.00043,10.94494,"0:b(0.041,-0.015):p0.00:e[none];10:b(0.357,-0.014):p0.81:e[pusher_block_a,block_a_block_b,block_b_pocket];20:b(0.357,-0.015):p0.81:e[pusher_block_a,block_a_block_b,block_b_pocket];30:b(0.357,-0.018):p0.81:e[pusher_block_a,block_a_block_b,block_b_pocket];40:b(0.357,-0.018):p0.81:e[pusher_block_a,block_a_block_b,block_b_pocket]"
contact_implicit_mpc_baseline,stress_sweep,2,2000,0.00,0,0.97917,0.96875,1.00000,0.00391,0.96875,0.00000,0.00000,0.96875,0.92188,0.00000,0.00000,0.81338,0.00251,10.13126,"0:b(0.041,-0.015):p0.00:e[none];10:b(0.357,-0.014):p0.81:e[pusher_block_a,block_a_block_b,block_b_pocket];20:b(0.357,-0.014):p0.81:e[pusher_block_a,block_a_block_b,block_b_pocket];30:b(0.357,-0.014):p0.81:e[pusher_block_a,block_a_block_b,block_b_pocket];40:b(0.357,-0.014):p0.81:e[pusher_block_a,block_a_block_b,block_b_pocket];50:b(0.357,-0.014):p0.81:e[pusher_block_a,block_a_block_b,block_b_pocket];60:b(0.357,-0.014):p0.81:e[pusher_block_a,block_a_block_b,block_b_pocket];63:b(0.357,-0.014):p0.81:e[pusher_block_a,block_a_block_b,block_b_pocket]"
topology_world_model,stress_sweep,2,2000,0.00,0,0.66510,0.04688,0.04688,0.24414,0.98438,0.88462,0.00000,0.96875,0.92188,0.00000,0.00000,0.81338,0.00113,10.13452,"0:b(0.041,-0.015):p0.00:e[none];10:b(0.357,-0.016):p0.81:e[pusher_block_a,block_a_block_b,block_b_pocket];20:b(0.357,-0.016):p0.81:e[pusher_block_a,block_a_block_b,block_b_pocket];30:b(0.357,-0.016):p0.81:e[pusher_block_a,block_a_block_b,block_b_pocket];40:b(0.357,-0.016):p0.81:e[pusher_block_a,block_a_block_b,block_b_pocket];50:b(0.357,-0.016):p0.81:e[pusher_block_a,block_a_block_b,block_b_pocket];60:b(0.357,-0.016):p0.81:e[pusher_block_a,block_a_block_b,block_b_pocket];63:b(0.357,-0.016):p0.81:e[pusher_block_a,block_a_block_b,block_b_pocket]"
oracle_topology_planner,stress_sweep,2,2000,0.00,0,1.00000,1.00000,1.00000,0.00000,1.00000,0.00000,0.00000,0.96875,0.92188,0.00000,0.00000,0.81338,0.00008,8.91554,"0:b(0.041,-0.015):p0.00:e[none];10:b(0.358,-0.017):p0.82:e[pusher_block_a,block_a_block_b,block_b_pocket];20:b(0.357,-0.017):p0.81:e[pusher_block_a,block_a_block_b,block_b_pocket];30:b(0.357,-0.017):p0.81:e[pusher_block_a,block_a_block_b,block_b_pocket];40:b(0.357,-0.017):p0.81:e[pusher_block_a,block_a_block_b,block_b_pocket];50:b(0.357,-0.017):p0.81:e[pusher_block_a,block_a_block_b,block_b_pocket];60:b(0.357,-0.017):p0.81:e[pusher_block_a,block_a_block_b,block_b_pocket];63:b(0.357,-0.017):p0.81:e[pusher_block_a,block_a_block_b,block_b_pocket]"
pairwise_contact_classifier,stress_sweep,2,2001,0.00,0,0.62760,0.03906,1.00000,0.15820,0.04688,0.00000,0.00000,0.00000,0.00000,0.00000,0.01562,0.49611,0.02345,12.10442,"0:b(0.029,-0.045):p0.00:e[none];10:b(0.240,-0.415):p0.53:e[pusher_block_a,block_b_wall];20:b(0.237,-0.312):p0.52:e[pusher_block_a];30:b(0.234,-0.226):p0.51:e[pusher_block_a];40:b(0.232,-0.155):p0.51:e[pusher_block_a];50:b(0.230,-0.096):p0.50:e[pusher_block_a];60:b(0.228,-0.047):p0.50:e[pusher_block_a];63:b(0.228,-0.034):p0.50:e[pusher_block_a]"
ensemble_uncertainty_planner,stress_sweep,2,2001,0.00,0,0.65365,0.04688,0.97917,0.12500,0.06250,1.00000,0.00000,0.00000,0.00000,0.00000,0.01562,0.49286,0.13635,11.75403,"0:b(0.029,-0.045):p0.00:e[none];10:b(0.238,-0.412):p0.52:e[pusher_block_a,block_b_wall];20:b(0.235,-0.340):p0.51:e[pusher_block_a];30:b(0.232,-0.280):p0.51:e[pusher_block_a];40:b(0.230,-0.231):p0.50:e[pusher_block_a];50:b(0.228,-0.190):p0.50:e[pusher_block_a];60:b(0.227,-0.156):p0.49:e[pusher_block_a];63:b(0.227,-0.147):p0.49:e[pusher_block_a]"
contact_implicit_mpc_baseline,stress_sweep,2,2001,0.00,0,0.95833,0.92188,0.98438,0.01172,0.90625,1.00000,0.00000,0.00000,0.00000,0.00000,0.01562,0.49359,0.11106,11.77750,"0:b(0.029,-0.045):p0.00:e[none];10:b(0.238,-0.413):p0.52:e[pusher_block_a,block_b_wall];20:b(0.235,-0.334):p0.51:e[pusher_block_a];30:b(0.233,-0.268):p0.51:e[pusher_block_a];40:b(0.231,-0.214):p0.50:e[pusher_block_a];50:b(0.229,-0.169):p0.50:e[pusher_block_a];60:b(0.227,-0.132):p0.49:e[pusher_block_a];63:b(0.227,-0.122):p0.49:e[pusher_block_a]"
topology_world_model,stress_sweep,2,2001,0.00,0,0.67448,0.03125,1.00000,0.12305,0.04688,1.00000,0.00000,0.00000,0.00000,0.00000,0.01562,0.49193,0.16862,11.75931,"0:b(0.029,-0.045):p0.00:e[none];10:b(0.237,-0.411):p0.52:e[pusher_block_a,block_b_wall];20:b(0.234,-0.348):p0.51:e[pusher_block_a];30:b(0.232,-0.296):p0.51:e[pusher_block_a];40:b(0.230,-0.253):p0.50:e[pusher_block_a];50:b(0.228,-0.217):p0.50:e[pusher_block_a];60:b(0.227,-0.187):p0.49:e[pusher_block_a];63:b(0.226,-0.180):p0.49:e[pusher_block_a]"
oracle_topology_planner,stress_sweep,2,2001,0.00,0,1.00000,1.00000,1.00000,0.00000,1.00000,0.00000,0.00000,0.96875,0.92188,0.00000,0.00000,0.81899,0.00003,8.21391,"0:b(0.029,-0.045):p0.00:e[none];10:b(0.358,-0.011):p0.82:e[pusher_block_a,block_a_block_b,block_b_pocket];20:b(0.357,-0.011):p0.82:e[pusher_block_a,block_a_block_b,block_b_pocket];30:b(0.357,-0.011):p0.82:e[pusher_block_a,block_a_block_b,block_b_pocket];40:b(0.357,-0.011):p0.82:e[pusher_block_a,block_a_block_b,block_b_pocket];50:b(0.357,-0.011):p0.82:e[pusher_block_a,block_a_block_b,block_b_pocket];60:b(0.357,-0.011):p0.82:e[pusher_block_a,block_a_block_b,block_b_pocket];63:b(0.357,-0.011):p0.82:e[pusher_block_a,block_a_block_b,block_b_pocket]"
pairwise_contact_classifier,stress_sweep,2,2002,0.00,0,0.65260,0.04688,0.06250,0.25000,0.93750,0.88462,0.00000,0.96875,0.92188,0.00000,0.00000,0.80692,0.07646,10.77883,"0:b(0.054,-0.025):p0.00:e[none];10:b(0.357,-0.026):p0.81:e[pusher_block_a,block_a_block_b,block_b_pocket];20:b(0.357,-0.026):p0.81:e[pusher_block_a,block_a_block_b,block_b_pocket];30:b(0.357,-0.026):p0.81:e[pusher_block_a,block_a_block_b,block_b_pocket];40:b(0.357,-0.026):p0.81:e[pusher_block_a,block_a_block_b,block_b_pocket];50:b(0.357,-0.026):p0.81:e[pusher_block_a,block_a_block_b,block_b_pocket];60:b(0.357,-0.026):p0.81:e[pusher_block_a,block_a_block_b,block_b_pocket];63:b(0.357,-0.026):p0.81:e[pusher_block_a,block_a_block_b,block_b_pocket]"
ensemble_uncertainty_planner,stress_sweep,2,2002,0.00,0,0.06823,0.04688,0.05312,0.46680,0.04688,0.00000,0.00000,0.96875,0.92188,0.00000,0.00000,0.80692,0.07603,10.77542,"0:b(0.054,-0.025):p0.00:e[none];10:b(0.357,-0.025):p0.81:e[pusher_block_a,block_a_block_b,block_b_pocket];20:b(0.357,-0.025):p0.81:e[pusher_block_a,block_a_block_b,block_b_pocket];30:b(0.357,-0.025):p0.81:e[pusher_block_a,block_a_block_b,block_b_pocket];40:b(0.357,-0.025):p0.81:e[pusher_block_a,block_a_block_b,block_b_pocket];50:b(0.357,-0.025):p0.81:e[pusher_block_a,block_a_block_b,block_b_pocket];60:b(0.357,-0.025):p0.81:e[pusher_block_a,block_a_block_b,block_b_pocket];63:b(0.357,-0.025):p0.81:e[pusher_block_a,block_a_block_b,block_b_pocket]"
contact_implicit_mpc_baseline,stress_sweep,2,2002,0.00,0,0.97917,0.96875,1.00000,0.00391,0.96875,0.00000,0.00000,0.96875,0.92188,0.00000,0.00000,0.80692,0.07483,10.78315,"0:b(0.054,-0.025):p0.00:e[none];10:b(0.357,-0.024):p0.81:e[pusher_block_a,block_a_block_b,block_b_pocket];20:b(0.357,-0.024):p0.81:e[pusher_block_a,block_a_block_b,block_b_pocket];30:b(0.357,-0.024):p0.81:e[pusher_block_a,block_a_block_b,block_b_pocket];40:b(0.357,-0.024):p0.81:e[pusher_block_a,block_a_block_b,block_b_pocket];50:b(0.357,-0.024):p0.81:e[pusher_block_a,block_a_block_b,block_b_pocket];60:b(0.357,-0.024):p0.81:e[pusher_block_a,block_a_block_b,block_b_pocket];63:b(0.357,-0.024):p0.81:e[pusher_block_a,block_a_block_b,block_b_pocket]"
topology_world_model,stress_sweep,2,2002,0.00,0,0.66510,0.03125,0.04688,0.24414,0.98438,0.88462,0.00000,0.96875,0.92188,0.00000,0.00000,0.80692,0.07570,10.78714,"0:b(0.054,-0.025):p0.00:e[none];10:b(0.357,-0.025):p0.81:e[pusher_block_a,block_a_block_b,block_b_pocket];20:b(0.357,-0.025):p0.81:e[pusher_block_a,block_a_block_b,block_b_pocket];30:b(0.357,-0.025):p0.81:e[pusher_block_a,block_a_block_b,block_b_pocket];40:b(0.357,-0.025):p0.81:e[pusher_block_a,block_a_block_b,block_b_pocket];50:b(0.357,-0.025):p0.81:e[pusher_block_a,block_a_block_b,block_b_pocket];60:b(0.357,-0.025):p0.81:e[pusher_block_a,block_a_block_b,block_b_pocket];63:b(0.357,-0.025):p0.81:e[pusher_block_a,block_a_block_b,block_b_pocket]"
oracle_topology_planner,stress_sweep,2,2002,0.00,0,1.00000,1.00000,1.00000,0.00000,1.00000,1.00000,0.00000,0.17188,0.12500,0.00000,0.00000,0.78483,0.09779,15.04267,"0:b(0.054,-0.025):p0.00:e[none];10:b(0.357,-0.045):p0.81:e[pusher_block_a,block_a_block_b,block_b_pocket];20:b(0.355,-0.046):p0.80:e[none];30:b(0.353,-0.046):p0.80:e[none];40:b(0.352,-0.047):p0.79:e[none];50:b(0.350,-0.047):p0.79:e[none];60:b(0.349,-0.047):p0.79:e[none];63:b(0.349,-0.047):p0.78:e[none]"
pairwise_contact_classifier,stress_sweep,2,2003,0.00,0,0.67448,0.03125,1.00000,0.12305,0.04688,1.00000,0.00000,0.01562,0.00000,0.00000,0.00000,0.48565,0.23556,10.75168,"0:b(0.039,-0.037):p0.00:e[none];10:b(0.239,-0.407):p0.51:e[pusher_block_a];20:b(0.237,-0.368):p0.51:e[pusher_block_a];30:b(0.234,-0.337):p0.50:e[pusher_block_a];40:b(0.232,-0.310):p0.49:e[pusher_block_a];50:b(0.231,-0.288):p0.49:e[pusher_block_a];60:b(0.229,-0.270):p0.49:e[pusher_block_a];63:b(0.229,-0.265):p0.49:e[pusher_block_a]"
ensemble_uncertainty_planner,stress_sweep,2,2003,0.00,0,0.65365,0.04167,0.97917,0.12695,0.07812,1.00000,0.00000,0.01562,0.00000,0.00000,0.00000,0.55400,0.30701,11.15281,"0:b(0.039,-0.037):p0.00:e[none];10:b(0.239,-0.406):p0.51:e[pusher_block_a];20:b(0.243,-0.387):p0.52:e[pusher_block_a];30:b(0.247,-0.371):p0.53:e[pusher_block_a];40:b(0.250,-0.359):p0.54:e[pusher_block_a];50:b(0.253,-0.348):p0.55:e[pusher_block_a];60:b(0.255,-0.339):p0.55:e[pusher_block_a];63:b(0.256,-0.337):p0.55:e[pusher_block_a]"
contact_implicit_mpc_baseline,stress_sweep,2,2003,0.00,0,0.95312,0.92188,0.96875,0.01367,0.89062,1.00000,0.00000,0.01562,0.00000,0.00000,0.01562,0.48635,0.21085,10.73891,"0:b(0.039,-0.037):p0.00:e[none];10:b(0.240,-0.407):p0.51:e[pusher_block_a,block_b_wall];20:b(0.237,-0.362):p0.51:e[pusher_block_a];30:b(0.235,-0.324):p0.50:e[pusher_block_a];40:b(0.233,-0.293):p0.50:e[pusher_block_a];50:b(0.231,-0.268):p0.49:e[pusher_block_a];60:b(0.229,-0.246):p0.49:e[pusher_block_a];63:b(0.229,-0.241):p0.49:e[pusher_block_a]"
topology_world_model,stress_sweep,2,2003,0.00,0,0.67448,0.03125,1.00000,0.12305,0.04688,1.00000,0.00000,0.01562,0.00000,0.00000,0.00000,0.48468,0.27041,10.75921,"0:b(0.039,-0.037):p0.00:e[none];10:b(0.239,-0.406):p0.51:e[pusher_block_a];20:b(0.236,-0.377):p0.50:e[pusher_block_a];30:b(0.234,-0.354):p0.50:e[pusher_block_a];40:b(0.232,-0.334):p0.49:e[pusher_block_a];50:b(0.230,-0.317):p0.49:e[pusher_block_a];60:b(0.229,-0.304):p0.49:e[pusher_block_a];63:b(0.228,-0.300):p0.48:e[pusher_block_a]"
oracle_topology_planner,stress_sweep,2,2003,0.00,0,1.00000,1.00000,1.00000,0.00000,1.00000,0.00000,0.00000,0.96875,0.92188,0.00000,0.00000,0.81442,0.00003,8.43291,"0:b(0.039,-0.037):p0.00:e[none];10:b(0.358,-0.030):p0.81:e[pusher_block_a,block_a_block_b,block_b_pocket];20:b(0.357,-0.030):p0.81:e[pusher_block_a,block_a_block_b,block_b_pocket];30:b(0.357,-0.030):p0.81:e[pusher_block_a,block_a_block_b,block_b_pocket];40:b(0.357,-0.030):p0.81:e[pusher_block_a,block_a_block_b,block_b_pocket];50:b(0.357,-0.030):p0.81:e[pusher_block_a,block_a_block_b,block_b_pocket];60:b(0.357,-0.030):p0.81:e[pusher_block_a,block_a_block_b,block_b_pocket];63:b(0.357,-0.030):p0.81:e[pusher_block_a,block_a_block_b,block_b_pocket]"
pairwise_contact_classifier,stress_sweep,2,2004,0.00,0,0.64844,0.03125,0.07812,0.25195,0.92188,0.88462,0.00000,0.96875,0.92188,0.00000,0.00000,0.80713,0.00210,11.09872,"0:b(0.054,0.005):p0.00:e[none];10:b(0.357,0.006):p0.81:e[pusher_block_a,block_a_block_b,block_b_pocket];20:b(0.357,0.006):p0.81:e[pusher_block_a,block_a_block_b,block_b_pocket];30:b(0.357,0.006):p0.81:e[pusher_block_a,block_a_block_b,block_b_pocket];40:b(0.357,0.006):p0.81:e[pusher_block_a,block_a_block_b,block_b_pocket];50:b(0.357,0.006):p0.81:e[pusher_block_a,block_a_block_b,block_b_pocket];60:b(0.357,0.006):p0.81:e[pusher_block_a,block_a_block_b,block_b_pocket];63:b(0.357,0.006):p0.81:e[pusher_block_a,block_a_block_b,block_b_pocket]"
ensemble_uncertainty_planner,stress_sweep,2,2004,0.00,0,0.28698,0.06250,0.09375,0.38672,0.04688,0.72289,0.00000,0.93750,0.89062,0.00000,0.00000,0.80483,0.01496,15.44813,"0:b(0.054,0.005):p0.00:e[none];10:b(0.357,0.005):p0.81:e[pusher_block_a,block_a_block_b,block_b_pocket];20:b(0.357,0.002):p0.81:e[pusher_block_a,block_a_block_b,block_b_pocket];30:b(0.357,-0.002):p0.81:e[pusher_block_a,block_a_block_b,block_b_pocket];40:b(0.357,-0.004):p0.81:e[pusher_block_a,block_a_block_b,block_b_pocket];50:b(0.357,-0.006):p0.81:e[pusher_block_a,block_a_block_b,block_b_pocket];60:b(0.357,-0.007):p0.81:e[block_a_block_b,block_b_pocket];63:b(0.357,-0.007):p0.80:e[none]"
contact_implicit_mpc_baseline,stress_sweep,2,2004,0.00,0,0.99479,0.98438,1.00000,0.00195,0.98438,0.00000,0.00000,0.96875,0.92188,0.00000,0.00000,0.80713,0.00262,11.10843,"0:b(0.054,0.005):p0.00:e[none];10:b(0.357,0.006):p0.81:e[pusher_block_a,block_a_block_b,block_b_pocket];20:b(0.357,0.006):p0.81:e[pusher_block_a,block_a_block_b,block_b_pocket];30:b(0.357,0.006):p0.81:e[pusher_block_a,block_a_block_b,block_b_pocket];40:b(0.357,0.006):p0.81:e[pusher_block_a,block_a_block_b,block_b_pocket];50:b(0.357,0.006):p0.81:e[pusher_block_a,block_a_block_b,block_b_pocket];60:b(0.357,0.006):p0.81:e[pusher_block_a,block_a_block_b,block_b_pocket];63:b(0.357,0.006):p0.81:e[pusher_block_a,block_a_block_b,block_b_pocket]"
topology_world_model,stress_sweep,2,2004,0.00,0,0.66510,0.04167,0.05729,0.24414,0.98438,0.88462,0.00000,0.96875,0.92188,0.00000,0.00000,0.80713,0.00200,11.10662,"0:b(0.054,0.005):p0.00:e[none];10:b(0.357,0.006):p0.81:e[pusher_block_a,block_a_block_b,block_b_pocket];20:b(0.357,0.006):p0.81:e[pusher_block_a,block_a_block_b,block_b_pocket];30:b(0.357,0.006):p0.81:e[pusher_block_a,block_a_block_b,block_b_pocket];40:b(0.357,0.006):p0.81:e[pusher_block_a,block_a_block_b,block_b_pocket];50:b(0.357,0.006):p0.81:e[pusher_block_a,block_a_block_b,block_b_pocket];60:b(0.357,0.006):p0.81:e[pusher_block_a,block_a_block_b,block_b_pocket];63:b(0.357,0.006):p0.81:e[pusher_block_a,block_a_block_b,block_b_pocket]"
oracle_topology_planner,stress_sweep,2,2004,0.00,0,1.00000,1.00000,1.00000,0.00000,1.00000,0.00000,0.00000,0.96875,0.92188,0.00000,0.00000,0.80713,0.00013,8.56132,"0:b(0.054,0.005):p0.00:e[none];10:b(0.358,0.008):p0.81:e[pusher_block_a,block_a_block_b,block_b_pocket];20:b(0.357,0.008):p0.81:e[pusher_block_a,block_a_block_b,block_b_pocket];30:b(0.357,0.008):p0.81:e[pusher_block_a,block_a_block_b,block_b_pocket];40:b(0.357,0.008):p0.81:e[pusher_block_a,block_a_block_b,block_b_pocket];50:b(0.357,0.008):p0.81:e[pusher_block_a,block_a_block_b,block_b_pocket];60:b(0.357,0.008):p0.81:e[pusher_block_a,block_a_block_b,block_b_pocket];63:b(0.357,0.008):p0.81:e[pusher_block_a,block_a_block_b,block_b_pocket]"
pairwise_contact_classifier,stress_sweep,3,2000,0.00,1,0.66167,0.13333,0.15000,0.23125,0.95000,0.25000,0.00000,0.90000,0.75000,0.00000,0.00000,0.82205,0.00301,10.89431,"0:b(0.022,-0.012):p0.00:e[none];10:b(0.358,-0.013):p0.82:e[pusher_block_a,block_a_block_b,block_b_pocket]"
ensemble_uncertainty_planner,stress_sweep,3,2000,0.00,1,0.31833,0.15000,0.15000,0.36250,0.15000,0.20000,0.00000,0.90000,0.75000,0.00000,0.00000,0.82191,0.00501,10.98304,"0:b(0.022,-0.012):p0.00:e[none];10:b(0.358,-0.012):p0.82:e[pusher_block_a,block_a_block_b,block_b_pocket]"
contact_implicit_mpc_baseline,stress_sweep,3,2000,0.00,1,0.92333,0.85000,1.00000,0.01875,0.85000,0.00000,0.00000,0.90000,0.75000,0.00000,0.00000,0.82205,0.00167,10.89941,"0:b(0.022,-0.012):p0.00:e[none];10:b(0.358,-0.011):p0.82:e[pusher_block_a,block_a_block_b,block_b_pocket]"
topology_world_model,stress_sweep,3,2000,0.00,1,0.66167,0.10000,0.15000,0.23125,0.95000,0.25000,0.00000,0.90000,0.75000,0.00000,0.00000,0.82205,0.00316,10.91979,"0:b(0.022,-0.012):p0.00:e[none];10:b(0.358,-0.013):p0.82:e[pusher_block_a,block_a_block_b,block_b_pocket]"
oracle_topology_planner,stress_sweep,3,2000,0.00,1,1.00000,1.00000,1.00000,0.00000,1.00000,0.00000,0.00000,0.90000,0.75000,0.00000,0.00000,0.82795,0.00258,13.44442,"0:b(0.022,-0.012):p0.00:e[none];10:b(0.357,-0.011):p0.82:e[pusher_block_a,block_a_block_b,block_b_pocket]"
pairwise_contact_classifier,stress_sweep,3,2001,0.00,0,0.62500,0.03125,0.98438,0.16016,0.04688,0.00000,0.00000,0.00000,0.00000,0.00000,0.01562,0.50128,0.03511,13.93977,"0:b(0.041,-0.048):p0.00:e[none];10:b(0.241,-0.406):p0.51:e[pusher_block_a];20:b(0.245,-0.319):p0.52:e[pusher_block_a];30:b(0.242,-0.232):p0.52:e[pusher_block_a];40:b(0.240,-0.161):p0.51:e[pusher_block_a];50:b(0.238,-0.102):p0.51:e[pusher_block_a];60:b(0.237,-0.053):p0.50:e[pusher_block_a];63:b(0.236,-0.040):p0.50:e[pusher_block_a]"
ensemble_uncertainty_planner,stress_sweep,3,2001,0.00,0,0.65365,0.03125,0.96875,0.12695,0.07812,1.00000,0.00000,0.00000,0.00000,0.00000,0.01562,0.50077,0.05228,13.94845,"0:b(0.041,-0.048):p0.00:e[none];10:b(0.240,-0.405):p0.51:e[pusher_block_a];20:b(0.245,-0.323):p0.52:e[pusher_block_a];30:b(0.242,-0.240):p0.52:e[pusher_block_a];40:b(0.240,-0.172):p0.51:e[pusher_block_a];50:b(0.238,-0.116):p0.51:e[pusher_block_a];60:b(0.236,-0.069):p0.50:e[pusher_block_a];63:b(0.236,-0.057):p0.50:e[pusher_block_a]"
contact_implicit_mpc_baseline,stress_sweep,3,2001,0.00,0,0.96354,0.93750,0.98438,0.00977,0.92188,1.00000,0.00000,0.00000,0.00000,0.00000,0.01562,0.49906,0.10922,11.27445,"0:b(0.041,-0.048):p0.00:e[none];10:b(0.239,-0.403):p0.51:e[pusher_block_a];20:b(0.243,-0.336):p0.52:e[pusher_block_a];30:b(0.241,-0.267):p0.51:e[pusher_block_a];40:b(0.239,-0.210):p0.51:e[pusher_block_a];50:b(0.237,-0.163):p0.50:e[pusher_block_a];60:b(0.236,-0.124):p0.50:e[pusher_block_a];63:b(0.235,-0.114):p0.50:e[pusher_block_a]"
topology_world_model,stress_sweep,3,2001,0.00,0,0.67448,0.03125,1.00000,0.12305,0.04688,1.00000,0.00000,0.00000,0.00000,0.00000,0.01562,0.49879,0.11826,14.00497,"0:b(0.041,-0.048):p0.00:e[none];10:b(0.239,-0.403):p0.51:e[pusher_block_a];20:b(0.243,-0.338):p0.52:e[pusher_block_a];30:b(0.241,-0.272):p0.51:e[pusher_block_a];40:b(0.239,-0.216):p0.51:e[pusher_block_a];50:b(0.237,-0.171):p0.50:e[pusher_block_a];60:b(0.236,-0.133):p0.50:e[pusher_block_a];63:b(0.235,-0.123):p0.50:e[pusher_block_a]"
oracle_topology_planner,stress_sweep,3,2001,0.00,0,1.00000,1.00000,1.00000,0.00000,1.00000,1.00000,0.00000,0.15625,0.10938,0.00000,0.00000,0.74811,0.08409,13.24608,"0:b(0.041,-0.048):p0.00:e[none];10:b(0.358,-0.091):p0.81:e[block_a_block_b,block_b_pocket];20:b(0.351,-0.090):p0.80:e[none];30:b(0.345,-0.090):p0.78:e[none];40:b(0.340,-0.089):p0.77:e[none];50:b(0.336,-0.089):p0.76:e[none];60:b(0.333,-0.089):p0.75:e[none];63:b(0.332,-0.089):p0.75:e[none]"
pairwise_contact_classifier,stress_sweep,3,2002,0.00,1,0.66167,0.10000,0.15000,0.23125,0.95000,0.25000,0.00000,0.90000,0.75000,0.00000,0.00000,0.82143,0.01293,11.60124,"0:b(0.023,0.007):p0.00:e[none];10:b(0.357,0.008):p0.82:e[pusher_block_a,block_a_block_b,block_b_pocket]"
ensemble_uncertainty_planner,stress_sweep,3,2002,0.00,1,0.33000,0.10000,0.15000,0.36250,0.20000,0.18182,0.00000,0.90000,0.75000,0.00000,0.00000,0.82108,0.00860,11.69540,"0:b(0.023,0.007):p0.00:e[none];10:b(0.357,0.008):p0.82:e[pusher_block_a,block_a_block_b,block_b_pocket]"
contact_implicit_mpc_baseline,stress_sweep,3,2002,0.00,1,0.95000,0.95000,1.00000,0.00625,0.95000,0.00000,0.00000,0.90000,0.75000,0.00000,0.00000,0.82143,0.01248,11.60595,"0:b(0.023,0.007):p0.00:e[none];10:b(0.357,0.008):p0.82:e[pusher_block_a,block_a_block_b,block_b_pocket]"
topology_world_model,stress_sweep,3,2002,0.00,1,0.66167,0.10000,0.15000,0.23125,0.95000,0.25000,0.00000,0.90000,0.75000,0.00000,0.00000,0.82143,0.01173,11.59722,"0:b(0.023,0.007):p0.00:e[none];10:b(0.357,0.007):p0.82:e[pusher_block_a,block_a_block_b,block_b_pocket]"
oracle_topology_planner,stress_sweep,3,2002,0.00,0,1.00000,1.00000,1.00000,0.00000,1.00000,1.00000,0.00000,0.15625,0.10938,0.00000,0.00000,0.80396,0.00344,12.39460,"0:b(0.023,0.007):p0.00:e[none];10:b(0.357,-0.005):p0.82:e[block_a_block_b,block_b_pocket];20:b(0.355,-0.004):p0.82:e[none];30:b(0.354,-0.003):p0.81:e[none];40:b(0.353,-0.002):p0.81:e[none];50:b(0.351,-0.002):p0.81:e[none];60:b(0.351,-0.001):p0.80:e[none];63:b(0.350,-0.001):p0.80:e[none]"
pairwise_contact_classifier,stress_sweep,3,2003,0.00,1,0.66167,0.10000,0.20000,0.23125,0.95000,0.25000,0.00000,0.90000,0.75000,0.00000,0.00000,0.82024,0.08783,11.50721,"0:b(0.026,-0.035):p0.00:e[none];10:b(0.357,-0.035):p0.82:e[pusher_block_a,block_a_block_b,block_b_pocket]"
ensemble_uncertainty_planner,stress_sweep,3,2003,0.00,1,0.43000,0.10000,0.15000,0.33125,0.20000,0.25000,0.00000,0.90000,0.75000,0.00000,0.00000,0.82024,0.08820,11.50000,"0:b(0.026,-0.035):p0.00:e[none];10:b(0.357,-0.035):p0.82:e[pusher_block_a,block_a_block_b,block_b_pocket]"
contact_implicit_mpc_baseline,stress_sweep,3,2003,0.00,1,0.93333,0.90000,1.00000,0.01250,0.90000,0.00000,0.00000,0.90000,0.75000,0.00000,0.00000,0.82024,0.08775,11.47857,"0:b(0.026,-0.035):p0.00:e[none];10:b(0.357,-0.035):p0.82:e[pusher_block_a,block_a_block_b,block_b_pocket]"
topology_world_model,stress_sweep,3,2003,0.00,1,0.66167,0.10000,0.18333,0.23125,0.95000,0.25000,0.00000,0.90000,0.75000,0.00000,0.00000,0.82024,0.08730,11.49716,"0:b(0.026,-0.035):p0.00:e[none];10:b(0.357,-0.035):p0.82:e[pusher_block_a,block_a_block_b,block_b_pocket]"
oracle_topology_planner,stress_sweep,3,2003,0.00,0,1.00000,1.00000,1.00000,0.00000,1.00000,1.00000,0.00000,0.17188,0.15625,0.00000,0.01562,0.47065,0.31610,13.50143,"0:b(0.026,-0.035):p0.00:e[none];10:b(0.357,-0.013):p0.82:e[block_a_block_b,block_b_pocket];20:b(0.333,-0.065):p0.76:e[none];30:b(0.297,-0.126):p0.67:e[none];40:b(0.267,-0.177):p0.60:e[none];50:b(0.242,-0.219):p0.54:e[none];60:b(0.222,-0.254):p0.48:e[none];63:b(0.216,-0.263):p0.47:e[none]"
pairwise_contact_classifier,stress_sweep,3,2004,0.00,0,0.66510,0.03125,0.04688,0.24414,0.98438,0.88462,0.00000,0.96875,0.92188,0.00000,0.00000,0.80992,0.02045,10.98218,"0:b(0.048,0.017):p0.00:e[none];10:b(0.357,0.017):p0.81:e[pusher_block_a,block_a_block_b,block_b_pocket];20:b(0.357,0.017):p0.81:e[pusher_block_a,block_a_block_b,block_b_pocket];30:b(0.357,0.017):p0.81:e[pusher_block_a,block_a_block_b,block_b_pocket];40:b(0.357,0.017):p0.81:e[pusher_block_a,block_a_block_b,block_b_pocket];50:b(0.357,0.017):p0.81:e[pusher_block_a,block_a_block_b,block_b_pocket];60:b(0.357,0.017):p0.81:e[pusher_block_a,block_a_block_b,block_b_pocket];63:b(0.357,0.017):p0.81:e[pusher_block_a,block_a_block_b,block_b_pocket]"
ensemble_uncertainty_planner,stress_sweep,3,2004,0.00,1,0.30758,0.13636,0.19545,0.35795,0.22727,0.00000,0.00000,0.86364,0.72727,0.00000,0.00000,0.82565,0.02437,11.91348,"0:b(0.048,0.017):p0.00:e[none];10:b(0.357,0.017):p0.81:e[pusher_block_a,block_a_block_b,block_b_pocket];20:b(0.357,0.020):p0.81:e[pusher_block_a]"
contact_implicit_mpc_baseline,stress_sweep,3,2004,0.00,0,0.99479,0.98438,1.00000,0.00195,0.98438,0.00000,0.00000,0.96875,0.92188,0.00000,0.00000,0.80992,0.02065,10.99795,"0:b(0.048,0.017):p0.00:e[none];10:b(0.357,0.017):p0.81:e[pusher_block_a,block_a_block_b,block_b_pocket];20:b(0.357,0.017):p0.81:e[pusher_block_a,block_a_block_b,block_b_pocket];30:b(0.357,0.017):p0.81:e[pusher_block_a,block_a_block_b,block_b_pocket];40:b(0.357,0.018):p0.81:e[pusher_block_a,block_a_block_b,block_b_pocket];50:b(0.357,0.018):p0.81:e[pusher_block_a,block_a_block_b,block_b_pocket];60:b(0.357,0.018):p0.81:e[pusher_block_a,block_a_block_b,block_b_pocket];63:b(0.357,0.018):p0.81:e[pusher_block_a,block_a_block_b,block_b_pocket]"
topology_world_model,stress_sweep,3,2004,0.00,0,0.66094,0.05208,0.06250,0.24609,0.96875,0.87379,0.00000,0.96875,0.92188,0.00000,0.00000,0.80992,0.02036,10.99933,"0:b(0.048,0.017):p0.00:e[none];10:b(0.357,0.017):p0.81:e[pusher_block_a,block_a_block_b,block_b_pocket];20:b(0.357,0.017):p0.81:e[pusher_block_a,block_a_block_b,block_b_pocket];30:b(0.357,0.017):p0.81:e[pusher_block_a,block_a_block_b,block_b_pocket];40:b(0.357,0.017):p0.81:e[pusher_block_a,block_a_block_b,block_b_pocket];50:b(0.357,0.017):p0.81:e[pusher_block_a,block_a_block_b,block_b_pocket];60:b(0.357,0.017):p0.81:e[pusher_block_a,block_a_block_b,block_b_pocket];63:b(0.357,0.017):p0.81:e[pusher_block_a,block_a_block_b,block_b_pocket]"
oracle_topology_planner,stress_sweep,3,2004,0.00,0,1.00000,1.00000,1.00000,0.00000,1.00000,0.00000,0.00000,0.96875,0.92188,0.00000,0.00000,0.80992,0.00012,8.75476,"0:b(0.048,0.017):p0.00:e[none];10:b(0.357,-0.003):p0.81:e[pusher_block_a,block_a_block_b,block_b_pocket];20:b(0.357,-0.003):p0.81:e[pusher_block_a,block_a_block_b,block_b_pocket];30:b(0.357,-0.003):p0.81:e[pusher_block_a,block_a_block_b,block_b_pocket];40:b(0.357,-0.003):p0.81:e[pusher_block_a,block_a_block_b,block_b_pocket];50:b(0.357,-0.003):p0.81:e[pusher_block_a,block_a_block_b,block_b_pocket];60:b(0.357,-0.003):p0.81:e[pusher_block_a,block_a_block_b,block_b_pocket];63:b(0.357,-0.003):p0.81:e[pusher_block_a,block_a_block_b,block_b_pocket]"
pairwise_contact_classifier,stress_sweep,4,2000,0.00,0,0.66510,0.03125,0.04688,0.24414,0.98438,0.88462,0.00000,0.96875,0.92188,0.00000,0.00000,0.81804,0.04580,11.11607,"0:b(0.031,-0.037):p0.00:e[none];10:b(0.358,-0.038):p0.82:e[pusher_block_a,block_a_block_b,block_b_pocket];20:b(0.357,-0.038):p0.82:e[pusher_block_a,block_a_block_b,block_b_pocket];30:b(0.357,-0.038):p0.82:e[pusher_block_a,block_a_block_b,block_b_pocket];40:b(0.357,-0.038):p0.82:e[pusher_block_a,block_a_block_b,block_b_pocket];50:b(0.357,-0.038):p0.82:e[pusher_block_a,block_a_block_b,block_b_pocket];60:b(0.357,-0.038):p0.82:e[pusher_block_a,block_a_block_b,block_b_pocket];63:b(0.357,-0.038):p0.82:e[pusher_block_a,block_a_block_b,block_b_pocket]"
ensemble_uncertainty_planner,stress_sweep,4,2000,0.00,0,0.41198,0.06250,0.05469,0.35938,0.04688,0.88462,0.00000,0.96875,0.92188,0.00000,0.00000,0.81804,0.04529,11.11010,"0:b(0.031,-0.037):p0.00:e[none];10:b(0.358,-0.037):p0.82:e[pusher_block_a,block_a_block_b,block_b_pocket];20:b(0.357,-0.037):p0.82:e[pusher_block_a,block_a_block_b,block_b_pocket];30:b(0.357,-0.037):p0.82:e[pusher_block_a,block_a_block_b,block_b_pocket];40:b(0.357,-0.037):p0.82:e[pusher_block_a,block_a_block_b,block_b_pocket];50:b(0.357,-0.037):p0.82:e[pusher_block_a,block_a_block_b,block_b_pocket];60:b(0.357,-0.037):p0.82:e[pusher_block_a,block_a_block_b,block_b_pocket];63:b(0.357,-0.037):p0.82:e[pusher_block_a,block_a_block_b,block_b_pocket]"
contact_implicit_mpc_baseline,stress_sweep,4,2000,0.00,0,0.97917,0.96875,1.00000,0.00391,0.96875,0.00000,0.00000,0.96875,0.92188,0.00000,0.00000,0.81804,0.04564,11.10846,"0:b(0.031,-0.037):p0.00:e[none];10:b(0.358,-0.038):p0.82:e[pusher_block_a,block_a_block_b,block_b_pocket];20:b(0.357,-0.038):p0.82:e[pusher_block_a,block_a_block_b,block_b_pocket];30:b(0.357,-0.038):p0.82:e[pusher_block_a,block_a_block_b,block_b_pocket];40:b(0.357,-0.038):p0.82:e[pusher_block_a,block_a_block_b,block_b_pocket];50:b(0.357,-0.038):p0.82:e[pusher_block_a,block_a_block_b,block_b_pocket];60:b(0.357,-0.038):p0.82:e[pusher_block_a,block_a_block_b,block_b_pocket];63:b(0.357,-0.038):p0.82:e[pusher_block_a,block_a_block_b,block_b_pocket]"
topology_world_model,stress_sweep,4,2000,0.00,0,0.66510,0.03125,0.08854,0.24414,0.98438,0.88462,0.00000,0.96875,0.92188,0.00000,0.00000,0.81804,0.04492,11.11037,"0:b(0.031,-0.037):p0.00:e[none];10:b(0.358,-0.037):p0.82:e[pusher_block_a,block_a_block_b,block_b_pocket];20:b(0.357,-0.037):p0.82:e[pusher_block_a,block_a_block_b,block_b_pocket];30:b(0.357,-0.037):p0.82:e[pusher_block_a,block_a_block_b,block_b_pocket];40:b(0.357,-0.037):p0.82:e[pusher_block_a,block_a_block_b,block_b_pocket];50:b(0.357,-0.037):p0.82:e[pusher_block_a,block_a_block_b,block_b_pocket];60:b(0.357,-0.037):p0.82:e[pusher_block_a,block_a_block_b,block_b_pocket];63:b(0.357,-0.037):p0.82:e[pusher_block_a,block_a_block_b,block_b_pocket]"
oracle_topology_planner,stress_sweep,4,2000,0.00,0,1.00000,1.00000,1.00000,0.00000,1.00000,0.00000,0.00000,0.96875,0.92188,0.00000,0.00000,0.81804,0.00004,8.30286,"0:b(0.031,-0.037):p0.00:e[none];10:b(0.357,0.008):p0.82:e[pusher_block_a,block_a_block_b,block_b_pocket];20:b(0.357,0.008):p0.82:e[pusher_block_a,block_a_block_b,block_b_pocket];30:b(0.357,0.008):p0.82:e[pusher_block_a,block_a_block_b,block_b_pocket];40:b(0.357,0.008):p0.82:e[pusher_block_a,block_a_block_b,block_b_pocket];50:b(0.357,0.008):p0.82:e[pusher_block_a,block_a_block_b,block_b_pocket];60:b(0.357,0.008):p0.82:e[pusher_block_a,block_a_block_b,block_b_pocket];63:b(0.357,0.008):p0.82:e[pusher_block_a,block_a_block_b,block_b_pocket]"
pairwise_contact_classifier,stress_sweep,4,2001,0.00,0,0.41719,0.04688,0.06250,0.35938,0.07812,0.88462,0.00000,0.96875,0.92188,0.00000,0.00000,0.80909,0.02235,11.85549,"0:b(0.049,-0.010):p0.00:e[none];10:b(0.358,-0.010):p0.81:e[pusher_block_a,block_a_block_b,block_b_pocket];20:b(0.357,-0.010):p0.81:e[pusher_block_a,block_a_block_b,block_b_pocket];30:b(0.357,-0.010):p0.81:e[pusher_block_a,block_a_block_b,block_b_pocket];40:b(0.357,-0.010):p0.81:e[pusher_block_a,block_a_block_b,block_b_pocket];50:b(0.357,-0.010):p0.81:e[pusher_block_a,block_a_block_b,block_b_pocket];60:b(0.357,-0.010):p0.81:e[pusher_block_a,block_a_block_b,block_b_pocket];63:b(0.357,-0.010):p0.81:e[pusher_block_a,block_a_block_b,block_b_pocket]"
ensemble_uncertainty_planner,stress_sweep,4,2001,0.00,0,0.33281,0.03125,0.04688,0.38477,0.04688,0.75269,0.00000,0.96875,0.92188,0.00000,0.00000,0.80909,0.03106,12.11621,"0:b(0.049,-0.010):p0.00:e[none];10:b(0.358,-0.010):p0.81:e[pusher_block_a,block_a_block_b,block_b_pocket];20:b(0.357,-0.010):p0.81:e[pusher_block_a,block_a_block_b,block_b_pocket];30:b(0.357,-0.010):p0.81:e[pusher_block_a,block_a_block_b,block_b_pocket];40:b(0.357,-0.011):p0.81:e[pusher_block_a,block_a_block_b,block_b_pocket];50:b(0.357,-0.015):p0.81:e[pusher_block_a,block_a_block_b,block_b_pocket];60:b(0.357,-0.019):p0.81:e[pusher_block_a,block_a_block_b,block_b_pocket];63:b(0.357,-0.019):p0.81:e[pusher_block_a,block_a_block_b,block_b_pocket]"
contact_implicit_mpc_baseline,stress_sweep,4,2001,0.00,0,0.97917,0.96875,1.00000,0.00391,0.96875,0.00000,0.00000,0.96875,0.92188,0.00000,0.00000,0.80909,0.02326,11.86459,"0:b(0.049,-0.010):p0.00:e[none];10:b(0.358,-0.011):p0.81:e[pusher_block_a,block_a_block_b,block_b_pocket];20:b(0.357,-0.011):p0.81:e[pusher_block_a,block_a_block_b,block_b_pocket];30:b(0.357,-0.011):p0.81:e[pusher_block_a,block_a_block_b,block_b_pocket];40:b(0.357,-0.011):p0.81:e[pusher_block_a,block_a_block_b,block_b_pocket];50:b(0.357,-0.011):p0.81:e[pusher_block_a,block_a_block_b,block_b_pocket];60:b(0.357,-0.011):p0.81:e[pusher_block_a,block_a_block_b,block_b_pocket];63:b(0.357,-0.011):p0.81:e[pusher_block_a,block_a_block_b,block_b_pocket]"
topology_world_model,stress_sweep,4,2001,0.00,0,0.66094,0.03125,0.05729,0.24609,0.96875,0.87379,0.00000,0.96875,0.92188,0.00000,0.00000,0.80909,0.02222,11.85709,"0:b(0.049,-0.010):p0.00:e[none];10:b(0.358,-0.010):p0.81:e[pusher_block_a,block_a_block_b,block_b_pocket];20:b(0.357,-0.010):p0.81:e[pusher_block_a,block_a_block_b,block_b_pocket];30:b(0.357,-0.010):p0.81:e[pusher_block_a,block_a_block_b,block_b_pocket];40:b(0.357,-0.010):p0.81:e[pusher_block_a,block_a_block_b,block_b_pocket];50:b(0.357,-0.010):p0.81:e[pusher_block_a,block_a_block_b,block_b_pocket];60:b(0.357,-0.010):p0.81:e[pusher_block_a,block_a_block_b,block_b_pocket];63:b(0.357,-0.010):p0.81:e[pusher_block_a,block_a_block_b,block_b_pocket]"
oracle_topology_planner,stress_sweep,4,2001,0.00,0,1.00000,1.00000,1.00000,0.00000,1.00000,0.00000,0.00000,0.96875,0.92188,0.00000,0.00000,0.80909,0.00010,8.66942,"0:b(0.049,-0.010):p0.00:e[none];10:b(0.357,0.014):p0.81:e[pusher_block_a,block_a_block_b,block_b_pocket];20:b(0.357,0.012):p0.81:e[pusher_block_a,block_a_block_b,block_b_pocket];30:b(0.357,0.012):p0.81:e[pusher_block_a,block_a_block_b,block_b_pocket];40:b(0.357,0.012):p0.81:e[pusher_block_a,block_a_block_b,block_b_pocket];50:b(0.357,0.012):p0.81:e[pusher_block_a,block_a_block_b,block_b_pocket];60:b(0.357,0.012):p0.81:e[pusher_block_a,block_a_block_b,block_b_pocket];63:b(0.357,0.012):p0.81:e[pusher_block_a,block_a_block_b,block_b_pocket]"
pairwise_contact_classifier,stress_sweep,4,2002,0.00,0,0.51823,0.03906,0.98438,0.24023,0.03125,0.00000,0.00000,0.00000,0.00000,0.00000,0.00000,0.00000,0.09750,11.49936,"0:b(0.021,-0.071):p0.00:e[none];10:b(0.021,-0.071):p0.00:e[pusher_block_a];20:b(0.021,-0.071):p0.00:e[pusher_block_a];30:b(0.021,-0.071):p0.00:e[pusher_block_a];40:b(0.021,-0.071):p0.00:e[pusher_block_a];50:b(0.021,-0.071):p0.00:e[pusher_block_a];60:b(0.021,-0.071):p0.00:e[pusher_block_a];63:b(0.021,-0.071):p0.00:e[pusher_block_a]"
ensemble_uncertainty_planner,stress_sweep,4,2002,0.00,0,0.66667,0.03125,0.98438,0.12305,0.04688,1.00000,0.00000,0.00000,0.00000,0.00000,0.00000,0.00000,0.09750,11.46824,"0:b(0.021,-0.071):p0.00:e[none];10:b(0.021,-0.071):p0.00:e[pusher_block_a];20:b(0.021,-0.071):p0.00:e[pusher_block_a];30:b(0.021,-0.071):p0.00:e[pusher_block_a];40:b(0.021,-0.071):p0.00:e[pusher_block_a];50:b(0.021,-0.071):p0.00:e[pusher_block_a];60:b(0.021,-0.071):p0.00:e[pusher_block_a];63:b(0.021,-0.071):p0.00:e[pusher_block_a]"
contact_implicit_mpc_baseline,stress_sweep,4,2002,0.00,0,0.99479,0.98438,1.00000,0.00195,0.98438,1.00000,0.00000,0.00000,0.00000,0.00000,0.00000,0.00000,0.09750,11.50217,"0:b(0.021,-0.071):p0.00:e[none];10:b(0.021,-0.071):p0.00:e[pusher_block_a];20:b(0.021,-0.071):p0.00:e[pusher_block_a];30:b(0.021,-0.071):p0.00:e[pusher_block_a];40:b(0.021,-0.071):p0.00:e[pusher_block_a];50:b(0.021,-0.071):p0.00:e[pusher_block_a];60:b(0.021,-0.071):p0.00:e[pusher_block_a];63:b(0.021,-0.071):p0.00:e[pusher_block_a]"
topology_world_model,stress_sweep,4,2002,0.00,0,0.39323,0.04167,0.95312,0.24023,0.04688,0.00000,0.00000,0.00000,0.00000,0.01562,0.00000,0.00000,0.09750,14.98578,"0:b(0.021,-0.071):p0.00:e[none];10:b(0.021,-0.071):p0.00:e[pusher_block_a];20:b(0.021,-0.071):p0.00:e[pusher_block_a];30:b(0.021,-0.071):p0.00:e[pusher_block_a];40:b(0.021,-0.071):p0.00:e[pusher_block_a];50:b(0.021,-0.071):p0.00:e[none];60:b(0.021,-0.071):p0.00:e[none];63:b(0.021,-0.071):p0.00:e[none]"
oracle_topology_planner,stress_sweep,4,2002,0.00,1,1.00000,1.00000,1.00000,0.00000,1.00000,0.00000,0.00000,0.85000,0.75000,0.00000,0.00000,0.82173,0.09357,6.96841,"0:b(0.021,-0.071):p0.00:e[none];10:b(0.357,-0.074):p0.82:e[pusher_block_a,block_a_block_b,block_b_pocket]"
pairwise_contact_classifier,stress_sweep,4,2003,0.00,0,0.65677,0.04167,0.06250,0.24805,0.95312,0.88462,0.00000,0.96875,0.92188,0.00000,0.00000,0.80665,0.00089,11.19479,"0:b(0.055,-0.009):p0.00:e[none];10:b(0.358,-0.009):p0.81:e[pusher_block_a,block_a_block_b,block_b_pocket];20:b(0.357,-0.009):p0.81:e[pusher_block_a,block_a_block_b,block_b_pocket];30:b(0.357,-0.009):p0.81:e[pusher_block_a,block_a_block_b,block_b_pocket];40:b(0.357,-0.009):p0.81:e[pusher_block_a,block_a_block_b,block_b_pocket];50:b(0.357,-0.009):p0.81:e[pusher_block_a,block_a_block_b,block_b_pocket];60:b(0.357,-0.009):p0.81:e[pusher_block_a,block_a_block_b,block_b_pocket];63:b(0.357,-0.009):p0.81:e[pusher_block_a,block_a_block_b,block_b_pocket]"
ensemble_uncertainty_planner,stress_sweep,4,2003,0.00,0,0.29948,0.04688,0.04688,0.39453,0.04688,0.69767,0.00000,0.96875,0.92188,0.00000,0.00000,0.80627,0.01363,11.62829,"0:b(0.055,-0.009):p0.00:e[none];10:b(0.358,-0.009):p0.81:e[pusher_block_a,block_a_block_b,block_b_pocket];20:b(0.357,-0.012):p0.81:e[pusher_block_a,block_a_block_b,block_b_pocket];30:b(0.357,-0.014):p0.81:e[pusher_block_a,block_a_block_b,block_b_pocket];40:b(0.357,-0.017):p0.81:e[pusher_block_a,block_a_block_b,block_b_pocket];50:b(0.357,-0.019):p0.81:e[pusher_block_a,block_a_block_b,block_b_pocket];60:b(0.357,-0.020):p0.81:e[pusher_block_a,block_a_block_b,block_b_pocket];63:b(0.357,-0.022):p0.81:e[pusher_block_a,block_a_block_b,block_b_pocket]"
contact_implicit_mpc_baseline,stress_sweep,4,2003,0.00,0,0.97917,0.96875,1.00000,0.00391,0.96875,0.00000,0.00000,0.96875,0.92188,0.00000,0.00000,0.80664,0.00016,11.19236,"0:b(0.055,-0.009):p0.00:e[none];10:b(0.358,-0.008):p0.81:e[pusher_block_a,block_a_block_b,block_b_pocket];20:b(0.357,-0.008):p0.81:e[pusher_block_a,block_a_block_b,block_b_pocket];30:b(0.357,-0.008):p0.81:e[pusher_block_a,block_a_block_b,block_b_pocket];40:b(0.357,-0.008):p0.81:e[pusher_block_a,block_a_block_b,block_b_pocket];50:b(0.357,-0.008):p0.81:e[pusher_block_a,block_a_block_b,block_b_pocket];60:b(0.357,-0.008):p0.81:e[pusher_block_a,block_a_block_b,block_b_pocket];63:b(0.357,-0.008):p0.81:e[pusher_block_a,block_a_block_b,block_b_pocket]"
topology_world_model,stress_sweep,4,2003,0.00,0,0.66510,0.04688,0.04688,0.24414,0.98438,0.88462,0.00000,0.96875,0.92188,0.00000,0.00000,0.80665,0.00187,11.18956,"0:b(0.055,-0.009):p0.00:e[none];10:b(0.358,-0.010):p0.81:e[pusher_block_a,block_a_block_b,block_b_pocket];20:b(0.357,-0.010):p0.81:e[pusher_block_a,block_a_block_b,block_b_pocket];30:b(0.357,-0.010):p0.81:e[pusher_block_a,block_a_block_b,block_b_pocket];40:b(0.357,-0.010):p0.81:e[pusher_block_a,block_a_block_b,block_b_pocket];50:b(0.357,-0.010):p0.81:e[pusher_block_a,block_a_block_b,block_b_pocket];60:b(0.357,-0.010):p0.81:e[pusher_block_a,block_a_block_b,block_b_pocket];63:b(0.357,-0.010):p0.81:e[pusher_block_a,block_a_block_b,block_b_pocket]"
oracle_topology_planner,stress_sweep,4,2003,0.00,0,1.00000,1.00000,1.00000,0.00000,1.00000,0.00000,0.00000,0.96875,0.92188,0.00000,0.00000,0.80665,0.00020,8.87578,"0:b(0.055,-0.009):p0.00:e[none];10:b(0.358,-0.008):p0.81:e[pusher_block_a,block_a_block_b,block_b_pocket];20:b(0.357,-0.008):p0.81:e[pusher_block_a,block_a_block_b,block_b_pocket];30:b(0.357,-0.008):p0.81:e[pusher_block_a,block_a_block_b,block_b_pocket];40:b(0.357,-0.008):p0.81:e[pusher_block_a,block_a_block_b,block_b_pocket];50:b(0.357,-0.008):p0.81:e[pusher_block_a,block_a_block_b,block_b_pocket];60:b(0.357,-0.008):p0.81:e[pusher_block_a,block_a_block_b,block_b_pocket];63:b(0.357,-0.008):p0.81:e[pusher_block_a,block_a_block_b,block_b_pocket]"
pairwise_contact_classifier,stress_sweep,4,2004,0.00,0,0.66094,0.05208,0.05469,0.24609,0.96875,0.88462,0.00000,0.96875,0.92188,0.00000,0.00000,0.81698,0.02337,10.09301,"0:b(0.033,-0.029):p0.00:e[none];10:b(0.357,-0.028):p0.82:e[pusher_block_a,block_a_block_b,block_b_pocket];20:b(0.357,-0.028):p0.82:e[pusher_block_a,block_a_block_b,block_b_pocket];30:b(0.357,-0.028):p0.82:e[pusher_block_a,block_a_block_b,block_b_pocket];40:b(0.357,-0.028):p0.82:e[pusher_block_a,block_a_block_b,block_b_pocket];50:b(0.357,-0.028):p0.82:e[pusher_block_a,block_a_block_b,block_b_pocket];60:b(0.357,-0.028):p0.82:e[pusher_block_a,block_a_block_b,block_b_pocket];63:b(0.357,-0.028):p0.82:e[pusher_block_a,block_a_block_b,block_b_pocket]"
ensemble_uncertainty_planner,stress_sweep,4,2004,0.00,1,0.38765,0.11111,0.11111,0.34722,0.14815,0.38462,0.00000,0.92593,0.77778,0.00000,0.00000,0.85406,0.03057,11.86476,"0:b(0.033,-0.029):p0.00:e[none];10:b(0.357,-0.029):p0.82:e[pusher_block_a,block_a_block_b,block_b_pocket];20:b(0.357,-0.029):p0.82:e[pusher_block_a,block_a_block_b,block_b_pocket]"
contact_implicit_mpc_baseline,stress_sweep,4,2004,0.00,0,0.97917,0.96875,1.00000,0.00391,0.96875,0.00000,0.00000,0.96875,0.92188,0.00000,0.00000,0.81698,0.02470,10.09956,"0:b(0.033,-0.029):p0.00:e[none];10:b(0.357,-0.029):p0.82:e[pusher_block_a,block_a_block_b,block_b_pocket];20:b(0.357,-0.029):p0.82:e[pusher_block_a,block_a_block_b,block_b_pocket];30:b(0.357,-0.029):p0.82:e[pusher_block_a,block_a_block_b,block_b_pocket];40:b(0.357,-0.029):p0.82:e[pusher_block_a,block_a_block_b,block_b_pocket];50:b(0.357,-0.029):p0.82:e[pusher_block_a,block_a_block_b,block_b_pocket];60:b(0.357,-0.029):p0.82:e[pusher_block_a,block_a_block_b,block_b_pocket];63:b(0.357,-0.029):p0.82:e[pusher_block_a,block_a_block_b,block_b_pocket]"
topology_world_model,stress_sweep,4,2004,0.00,0,0.66510,0.03125,0.05729,0.24414,0.98438,0.88462,0.00000,0.96875,0.92188,0.00000,0.00000,0.81698,0.02451,10.10320,"0:b(0.033,-0.029):p0.00:e[none];10:b(0.357,-0.029):p0.82:e[pusher_block_a,block_a_block_b,block_b_pocket];20:b(0.357,-0.029):p0.82:e[pusher_block_a,block_a_block_b,block_b_pocket];30:b(0.357,-0.029):p0.82:e[pusher_block_a,block_a_block_b,block_b_pocket];40:b(0.357,-0.029):p0.82:e[pusher_block_a,block_a_block_b,block_b_pocket];50:b(0.357,-0.029):p0.82:e[pusher_block_a,block_a_block_b,block_b_pocket];60:b(0.357,-0.029):p0.82:e[pusher_block_a,block_a_block_b,block_b_pocket];63:b(0.357,-0.029):p0.82:e[pusher_block_a,block_a_block_b,block_b_pocket]"
oracle_topology_planner,stress_sweep,4,2004,0.00,0,1.00000,1.00000,1.00000,0.00000,1.00000,1.00000,0.00000,0.53125,0.03125,0.00000,0.00000,0.00000,0.01396,11.34933,"0:b(0.033,-0.029):p0.00:e[none];10:b(0.235,0.009):p0.51:e[none];20:b(-0.042,0.009):p0.00:e[none];30:b(-0.272,0.010):p0.00:e[none];40:b(-0.412,0.010):p0.00:e[block_a_block_b];50:b(-0.410,0.010):p0.00:e[block_a_block_b];60:b(-0.403,0.010):p0.00:e[block_a_block_b];63:b(-0.401,0.010):p0.00:e[block_a_block_b]"
pairwise_contact_classifier,stress_sweep,5,2000,0.00,0,0.64427,0.07812,0.06250,0.25391,0.90625,0.88462,0.00000,0.96875,0.92188,0.00000,0.00000,0.81657,0.01430,10.08294,"0:b(0.034,-0.019):p0.00:e[none];10:b(0.357,-0.019):p0.82:e[pusher_block_a,block_a_block_b,block_b_pocket];20:b(0.357,-0.019):p0.82:e[pusher_block_a,block_a_block_b,block_b_pocket];30:b(0.357,-0.019):p0.82:e[pusher_block_a,block_a_block_b,block_b_pocket];40:b(0.357,-0.019):p0.82:e[pusher_block_a,block_a_block_b,block_b_pocket];50:b(0.357,-0.019):p0.82:e[pusher_block_a,block_a_block_b,block_b_pocket];60:b(0.357,-0.019):p0.82:e[pusher_block_a,block_a_block_b,block_b_pocket];63:b(0.357,-0.019):p0.82:e[pusher_block_a,block_a_block_b,block_b_pocket]"
ensemble_uncertainty_planner,stress_sweep,5,2000,0.00,0,0.06198,0.04688,0.05312,0.46875,0.04688,0.00000,0.00000,0.96875,0.92188,0.00000,0.00000,0.81657,0.01340,10.09784,"0:b(0.034,-0.019):p0.00:e[none];10:b(0.357,-0.018):p0.82:e[pusher_block_a,block_a_block_b,block_b_pocket];20:b(0.357,-0.018):p0.82:e[pusher_block_a,block_a_block_b,block_b_pocket];30:b(0.357,-0.018):p0.82:e[pusher_block_a,block_a_block_b,block_b_pocket];40:b(0.357,-0.018):p0.82:e[pusher_block_a,block_a_block_b,block_b_pocket];50:b(0.357,-0.018):p0.82:e[pusher_block_a,block_a_block_b,block_b_pocket];60:b(0.357,-0.018):p0.82:e[pusher_block_a,block_a_block_b,block_b_pocket];63:b(0.357,-0.018):p0.82:e[pusher_block_a,block_a_block_b,block_b_pocket]"
contact_implicit_mpc_baseline,stress_sweep,5,2000,0.00,0,0.97917,0.96875,1.00000,0.00391,0.96875,0.00000,0.00000,0.96875,0.92188,0.00000,0.00000,0.81657,0.01426,10.09012,"0:b(0.034,-0.019):p0.00:e[none];10:b(0.357,-0.019):p0.82:e[pusher_block_a,block_a_block_b,block_b_pocket];20:b(0.357,-0.019):p0.82:e[pusher_block_a,block_a_block_b,block_b_pocket];30:b(0.357,-0.019):p0.82:e[pusher_block_a,block_a_block_b,block_b_pocket];40:b(0.357,-0.019):p0.82:e[pusher_block_a,block_a_block_b,block_b_pocket];50:b(0.357,-0.019):p0.82:e[pusher_block_a,block_a_block_b,block_b_pocket];60:b(0.357,-0.019):p0.82:e[pusher_block_a,block_a_block_b,block_b_pocket];63:b(0.357,-0.019):p0.82:e[pusher_block_a,block_a_block_b,block_b_pocket]"
topology_world_model,stress_sweep,5,2000,0.00,0,0.66510,0.04167,0.05729,0.24414,0.98438,0.88462,0.00000,0.96875,0.92188,0.00000,0.00000,0.81657,0.01414,10.08466,"0:b(0.034,-0.019):p0.00:e[none];10:b(0.357,-0.019):p0.82:e[pusher_block_a,block_a_block_b,block_b_pocket];20:b(0.357,-0.019):p0.82:e[pusher_block_a,block_a_block_b,block_b_pocket];30:b(0.357,-0.019):p0.82:e[pusher_block_a,block_a_block_b,block_b_pocket];40:b(0.357,-0.019):p0.82:e[pusher_block_a,block_a_block_b,block_b_pocket];50:b(0.357,-0.019):p0.82:e[pusher_block_a,block_a_block_b,block_b_pocket];60:b(0.357,-0.019):p0.82:e[pusher_block_a,block_a_block_b,block_b_pocket];63:b(0.357,-0.019):p0.82:e[pusher_block_a,block_a_block_b,block_b_pocket]"
oracle_topology_planner,stress_sweep,5,2000,0.00,0,1.00000,1.00000,1.00000,0.00000,1.00000,1.00000,0.00000,0.10938,0.07812,0.01562,0.00000,0.60636,0.03992,88.82875,"0:b(0.034,-0.019):p0.00:e[none];10:b(0.355,0.003):p0.81:e[none];20:b(0.333,0.012):p0.76:e[none];30:b(0.315,0.019):p0.71:e[none];40:b(0.300,0.025):p0.67:e[none];50:b(0.287,0.030):p0.64:e[none];60:b(0.277,0.034):p0.61:e[none];63:b(0.274,0.035):p0.61:e[none]"
pairwise_contact_classifier,stress_sweep,5,2001,0.00,0,0.66510,0.03125,0.04688,0.24414,0.98438,0.88462,0.00000,0.96875,0.92188,0.00000,0.00000,0.81644,0.05489,10.11162,"0:b(0.035,-0.033):p0.00:e[none];10:b(0.357,-0.033):p0.82:e[pusher_block_a,block_a_block_b,block_b_pocket];20:b(0.357,-0.033):p0.82:e[pusher_block_a,block_a_block_b,block_b_pocket];30:b(0.357,-0.033):p0.82:e[pusher_block_a,block_a_block_b,block_b_pocket];40:b(0.357,-0.033):p0.82:e[pusher_block_a,block_a_block_b,block_b_pocket];50:b(0.357,-0.033):p0.82:e[pusher_block_a,block_a_block_b,block_b_pocket];60:b(0.357,-0.033):p0.82:e[pusher_block_a,block_a_block_b,block_b_pocket];63:b(0.357,-0.033):p0.82:e[pusher_block_a,block_a_block_b,block_b_pocket]"
ensemble_uncertainty_planner,stress_sweep,5,2001,0.00,0,0.36198,0.04688,0.05469,0.37500,0.04688,0.79167,0.00000,0.96875,0.92188,0.00000,0.00000,0.81642,0.06050,10.30147,"0:b(0.035,-0.033):p0.00:e[none];10:b(0.357,-0.033):p0.82:e[pusher_block_a,block_a_block_b,block_b_pocket];20:b(0.357,-0.033):p0.82:e[pusher_block_a,block_a_block_b,block_b_pocket];30:b(0.357,-0.033):p0.82:e[pusher_block_a,block_a_block_b,block_b_pocket];40:b(0.357,-0.033):p0.82:e[pusher_block_a,block_a_block_b,block_b_pocket];50:b(0.357,-0.034):p0.82:e[pusher_block_a,block_a_block_b,block_b_pocket];60:b(0.357,-0.038):p0.82:e[pusher_block_a,block_a_block_b,block_b_pocket];63:b(0.357,-0.038):p0.82:e[pusher_block_a,block_a_block_b,block_b_pocket]"
contact_implicit_mpc_baseline,stress_sweep,5,2001,0.00,0,0.97917,0.96875,1.00000,0.00391,0.96875,0.00000,0.00000,0.96875,0.92188,0.00000,0.00000,0.81644,0.05411,10.10283,"0:b(0.035,-0.033):p0.00:e[none];10:b(0.357,-0.032):p0.82:e[pusher_block_a,block_a_block_b,block_b_pocket];20:b(0.357,-0.032):p0.82:e[pusher_block_a,block_a_block_b,block_b_pocket];30:b(0.357,-0.032):p0.82:e[pusher_block_a,block_a_block_b,block_b_pocket];40:b(0.357,-0.032):p0.82:e[pusher_block_a,block_a_block_b,block_b_pocket];50:b(0.357,-0.032):p0.82:e[pusher_block_a,block_a_block_b,block_b_pocket];60:b(0.357,-0.032):p0.82:e[pusher_block_a,block_a_block_b,block_b_pocket];63:b(0.357,-0.032):p0.82:e[pusher_block_a,block_a_block_b,block_b_pocket]"
topology_world_model,stress_sweep,5,2001,0.00,0,0.66510,0.06250,0.04688,0.24414,0.98438,0.88462,0.00000,0.96875,0.92188,0.00000,0.00000,0.81644,0.05491,10.09510,"0:b(0.035,-0.033):p0.00:e[none];10:b(0.357,-0.033):p0.82:e[pusher_block_a,block_a_block_b,block_b_pocket];20:b(0.357,-0.033):p0.82:e[pusher_block_a,block_a_block_b,block_b_pocket];30:b(0.357,-0.033):p0.82:e[pusher_block_a,block_a_block_b,block_b_pocket];40:b(0.357,-0.033):p0.82:e[pusher_block_a,block_a_block_b,block_b_pocket];50:b(0.357,-0.033):p0.82:e[pusher_block_a,block_a_block_b,block_b_pocket];60:b(0.357,-0.033):p0.82:e[pusher_block_a,block_a_block_b,block_b_pocket];63:b(0.357,-0.033):p0.82:e[pusher_block_a,block_a_block_b,block_b_pocket]"
oracle_topology_planner,stress_sweep,5,2001,0.00,0,1.00000,1.00000,1.00000,0.00000,1.00000,0.00000,0.00000,0.96875,0.92188,0.00000,0.00000,0.81644,0.00018,10.74190,"0:b(0.035,-0.033):p0.00:e[none];10:b(0.357,0.024):p0.82:e[pusher_block_a,block_a_block_b,block_b_pocket];20:b(0.357,0.022):p0.82:e[pusher_block_a,block_a_block_b,block_b_pocket];30:b(0.357,0.022):p0.82:e[pusher_block_a,block_a_block_b,block_b_pocket];40:b(0.357,0.022):p0.82:e[pusher_block_a,block_a_block_b,block_b_pocket];50:b(0.357,0.022):p0.82:e[pusher_block_a,block_a_block_b,block_b_pocket];60:b(0.357,0.022):p0.82:e[pusher_block_a,block_a_block_b,block_b_pocket];63:b(0.357,0.022):p0.82:e[pusher_block_a,block_a_block_b,block_b_pocket]"
pairwise_contact_classifier,stress_sweep,5,2002,0.00,0,0.66094,0.04688,0.04688,0.24609,0.96875,0.88462,0.00000,0.96875,0.92188,0.00000,0.00000,0.81990,0.01488,11.59710,"0:b(0.027,-0.016):p0.00:e[none];10:b(0.358,-0.017):p0.82:e[pusher_block_a,block_a_block_b,block_b_pocket];20:b(0.357,-0.017):p0.82:e[pusher_block_a,block_a_block_b,block_b_pocket];30:b(0.357,-0.017):p0.82:e[pusher_block_a,block_a_block_b,block_b_pocket];40:b(0.357,-0.017):p0.82:e[pusher_block_a,block_a_block_b,block_b_pocket];50:b(0.357,-0.017):p0.82:e[pusher_block_a,block_a_block_b,block_b_pocket];60:b(0.357,-0.017):p0.82:e[pusher_block_a,block_a_block_b,block_b_pocket];63:b(0.357,-0.017):p0.82:e[pusher_block_a,block_a_block_b,block_b_pocket]"
ensemble_uncertainty_planner,stress_sweep,5,2002,0.00,0,0.29062,0.03125,0.05469,0.39844,0.06250,0.63529,0.00000,0.96875,0.92188,0.00000,0.00000,0.81982,0.02738,12.06263,"0:b(0.027,-0.016):p0.00:e[none];10:b(0.358,-0.016):p0.82:e[pusher_block_a,block_a_block_b,block_b_pocket];20:b(0.357,-0.016):p0.82:e[pusher_block_a,block_a_block_b,block_b_pocket];30:b(0.357,-0.018):p0.82:e[pusher_block_a,block_a_block_b,block_b_pocket];40:b(0.357,-0.022):p0.82:e[pusher_block_a,block_a_block_b,block_b_pocket];50:b(0.357,-0.025):p0.82:e[pusher_block_a,block_a_block_b,block_b_pocket];60:b(0.357,-0.029):p0.82:e[pusher_block_a,block_a_block_b,block_b_pocket];63:b(0.357,-0.029):p0.82:e[pusher_block_a,block_a_block_b,block_b_pocket]"
contact_implicit_mpc_baseline,stress_sweep,5,2002,0.00,0,0.98438,0.98438,1.00000,0.00195,0.98438,0.00000,0.00000,0.96875,0.92188,0.00000,0.00000,0.81990,0.01482,11.61235,"0:b(0.027,-0.016):p0.00:e[none];10:b(0.358,-0.017):p0.82:e[pusher_block_a,block_a_block_b,block_b_pocket];20:b(0.357,-0.017):p0.82:e[pusher_block_a,block_a_block_b,block_b_pocket];30:b(0.357,-0.017):p0.82:e[pusher_block_a,block_a_block_b,block_b_pocket];40:b(0.357,-0.017):p0.82:e[pusher_block_a,block_a_block_b,block_b_pocket];50:b(0.357,-0.017):p0.82:e[pusher_block_a,block_a_block_b,block_b_pocket];60:b(0.357,-0.017):p0.82:e[pusher_block_a,block_a_block_b,block_b_pocket];63:b(0.357,-0.017):p0.82:e[pusher_block_a,block_a_block_b,block_b_pocket]"
topology_world_model,stress_sweep,5,2002,0.00,0,0.66510,0.03125,0.07292,0.24414,0.98438,0.88462,0.00000,0.96875,0.92188,0.00000,0.00000,0.81990,0.01362,11.62466,"0:b(0.027,-0.016):p0.00:e[none];10:b(0.358,-0.016):p0.82:e[pusher_block_a,block_a_block_b,block_b_pocket];20:b(0.357,-0.016):p0.82:e[pusher_block_a,block_a_block_b,block_b_pocket];30:b(0.357,-0.016):p0.82:e[pusher_block_a,block_a_block_b,block_b_pocket];40:b(0.357,-0.016):p0.82:e[pusher_block_a,block_a_block_b,block_b_pocket];50:b(0.357,-0.016):p0.82:e[pusher_block_a,block_a_block_b,block_b_pocket];60:b(0.357,-0.016):p0.82:e[pusher_block_a,block_a_block_b,block_b_pocket];63:b(0.357,-0.016):p0.82:e[pusher_block_a,block_a_block_b,block_b_pocket]"
oracle_topology_planner,stress_sweep,5,2002,0.00,0,1.00000,1.00000,1.00000,0.00000,1.00000,0.00000,0.00000,0.96875,0.92188,0.00000,0.00000,0.81990,0.00009,9.85811,"0:b(0.027,-0.016):p0.00:e[none];10:b(0.367,-0.003):p0.84:e[pusher_block_a,block_a_block_b,block_b_pocket];20:b(0.357,-0.002):p0.82:e[pusher_block_a,block_a_block_b,block_b_pocket];30:b(0.357,-0.002):p0.82:e[pusher_block_a,block_a_block_b,block_b_pocket];40:b(0.357,-0.002):p0.82:e[pusher_block_a,block_a_block_b,block_b_pocket];50:b(0.357,-0.002):p0.82:e[pusher_block_a,block_a_block_b,block_b_pocket];60:b(0.357,-0.002):p0.82:e[pusher_block_a,block_a_block_b,block_b_pocket];63:b(0.357,-0.002):p0.82:e[pusher_block_a,block_a_block_b,block_b_pocket]"
pairwise_contact_classifier,stress_sweep,5,2003,0.00,0,0.66979,0.05208,0.06250,0.24219,0.96875,0.87619,0.00000,0.96875,0.92188,0.00000,0.00000,0.80004,0.00425,11.74164,"0:b(0.067,0.005):p0.00:e[none];10:b(0.358,0.005):p0.80:e[pusher_block_a,block_a_block_b,block_b_pocket];20:b(0.357,0.005):p0.80:e[pusher_block_a,block_a_block_b,block_b_pocket];30:b(0.357,0.005):p0.80:e[pusher_block_a,block_a_block_b,block_b_pocket];40:b(0.357,0.005):p0.80:e[pusher_block_a,block_a_block_b,block_b_pocket];50:b(0.357,0.005):p0.80:e[pusher_block_a,block_a_block_b,block_b_pocket];60:b(0.357,0.005):p0.80:e[pusher_block_a,block_a_block_b,block_b_pocket];63:b(0.357,0.005):p0.80:e[pusher_block_a,block_a_block_b,block_b_pocket]"
ensemble_uncertainty_planner,stress_sweep,5,2003,0.00,1,0.30727,0.03636,0.07576,0.38636,0.05455,0.65753,0.00000,0.94545,0.90909,0.00000,0.00000,0.82887,0.00890,12.36435,"0:b(0.067,0.005):p0.00:e[none];10:b(0.358,0.004):p0.80:e[pusher_block_a,block_a_block_b,block_b_pocket];20:b(0.357,0.004):p0.80:e[pusher_block_a,block_a_block_b,block_b_pocket];30:b(0.357,0.003):p0.80:e[pusher_block_a,block_a_block_b,block_b_pocket];40:b(0.357,-0.001):p0.80:e[pusher_block_a,block_a_block_b,block_b_pocket];50:b(0.357,-0.004):p0.80:e[pusher_block_a,block_a_block_b,block_b_pocket]"
contact_implicit_mpc_baseline,stress_sweep,5,2003,0.00,0,0.97604,0.95312,1.00000,0.00586,0.95312,0.00000,0.00000,0.96875,0.92188,0.00000,0.00000,0.80004,0.00446,11.74824,"0:b(0.067,0.005):p0.00:e[none];10:b(0.358,0.005):p0.80:e[pusher_block_a,block_a_block_b,block_b_pocket];20:b(0.357,0.005):p0.80:e[pusher_block_a,block_a_block_b,block_b_pocket];30:b(0.357,0.005):p0.80:e[pusher_block_a,block_a_block_b,block_b_pocket];40:b(0.357,0.005):p0.80:e[pusher_block_a,block_a_block_b,block_b_pocket];50:b(0.357,0.005):p0.80:e[pusher_block_a,block_a_block_b,block_b_pocket];60:b(0.357,0.005):p0.80:e[pusher_block_a,block_a_block_b,block_b_pocket];63:b(0.357,0.005):p0.80:e[pusher_block_a,block_a_block_b,block_b_pocket]"
topology_world_model,stress_sweep,5,2003,0.00,0,0.66979,0.03125,0.07292,0.24219,0.96875,0.87619,0.00000,0.96875,0.92188,0.00000,0.00000,0.80004,0.00466,11.77113,"0:b(0.067,0.005):p0.00:e[none];10:b(0.358,0.005):p0.80:e[pusher_block_a,block_a_block_b,block_b_pocket];20:b(0.357,0.005):p0.80:e[pusher_block_a,block_a_block_b,block_b_pocket];30:b(0.357,0.005):p0.80:e[pusher_block_a,block_a_block_b,block_b_pocket];40:b(0.357,0.005):p0.80:e[pusher_block_a,block_a_block_b,block_b_pocket];50:b(0.357,0.005):p0.80:e[pusher_block_a,block_a_block_b,block_b_pocket];60:b(0.357,0.005):p0.80:e[pusher_block_a,block_a_block_b,block_b_pocket];63:b(0.357,0.005):p0.80:e[pusher_block_a,block_a_block_b,block_b_pocket]"
oracle_topology_planner,stress_sweep,5,2003,0.00,0,1.00000,1.00000,1.00000,0.00000,1.00000,0.00000,0.00000,0.96875,0.92188,0.00000,0.00000,0.80004,0.00019,8.51625,"0:b(0.067,0.005):p0.00:e[none];10:b(0.357,0.009):p0.80:e[pusher_block_a,block_a_block_b,block_b_pocket];20:b(0.357,0.009):p0.80:e[pusher_block_a,block_a_block_b,block_b_pocket];30:b(0.357,0.009):p0.80:e[pusher_block_a,block_a_block_b,block_b_pocket];40:b(0.357,0.009):p0.80:e[pusher_block_a,block_a_block_b,block_b_pocket];50:b(0.357,0.009):p0.80:e[pusher_block_a,block_a_block_b,block_b_pocket];60:b(0.357,0.009):p0.80:e[pusher_block_a,block_a_block_b,block_b_pocket];63:b(0.357,0.009):p0.80:e[pusher_block_a,block_a_block_b,block_b_pocket]"
pairwise_contact_classifier,stress_sweep,5,2004,0.00,0,0.51823,0.03125,1.00000,0.24023,0.03125,0.00000,0.00000,0.00000,0.00000,0.00000,0.00000,0.00000,0.07521,10.68492,"0:b(0.026,-0.058):p0.00:e[none];10:b(0.026,-0.058):p0.00:e[pusher_block_a];20:b(0.026,-0.058):p0.00:e[pusher_block_a];30:b(0.026,-0.058):p0.00:e[pusher_block_a];40:b(0.026,-0.058):p0.00:e[pusher_block_a];50:b(0.026,-0.058):p0.00:e[pusher_block_a];60:b(0.026,-0.058):p0.00:e[pusher_block_a];63:b(0.026,-0.058):p0.00:e[pusher_block_a]"
ensemble_uncertainty_planner,stress_sweep,5,2004,0.00,0,0.66667,0.03125,0.98438,0.12305,0.04688,1.00000,0.00000,0.00000,0.00000,0.00000,0.00000,0.00000,0.07521,10.65994,"0:b(0.026,-0.058):p0.00:e[none];10:b(0.026,-0.058):p0.00:e[pusher_block_a];20:b(0.026,-0.058):p0.00:e[pusher_block_a];30:b(0.026,-0.058):p0.00:e[pusher_block_a];40:b(0.026,-0.058):p0.00:e[pusher_block_a];50:b(0.026,-0.058):p0.00:e[pusher_block_a];60:b(0.026,-0.058):p0.00:e[pusher_block_a];63:b(0.026,-0.058):p0.00:e[pusher_block_a]"
contact_implicit_mpc_baseline,stress_sweep,5,2004,0.00,0,0.97396,0.95312,1.00000,0.00586,0.95312,1.00000,0.00000,0.00000,0.00000,0.00000,0.00000,0.00000,0.07521,10.67319,"0:b(0.026,-0.058):p0.00:e[none];10:b(0.026,-0.058):p0.00:e[pusher_block_a];20:b(0.026,-0.058):p0.00:e[pusher_block_a];30:b(0.026,-0.058):p0.00:e[pusher_block_a];40:b(0.026,-0.058):p0.00:e[pusher_block_a];50:b(0.026,-0.058):p0.00:e[pusher_block_a];60:b(0.026,-0.058):p0.00:e[pusher_block_a];63:b(0.026,-0.058):p0.00:e[pusher_block_a]"
topology_world_model,stress_sweep,5,2004,0.00,0,0.52344,0.03125,1.00000,0.23633,0.03125,0.00000,0.00000,0.00000,0.00000,0.00000,0.00000,0.00000,0.07521,10.80168,"0:b(0.026,-0.058):p0.00:e[none];10:b(0.026,-0.058):p0.00:e[pusher_block_a];20:b(0.026,-0.058):p0.00:e[pusher_block_a];30:b(0.026,-0.058):p0.00:e[pusher_block_a];40:b(0.026,-0.058):p0.00:e[pusher_block_a];50:b(0.026,-0.058):p0.00:e[pusher_block_a];60:b(0.026,-0.058):p0.00:e[pusher_block_a];63:b(0.026,-0.058):p0.00:e[pusher_block_a]"
oracle_topology_planner,stress_sweep,5,2004,0.00,1,1.00000,1.00000,1.00000,0.00000,1.00000,0.00000,0.00000,0.90000,0.75000,0.00000,0.00000,0.82037,0.00411,9.05295,"0:b(0.026,-0.058):p0.00:e[none];10:b(0.358,0.012):p0.82:e[pusher_block_a,block_a_block_b,block_b_pocket]"
pairwise_contact_classifier,stress_sweep,6,2000,0.00,0,0.65260,0.04688,0.07812,0.25000,0.93750,0.88462,0.00000,0.96875,0.92188,0.00000,0.00000,0.81569,0.00793,11.73949,"0:b(0.036,-0.002):p0.00:e[none];10:b(0.358,-0.002):p0.82:e[pusher_block_a,block_a_block_b,block_b_pocket];20:b(0.357,-0.002):p0.82:e[pusher_block_a,block_a_block_b,block_b_pocket];30:b(0.357,-0.002):p0.82:e[pusher_block_a,block_a_block_b,block_b_pocket];40:b(0.357,-0.002):p0.82:e[pusher_block_a,block_a_block_b,block_b_pocket];50:b(0.357,-0.002):p0.82:e[pusher_block_a,block_a_block_b,block_b_pocket];60:b(0.357,-0.002):p0.82:e[pusher_block_a,block_a_block_b,block_b_pocket];63:b(0.357,-0.002):p0.82:e[pusher_block_a,block_a_block_b,block_b_pocket]"
ensemble_uncertainty_planner,stress_sweep,6,2000,0.00,0,0.33906,0.03125,0.06250,0.38281,0.04688,0.76596,0.00000,0.96875,0.92188,0.00000,0.00000,0.81532,0.01640,11.96759,"0:b(0.036,-0.002):p0.00:e[none];10:b(0.358,-0.003):p0.82:e[pusher_block_a,block_a_block_b,block_b_pocket];20:b(0.357,-0.003):p0.82:e[pusher_block_a,block_a_block_b,block_b_pocket];30:b(0.357,-0.003):p0.82:e[pusher_block_a,block_a_block_b,block_b_pocket];40:b(0.357,-0.005):p0.82:e[pusher_block_a,block_a_block_b,block_b_pocket];50:b(0.357,-0.007):p0.82:e[pusher_block_a,block_a_block_b,block_b_pocket];60:b(0.357,-0.009):p0.82:e[pusher_block_a,block_a_block_b,block_b_pocket];63:b(0.357,-0.010):p0.82:e[pusher_block_a,block_a_block_b,block_b_pocket]"
contact_implicit_mpc_baseline,stress_sweep,6,2000,0.00,0,0.98438,0.98438,1.00000,0.00195,0.98438,0.00000,0.00000,0.96875,0.92188,0.00000,0.00000,0.81569,0.00819,11.72166,"0:b(0.036,-0.002):p0.00:e[none];10:b(0.358,-0.002):p0.82:e[pusher_block_a,block_a_block_b,block_b_pocket];20:b(0.357,-0.002):p0.82:e[pusher_block_a,block_a_block_b,block_b_pocket];30:b(0.357,-0.002):p0.82:e[pusher_block_a,block_a_block_b,block_b_pocket];40:b(0.357,-0.002):p0.82:e[pusher_block_a,block_a_block_b,block_b_pocket];50:b(0.357,-0.002):p0.82:e[pusher_block_a,block_a_block_b,block_b_pocket];60:b(0.357,-0.002):p0.82:e[pusher_block_a,block_a_block_b,block_b_pocket];63:b(0.357,-0.002):p0.82:e[pusher_block_a,block_a_block_b,block_b_pocket]"
topology_world_model,stress_sweep,6,2000,0.00,0,0.66510,0.04688,0.06250,0.24414,0.98438,0.88462,0.00000,0.96875,0.92188,0.00000,0.00000,0.81569,0.00723,11.75419,"0:b(0.036,-0.002):p0.00:e[none];10:b(0.358,-0.001):p0.82:e[pusher_block_a,block_a_block_b,block_b_pocket];20:b(0.357,-0.001):p0.82:e[pusher_block_a,block_a_block_b,block_b_pocket];30:b(0.357,-0.001):p0.82:e[pusher_block_a,block_a_block_b,block_b_pocket];40:b(0.357,-0.001):p0.82:e[pusher_block_a,block_a_block_b,block_b_pocket];50:b(0.357,-0.001):p0.82:e[pusher_block_a,block_a_block_b,block_b_pocket];60:b(0.357,-0.001):p0.82:e[pusher_block_a,block_a_block_b,block_b_pocket];63:b(0.357,-0.001):p0.82:e[pusher_block_a,block_a_block_b,block_b_pocket]"
oracle_topology_planner,stress_sweep,6,2000,0.00,0,1.00000,1.00000,1.00000,0.00000,1.00000,1.00000,0.00000,0.17188,0.12500,0.00000,0.00000,0.38369,0.00067,96.98219,"0:b(0.036,-0.002):p0.00:e[none];10:b(0.358,0.004):p0.82:e[pusher_block_a,block_a_block_b,block_b_pocket];20:b(0.319,0.006):p0.72:e[none];30:b(0.278,0.007):p0.61:e[none];40:b(0.244,0.007):p0.53:e[none];50:b(0.217,0.007):p0.46:e[none];60:b(0.193,0.007):p0.40:e[none];63:b(0.187,0.007):p0.38:e[none]"
pairwise_contact_classifier,stress_sweep,6,2001,0.00,0,0.52344,0.03125,1.00000,0.23633,0.03125,0.00000,0.00000,0.00000,0.00000,0.00000,0.00000,0.00000,0.08828,11.89306,"0:b(0.030,-0.058):p0.00:e[none];10:b(0.030,-0.058):p0.00:e[pusher_block_a];20:b(0.030,-0.058):p0.00:e[pusher_block_a];30:b(0.030,-0.058):p0.00:e[pusher_block_a];40:b(0.030,-0.058):p0.00:e[pusher_block_a];50:b(0.030,-0.058):p0.00:e[pusher_block_a];60:b(0.030,-0.058):p0.00:e[pusher_block_a];63:b(0.030,-0.058):p0.00:e[pusher_block_a]"
ensemble_uncertainty_planner,stress_sweep,6,2001,0.00,0,0.66406,0.04688,0.95312,0.12500,0.04688,0.00000,0.00000,0.00000,0.00000,0.00000,0.00000,0.00000,0.08828,11.89882,"0:b(0.030,-0.058):p0.00:e[none];10:b(0.030,-0.058):p0.00:e[pusher_block_a];20:b(0.030,-0.058):p0.00:e[pusher_block_a];30:b(0.030,-0.058):p0.00:e[pusher_block_a];40:b(0.030,-0.058):p0.00:e[pusher_block_a];50:b(0.030,-0.058):p0.00:e[pusher_block_a];60:b(0.030,-0.058):p0.00:e[pusher_block_a];63:b(0.030,-0.058):p0.00:e[pusher_block_a]"
contact_implicit_mpc_baseline,stress_sweep,6,2001,0.00,0,0.97396,0.95312,1.00000,0.00586,0.95312,1.00000,0.00000,0.00000,0.00000,0.00000,0.00000,0.00000,0.08828,11.90496,"0:b(0.030,-0.058):p0.00:e[none];10:b(0.030,-0.058):p0.00:e[pusher_block_a];20:b(0.030,-0.058):p0.00:e[pusher_block_a];30:b(0.030,-0.058):p0.00:e[pusher_block_a];40:b(0.030,-0.058):p0.00:e[pusher_block_a];50:b(0.030,-0.058):p0.00:e[pusher_block_a];60:b(0.030,-0.058):p0.00:e[pusher_block_a];63:b(0.030,-0.058):p0.00:e[pusher_block_a]"
topology_world_model,stress_sweep,6,2001,0.00,0,0.67448,0.03125,0.98438,0.12305,0.03125,0.00000,0.00000,0.00000,0.00000,0.00000,0.00000,0.00000,0.08828,11.90728,"0:b(0.030,-0.058):p0.00:e[none];10:b(0.030,-0.058):p0.00:e[pusher_block_a];20:b(0.030,-0.058):p0.00:e[pusher_block_a];30:b(0.030,-0.058):p0.00:e[pusher_block_a];40:b(0.030,-0.058):p0.00:e[pusher_block_a];50:b(0.030,-0.058):p0.00:e[pusher_block_a];60:b(0.030,-0.058):p0.00:e[pusher_block_a];63:b(0.030,-0.058):p0.00:e[pusher_block_a]"
oracle_topology_planner,stress_sweep,6,2001,0.00,0,1.00000,1.00000,1.00000,0.00000,1.00000,1.00000,0.00000,0.01562,0.57812,0.00000,0.03125,0.35778,0.43439,15.07472,"0:b(0.030,-0.058):p0.00:e[none];10:b(0.361,-0.085):p0.83:e[pusher_block_a,pusher_block_b,block_b_pocket];20:b(0.360,-0.095):p0.82:e[pusher_block_b,block_b_pocket];30:b(0.359,-0.097):p0.82:e[pusher_block_a,pusher_block_b,block_b_pocket];40:b(0.357,-0.097):p0.82:e[pusher_block_a,pusher_block_b,block_b_pocket];50:b(0.328,-0.186):p0.75:e[none];60:b(0.190,-0.387):p0.40:e[none];63:b(0.173,-0.404):p0.36:e[none]"
pairwise_contact_classifier,stress_sweep,6,2002,0.00,0,0.52083,0.04167,1.00000,0.23828,0.03125,0.00000,0.00000,0.00000,0.00000,0.00000,0.00000,0.00000,0.01240,11.66385,"0:b(0.023,-0.068):p0.00:e[none];10:b(0.023,-0.068):p0.00:e[pusher_block_a];20:b(0.023,-0.068):p0.00:e[pusher_block_a];30:b(0.023,-0.068):p0.00:e[pusher_block_a];40:b(0.023,-0.068):p0.00:e[pusher_block_a];50:b(0.023,-0.068):p0.00:e[pusher_block_a];60:b(0.023,-0.068):p0.00:e[pusher_block_a];63:b(0.023,-0.068):p0.00:e[pusher_block_a]"
ensemble_uncertainty_planner,stress_sweep,6,2002,0.00,0,0.66406,0.03125,0.98438,0.12500,0.04688,0.00000,0.00000,0.00000,0.00000,0.00000,0.00000,0.00000,0.01240,11.67858,"0:b(0.023,-0.068):p0.00:e[none];10:b(0.023,-0.068):p0.00:e[pusher_block_a];20:b(0.023,-0.068):p0.00:e[pusher_block_a];30:b(0.023,-0.068):p0.00:e[pusher_block_a];40:b(0.023,-0.068):p0.00:e[pusher_block_a];50:b(0.023,-0.068):p0.00:e[pusher_block_a];60:b(0.023,-0.068):p0.00:e[pusher_block_a];63:b(0.023,-0.068):p0.00:e[pusher_block_a]"
contact_implicit_mpc_baseline,stress_sweep,6,2002,0.00,0,0.97917,0.96875,1.00000,0.00391,0.96875,1.00000,0.00000,0.00000,0.00000,0.00000,0.00000,0.00000,0.01240,11.67371,"0:b(0.023,-0.068):p0.00:e[none];10:b(0.023,-0.068):p0.00:e[pusher_block_a];20:b(0.023,-0.068):p0.00:e[pusher_block_a];30:b(0.023,-0.068):p0.00:e[pusher_block_a];40:b(0.023,-0.068):p0.00:e[pusher_block_a];50:b(0.023,-0.068):p0.00:e[pusher_block_a];60:b(0.023,-0.068):p0.00:e[pusher_block_a];63:b(0.023,-0.068):p0.00:e[pusher_block_a]"
topology_world_model,stress_sweep,6,2002,0.00,0,0.44271,0.03125,0.98438,0.24219,0.03125,0.00000,0.00000,0.00000,0.00000,0.00000,0.00000,0.00000,0.01240,14.41366,"0:b(0.023,-0.068):p0.00:e[none];10:b(0.023,-0.068):p0.00:e[pusher_block_a];20:b(0.023,-0.068):p0.00:e[pusher_block_a];30:b(0.023,-0.068):p0.00:e[pusher_block_a];40:b(0.023,-0.068):p0.00:e[pusher_block_a];50:b(0.023,-0.068):p0.00:e[pusher_block_a];60:b(0.023,-0.068):p0.00:e[none];63:b(0.023,-0.068):p0.00:e[none]"
oracle_topology_planner,stress_sweep,6,2002,0.00,1,1.00000,1.00000,1.00000,0.00000,1.00000,0.00000,0.00000,0.90000,0.75000,0.00000,0.00000,0.82148,0.00002,8.62188,"0:b(0.023,-0.068):p0.00:e[none];10:b(0.359,-0.055):p0.82:e[pusher_block_a,block_a_block_b,block_b_pocket]"
pairwise_contact_classifier,stress_sweep,6,2003,0.00,1,0.64833,0.13333,0.17500,0.23750,0.90000,0.25000,0.00000,0.90000,0.75000,0.00000,0.00000,0.82315,0.07581,10.96786,"0:b(0.019,-0.041):p0.00:e[none];10:b(0.357,-0.041):p0.82:e[pusher_block_a,block_a_block_b,block_b_pocket]"
ensemble_uncertainty_planner,stress_sweep,6,2003,0.00,1,0.19000,0.10000,0.15000,0.40625,0.20000,0.00000,0.00000,0.90000,0.75000,0.00000,0.00000,0.82315,0.07600,10.95087,"0:b(0.019,-0.041):p0.00:e[none];10:b(0.357,-0.041):p0.82:e[pusher_block_a,block_a_block_b,block_b_pocket]"
contact_implicit_mpc_baseline,stress_sweep,6,2003,0.00,1,0.93333,0.90000,1.00000,0.01250,0.90000,0.00000,0.00000,0.90000,0.75000,0.00000,0.00000,0.82315,0.07733,10.94704,"0:b(0.019,-0.041):p0.00:e[none];10:b(0.357,-0.042):p0.82:e[pusher_block_a,block_a_block_b,block_b_pocket]"
topology_world_model,stress_sweep,6,2003,0.00,1,0.66167,0.10000,0.15000,0.23125,0.95000,0.25000,0.00000,0.90000,0.75000,0.00000,0.00000,0.82315,0.07630,10.96926,"0:b(0.019,-0.041):p0.00:e[none];10:b(0.357,-0.041):p0.82:e[pusher_block_a,block_a_block_b,block_b_pocket]"
oracle_topology_planner,stress_sweep,6,2003,0.00,1,1.00000,1.00000,1.00000,0.00000,1.00000,0.00000,0.00000,0.90000,0.75000,0.00000,0.00000,0.82315,0.00013,8.38549,"0:b(0.019,-0.041):p0.00:e[none];10:b(0.357,0.035):p0.82:e[pusher_block_a,block_a_block_b,block_b_pocket]"
pairwise_contact_classifier,stress_sweep,6,2004,0.00,0,0.65260,0.04167,0.07031,0.25000,0.93750,0.88462,0.00000,0.96875,0.92188,0.00000,0.00000,0.81955,0.00814,11.09436,"0:b(0.028,-0.007):p0.00:e[none];10:b(0.357,-0.007):p0.82:e[pusher_block_a,block_a_block_b,block_b_pocket];20:b(0.357,-0.007):p0.82:e[pusher_block_a,block_a_block_b,block_b_pocket];30:b(0.357,-0.007):p0.82:e[pusher_block_a,block_a_block_b,block_b_pocket];40:b(0.357,-0.007):p0.82:e[pusher_block_a,block_a_block_b,block_b_pocket];50:b(0.357,-0.007):p0.82:e[pusher_block_a,block_a_block_b,block_b_pocket];60:b(0.357,-0.007):p0.82:e[pusher_block_a,block_a_block_b,block_b_pocket];63:b(0.357,-0.007):p0.82:e[pusher_block_a,block_a_block_b,block_b_pocket]"
ensemble_uncertainty_planner,stress_sweep,6,2004,0.00,0,0.29688,0.04688,0.06250,0.39648,0.06250,0.67442,0.00000,0.96875,0.92188,0.00000,0.00000,0.81919,0.02185,11.52254,"0:b(0.028,-0.007):p0.00:e[none];10:b(0.357,-0.007):p0.82:e[pusher_block_a,block_a_block_b,block_b_pocket];20:b(0.357,-0.009):p0.82:e[pusher_block_a,block_a_block_b,block_b_pocket];30:b(0.357,-0.013):p0.82:e[pusher_block_a,block_a_block_b,block_b_pocket];40:b(0.357,-0.015):p0.82:e[pusher_block_a,block_a_block_b,block_b_pocket];50:b(0.357,-0.018):p0.82:e[pusher_block_a,block_a_block_b,block_b_pocket];60:b(0.357,-0.019):p0.82:e[pusher_block_a,block_a_block_b,block_b_pocket];63:b(0.357,-0.021):p0.82:e[pusher_block_a,block_a_block_b,block_b_pocket]"
contact_implicit_mpc_baseline,stress_sweep,6,2004,0.00,0,0.97917,0.96875,1.00000,0.00391,0.96875,0.00000,0.00000,0.96875,0.92188,0.00000,0.00000,0.81955,0.00851,11.08156,"0:b(0.028,-0.007):p0.00:e[none];10:b(0.357,-0.007):p0.82:e[pusher_block_a,block_a_block_b,block_b_pocket];20:b(0.357,-0.007):p0.82:e[pusher_block_a,block_a_block_b,block_b_pocket];30:b(0.357,-0.007):p0.82:e[pusher_block_a,block_a_block_b,block_b_pocket];40:b(0.357,-0.007):p0.82:e[pusher_block_a,block_a_block_b,block_b_pocket];50:b(0.357,-0.007):p0.82:e[pusher_block_a,block_a_block_b,block_b_pocket];60:b(0.357,-0.007):p0.82:e[pusher_block_a,block_a_block_b,block_b_pocket];63:b(0.357,-0.007):p0.82:e[pusher_block_a,block_a_block_b,block_b_pocket]"
topology_world_model,stress_sweep,6,2004,0.00,0,0.66510,0.03125,0.05729,0.24414,0.98438,0.88462,0.00000,0.96875,0.92188,0.00000,0.00000,0.81955,0.00850,11.07505,"0:b(0.028,-0.007):p0.00:e[none];10:b(0.357,-0.007):p0.82:e[pusher_block_a,block_a_block_b,block_b_pocket];20:b(0.357,-0.007):p0.82:e[pusher_block_a,block_a_block_b,block_b_pocket];30:b(0.357,-0.007):p0.82:e[pusher_block_a,block_a_block_b,block_b_pocket];40:b(0.357,-0.007):p0.82:e[pusher_block_a,block_a_block_b,block_b_pocket];50:b(0.357,-0.007):p0.82:e[pusher_block_a,block_a_block_b,block_b_pocket];60:b(0.357,-0.007):p0.82:e[pusher_block_a,block_a_block_b,block_b_pocket];63:b(0.357,-0.007):p0.82:e[pusher_block_a,block_a_block_b,block_b_pocket]"
oracle_topology_planner,stress_sweep,6,2004,0.00,0,1.00000,1.00000,1.00000,0.00000,1.00000,1.00000,0.00000,0.00000,0.01562,0.00000,0.01562,0.77251,0.19195,8.22730,"0:b(0.028,-0.007):p0.00:e[none];10:b(0.077,-0.034):p0.12:e[none];20:b(0.176,-0.089):p0.37:e[none];30:b(0.258,-0.135):p0.57:e[none];40:b(0.325,-0.173):p0.74:e[none];50:b(0.353,-0.191):p0.81:e[none];60:b(0.342,-0.191):p0.78:e[none];63:b(0.339,-0.191):p0.77:e[none]"
pairwise_contact_classifier,stress_sweep,0,2000,0.20,0,0.64427,0.07292,0.09115,0.25391,0.90625,0.88462,0.00000,0.96875,0.92188,0.00000,0.00000,0.80170,0.01004,10.60811,"0:b(0.065,-0.025):p0.00:e[none];10:b(0.358,-0.025):p0.80:e[pusher_block_a,block_a_block_b,block_b_pocket];20:b(0.358,-0.025):p0.80:e[pusher_block_a,block_a_block_b,block_b_pocket];30:b(0.358,-0.025):p0.80:e[pusher_block_a,block_a_block_b,block_b_pocket];40:b(0.358,-0.025):p0.80:e[pusher_block_a,block_a_block_b,block_b_pocket];50:b(0.358,-0.025):p0.80:e[pusher_block_a,block_a_block_b,block_b_pocket];60:b(0.358,-0.025):p0.80:e[pusher_block_a,block_a_block_b,block_b_pocket];63:b(0.358,-0.025):p0.80:e[pusher_block_a,block_a_block_b,block_b_pocket]"
ensemble_uncertainty_planner,stress_sweep,0,2000,0.20,0,0.05573,0.06250,0.08438,0.47070,0.04688,0.00000,0.00000,0.96875,0.92188,0.00000,0.00000,0.80170,0.00967,10.61402,"0:b(0.065,-0.025):p0.00:e[none];10:b(0.358,-0.024):p0.80:e[pusher_block_a,block_a_block_b,block_b_pocket];20:b(0.358,-0.024):p0.80:e[pusher_block_a,block_a_block_b,block_b_pocket];30:b(0.358,-0.024):p0.80:e[pusher_block_a,block_a_block_b,block_b_pocket];40:b(0.358,-0.024):p0.80:e[pusher_block_a,block_a_block_b,block_b_pocket];50:b(0.358,-0.024):p0.80:e[pusher_block_a,block_a_block_b,block_b_pocket];60:b(0.358,-0.024):p0.80:e[pusher_block_a,block_a_block_b,block_b_pocket];63:b(0.358,-0.024):p0.80:e[pusher_block_a,block_a_block_b,block_b_pocket]"
contact_implicit_mpc_baseline,stress_sweep,0,2000,0.20,0,0.84435,0.04167,1.00000,0.12109,0.03125,0.00000,0.00000,0.96875,0.92188,0.00000,0.00000,0.80170,0.00935,10.62186,"0:b(0.065,-0.025):p0.00:e[none];10:b(0.358,-0.024):p0.80:e[pusher_block_a,block_a_block_b,block_b_pocket];20:b(0.358,-0.024):p0.80:e[pusher_block_a,block_a_block_b,block_b_pocket];30:b(0.358,-0.024):p0.80:e[pusher_block_a,block_a_block_b,block_b_pocket];40:b(0.358,-0.024):p0.80:e[pusher_block_a,block_a_block_b,block_b_pocket];50:b(0.358,-0.024):p0.80:e[pusher_block_a,block_a_block_b,block_b_pocket];60:b(0.358,-0.024):p0.80:e[pusher_block_a,block_a_block_b,block_b_pocket];63:b(0.358,-0.024):p0.80:e[pusher_block_a,block_a_block_b,block_b_pocket]"
topology_world_model,stress_sweep,0,2000,0.20,0,0.66510,0.03125,0.06771,0.24414,0.98438,0.88462,0.00000,0.96875,0.92188,0.00000,0.00000,0.80170,0.01045,10.61661,"0:b(0.065,-0.025):p0.00:e[none];10:b(0.358,-0.025):p0.80:e[pusher_block_a,block_a_block_b,block_b_pocket];20:b(0.358,-0.025):p0.80:e[pusher_block_a,block_a_block_b,block_b_pocket];30:b(0.358,-0.025):p0.80:e[pusher_block_a,block_a_block_b,block_b_pocket];40:b(0.358,-0.025):p0.80:e[pusher_block_a,block_a_block_b,block_b_pocket];50:b(0.358,-0.025):p0.80:e[pusher_block_a,block_a_block_b,block_b_pocket];60:b(0.358,-0.025):p0.80:e[pusher_block_a,block_a_block_b,block_b_pocket];63:b(0.358,-0.025):p0.80:e[pusher_block_a,block_a_block_b,block_b_pocket]"
oracle_topology_planner,stress_sweep,0,2000,0.20,0,1.00000,1.00000,1.00000,0.00000,1.00000,1.00000,0.00000,0.20312,0.15625,0.00000,0.01562,0.48786,0.17458,13.98924,"0:b(0.065,-0.025):p0.00:e[none];10:b(0.361,-0.027):p0.81:e[pusher_block_a,block_a_block_b,block_b_pocket];20:b(0.338,-0.060):p0.75:e[none];30:b(0.308,-0.100):p0.67:e[block_a_wall];40:b(0.284,-0.133):p0.60:e[none];50:b(0.264,-0.160):p0.55:e[none];60:b(0.247,-0.183):p0.50:e[none];63:b(0.243,-0.189):p0.49:e[none]"
pairwise_contact_classifier,stress_sweep,0,2001,0.20,0,0.58594,0.04688,0.96875,0.18359,0.06250,0.00000,0.00000,0.00000,0.00000,0.00000,0.01562,0.57781,0.09443,13.72788,"0:b(0.004,-0.017):p0.00:e[none];10:b(0.262,-0.410):p0.61:e[pusher_block_a,block_b_wall];20:b(0.259,-0.329):p0.60:e[pusher_block_a];30:b(0.256,-0.262):p0.59:e[pusher_block_a];40:b(0.254,-0.206):p0.59:e[pusher_block_a];50:b(0.252,-0.160):p0.58:e[pusher_block_a];60:b(0.250,-0.122):p0.58:e[pusher_block_a];63:b(0.250,-0.112):p0.58:e[pusher_block_a]"
ensemble_uncertainty_planner,stress_sweep,0,2001,0.20,1,0.19833,0.15000,0.15000,0.40000,0.15000,0.00000,0.00000,0.90000,0.75000,0.00000,0.00000,0.83002,0.00060,11.35427,"0:b(0.004,-0.017):p0.00:e[none];10:b(0.358,-0.018):p0.83:e[pusher_block_a,block_a_block_b,block_b_pocket]"
contact_implicit_mpc_baseline,stress_sweep,0,2001,0.20,0,0.97396,0.93750,0.98438,0.00977,0.92188,1.00000,0.00000,0.00000,0.00000,0.00000,0.01562,0.57818,0.08188,13.72760,"0:b(0.004,-0.017):p0.00:e[none];10:b(0.262,-0.410):p0.61:e[pusher_block_a,block_b_wall];20:b(0.259,-0.325):p0.60:e[pusher_block_a];30:b(0.256,-0.255):p0.59:e[pusher_block_a];40:b(0.254,-0.197):p0.59:e[pusher_block_a];50:b(0.252,-0.149):p0.58:e[pusher_block_a];60:b(0.251,-0.110):p0.58:e[pusher_block_a];63:b(0.250,-0.099):p0.58:e[pusher_block_a]"
topology_world_model,stress_sweep,0,2001,0.20,0,0.59062,0.03125,0.99479,0.18750,0.04688,0.00000,0.00000,0.00000,0.00000,0.00000,0.01562,0.58074,0.08017,13.88527,"0:b(0.004,-0.017):p0.00:e[none];10:b(0.263,-0.411):p0.61:e[pusher_block_a,block_b_wall];20:b(0.259,-0.319):p0.60:e[pusher_block_a];30:b(0.257,-0.244):p0.59:e[pusher_block_a];40:b(0.254,-0.181):p0.59:e[pusher_block_a];50:b(0.252,-0.129):p0.58:e[pusher_block_a];60:b(0.251,-0.097):p0.58:e[pusher_block_a];63:b(0.251,-0.097):p0.58:e[pusher_block_a]"
oracle_topology_planner,stress_sweep,0,2001,0.20,1,1.00000,1.00000,1.00000,0.00000,1.00000,0.00000,0.00000,0.90000,0.75000,0.00000,0.00000,0.83002,0.00012,9.79900,"0:b(0.004,-0.017):p0.00:e[none];10:b(0.358,-0.017):p0.83:e[pusher_block_a,block_a_block_b,block_b_pocket]"
pairwise_contact_classifier,stress_sweep,0,2002,0.20,0,0.54323,0.05208,0.93750,0.21289,0.06250,0.00000,0.00000,0.03125,0.00000,0.00000,0.01562,0.63183,0.18321,13.11916,"0:b(0.018,-0.030):p0.00:e[none];10:b(0.286,-0.417):p0.65:e[pusher_block_a,block_b_wall];20:b(0.282,-0.297):p0.64:e[pusher_block_a];30:b(0.280,-0.198):p0.63:e[pusher_block_a];40:b(0.278,-0.164):p0.63:e[pusher_block_a];50:b(0.278,-0.179):p0.63:e[pusher_block_a];60:b(0.278,-0.192):p0.63:e[pusher_block_a];63:b(0.278,-0.195):p0.63:e[pusher_block_a]"
ensemble_uncertainty_planner,stress_sweep,0,2002,0.20,0,0.09115,0.05729,0.15625,0.23242,0.90625,1.00000,0.00000,0.00000,0.00000,0.00000,0.01562,0.60905,0.25253,13.14094,"0:b(0.018,-0.030):p0.00:e[none];10:b(0.278,-0.407):p0.63:e[pusher_block_a,block_b_wall];20:b(0.276,-0.368):p0.62:e[pusher_block_a];30:b(0.274,-0.336):p0.62:e[pusher_block_a];40:b(0.272,-0.310):p0.62:e[pusher_block_a];50:b(0.270,-0.288):p0.61:e[pusher_block_a];60:b(0.269,-0.269):p0.61:e[pusher_block_a];63:b(0.269,-0.265):p0.61:e[pusher_block_a]"
contact_implicit_mpc_baseline,stress_sweep,0,2002,0.20,0,0.93229,0.83854,0.98438,0.02344,0.82812,1.00000,0.00000,0.00000,0.00000,0.00000,0.00000,0.65576,0.31596,13.10468,"0:b(0.018,-0.030):p0.00:e[none];10:b(0.277,-0.406):p0.63:e[pusher_block_a];20:b(0.280,-0.385):p0.64:e[pusher_block_a];30:b(0.282,-0.367):p0.64:e[pusher_block_a];40:b(0.285,-0.353):p0.65:e[pusher_block_a];50:b(0.286,-0.341):p0.65:e[pusher_block_a];60:b(0.288,-0.331):p0.65:e[pusher_block_a];63:b(0.288,-0.328):p0.66:e[pusher_block_a]"
topology_world_model,stress_sweep,0,2002,0.20,0,0.66146,0.04167,0.96875,0.12500,0.01562,1.00000,0.00000,0.00000,0.00000,0.00000,0.00000,0.65531,0.31589,13.02406,"0:b(0.018,-0.030):p0.00:e[none];10:b(0.277,-0.406):p0.63:e[pusher_block_a];20:b(0.280,-0.385):p0.64:e[pusher_block_a];30:b(0.282,-0.367):p0.64:e[pusher_block_a];40:b(0.284,-0.353):p0.65:e[pusher_block_a];50:b(0.286,-0.341):p0.65:e[pusher_block_a];60:b(0.288,-0.331):p0.65:e[pusher_block_a];63:b(0.288,-0.328):p0.66:e[pusher_block_a]"
oracle_topology_planner,stress_sweep,0,2002,0.20,0,1.00000,1.00000,1.00000,0.00000,1.00000,1.00000,0.00000,0.20312,0.15625,0.00000,0.00000,0.79803,0.00247,90.59355,"0:b(0.018,-0.030):p0.00:e[none];10:b(0.357,-0.010):p0.82:e[pusher_block_a,block_a_block_b,block_b_pocket];20:b(0.355,-0.010):p0.82:e[none];30:b(0.353,-0.010):p0.81:e[none];40:b(0.351,-0.010):p0.81:e[none];50:b(0.349,-0.010):p0.80:e[none];60:b(0.347,-0.010):p0.80:e[none];63:b(0.347,-0.010):p0.80:e[none]"
pairwise_contact_classifier,stress_sweep,0,2003,0.20,0,0.67448,0.03125,1.00000,0.12305,0.04688,1.00000,0.00000,0.00000,0.00000,0.00000,0.01562,0.50487,0.32987,11.16221,"0:b(0.026,-0.058):p0.00:e[none];10:b(0.217,-0.375):p0.47:e[pusher_block_a];20:b(0.236,-0.387):p0.52:e[pusher_block_a];30:b(0.234,-0.368):p0.51:e[pusher_block_a];40:b(0.232,-0.352):p0.51:e[pusher_block_a];50:b(0.231,-0.338):p0.51:e[pusher_block_a];60:b(0.230,-0.327):p0.51:e[pusher_block_a];63:b(0.230,-0.324):p0.50:e[pusher_block_a]"
ensemble_uncertainty_planner,stress_sweep,0,2003,0.20,0,0.66406,0.03125,0.98438,0.12500,0.06250,1.00000,0.00000,0.00000,0.00000,0.00000,0.01562,0.50886,0.20272,11.16067,"0:b(0.026,-0.058):p0.00:e[none];10:b(0.220,-0.380):p0.48:e[pusher_block_a];20:b(0.238,-0.359):p0.53:e[pusher_block_a];30:b(0.236,-0.309):p0.52:e[pusher_block_a];40:b(0.235,-0.268):p0.52:e[pusher_block_a];50:b(0.233,-0.233):p0.51:e[pusher_block_a];60:b(0.232,-0.205):p0.51:e[pusher_block_a];63:b(0.232,-0.197):p0.51:e[pusher_block_a]"
contact_implicit_mpc_baseline,stress_sweep,0,2003,0.20,0,0.94792,0.89062,0.98438,0.01562,0.87500,1.00000,0.00000,0.00000,0.00000,0.00000,0.01562,0.50612,0.29013,11.17495,"0:b(0.026,-0.058):p0.00:e[none];10:b(0.218,-0.376):p0.48:e[pusher_block_a];20:b(0.236,-0.379):p0.52:e[pusher_block_a];30:b(0.235,-0.350):p0.52:e[pusher_block_a];40:b(0.233,-0.325):p0.51:e[pusher_block_a];50:b(0.232,-0.306):p0.51:e[pusher_block_a];60:b(0.231,-0.289):p0.51:e[pusher_block_a];63:b(0.231,-0.285):p0.51:e[pusher_block_a]"
topology_world_model,stress_sweep,0,2003,0.20,0,0.67448,0.03125,1.00000,0.12305,0.04688,1.00000,0.00000,0.00000,0.00000,0.00000,0.01562,0.50715,0.25733,11.15065,"0:b(0.026,-0.058):p0.00:e[none];10:b(0.219,-0.378):p0.48:e[pusher_block_a];20:b(0.237,-0.371):p0.52:e[pusher_block_a];30:b(0.235,-0.334):p0.52:e[pusher_block_a];40:b(0.234,-0.304):p0.51:e[pusher_block_a];50:b(0.232,-0.278):p0.51:e[pusher_block_a];60:b(0.231,-0.257):p0.51:e[pusher_block_a];63:b(0.231,-0.252):p0.51:e[pusher_block_a]"
oracle_topology_planner,stress_sweep,0,2003,0.20,1,1.00000,1.00000,1.00000,0.00000,1.00000,1.00000,0.00000,0.45000,0.75000,0.05000,0.00000,0.82878,0.00000,11.22325,"0:b(0.026,-0.058):p0.00:e[none];10:b(0.365,-0.028):p0.84:e[pusher_block_a,block_b_pocket]"
pairwise_contact_classifier,stress_sweep,0,2004,0.20,0,0.54167,0.04167,0.95312,0.20508,0.07812,0.00000,0.00000,0.00000,0.00000,0.00000,0.01562,0.47682,0.26574,13.42467,"0:b(0.017,-0.071):p0.00:e[none];10:b(0.208,-0.388):p0.46:e[pusher_block_a];20:b(0.220,-0.372):p0.49:e[pusher_block_a];30:b(0.218,-0.338):p0.49:e[pusher_block_a];40:b(0.216,-0.310):p0.48:e[pusher_block_a];50:b(0.215,-0.286):p0.48:e[pusher_block_a];60:b(0.214,-0.267):p0.48:e[pusher_block_a];63:b(0.214,-0.261):p0.48:e[pusher_block_a]"
ensemble_uncertainty_planner,stress_sweep,0,2004,0.20,0,0.11198,0.05208,0.16667,0.22852,0.87500,1.00000,0.00000,0.00000,0.00000,0.00000,0.01562,0.47638,0.27996,13.43439,"0:b(0.017,-0.071):p0.00:e[none];10:b(0.208,-0.388):p0.46:e[pusher_block_a];20:b(0.220,-0.376):p0.49:e[pusher_block_a];30:b(0.218,-0.345):p0.49:e[pusher_block_a];40:b(0.216,-0.319):p0.48:e[pusher_block_a];50:b(0.215,-0.298):p0.48:e[pusher_block_a];60:b(0.214,-0.280):p0.48:e[pusher_block_a];63:b(0.214,-0.276):p0.48:e[pusher_block_a]"
contact_implicit_mpc_baseline,stress_sweep,0,2004,0.20,0,0.95312,0.93229,0.96875,0.01367,0.89062,1.00000,0.00000,0.00000,0.00000,0.00000,0.01562,0.47757,0.24086,13.41955,"0:b(0.017,-0.071):p0.00:e[none];10:b(0.209,-0.389):p0.47:e[pusher_block_a];20:b(0.220,-0.367):p0.49:e[pusher_block_a];30:b(0.218,-0.326):p0.49:e[pusher_block_a];40:b(0.217,-0.293):p0.48:e[pusher_block_a];50:b(0.215,-0.266):p0.48:e[pusher_block_a];60:b(0.214,-0.243):p0.48:e[pusher_block_a];63:b(0.214,-0.237):p0.48:e[pusher_block_a]"
topology_world_model,stress_sweep,0,2004,0.20,0,0.56510,0.04167,0.98438,0.19922,0.04688,0.00000,0.00000,0.00000,0.00000,0.00000,0.01562,0.47995,0.16251,13.50922,"0:b(0.017,-0.071):p0.00:e[none];10:b(0.211,-0.392):p0.47:e[pusher_block_a];20:b(0.222,-0.349):p0.50:e[pusher_block_a];30:b(0.220,-0.290):p0.49:e[pusher_block_a];40:b(0.218,-0.241):p0.49:e[pusher_block_a];50:b(0.217,-0.201):p0.48:e[pusher_block_a];60:b(0.215,-0.167):p0.48:e[pusher_block_a];63:b(0.215,-0.158):p0.48:e[pusher_block_a]"
oracle_topology_planner,stress_sweep,0,2004,0.20,0,1.00000,1.00000,1.00000,0.00000,1.00000,1.00000,0.00000,0.25000,0.20312,0.00000,0.01562,0.65616,0.19966,11.73015,"0:b(0.017,-0.071):p0.00:e[none];10:b(0.360,-0.074):p0.83:e[pusher_block_a,block_a_block_b,block_b_pocket];20:b(0.351,-0.094):p0.81:e[none];30:b(0.332,-0.125):p0.76:e[none];40:b(0.315,-0.151):p0.72:e[none];50:b(0.302,-0.173):p0.69:e[none];60:b(0.291,-0.191):p0.66:e[none];63:b(0.288,-0.195):p0.66:e[none]"
pairwise_contact_classifier,stress_sweep,1,2000,0.20,1,0.45500,0.10000,0.15000,0.32500,0.25000,0.25000,0.00000,0.90000,0.75000,0.00000,0.00000,0.82064,0.07848,11.49614,"0:b(0.026,-0.072):p0.00:e[none];10:b(0.358,-0.073):p0.82:e[pusher_block_a,block_a_block_b,block_b_pocket]"
ensemble_uncertainty_planner,stress_sweep,1,2000,0.20,1,0.16500,0.15000,0.15000,0.40625,0.15000,0.00000,0.00000,0.90000,0.75000,0.00000,0.00000,0.82064,0.07944,11.52045,"0:b(0.026,-0.072):p0.00:e[none];10:b(0.358,-0.074):p0.82:e[pusher_block_a,block_a_block_b,block_b_pocket]"
contact_implicit_mpc_baseline,stress_sweep,1,2000,0.20,1,0.75000,0.90000,0.18333,0.11875,0.05000,0.00000,0.00000,0.90000,0.75000,0.00000,0.00000,0.82064,0.07640,11.50376,"0:b(0.026,-0.072):p0.00:e[none];10:b(0.358,-0.071):p0.82:e[pusher_block_a,block_a_block_b,block_b_pocket]"
topology_world_model,stress_sweep,1,2000,0.20,1,0.64833,0.18333,0.18333,0.23750,0.90000,0.26667,0.00000,0.90000,0.75000,0.00000,0.00000,0.82064,0.07751,11.52881,"0:b(0.026,-0.072):p0.00:e[none];10:b(0.358,-0.072):p0.82:e[pusher_block_a,block_a_block_b,block_b_pocket]"
oracle_topology_planner,stress_sweep,1,2000,0.20,0,1.00000,1.00000,1.00000,0.00000,1.00000,1.00000,0.00000,0.00000,0.00000,0.00000,0.03125,1.04948,0.31305,10.72799,"0:b(0.026,-0.072):p0.00:e[none];10:b(0.145,-0.146):p0.29:e[none];20:b(0.327,-0.258):p0.74:e[none];30:b(0.450,-0.352):p1.05:e[none];40:b(0.450,-0.396):p1.05:e[none];50:b(0.450,-0.353):p1.05:e[none];60:b(0.450,-0.317):p1.05:e[none];63:b(0.450,-0.308):p1.05:e[none]"
pairwise_contact_classifier,stress_sweep,1,2001,0.20,0,0.66094,0.06250,0.05469,0.24609,0.96875,0.88462,0.00000,0.96875,0.92188,0.00000,0.00000,0.81478,0.01691,10.23468,"0:b(0.039,-0.026):p0.00:e[none];10:b(0.358,-0.027):p0.81:e[pusher_block_a,block_a_block_b,block_b_pocket];20:b(0.358,-0.027):p0.81:e[pusher_block_a,block_a_block_b,block_b_pocket];30:b(0.358,-0.027):p0.81:e[pusher_block_a,block_a_block_b,block_b_pocket];40:b(0.358,-0.027):p0.81:e[pusher_block_a,block_a_block_b,block_b_pocket];50:b(0.358,-0.027):p0.81:e[pusher_block_a,block_a_block_b,block_b_pocket];60:b(0.358,-0.027):p0.81:e[pusher_block_a,block_a_block_b,block_b_pocket];63:b(0.358,-0.027):p0.81:e[pusher_block_a,block_a_block_b,block_b_pocket]"
ensemble_uncertainty_planner,stress_sweep,1,2001,0.20,0,0.06823,0.05729,0.05312,0.46680,0.04688,0.00000,0.00000,0.96875,0.92188,0.00000,0.00000,0.81477,0.01705,10.24025,"0:b(0.039,-0.026):p0.00:e[none];10:b(0.357,-0.027):p0.81:e[pusher_block_a,block_a_block_b,block_b_pocket];20:b(0.358,-0.027):p0.81:e[pusher_block_a,block_a_block_b,block_b_pocket];30:b(0.358,-0.027):p0.81:e[pusher_block_a,block_a_block_b,block_b_pocket];40:b(0.358,-0.027):p0.81:e[pusher_block_a,block_a_block_b,block_b_pocket];50:b(0.358,-0.027):p0.81:e[pusher_block_a,block_a_block_b,block_b_pocket];60:b(0.358,-0.027):p0.81:e[pusher_block_a,block_a_block_b,block_b_pocket];63:b(0.358,-0.027):p0.81:e[pusher_block_a,block_a_block_b,block_b_pocket]"
contact_implicit_mpc_baseline,stress_sweep,1,2001,0.20,0,0.97917,0.97917,1.00000,0.00391,0.96875,0.00000,0.00000,0.96875,0.92188,0.00000,0.00000,0.81478,0.01871,10.21386,"0:b(0.039,-0.026):p0.00:e[none];10:b(0.358,-0.025):p0.81:e[pusher_block_a,block_a_block_b,block_b_pocket];20:b(0.358,-0.025):p0.81:e[pusher_block_a,block_a_block_b,block_b_pocket];30:b(0.358,-0.025):p0.81:e[pusher_block_a,block_a_block_b,block_b_pocket];40:b(0.358,-0.025):p0.81:e[pusher_block_a,block_a_block_b,block_b_pocket];50:b(0.358,-0.025):p0.81:e[pusher_block_a,block_a_block_b,block_b_pocket];60:b(0.358,-0.025):p0.81:e[pusher_block_a,block_a_block_b,block_b_pocket];63:b(0.358,-0.025):p0.81:e[pusher_block_a,block_a_block_b,block_b_pocket]"
topology_world_model,stress_sweep,1,2001,0.20,0,0.66094,0.05208,0.08854,0.24609,0.96875,0.87379,0.00000,0.96875,0.92188,0.00000,0.00000,0.81478,0.01498,10.59899,"0:b(0.039,-0.026):p0.00:e[none];10:b(0.358,-0.027):p0.81:e[pusher_block_a,block_a_block_b,block_b_pocket];20:b(0.358,-0.027):p0.81:e[pusher_block_a,block_a_block_b,block_b_pocket];30:b(0.358,-0.027):p0.81:e[pusher_block_a,block_a_block_b,block_b_pocket];40:b(0.358,-0.027):p0.81:e[pusher_block_a,block_a_block_b,block_b_pocket];50:b(0.358,-0.027):p0.81:e[pusher_block_a,block_a_block_b,block_b_pocket];60:b(0.357,-0.029):p0.81:e[pusher_block_a,block_a_block_b,block_b_pocket];63:b(0.358,-0.029):p0.81:e[pusher_block_a,block_a_block_b,block_b_pocket]"
oracle_topology_planner,stress_sweep,1,2001,0.20,1,1.00000,1.00000,1.00000,0.00000,1.00000,0.00000,0.00000,0.90000,0.80000,0.00000,0.00000,0.82380,0.01942,11.17472,"0:b(0.039,-0.026):p0.00:e[none];10:b(0.357,-0.070):p0.81:e[pusher_block_a,block_a_block_b,block_b_pocket];20:b(0.357,-0.060):p0.81:e[pusher_block_a,block_a_block_b,block_b_pocket]"
pairwise_contact_classifier,stress_sweep,1,2002,0.20,0,0.67448,0.04167,1.00000,0.12305,0.04688,1.00000,0.00000,0.00000,0.00000,0.00000,0.01562,0.56443,0.12491,13.32774,"0:b(0.026,-0.024):p0.00:e[none];10:b(0.248,-0.388):p0.55:e[pusher_block_a];20:b(0.262,-0.349):p0.58:e[pusher_block_a];30:b(0.259,-0.290):p0.58:e[pusher_block_a];40:b(0.257,-0.241):p0.57:e[pusher_block_a];50:b(0.256,-0.201):p0.57:e[pusher_block_a];60:b(0.254,-0.168):p0.57:e[pusher_block_a];63:b(0.254,-0.159):p0.56:e[pusher_block_a]"
ensemble_uncertainty_planner,stress_sweep,1,2002,0.20,0,0.64323,0.04688,0.95312,0.12891,0.09375,1.00000,0.00000,0.00000,0.00000,0.00000,0.01562,0.56776,0.01836,13.32177,"0:b(0.026,-0.024):p0.00:e[none];10:b(0.251,-0.392):p0.56:e[pusher_block_a];20:b(0.264,-0.324):p0.59:e[pusher_block_a];30:b(0.261,-0.240):p0.58:e[pusher_block_a];40:b(0.259,-0.170):p0.58:e[pusher_block_a];50:b(0.257,-0.113):p0.57:e[pusher_block_a];60:b(0.256,-0.065):p0.57:e[pusher_block_a];63:b(0.255,-0.052):p0.57:e[pusher_block_a]"
contact_implicit_mpc_baseline,stress_sweep,1,2002,0.20,0,0.95833,0.92188,0.98438,0.01172,0.90625,1.00000,0.00000,0.00000,0.00000,0.00000,0.01562,0.56716,0.03763,13.32652,"0:b(0.026,-0.024):p0.00:e[none];10:b(0.250,-0.391):p0.55:e[pusher_block_a];20:b(0.264,-0.329):p0.59:e[pusher_block_a];30:b(0.261,-0.249):p0.58:e[pusher_block_a];40:b(0.259,-0.183):p0.58:e[pusher_block_a];50:b(0.257,-0.129):p0.57:e[pusher_block_a];60:b(0.255,-0.083):p0.57:e[pusher_block_a];63:b(0.255,-0.071):p0.57:e[pusher_block_a]"
topology_world_model,stress_sweep,1,2002,0.20,0,0.66667,0.03125,1.00000,0.12891,0.04688,0.00000,0.00000,0.00000,0.00000,0.00000,0.01562,0.56817,0.00516,13.47779,"0:b(0.026,-0.024):p0.00:e[none];10:b(0.251,-0.392):p0.56:e[pusher_block_a];20:b(0.264,-0.321):p0.59:e[pusher_block_a];30:b(0.262,-0.234):p0.58:e[pusher_block_a];40:b(0.259,-0.162):p0.58:e[pusher_block_a];50:b(0.257,-0.102):p0.57:e[pusher_block_a];60:b(0.256,-0.052):p0.57:e[pusher_block_a];63:b(0.255,-0.039):p0.57:e[pusher_block_a]"
oracle_topology_planner,stress_sweep,1,2002,0.20,1,1.00000,1.00000,1.00000,0.00000,1.00000,0.00000,0.00000,0.90000,0.75000,0.00000,0.00000,0.82061,0.00013,8.82232,"0:b(0.026,-0.024):p0.00:e[none];10:b(0.358,-0.034):p0.82:e[pusher_block_a,block_a_block_b,block_b_pocket]"
pairwise_contact_classifier,stress_sweep,1,2003,0.20,0,0.52083,0.03125,0.98438,0.23828,0.03125,0.00000,0.00000,0.00000,0.00000,0.00000,0.00000,0.00000,0.05417,11.41064,"0:b(0.015,-0.055):p0.00:e[none];10:b(0.015,-0.055):p0.00:e[pusher_block_a];20:b(0.015,-0.055):p0.00:e[pusher_block_a];30:b(0.015,-0.055):p0.00:e[pusher_block_a];40:b(0.015,-0.055):p0.00:e[pusher_block_a];50:b(0.015,-0.055):p0.00:e[pusher_block_a];60:b(0.015,-0.055):p0.00:e[pusher_block_a];63:b(0.015,-0.055):p0.00:e[pusher_block_a]"
ensemble_uncertainty_planner,stress_sweep,1,2003,0.20,0,0.66406,0.04167,0.96875,0.12500,0.04688,0.00000,0.00000,0.00000,0.00000,0.00000,0.00000,0.00000,0.05417,11.39398,"0:b(0.015,-0.055):p0.00:e[none];10:b(0.015,-0.055):p0.00:e[pusher_block_a];20:b(0.015,-0.055):p0.00:e[pusher_block_a];30:b(0.015,-0.055):p0.00:e[pusher_block_a];40:b(0.015,-0.055):p0.00:e[pusher_block_a];50:b(0.015,-0.055):p0.00:e[pusher_block_a];60:b(0.015,-0.055):p0.00:e[pusher_block_a];63:b(0.015,-0.055):p0.00:e[pusher_block_a]"
contact_implicit_mpc_baseline,stress_sweep,1,2003,0.20,0,0.98958,0.96875,1.00000,0.00391,0.96875,1.00000,0.00000,0.00000,0.00000,0.00000,0.00000,0.00000,0.05417,11.39135,"0:b(0.015,-0.055):p0.00:e[none];10:b(0.015,-0.055):p0.00:e[pusher_block_a];20:b(0.015,-0.055):p0.00:e[pusher_block_a];30:b(0.015,-0.055):p0.00:e[pusher_block_a];40:b(0.015,-0.055):p0.00:e[pusher_block_a];50:b(0.015,-0.055):p0.00:e[pusher_block_a];60:b(0.015,-0.055):p0.00:e[pusher_block_a];63:b(0.015,-0.055):p0.00:e[pusher_block_a]"
topology_world_model,stress_sweep,1,2003,0.20,0,0.66927,0.04688,0.98438,0.12695,0.03125,0.00000,0.00000,0.00000,0.00000,0.00000,0.00000,0.00000,0.05417,11.45140,"0:b(0.015,-0.055):p0.00:e[none];10:b(0.015,-0.055):p0.00:e[pusher_block_a];20:b(0.015,-0.055):p0.00:e[pusher_block_a];30:b(0.015,-0.055):p0.00:e[pusher_block_a];40:b(0.015,-0.055):p0.00:e[pusher_block_a];50:b(0.015,-0.055):p0.00:e[pusher_block_a];60:b(0.015,-0.055):p0.00:e[pusher_block_a];63:b(0.015,-0.055):p0.00:e[pusher_block_a]"
oracle_topology_planner,stress_sweep,1,2003,0.20,1,1.00000,1.00000,1.00000,0.00000,1.00000,0.00000,0.00000,0.90000,0.75000,0.00000,0.00000,0.82537,0.00001,9.57460,"0:b(0.015,-0.055):p0.00:e[none];10:b(0.357,-0.001):p0.83:e[pusher_block_a,block_a_block_b,block_b_pocket]"
pairwise_contact_classifier,stress_sweep,1,2004,0.20,1,0.64833,0.10000,0.17500,0.23750,0.90000,0.25000,0.00000,0.90000,0.75000,0.00000,0.00000,0.82237,0.05989,10.87562,"0:b(0.022,0.012):p0.00:e[none];10:b(0.358,0.013):p0.82:e[pusher_block_a,block_a_block_b,block_b_pocket]"
ensemble_uncertainty_planner,stress_sweep,1,2004,0.20,1,0.19000,0.10000,0.15000,0.40625,0.20000,0.00000,0.00000,0.90000,0.75000,0.00000,0.00000,0.82237,0.05925,10.88903,"0:b(0.022,0.012):p0.00:e[none];10:b(0.358,0.012):p0.82:e[pusher_block_a,block_a_block_b,block_b_pocket]"
contact_implicit_mpc_baseline,stress_sweep,1,2004,0.20,1,0.81619,0.16667,1.00000,0.11250,0.10000,0.00000,0.00000,0.90000,0.75000,0.00000,0.00000,0.82237,0.05873,10.88953,"0:b(0.022,0.012):p0.00:e[none];10:b(0.358,0.011):p0.82:e[pusher_block_a,block_a_block_b,block_b_pocket]"
topology_world_model,stress_sweep,1,2004,0.20,1,0.66167,0.10000,0.15000,0.23125,0.95000,0.25000,0.00000,0.90000,0.75000,0.00000,0.00000,0.82237,0.05824,10.89260,"0:b(0.022,0.012):p0.00:e[none];10:b(0.358,0.011):p0.82:e[pusher_block_a,block_a_block_b,block_b_pocket]"
oracle_topology_planner,stress_sweep,1,2004,0.20,1,1.00000,1.00000,1.00000,0.00000,1.00000,0.00000,0.00000,0.90000,0.75000,0.00000,0.00000,0.82237,0.00005,8.80534,"0:b(0.022,0.012):p0.00:e[none];10:b(0.357,-0.047):p0.82:e[pusher_block_a,block_a_block_b,block_b_pocket]"
pairwise_contact_classifier,stress_sweep,2,2000,0.20,1,0.66167,0.10000,0.15000,0.23125,0.95000,0.25000,0.00000,0.90000,0.75000,0.00000,0.00000,0.82187,0.03402,10.88337,"0:b(0.023,-0.057):p0.00:e[none];10:b(0.358,-0.057):p0.82:e[pusher_block_a,block_a_block_b,block_b_pocket]"
ensemble_uncertainty_planner,stress_sweep,2,2000,0.20,1,0.17833,0.15000,0.15000,0.40625,0.15000,0.00000,0.00000,0.90000,0.75000,0.00000,0.00000,0.82187,0.03206,10.91421,"0:b(0.023,-0.057):p0.00:e[none];10:b(0.358,-0.055):p0.82:e[pusher_block_a,block_a_block_b,block_b_pocket]"
contact_implicit_mpc_baseline,stress_sweep,2,2000,0.20,1,0.75000,0.90000,0.15000,0.11875,0.05000,0.00000,0.00000,0.90000,0.75000,0.00000,0.00000,0.82187,0.03170,10.89269,"0:b(0.023,-0.057):p0.00:e[none];10:b(0.358,-0.055):p0.82:e[pusher_block_a,block_a_block_b,block_b_pocket]"
topology_world_model,stress_sweep,2,2000,0.20,1,0.66167,0.15000,0.21667,0.23125,0.95000,0.25000,0.00000,0.90000,0.75000,0.00000,0.00000,0.82187,0.03428,10.89934,"0:b(0.023,-0.057):p0.00:e[none];10:b(0.358,-0.058):p0.82:e[pusher_block_a,block_a_block_b,block_b_pocket]"
oracle_topology_planner,stress_sweep,2,2000,0.20,0,1.00000,1.00000,1.00000,0.00000,1.00000,1.00000,0.00000,0.01562,0.00000,0.00000,0.01562,0.54627,0.15720,9.60901,"0:b(0.023,-0.057):p0.00:e[none];10:b(0.239,-0.389):p0.53:e[none];20:b(0.252,-0.354):p0.56:e[none];30:b(0.250,-0.300):p0.56:e[none];40:b(0.248,-0.256):p0.55:e[none];50:b(0.247,-0.219):p0.55:e[none];60:b(0.246,-0.189):p0.55:e[none];63:b(0.245,-0.180):p0.55:e[none]"
pairwise_contact_classifier,stress_sweep,2,2001,0.20,1,0.66167,0.13333,0.15000,0.23125,0.95000,0.25000,0.00000,0.90000,0.75000,0.00000,0.00000,0.82616,0.03815,11.46327,"0:b(0.013,-0.032):p0.00:e[none];10:b(0.358,-0.035):p0.83:e[pusher_block_a,block_a_block_b,block_b_pocket]"
ensemble_uncertainty_planner,stress_sweep,2,2001,0.20,1,0.21000,0.13333,0.17500,0.40000,0.20000,0.00000,0.00000,0.90000,0.75000,0.00000,0.00000,0.82616,0.03367,11.47506,"0:b(0.013,-0.032):p0.00:e[none];10:b(0.358,-0.030):p0.83:e[pusher_block_a,block_a_block_b,block_b_pocket]"
contact_implicit_mpc_baseline,stress_sweep,2,2001,0.20,1,0.98333,0.95000,1.00000,0.00625,0.95000,0.00000,0.00000,0.90000,0.75000,0.00000,0.00000,0.82616,0.03422,11.50980,"0:b(0.013,-0.032):p0.00:e[none];10:b(0.358,-0.031):p0.83:e[pusher_block_a,block_a_block_b,block_b_pocket]"
topology_world_model,stress_sweep,2,2001,0.20,1,0.66167,0.10000,0.15000,0.23125,0.95000,0.25000,0.00000,0.90000,0.75000,0.00000,0.00000,0.82616,0.03344,11.48104,"0:b(0.013,-0.032):p0.00:e[none];10:b(0.358,-0.030):p0.83:e[pusher_block_a,block_a_block_b,block_b_pocket]"
oracle_topology_planner,stress_sweep,2,2001,0.20,0,1.00000,1.00000,1.00000,0.00000,1.00000,1.00000,0.00000,0.15625,0.17188,0.00000,0.00000,0.23905,0.08649,92.94778,"0:b(0.013,-0.032):p0.00:e[none];10:b(0.363,0.009):p0.84:e[pusher_block_a,block_a_block_b,block_b_pocket];20:b(0.321,-0.005):p0.74:e[none];30:b(0.256,-0.030):p0.58:e[none];40:b(0.203,-0.050):p0.46:e[none];50:b(0.159,-0.066):p0.35:e[none];60:b(0.122,-0.080):p0.26:e[none];63:b(0.113,-0.083):p0.24:e[none]"
pairwise_contact_classifier,stress_sweep,2,2002,0.20,0,0.67448,0.05729,0.98438,0.12305,0.04688,1.00000,0.00000,0.00000,0.00000,0.00000,0.01562,0.58649,0.26485,13.35490,"0:b(0.036,-0.032):p0.00:e[none];10:b(0.277,-0.408):p0.61:e[pusher_block_a,block_b_wall];20:b(0.274,-0.374):p0.60:e[pusher_block_a];30:b(0.272,-0.345):p0.60:e[pusher_block_a];40:b(0.270,-0.322):p0.59:e[pusher_block_a];50:b(0.269,-0.302):p0.59:e[pusher_block_a];60:b(0.267,-0.286):p0.59:e[pusher_block_a];63:b(0.267,-0.282):p0.59:e[pusher_block_a]"
ensemble_uncertainty_planner,stress_sweep,2,2002,0.20,0,0.64062,0.03125,0.94792,0.13086,0.10938,1.00000,0.00000,0.00000,0.00000,0.00000,0.03125,0.59620,0.00105,13.34762,"0:b(0.036,-0.032):p0.00:e[none];10:b(0.283,-0.420):p0.63:e[pusher_block_a,block_b_wall];20:b(0.280,-0.310):p0.62:e[pusher_block_a];30:b(0.277,-0.220):p0.61:e[pusher_block_a];40:b(0.275,-0.145):p0.61:e[pusher_block_a];50:b(0.273,-0.083):p0.60:e[pusher_block_a];60:b(0.271,-0.031):p0.60:e[pusher_block_a];63:b(0.271,-0.018):p0.60:e[pusher_block_a]"
contact_implicit_mpc_baseline,stress_sweep,2,2002,0.20,0,0.94792,0.89062,0.98438,0.01562,0.87500,1.00000,0.00000,0.00000,0.00000,0.00000,0.01562,0.59128,0.15297,13.11038,"0:b(0.036,-0.032):p0.00:e[none];10:b(0.280,-0.414):p0.62:e[pusher_block_a,block_b_wall];20:b(0.277,-0.347):p0.61:e[pusher_block_a];30:b(0.274,-0.292):p0.60:e[pusher_block_a];40:b(0.272,-0.247):p0.60:e[pusher_block_a];50:b(0.271,-0.209):p0.60:e[pusher_block_a];60:b(0.269,-0.178):p0.59:e[pusher_block_a];63:b(0.269,-0.170):p0.59:e[pusher_block_a]"
topology_world_model,stress_sweep,2,2002,0.20,0,0.63802,0.03125,0.98438,0.15039,0.06250,0.00000,0.00000,0.00000,0.00000,0.00000,0.03125,0.59686,0.01964,13.52394,"0:b(0.036,-0.032):p0.00:e[none];10:b(0.284,-0.421):p0.63:e[pusher_block_a,block_b_wall];20:b(0.281,-0.305):p0.62:e[pusher_block_a];30:b(0.278,-0.210):p0.61:e[pusher_block_a];40:b(0.275,-0.131):p0.61:e[pusher_block_a];50:b(0.273,-0.066):p0.60:e[pusher_block_a];60:b(0.272,-0.011):p0.60:e[pusher_block_a];63:b(0.271,0.003):p0.60:e[pusher_block_a]"
oracle_topology_planner,stress_sweep,2,2002,0.20,0,1.00000,1.00000,1.00000,0.00000,1.00000,0.00000,0.00000,0.96875,0.92188,0.00000,0.00000,0.81477,0.00600,7.90221,"0:b(0.036,-0.032):p0.00:e[none];10:b(0.357,-0.031):p0.82:e[pusher_block_a,block_a_block_b,block_b_pocket];20:b(0.357,-0.021):p0.82:e[pusher_block_a,block_a_block_b,block_b_pocket];30:b(0.358,-0.020):p0.82:e[pusher_block_a,block_a_block_b,block_b_pocket];40:b(0.357,-0.021):p0.82:e[pusher_block_a,block_a_block_b,block_b_pocket];50:b(0.357,-0.022):p0.82:e[pusher_block_a,block_a_block_b,block_b_pocket];60:b(0.357,-0.023):p0.81:e[pusher_block_a,block_a_block_b,block_b_pocket];63:b(0.357,-0.023):p0.81:e[pusher_block_a,block_a_block_b,block_b_pocket]"
pairwise_contact_classifier,stress_sweep,2,2003,0.20,0,0.65677,0.03125,0.06250,0.24805,0.95312,0.88462,0.00000,0.96875,0.92188,0.00000,0.00000,0.81696,0.01411,9.95449,"0:b(0.034,0.006):p0.00:e[none];10:b(0.358,0.004):p0.82:e[pusher_block_a,block_a_block_b,block_b_pocket];20:b(0.358,0.004):p0.82:e[pusher_block_a,block_a_block_b,block_b_pocket];30:b(0.358,0.004):p0.82:e[pusher_block_a,block_a_block_b,block_b_pocket];40:b(0.358,0.004):p0.82:e[pusher_block_a,block_a_block_b,block_b_pocket];50:b(0.358,0.004):p0.82:e[pusher_block_a,block_a_block_b,block_b_pocket];60:b(0.358,0.004):p0.82:e[pusher_block_a,block_a_block_b,block_b_pocket];63:b(0.358,0.004):p0.82:e[pusher_block_a,block_a_block_b,block_b_pocket]"
ensemble_uncertainty_planner,stress_sweep,2,2003,0.20,0,0.06198,0.05729,0.05469,0.46875,0.04688,0.00000,0.00000,0.96875,0.92188,0.00000,0.00000,0.81696,0.01607,9.98028,"0:b(0.034,0.006):p0.00:e[none];10:b(0.358,0.006):p0.82:e[pusher_block_a,block_a_block_b,block_b_pocket];20:b(0.358,0.006):p0.82:e[pusher_block_a,block_a_block_b,block_b_pocket];30:b(0.358,0.006):p0.82:e[pusher_block_a,block_a_block_b,block_b_pocket];40:b(0.358,0.006):p0.82:e[pusher_block_a,block_a_block_b,block_b_pocket];50:b(0.358,0.006):p0.82:e[pusher_block_a,block_a_block_b,block_b_pocket];60:b(0.358,0.006):p0.82:e[pusher_block_a,block_a_block_b,block_b_pocket];63:b(0.358,0.006):p0.82:e[pusher_block_a,block_a_block_b,block_b_pocket]"
contact_implicit_mpc_baseline,stress_sweep,2,2003,0.20,0,0.97083,0.93750,1.00000,0.00977,0.95312,0.00000,0.00000,0.96875,0.92188,0.00000,0.00000,0.81696,0.01400,9.94076,"0:b(0.034,0.006):p0.00:e[none];10:b(0.358,0.004):p0.82:e[pusher_block_a,block_a_block_b,block_b_pocket];20:b(0.358,0.004):p0.82:e[pusher_block_a,block_a_block_b,block_b_pocket];30:b(0.358,0.004):p0.82:e[pusher_block_a,block_a_block_b,block_b_pocket];40:b(0.358,0.004):p0.82:e[pusher_block_a,block_a_block_b,block_b_pocket];50:b(0.358,0.004):p0.82:e[pusher_block_a,block_a_block_b,block_b_pocket];60:b(0.358,0.004):p0.82:e[pusher_block_a,block_a_block_b,block_b_pocket];63:b(0.358,0.004):p0.82:e[pusher_block_a,block_a_block_b,block_b_pocket]"
topology_world_model,stress_sweep,2,2003,0.20,0,0.66510,0.03125,0.06250,0.24414,0.98438,0.88462,0.00000,0.96875,0.92188,0.00000,0.00000,0.81696,0.01556,9.95947,"0:b(0.034,0.006):p0.00:e[none];10:b(0.358,0.006):p0.82:e[pusher_block_a,block_a_block_b,block_b_pocket];20:b(0.358,0.006):p0.82:e[pusher_block_a,block_a_block_b,block_b_pocket];30:b(0.358,0.006):p0.82:e[pusher_block_a,block_a_block_b,block_b_pocket];40:b(0.358,0.006):p0.82:e[pusher_block_a,block_a_block_b,block_b_pocket];50:b(0.358,0.006):p0.82:e[pusher_block_a,block_a_block_b,block_b_pocket];60:b(0.358,0.006):p0.82:e[pusher_block_a,block_a_block_b,block_b_pocket];63:b(0.358,0.006):p0.82:e[pusher_block_a,block_a_block_b,block_b_pocket]"
oracle_topology_planner,stress_sweep,2,2003,0.20,0,1.00000,1.00000,1.00000,0.00000,1.00000,0.00000,0.00000,0.96875,0.92188,0.00000,0.00000,0.81696,0.00014,9.03211,"0:b(0.034,0.006):p0.00:e[none];10:b(0.358,-0.010):p0.82:e[pusher_block_a,block_a_block_b,block_b_pocket];20:b(0.358,-0.010):p0.82:e[pusher_block_a,block_a_block_b,block_b_pocket];30:b(0.358,-0.010):p0.82:e[pusher_block_a,block_a_block_b,block_b_pocket];40:b(0.358,-0.010):p0.82:e[pusher_block_a,block_a_block_b,block_b_pocket];50:b(0.358,-0.010):p0.82:e[pusher_block_a,block_a_block_b,block_b_pocket];60:b(0.358,-0.010):p0.82:e[pusher_block_a,block_a_block_b,block_b_pocket];63:b(0.358,-0.010):p0.82:e[pusher_block_a,block_a_block_b,block_b_pocket]"
pairwise_contact_classifier,stress_sweep,2,2004,0.20,0,0.64844,0.03125,0.07812,0.25195,0.92188,0.88462,0.00000,0.96875,0.92188,0.00000,0.00000,0.81012,0.01760,10.17249,"0:b(0.048,-0.041):p0.00:e[none];10:b(0.357,-0.040):p0.81:e[pusher_block_a,block_a_block_b,block_b_pocket];20:b(0.357,-0.040):p0.81:e[pusher_block_a,block_a_block_b,block_b_pocket];30:b(0.357,-0.040):p0.81:e[pusher_block_a,block_a_block_b,block_b_pocket];40:b(0.357,-0.040):p0.81:e[pusher_block_a,block_a_block_b,block_b_pocket];50:b(0.357,-0.040):p0.81:e[pusher_block_a,block_a_block_b,block_b_pocket];60:b(0.357,-0.040):p0.81:e[pusher_block_a,block_a_block_b,block_b_pocket];63:b(0.357,-0.040):p0.81:e[pusher_block_a,block_a_block_b,block_b_pocket]"
ensemble_uncertainty_planner,stress_sweep,2,2004,0.20,0,0.05573,0.06250,0.05312,0.47070,0.04688,0.00000,0.00000,0.96875,0.92188,0.00000,0.00000,0.81011,0.01846,10.17310,"0:b(0.048,-0.041):p0.00:e[none];10:b(0.357,-0.041):p0.81:e[pusher_block_a,block_a_block_b,block_b_pocket];20:b(0.357,-0.041):p0.81:e[pusher_block_a,block_a_block_b,block_b_pocket];30:b(0.357,-0.041):p0.81:e[pusher_block_a,block_a_block_b,block_b_pocket];40:b(0.357,-0.041):p0.81:e[pusher_block_a,block_a_block_b,block_b_pocket];50:b(0.357,-0.041):p0.81:e[pusher_block_a,block_a_block_b,block_b_pocket];60:b(0.357,-0.041):p0.81:e[pusher_block_a,block_a_block_b,block_b_pocket];63:b(0.357,-0.041):p0.81:e[pusher_block_a,block_a_block_b,block_b_pocket]"
contact_implicit_mpc_baseline,stress_sweep,2,2004,0.20,0,0.97917,0.96875,1.00000,0.00391,0.96875,0.00000,0.00000,0.96875,0.92188,0.00000,0.00000,0.81011,0.01849,10.18865,"0:b(0.048,-0.041):p0.00:e[none];10:b(0.357,-0.041):p0.81:e[pusher_block_a,block_a_block_b,block_b_pocket];20:b(0.357,-0.041):p0.81:e[pusher_block_a,block_a_block_b,block_b_pocket];30:b(0.357,-0.041):p0.81:e[pusher_block_a,block_a_block_b,block_b_pocket];40:b(0.357,-0.041):p0.81:e[pusher_block_a,block_a_block_b,block_b_pocket];50:b(0.357,-0.041):p0.81:e[pusher_block_a,block_a_block_b,block_b_pocket];60:b(0.357,-0.041):p0.81:e[pusher_block_a,block_a_block_b,block_b_pocket];63:b(0.357,-0.041):p0.81:e[pusher_block_a,block_a_block_b,block_b_pocket]"
topology_world_model,stress_sweep,2,2004,0.20,0,0.65677,0.03125,0.07812,0.24805,0.95312,0.88235,0.00000,0.96875,0.92188,0.00000,0.00000,0.81012,0.01741,10.18740,"0:b(0.048,-0.041):p0.00:e[none];10:b(0.357,-0.040):p0.81:e[pusher_block_a,block_a_block_b,block_b_pocket];20:b(0.357,-0.040):p0.81:e[pusher_block_a,block_a_block_b,block_b_pocket];30:b(0.357,-0.040):p0.81:e[pusher_block_a,block_a_block_b,block_b_pocket];40:b(0.357,-0.040):p0.81:e[pusher_block_a,block_a_block_b,block_b_pocket];50:b(0.357,-0.040):p0.81:e[pusher_block_a,block_a_block_b,block_b_pocket];60:b(0.357,-0.040):p0.81:e[pusher_block_a,block_a_block_b,block_b_pocket];63:b(0.357,-0.040):p0.81:e[pusher_block_a,block_a_block_b,block_b_pocket]"
oracle_topology_planner,stress_sweep,2,2004,0.20,0,1.00000,1.00000,1.00000,0.00000,1.00000,1.00000,0.00000,0.15625,0.10938,0.00000,0.00000,0.28729,0.06209,11.04729,"0:b(0.048,-0.041):p0.00:e[none];10:b(0.364,-0.085):p0.83:e[block_a_block_b,block_b_pocket];20:b(0.308,-0.085):p0.68:e[none];30:b(0.261,-0.085):p0.56:e[none];40:b(0.223,-0.085):p0.46:e[none];50:b(0.191,-0.085):p0.37:e[none];60:b(0.165,-0.085):p0.31:e[none];63:b(0.158,-0.085):p0.29:e[none]"
pairwise_contact_classifier,stress_sweep,3,2000,0.20,0,0.65260,0.06771,0.06250,0.25000,0.93750,0.88462,0.00000,0.96875,0.92188,0.00000,0.00000,0.81892,0.01345,11.04798,"0:b(0.029,-0.013):p0.00:e[none];10:b(0.358,-0.014):p0.82:e[pusher_block_a,block_a_block_b,block_b_pocket];20:b(0.357,-0.014):p0.82:e[pusher_block_a,block_a_block_b,block_b_pocket];30:b(0.357,-0.014):p0.82:e[pusher_block_a,block_a_block_b,block_b_pocket];40:b(0.357,-0.014):p0.82:e[pusher_block_a,block_a_block_b,block_b_pocket];50:b(0.357,-0.014):p0.82:e[pusher_block_a,block_a_block_b,block_b_pocket];60:b(0.357,-0.014):p0.82:e[pusher_block_a,block_a_block_b,block_b_pocket];63:b(0.357,-0.014):p0.82:e[pusher_block_a,block_a_block_b,block_b_pocket]"
ensemble_uncertainty_planner,stress_sweep,3,2000,0.20,0,0.07187,0.03125,0.04688,0.46680,0.06250,0.00000,0.00000,0.96875,0.92188,0.00000,0.00000,0.81892,0.01360,11.06877,"0:b(0.029,-0.013):p0.00:e[none];10:b(0.358,-0.014):p0.82:e[pusher_block_a,block_a_block_b,block_b_pocket];20:b(0.357,-0.014):p0.82:e[pusher_block_a,block_a_block_b,block_b_pocket];30:b(0.357,-0.014):p0.82:e[pusher_block_a,block_a_block_b,block_b_pocket];40:b(0.357,-0.014):p0.82:e[pusher_block_a,block_a_block_b,block_b_pocket];50:b(0.357,-0.014):p0.82:e[pusher_block_a,block_a_block_b,block_b_pocket];60:b(0.357,-0.014):p0.82:e[pusher_block_a,block_a_block_b,block_b_pocket];63:b(0.357,-0.014):p0.82:e[pusher_block_a,block_a_block_b,block_b_pocket]"
contact_implicit_mpc_baseline,stress_sweep,3,2000,0.20,0,0.84435,0.04167,1.00000,0.12109,0.03125,0.00000,0.00000,0.96875,0.92188,0.00000,0.00000,0.81892,0.01578,11.05929,"0:b(0.029,-0.013):p0.00:e[none];10:b(0.358,-0.012):p0.82:e[pusher_block_a,block_a_block_b,block_b_pocket];20:b(0.357,-0.012):p0.82:e[pusher_block_a,block_a_block_b,block_b_pocket];30:b(0.357,-0.012):p0.82:e[pusher_block_a,block_a_block_b,block_b_pocket];40:b(0.357,-0.012):p0.82:e[pusher_block_a,block_a_block_b,block_b_pocket];50:b(0.357,-0.012):p0.82:e[pusher_block_a,block_a_block_b,block_b_pocket];60:b(0.357,-0.012):p0.82:e[pusher_block_a,block_a_block_b,block_b_pocket];63:b(0.357,-0.012):p0.82:e[pusher_block_a,block_a_block_b,block_b_pocket]"
topology_world_model,stress_sweep,3,2000,0.20,0,0.66094,0.03125,0.08854,0.24609,0.96875,0.87379,0.00000,0.96875,0.92188,0.00000,0.00000,0.81892,0.01309,11.09538,"0:b(0.029,-0.013):p0.00:e[none];10:b(0.358,-0.014):p0.82:e[pusher_block_a,block_a_block_b,block_b_pocket];20:b(0.357,-0.014):p0.82:e[pusher_block_a,block_a_block_b,block_b_pocket];30:b(0.357,-0.014):p0.82:e[pusher_block_a,block_a_block_b,block_b_pocket];40:b(0.357,-0.014):p0.82:e[pusher_block_a,block_a_block_b,block_b_pocket];50:b(0.357,-0.014):p0.82:e[pusher_block_a,block_a_block_b,block_b_pocket];60:b(0.357,-0.014):p0.82:e[pusher_block_a,block_a_block_b,block_b_pocket];63:b(0.357,-0.014):p0.82:e[pusher_block_a,block_a_block_b,block_b_pocket]"
oracle_topology_planner,stress_sweep,3,2000,0.20,0,1.00000,1.00000,1.00000,0.00000,1.00000,0.00000,0.00000,0.96875,0.92188,0.00000,0.00000,0.81892,0.00005,10.46698,"0:b(0.029,-0.013):p0.00:e[none];10:b(0.357,-0.029):p0.82:e[pusher_block_a,block_a_block_b,block_b_pocket];20:b(0.357,-0.027):p0.82:e[pusher_block_a,block_a_block_b,block_b_pocket];30:b(0.357,-0.027):p0.82:e[pusher_block_a,block_a_block_b,block_b_pocket];40:b(0.357,-0.027):p0.82:e[pusher_block_a,block_a_block_b,block_b_pocket];50:b(0.357,-0.027):p0.82:e[pusher_block_a,block_a_block_b,block_b_pocket];60:b(0.357,-0.027):p0.82:e[pusher_block_a,block_a_block_b,block_b_pocket];63:b(0.357,-0.027):p0.82:e[pusher_block_a,block_a_block_b,block_b_pocket]"
pairwise_contact_classifier,stress_sweep,3,2001,0.20,0,0.54635,0.07812,0.93750,0.21484,0.06250,0.00000,0.00000,0.01562,0.00000,0.00000,0.01562,0.56977,0.17455,13.99742,"0:b(0.022,-0.028):p0.00:e[none];10:b(0.264,-0.411):p0.59:e[pusher_block_a,block_b_wall];20:b(0.260,-0.320):p0.58:e[pusher_block_a];30:b(0.258,-0.245):p0.58:e[pusher_block_a];40:b(0.255,-0.182):p0.57:e[pusher_block_a];50:b(0.255,-0.168):p0.57:e[pusher_block_a];60:b(0.255,-0.176):p0.57:e[pusher_block_a];63:b(0.255,-0.178):p0.57:e[pusher_block_a]"
ensemble_uncertainty_planner,stress_sweep,3,2001,0.20,0,0.39531,0.04167,0.71354,0.22461,0.32812,0.00000,0.00000,0.01562,0.00000,0.00000,0.01562,0.56602,0.17002,13.97776,"0:b(0.022,-0.028):p0.00:e[none];10:b(0.263,-0.410):p0.59:e[pusher_block_a,block_b_wall];20:b(0.260,-0.328):p0.58:e[pusher_block_a];30:b(0.257,-0.261):p0.58:e[pusher_block_a];40:b(0.255,-0.205):p0.57:e[pusher_block_a];50:b(0.253,-0.162):p0.57:e[pusher_block_a,block_a_block_b];60:b(0.253,-0.171):p0.57:e[pusher_block_a];63:b(0.253,-0.173):p0.57:e[pusher_block_a]"
contact_implicit_mpc_baseline,stress_sweep,3,2001,0.20,0,0.96094,0.93750,0.98438,0.01172,0.92188,1.00000,0.00000,0.00000,0.00000,0.00000,0.01562,0.55902,0.17419,14.00522,"0:b(0.022,-0.028):p0.00:e[none];10:b(0.261,-0.409):p0.59:e[pusher_block_a,block_b_wall];20:b(0.258,-0.346):p0.58:e[pusher_block_a];30:b(0.256,-0.294):p0.57:e[pusher_block_a];40:b(0.254,-0.251):p0.57:e[pusher_block_a];50:b(0.252,-0.215):p0.56:e[pusher_block_a];60:b(0.251,-0.185):p0.56:e[pusher_block_a];63:b(0.250,-0.178):p0.56:e[pusher_block_a]"
topology_world_model,stress_sweep,3,2001,0.20,0,0.57292,0.03125,0.96875,0.19922,0.04688,0.00000,0.00000,0.00000,0.00000,0.00000,0.01562,0.55838,0.19537,14.06513,"0:b(0.022,-0.028):p0.00:e[none];10:b(0.261,-0.408):p0.58:e[pusher_block_a,block_b_wall];20:b(0.258,-0.351):p0.58:e[pusher_block_a];30:b(0.255,-0.304):p0.57:e[pusher_block_a];40:b(0.253,-0.265):p0.57:e[pusher_block_a];50:b(0.252,-0.233):p0.56:e[pusher_block_a];60:b(0.250,-0.206):p0.56:e[pusher_block_a];63:b(0.250,-0.199):p0.56:e[pusher_block_a]"
oracle_topology_planner,stress_sweep,3,2001,0.20,1,1.00000,1.00000,1.00000,0.00000,1.00000,0.00000,0.00000,0.90000,0.75000,0.00000,0.00000,0.82222,0.00586,8.99180,"0:b(0.022,-0.028):p0.00:e[none];10:b(0.357,-0.020):p0.82:e[pusher_block_a,block_a_block_b,block_b_pocket]"
pairwise_contact_classifier,stress_sweep,3,2002,0.20,0,0.65677,0.03125,0.05469,0.24805,0.95312,0.87379,0.00000,0.96875,0.92188,0.00000,0.00000,0.81101,0.02550,11.84006,"0:b(0.046,-0.036):p0.00:e[none];10:b(0.358,-0.034):p0.81:e[pusher_block_a,block_a_block_b,block_b_pocket];20:b(0.357,-0.034):p0.81:e[pusher_block_a,block_a_block_b,block_b_pocket];30:b(0.357,-0.034):p0.81:e[pusher_block_a,block_a_block_b,block_b_pocket];40:b(0.357,-0.035):p0.81:e[pusher_block_a,block_a_block_b,block_b_pocket];50:b(0.357,-0.034):p0.81:e[pusher_block_a,block_a_block_b,block_b_pocket];60:b(0.357,-0.034):p0.81:e[pusher_block_a,block_a_block_b,block_b_pocket];63:b(0.357,-0.034):p0.81:e[pusher_block_a,block_a_block_b,block_b_pocket]"
ensemble_uncertainty_planner,stress_sweep,3,2002,0.20,0,0.06823,0.07292,0.06563,0.46680,0.04688,0.00000,0.00000,0.96875,0.92188,0.00000,0.00000,0.81101,0.02659,11.84837,"0:b(0.046,-0.036):p0.00:e[none];10:b(0.358,-0.036):p0.81:e[pusher_block_a,block_a_block_b,block_b_pocket];20:b(0.357,-0.036):p0.81:e[pusher_block_a,block_a_block_b,block_b_pocket];30:b(0.357,-0.036):p0.81:e[pusher_block_a,block_a_block_b,block_b_pocket];40:b(0.357,-0.036):p0.81:e[pusher_block_a,block_a_block_b,block_b_pocket];50:b(0.357,-0.036):p0.81:e[pusher_block_a,block_a_block_b,block_b_pocket];60:b(0.357,-0.036):p0.81:e[pusher_block_a,block_a_block_b,block_b_pocket];63:b(0.357,-0.036):p0.81:e[pusher_block_a,block_a_block_b,block_b_pocket]"
contact_implicit_mpc_baseline,stress_sweep,3,2002,0.20,0,0.80000,0.96875,0.08333,0.12109,0.03125,0.00000,0.00000,0.96875,0.92188,0.00000,0.00000,0.81101,0.02626,11.84780,"0:b(0.046,-0.036):p0.00:e[none];10:b(0.358,-0.035):p0.81:e[pusher_block_a,block_a_block_b,block_b_pocket];20:b(0.357,-0.035):p0.81:e[pusher_block_a,block_a_block_b,block_b_pocket];30:b(0.357,-0.035):p0.81:e[pusher_block_a,block_a_block_b,block_b_pocket];40:b(0.357,-0.035):p0.81:e[pusher_block_a,block_a_block_b,block_b_pocket];50:b(0.357,-0.035):p0.81:e[pusher_block_a,block_a_block_b,block_b_pocket];60:b(0.357,-0.035):p0.81:e[pusher_block_a,block_a_block_b,block_b_pocket];63:b(0.357,-0.035):p0.81:e[pusher_block_a,block_a_block_b,block_b_pocket]"
topology_world_model,stress_sweep,3,2002,0.20,0,0.66094,0.03125,0.05729,0.24609,0.96875,0.87379,0.00000,0.96875,0.92188,0.00000,0.00000,0.81090,0.02750,11.83176,"0:b(0.046,-0.036):p0.00:e[none];10:b(0.358,-0.037):p0.81:e[pusher_block_a,block_a_block_b,block_b_pocket];20:b(0.357,-0.037):p0.81:e[pusher_block_a,block_a_block_b,block_b_pocket];30:b(0.357,-0.037):p0.81:e[pusher_block_a,block_a_block_b,block_b_pocket];40:b(0.357,-0.036):p0.81:e[pusher_block_a,block_a_block_b,block_b_pocket];50:b(0.357,-0.036):p0.81:e[pusher_block_a,block_a_block_b,block_b_pocket];60:b(0.357,-0.036):p0.81:e[pusher_block_a,block_a_block_b,block_b_pocket];63:b(0.357,-0.036):p0.81:e[pusher_block_a,block_a_block_b,block_b_pocket]"
oracle_topology_planner,stress_sweep,3,2002,0.20,0,1.00000,1.00000,1.00000,0.00000,1.00000,0.00000,0.00000,0.35938,0.31250,0.00000,0.00000,0.80591,0.05759,65.39378,"0:b(0.046,-0.036):p0.00:e[none];10:b(0.357,-0.080):p0.81:e[pusher_block_a,block_a_block_b,block_b_pocket];20:b(0.357,-0.069):p0.81:e[pusher_block_a,block_a_block_b,block_b_pocket];30:b(0.357,-0.067):p0.81:e[none];40:b(0.356,-0.067):p0.81:e[none];50:b(0.356,-0.067):p0.81:e[none];60:b(0.356,-0.067):p0.81:e[none];63:b(0.355,-0.067):p0.81:e[none]"
pairwise_contact_classifier,stress_sweep,3,2003,0.20,1,0.66167,0.10000,0.20000,0.23125,0.95000,0.25000,0.00000,0.90000,0.75000,0.00000,0.00000,0.82384,0.04028,11.41764,"0:b(0.018,-0.060):p0.00:e[none];10:b(0.357,-0.061):p0.82:e[pusher_block_a,block_a_block_b,block_b_pocket]"
ensemble_uncertainty_planner,stress_sweep,3,2003,0.20,1,0.29833,0.15000,0.15000,0.36875,0.15000,0.22222,0.00000,0.90000,0.75000,0.00000,0.00000,0.82349,0.04429,11.50127,"0:b(0.018,-0.060):p0.00:e[none];10:b(0.357,-0.062):p0.82:e[pusher_block_a,block_a_block_b,block_b_pocket]"
contact_implicit_mpc_baseline,stress_sweep,3,2003,0.20,1,0.93333,0.90000,1.00000,0.01250,0.90000,0.00000,0.00000,0.90000,0.75000,0.00000,0.00000,0.82384,0.04014,11.36713,"0:b(0.018,-0.060):p0.00:e[none];10:b(0.357,-0.061):p0.82:e[pusher_block_a,block_a_block_b,block_b_pocket]"
topology_world_model,stress_sweep,3,2003,0.20,1,0.66167,0.10000,0.18333,0.23125,0.95000,0.25000,0.00000,0.90000,0.75000,0.00000,0.00000,0.82384,0.03936,11.40846,"0:b(0.018,-0.060):p0.00:e[none];10:b(0.357,-0.060):p0.82:e[pusher_block_a,block_a_block_b,block_b_pocket]"
oracle_topology_planner,stress_sweep,3,2003,0.20,1,1.00000,1.00000,1.00000,0.00000,1.00000,0.00000,0.00000,0.90000,0.75000,0.00000,0.00000,0.82321,0.03141,8.10393,"0:b(0.018,-0.060):p0.00:e[none];10:b(0.357,-0.061):p0.82:e[pusher_block_a,block_a_block_b,block_b_pocket]"
pairwise_contact_classifier,stress_sweep,3,2004,0.20,0,0.65677,0.03125,0.06250,0.24805,0.95312,0.88462,0.00000,0.96875,0.92188,0.00000,0.00000,0.81680,0.02580,10.09373,"0:b(0.034,-0.018):p0.00:e[none];10:b(0.358,-0.018):p0.82:e[pusher_block_a,block_a_block_b,block_b_pocket];20:b(0.358,-0.018):p0.82:e[pusher_block_a,block_a_block_b,block_b_pocket];30:b(0.358,-0.019):p0.82:e[pusher_block_a,block_a_block_b,block_b_pocket];40:b(0.358,-0.019):p0.82:e[pusher_block_a,block_a_block_b,block_b_pocket];50:b(0.358,-0.019):p0.82:e[pusher_block_a,block_a_block_b,block_b_pocket];60:b(0.358,-0.019):p0.82:e[pusher_block_a,block_a_block_b,block_b_pocket];63:b(0.358,-0.019):p0.82:e[pusher_block_a,block_a_block_b,block_b_pocket]"
ensemble_uncertainty_planner,stress_sweep,3,2004,0.20,0,0.06823,0.04688,0.07812,0.46680,0.04688,0.00000,0.00000,0.96875,0.92188,0.00000,0.00000,0.81680,0.02584,10.11509,"0:b(0.034,-0.018):p0.00:e[none];10:b(0.358,-0.019):p0.82:e[pusher_block_a,block_a_block_b,block_b_pocket];20:b(0.358,-0.019):p0.82:e[pusher_block_a,block_a_block_b,block_b_pocket];30:b(0.358,-0.019):p0.82:e[pusher_block_a,block_a_block_b,block_b_pocket];40:b(0.358,-0.019):p0.82:e[pusher_block_a,block_a_block_b,block_b_pocket];50:b(0.358,-0.019):p0.82:e[pusher_block_a,block_a_block_b,block_b_pocket];60:b(0.358,-0.019):p0.82:e[pusher_block_a,block_a_block_b,block_b_pocket];63:b(0.358,-0.019):p0.82:e[pusher_block_a,block_a_block_b,block_b_pocket]"
contact_implicit_mpc_baseline,stress_sweep,3,2004,0.20,0,0.97917,0.96875,1.00000,0.00391,0.96875,0.00000,0.00000,0.96875,0.92188,0.00000,0.00000,0.81680,0.02546,10.11687,"0:b(0.034,-0.018):p0.00:e[none];10:b(0.358,-0.018):p0.82:e[pusher_block_a,block_a_block_b,block_b_pocket];20:b(0.358,-0.018):p0.82:e[pusher_block_a,block_a_block_b,block_b_pocket];30:b(0.358,-0.018):p0.82:e[pusher_block_a,block_a_block_b,block_b_pocket];40:b(0.358,-0.018):p0.82:e[pusher_block_a,block_a_block_b,block_b_pocket];50:b(0.358,-0.018):p0.82:e[pusher_block_a,block_a_block_b,block_b_pocket];60:b(0.358,-0.018):p0.82:e[pusher_block_a,block_a_block_b,block_b_pocket];63:b(0.358,-0.018):p0.82:e[pusher_block_a,block_a_block_b,block_b_pocket]"
topology_world_model,stress_sweep,3,2004,0.20,0,0.64844,0.06250,0.07292,0.25195,0.92188,0.86000,0.00000,0.96875,0.92188,0.00000,0.00000,0.81680,0.02726,10.19963,"0:b(0.034,-0.018):p0.00:e[none];10:b(0.358,-0.019):p0.82:e[pusher_block_a,block_a_block_b,block_b_pocket];20:b(0.358,-0.019):p0.82:e[pusher_block_a,block_a_block_b,block_b_pocket];30:b(0.358,-0.019):p0.82:e[pusher_block_a,block_a_block_b,block_b_pocket];40:b(0.357,-0.019):p0.82:e[pusher_block_a,block_a_block_b,block_b_pocket];50:b(0.358,-0.019):p0.82:e[pusher_block_a,block_a_block_b,block_b_pocket];60:b(0.358,-0.020):p0.82:e[pusher_block_a,block_a_block_b,block_b_pocket];63:b(0.358,-0.020):p0.82:e[pusher_block_a,block_a_block_b,block_b_pocket]"
oracle_topology_planner,stress_sweep,3,2004,0.20,0,1.00000,1.00000,1.00000,0.00000,1.00000,0.00000,0.00000,0.96875,0.92188,0.00000,0.00000,0.81680,0.00966,8.20160,"0:b(0.034,-0.018):p0.00:e[none];10:b(0.357,-0.019):p0.82:e[pusher_block_a,block_a_block_b,block_b_pocket];20:b(0.357,-0.009):p0.82:e[pusher_block_a,block_a_block_b,block_b_pocket];30:b(0.357,-0.002):p0.82:e[pusher_block_a,block_a_block_b,block_b_pocket];40:b(0.358,-0.002):p0.82:e[pusher_block_a,block_a_block_b,block_b_pocket];50:b(0.358,-0.002):p0.82:e[pusher_block_a,block_a_block_b,block_b_pocket];60:b(0.358,-0.002):p0.82:e[pusher_block_a,block_a_block_b,block_b_pocket];63:b(0.358,-0.002):p0.82:e[pusher_block_a,block_a_block_b,block_b_pocket]"
pairwise_contact_classifier,stress_sweep,4,2000,0.20,0,0.52083,0.03906,0.98438,0.23828,0.03125,0.00000,0.00000,0.00000,0.00000,0.00000,0.00000,0.00000,0.01718,11.64913,"0:b(0.046,-0.048):p0.00:e[none];10:b(0.046,-0.048):p0.00:e[pusher_block_a];20:b(0.046,-0.048):p0.00:e[pusher_block_a];30:b(0.046,-0.048):p0.00:e[pusher_block_a];40:b(0.046,-0.048):p0.00:e[pusher_block_a];50:b(0.046,-0.048):p0.00:e[pusher_block_a];60:b(0.046,-0.048):p0.00:e[pusher_block_a];63:b(0.046,-0.048):p0.00:e[pusher_block_a]"
ensemble_uncertainty_planner,stress_sweep,4,2000,0.20,0,0.66146,0.03125,0.96875,0.12695,0.04688,0.00000,0.00000,0.00000,0.00000,0.00000,0.00000,0.00000,0.01718,11.66959,"0:b(0.046,-0.048):p0.00:e[none];10:b(0.046,-0.048):p0.00:e[pusher_block_a];20:b(0.046,-0.048):p0.00:e[pusher_block_a];30:b(0.046,-0.048):p0.00:e[pusher_block_a];40:b(0.046,-0.048):p0.00:e[pusher_block_a];50:b(0.046,-0.048):p0.00:e[pusher_block_a];60:b(0.046,-0.048):p0.00:e[pusher_block_a];63:b(0.046,-0.048):p0.00:e[pusher_block_a]"
contact_implicit_mpc_baseline,stress_sweep,4,2000,0.20,0,0.97917,0.96875,1.00000,0.00391,0.96875,1.00000,0.00000,0.00000,0.00000,0.00000,0.00000,0.00000,0.01718,11.66670,"0:b(0.046,-0.048):p0.00:e[none];10:b(0.046,-0.048):p0.00:e[pusher_block_a];20:b(0.046,-0.048):p0.00:e[pusher_block_a];30:b(0.046,-0.048):p0.00:e[pusher_block_a];40:b(0.046,-0.048):p0.00:e[pusher_block_a];50:b(0.046,-0.048):p0.00:e[pusher_block_a];60:b(0.046,-0.048):p0.00:e[pusher_block_a];63:b(0.046,-0.048):p0.00:e[pusher_block_a]"
topology_world_model,stress_sweep,4,2000,0.20,0,0.52344,0.03125,0.98438,0.23633,0.03125,0.00000,0.00000,0.00000,0.00000,0.00000,0.00000,0.00000,0.01718,11.85918,"0:b(0.046,-0.048):p0.00:e[none];10:b(0.046,-0.048):p0.00:e[pusher_block_a];20:b(0.046,-0.048):p0.00:e[pusher_block_a];30:b(0.046,-0.048):p0.00:e[pusher_block_a];40:b(0.046,-0.048):p0.00:e[pusher_block_a];50:b(0.046,-0.048):p0.00:e[pusher_block_a];60:b(0.046,-0.048):p0.00:e[pusher_block_a];63:b(0.046,-0.048):p0.00:e[pusher_block_a]"
oracle_topology_planner,stress_sweep,4,2000,0.20,1,1.00000,1.00000,1.00000,0.00000,1.00000,0.00000,0.00000,0.86364,0.77273,0.00000,0.00000,0.85549,0.03391,8.16504,"0:b(0.046,-0.048):p0.00:e[none];10:b(0.357,-0.058):p0.81:e[pusher_block_a,block_a_block_b,block_b_pocket];20:b(0.357,-0.053):p0.81:e[pusher_block_a,block_b_pocket]"
pairwise_contact_classifier,stress_sweep,4,2001,0.20,0,0.64844,0.07292,0.07292,0.25195,0.92188,0.88462,0.00000,0.96875,0.92188,0.00000,0.00000,0.81628,0.00783,11.68553,"0:b(0.036,-0.010):p0.00:e[none];10:b(0.358,-0.010):p0.82:e[pusher_block_a,block_a_block_b,block_b_pocket];20:b(0.358,-0.010):p0.82:e[pusher_block_a,block_a_block_b,block_b_pocket];30:b(0.358,-0.010):p0.82:e[pusher_block_a,block_a_block_b,block_b_pocket];40:b(0.358,-0.010):p0.82:e[pusher_block_a,block_a_block_b,block_b_pocket];50:b(0.358,-0.010):p0.82:e[pusher_block_a,block_a_block_b,block_b_pocket];60:b(0.358,-0.010):p0.82:e[pusher_block_a,block_a_block_b,block_b_pocket];63:b(0.358,-0.010):p0.82:e[pusher_block_a,block_a_block_b,block_b_pocket]"
ensemble_uncertainty_planner,stress_sweep,4,2001,0.20,0,0.06563,0.06250,0.04688,0.46875,0.06250,0.04082,0.00000,0.96875,0.92188,0.00000,0.00000,0.81628,0.00770,11.74866,"0:b(0.036,-0.010):p0.00:e[none];10:b(0.358,-0.010):p0.82:e[pusher_block_a,block_a_block_b,block_b_pocket];20:b(0.358,-0.010):p0.82:e[pusher_block_a,block_a_block_b,block_b_pocket];30:b(0.358,-0.010):p0.82:e[pusher_block_a,block_a_block_b,block_b_pocket];40:b(0.358,-0.010):p0.82:e[pusher_block_a,block_a_block_b,block_b_pocket];50:b(0.358,-0.010):p0.82:e[pusher_block_a,block_a_block_b,block_b_pocket];60:b(0.358,-0.010):p0.82:e[pusher_block_a,block_a_block_b,block_b_pocket];63:b(0.358,-0.010):p0.82:e[pusher_block_a,block_a_block_b,block_b_pocket]"
contact_implicit_mpc_baseline,stress_sweep,4,2001,0.20,0,0.85997,0.10417,0.98438,0.11914,0.04688,0.00000,0.00000,0.96875,0.92188,0.00000,0.00000,0.81628,0.00624,11.70094,"0:b(0.036,-0.010):p0.00:e[none];10:b(0.358,-0.012):p0.82:e[pusher_block_a,block_a_block_b,block_b_pocket];20:b(0.358,-0.012):p0.82:e[pusher_block_a,block_a_block_b,block_b_pocket];30:b(0.358,-0.012):p0.82:e[pusher_block_a,block_a_block_b,block_b_pocket];40:b(0.358,-0.012):p0.82:e[pusher_block_a,block_a_block_b,block_b_pocket];50:b(0.358,-0.012):p0.82:e[pusher_block_a,block_a_block_b,block_b_pocket];60:b(0.358,-0.012):p0.82:e[pusher_block_a,block_a_block_b,block_b_pocket];63:b(0.358,-0.012):p0.82:e[pusher_block_a,block_a_block_b,block_b_pocket]"
topology_world_model,stress_sweep,4,2001,0.20,0,0.65677,0.04167,0.08333,0.24805,0.95312,0.86275,0.00000,0.96875,0.92188,0.00000,0.00000,0.81622,0.00740,11.71184,"0:b(0.036,-0.010):p0.00:e[none];10:b(0.358,-0.010):p0.82:e[pusher_block_a,block_a_block_b,block_b_pocket];20:b(0.358,-0.010):p0.82:e[pusher_block_a,block_a_block_b,block_b_pocket];30:b(0.358,-0.010):p0.82:e[pusher_block_a,block_a_block_b,block_b_pocket];40:b(0.358,-0.010):p0.82:e[pusher_block_a,block_a_block_b,block_b_pocket];50:b(0.358,-0.010):p0.82:e[pusher_block_a,block_a_block_b,block_b_pocket];60:b(0.358,-0.010):p0.82:e[pusher_block_a,block_a_block_b,block_b_pocket];63:b(0.358,-0.011):p0.82:e[pusher_block_a,block_a_block_b,block_b_pocket]"
oracle_topology_planner,stress_sweep,4,2001,0.20,0,1.00000,1.00000,1.00000,0.00000,1.00000,0.00000,0.00000,0.96875,0.92188,0.00000,0.00000,0.81628,0.00027,9.45713,"0:b(0.036,-0.010):p0.00:e[none];10:b(0.358,-0.018):p0.82:e[pusher_block_a,block_a_block_b,block_b_pocket];20:b(0.358,-0.018):p0.82:e[pusher_block_a,block_a_block_b,block_b_pocket];30:b(0.358,-0.018):p0.82:e[pusher_block_a,block_a_block_b,block_b_pocket];40:b(0.358,-0.018):p0.82:e[pusher_block_a,block_a_block_b,block_b_pocket];50:b(0.358,-0.018):p0.82:e[pusher_block_a,block_a_block_b,block_b_pocket];60:b(0.358,-0.018):p0.82:e[pusher_block_a,block_a_block_b,block_b_pocket];63:b(0.358,-0.018):p0.82:e[pusher_block_a,block_a_block_b,block_b_pocket]"
pairwise_contact_classifier,stress_sweep,4,2002,0.20,0,0.52604,0.03906,0.98438,0.23438,0.03125,0.00000,0.00000,0.00000,0.00000,0.00000,0.00000,0.00000,0.03044,11.21156,"0:b(0.022,-0.071):p0.00:e[none];10:b(0.022,-0.071):p0.00:e[pusher_block_a];20:b(0.022,-0.071):p0.00:e[pusher_block_a];30:b(0.022,-0.071):p0.00:e[pusher_block_a];40:b(0.022,-0.071):p0.00:e[pusher_block_a];50:b(0.022,-0.071):p0.00:e[pusher_block_a];60:b(0.022,-0.071):p0.00:e[pusher_block_a];63:b(0.022,-0.071):p0.00:e[pusher_block_a]"
ensemble_uncertainty_planner,stress_sweep,4,2002,0.20,0,0.53906,0.03125,0.96875,0.21289,0.06250,0.00000,0.00000,0.00000,0.00000,0.00000,0.00000,0.00000,0.03044,11.22592,"0:b(0.022,-0.071):p0.00:e[none];10:b(0.022,-0.071):p0.00:e[pusher_block_a];20:b(0.022,-0.071):p0.00:e[pusher_block_a];30:b(0.022,-0.071):p0.00:e[pusher_block_a];40:b(0.022,-0.071):p0.00:e[pusher_block_a];50:b(0.022,-0.071):p0.00:e[pusher_block_a];60:b(0.022,-0.071):p0.00:e[pusher_block_a];63:b(0.022,-0.071):p0.00:e[pusher_block_a]"
contact_implicit_mpc_baseline,stress_sweep,4,2002,0.20,0,0.97917,0.96875,1.00000,0.00391,0.96875,1.00000,0.00000,0.00000,0.00000,0.00000,0.00000,0.00000,0.03044,11.29555,"0:b(0.022,-0.071):p0.00:e[none];10:b(0.022,-0.071):p0.00:e[pusher_block_a];20:b(0.022,-0.071):p0.00:e[pusher_block_a];30:b(0.022,-0.071):p0.00:e[pusher_block_a];40:b(0.022,-0.071):p0.00:e[pusher_block_a];50:b(0.022,-0.071):p0.00:e[pusher_block_a];60:b(0.022,-0.071):p0.00:e[pusher_block_a];63:b(0.022,-0.071):p0.00:e[pusher_block_a]"
topology_world_model,stress_sweep,4,2002,0.20,0,0.52604,0.03906,0.95312,0.23438,0.03125,0.00000,0.00000,0.00000,0.00000,0.00000,0.00000,0.00000,0.03044,11.30922,"0:b(0.022,-0.071):p0.00:e[none];10:b(0.022,-0.071):p0.00:e[pusher_block_a];20:b(0.022,-0.071):p0.00:e[pusher_block_a];30:b(0.022,-0.071):p0.00:e[pusher_block_a];40:b(0.022,-0.071):p0.00:e[pusher_block_a];50:b(0.022,-0.071):p0.00:e[pusher_block_a];60:b(0.022,-0.071):p0.00:e[pusher_block_a];63:b(0.022,-0.071):p0.00:e[pusher_block_a]"
oracle_topology_planner,stress_sweep,4,2002,0.20,0,1.00000,1.00000,1.00000,0.00000,1.00000,1.00000,0.00000,0.01562,0.09375,0.00000,0.00000,0.00000,0.13219,97.73842,"0:b(0.022,-0.071):p0.00:e[none];10:b(0.373,-0.158):p0.86:e[block_b_pocket];20:b(0.237,-0.162):p0.53:e[none];30:b(0.124,-0.165):p0.25:e[none];40:b(0.030,-0.168):p0.02:e[none];50:b(-0.048,-0.170):p0.00:e[none];60:b(-0.112,-0.172):p0.00:e[none];63:b(-0.129,-0.173):p0.00:e[none]"
pairwise_contact_classifier,stress_sweep,4,2003,0.20,0,0.51667,0.03125,0.11458,0.24219,0.96875,1.00000,0.85938,0.00000,0.00000,0.95312,0.01562,0.63001,0.21391,6.42547,"0:b(0.049,-0.017):p0.00:e[none];10:b(0.274,-0.373):p0.59:e[pusher_block_a,block_a_fixture];20:b(0.296,-0.366):p0.65:e[pusher_block_a,block_a_fixture];30:b(0.294,-0.324):p0.64:e[pusher_block_a,block_a_fixture];40:b(0.292,-0.289):p0.64:e[pusher_block_a,block_a_fixture];50:b(0.291,-0.260):p0.63:e[pusher_block_a,block_a_fixture];60:b(0.289,-0.236):p0.63:e[pusher_block_a,block_a_fixture];63:b(0.289,-0.229):p0.63:e[pusher_block_a,block_a_fixture]"
ensemble_uncertainty_planner,stress_sweep,4,2003,0.20,0,0.54167,0.17188,0.10417,0.22266,0.82812,1.00000,0.85938,0.00000,0.00000,0.95312,0.01562,0.62767,0.28222,6.60207,"0:b(0.049,-0.017):p0.00:e[none];10:b(0.272,-0.370):p0.59:e[pusher_block_a,block_a_fixture];20:b(0.295,-0.381):p0.64:e[pusher_block_a,block_a_fixture];30:b(0.293,-0.355):p0.64:e[pusher_block_a,block_a_fixture];40:b(0.291,-0.334):p0.63:e[pusher_block_a,block_a_fixture];50:b(0.290,-0.316):p0.63:e[pusher_block_a,block_a_fixture];60:b(0.288,-0.301):p0.63:e[pusher_block_a,block_a_fixture];63:b(0.288,-0.298):p0.63:e[pusher_block_a,block_a_fixture]"
contact_implicit_mpc_baseline,stress_sweep,4,2003,0.20,0,0.96719,0.93750,0.98438,0.01172,0.93750,1.00000,0.85938,0.00000,0.00000,0.95312,0.01562,0.63542,0.08567,6.42635,"0:b(0.049,-0.017):p0.00:e[none];10:b(0.270,-0.366):p0.58:e[pusher_block_a,block_a_fixture];20:b(0.299,-0.340):p0.66:e[pusher_block_a,block_a_fixture];30:b(0.297,-0.266):p0.65:e[pusher_block_a,block_a_fixture];40:b(0.295,-0.205):p0.64:e[pusher_block_a,block_a_fixture];50:b(0.293,-0.154):p0.64:e[pusher_block_a,block_a_fixture];60:b(0.292,-0.112):p0.64:e[pusher_block_a,block_a_fixture];63:b(0.291,-0.101):p0.64:e[pusher_block_a,block_a_fixture]"
topology_world_model,stress_sweep,4,2003,0.20,0,0.51510,0.05729,0.09375,0.24414,0.95312,1.00000,0.85938,0.00000,0.00000,0.95312,0.03125,0.63361,0.10863,6.41853,"0:b(0.049,-0.017):p0.00:e[none];10:b(0.276,-0.376):p0.60:e[pusher_block_a,block_a_fixture];20:b(0.298,-0.343):p0.65:e[pusher_block_a,block_a_fixture];30:b(0.296,-0.275):p0.65:e[pusher_block_a,block_a_fixture];40:b(0.294,-0.219):p0.64:e[pusher_block_a,block_a_fixture];50:b(0.292,-0.173):p0.64:e[pusher_block_a,block_a_fixture];60:b(0.291,-0.134):p0.63:e[pusher_block_a,block_a_fixture];63:b(0.290,-0.124):p0.63:e[pusher_block_a,block_a_fixture]"
oracle_topology_planner,stress_sweep,4,2003,0.20,0,1.00000,1.00000,1.00000,0.00000,1.00000,0.00000,0.00000,0.96875,0.92188,0.00000,0.00000,0.80971,0.00015,9.45494,"0:b(0.049,-0.017):p0.00:e[none];10:b(0.358,-0.015):p0.81:e[pusher_block_a,block_a_block_b,block_b_pocket];20:b(0.358,-0.015):p0.81:e[pusher_block_a,block_a_block_b,block_b_pocket];30:b(0.358,-0.015):p0.81:e[pusher_block_a,block_a_block_b,block_b_pocket];40:b(0.358,-0.015):p0.81:e[pusher_block_a,block_a_block_b,block_b_pocket];50:b(0.358,-0.015):p0.81:e[pusher_block_a,block_a_block_b,block_b_pocket];60:b(0.358,-0.015):p0.81:e[pusher_block_a,block_a_block_b,block_b_pocket];63:b(0.358,-0.015):p0.81:e[pusher_block_a,block_a_block_b,block_b_pocket]"
pairwise_contact_classifier,stress_sweep,4,2004,0.20,1,0.66167,0.10000,0.15000,0.23125,0.95000,0.25000,0.00000,0.90000,0.75000,0.00000,0.00000,0.82322,0.03012,11.12956,"0:b(0.020,-0.005):p0.00:e[none];10:b(0.358,-0.003):p0.82:e[pusher_block_a,block_a_block_b,block_b_pocket]"
ensemble_uncertainty_planner,stress_sweep,4,2004,0.20,1,0.19000,0.10000,0.15000,0.40625,0.20000,0.00000,0.00000,0.90000,0.75000,0.00000,0.00000,0.82322,0.02797,11.13717,"0:b(0.020,-0.005):p0.00:e[none];10:b(0.358,-0.005):p0.82:e[pusher_block_a,block_a_block_b,block_b_pocket]"
contact_implicit_mpc_baseline,stress_sweep,4,2004,0.20,1,0.95000,0.95000,1.00000,0.00625,0.95000,0.00000,0.00000,0.90000,0.75000,0.00000,0.00000,0.82322,0.02765,11.14128,"0:b(0.020,-0.005):p0.00:e[none];10:b(0.358,-0.005):p0.82:e[pusher_block_a,block_a_block_b,block_b_pocket]"
topology_world_model,stress_sweep,4,2004,0.20,1,0.66167,0.10000,0.15000,0.23125,0.95000,0.25000,0.00000,0.90000,0.75000,0.00000,0.00000,0.82322,0.02794,11.14555,"0:b(0.020,-0.005):p0.00:e[none];10:b(0.358,-0.005):p0.82:e[pusher_block_a,block_a_block_b,block_b_pocket]"
oracle_topology_planner,stress_sweep,4,2004,0.20,1,1.00000,1.00000,1.00000,0.00000,1.00000,0.00000,0.00000,0.90000,0.75000,0.00000,0.00000,0.82265,0.00146,7.47633,"0:b(0.020,-0.005):p0.00:e[none];10:b(0.357,-0.043):p0.82:e[pusher_block_a,block_a_block_b,block_b_pocket]"
pairwise_contact_classifier,stress_sweep,5,2000,0.20,1,0.63500,0.15000,0.17500,0.24375,0.85000,0.25000,0.00000,0.90000,0.75000,0.00000,0.00000,0.82136,0.08996,11.54837,"0:b(0.024,-0.070):p0.00:e[none];10:b(0.358,-0.070):p0.82:e[pusher_block_a,block_a_block_b,block_b_pocket]"
ensemble_uncertainty_planner,stress_sweep,5,2000,0.20,0,0.66406,0.05729,0.96875,0.12500,0.06250,1.00000,0.00000,0.00000,0.00000,0.00000,0.01562,0.51241,0.27868,11.16935,"0:b(0.024,-0.070):p0.00:e[none];10:b(0.241,-0.406):p0.54:e[pusher_block_a];20:b(0.239,-0.366):p0.53:e[pusher_block_a];30:b(0.237,-0.333):p0.52:e[pusher_block_a];40:b(0.235,-0.305):p0.52:e[pusher_block_a];50:b(0.234,-0.283):p0.52:e[pusher_block_a];60:b(0.232,-0.264):p0.51:e[pusher_block_a];63:b(0.232,-0.259):p0.51:e[pusher_block_a]"
contact_implicit_mpc_baseline,stress_sweep,5,2000,0.20,1,0.78333,0.90000,0.25000,0.10625,0.15000,0.00000,0.00000,0.90000,0.75000,0.00000,0.00000,0.82137,0.08979,11.55307,"0:b(0.024,-0.070):p0.00:e[none];10:b(0.358,-0.070):p0.82:e[pusher_block_a,block_a_block_b,block_b_pocket]"
topology_world_model,stress_sweep,5,2000,0.20,1,0.66167,0.10000,0.15000,0.23125,0.95000,0.25000,0.00000,0.90000,0.75000,0.00000,0.00000,0.82137,0.08962,11.54217,"0:b(0.024,-0.070):p0.00:e[none];10:b(0.358,-0.070):p0.82:e[pusher_block_a,block_a_block_b,block_b_pocket]"
oracle_topology_planner,stress_sweep,5,2000,0.20,1,1.00000,1.00000,1.00000,0.00000,1.00000,0.00000,0.00000,0.90000,0.75000,0.00000,0.00000,0.82077,0.06413,8.73232,"0:b(0.024,-0.070):p0.00:e[none];10:b(0.357,-0.053):p0.82:e[pusher_block_a,block_a_block_b,block_b_pocket]"
pairwise_contact_classifier,stress_sweep,5,2001,0.20,0,0.52083,0.03125,1.00000,0.23828,0.03125,0.00000,0.00000,0.00000,0.00000,0.00000,0.00000,0.00000,0.08213,11.31027,"0:b(0.037,-0.077):p0.00:e[none];10:b(0.037,-0.077):p0.00:e[pusher_block_a];20:b(0.037,-0.077):p0.00:e[pusher_block_a];30:b(0.037,-0.077):p0.00:e[pusher_block_a];40:b(0.037,-0.077):p0.00:e[pusher_block_a];50:b(0.037,-0.077):p0.00:e[pusher_block_a];60:b(0.037,-0.077):p0.00:e[pusher_block_a];63:b(0.037,-0.077):p0.00:e[pusher_block_a]"
ensemble_uncertainty_planner,stress_sweep,5,2001,0.20,0,0.66667,0.04167,0.98438,0.12305,0.04688,1.00000,0.00000,0.00000,0.00000,0.00000,0.00000,0.00000,0.08213,11.29601,"0:b(0.037,-0.077):p0.00:e[none];10:b(0.037,-0.077):p0.00:e[pusher_block_a];20:b(0.037,-0.077):p0.00:e[pusher_block_a];30:b(0.037,-0.077):p0.00:e[pusher_block_a];40:b(0.037,-0.077):p0.00:e[pusher_block_a];50:b(0.037,-0.077):p0.00:e[pusher_block_a];60:b(0.037,-0.077):p0.00:e[pusher_block_a];63:b(0.037,-0.077):p0.00:e[pusher_block_a]"
contact_implicit_mpc_baseline,stress_sweep,5,2001,0.20,0,0.98438,0.98438,1.00000,0.00195,0.98438,1.00000,0.00000,0.00000,0.00000,0.00000,0.00000,0.00000,0.08213,11.29281,"0:b(0.037,-0.077):p0.00:e[none];10:b(0.037,-0.077):p0.00:e[pusher_block_a];20:b(0.037,-0.077):p0.00:e[pusher_block_a];30:b(0.037,-0.077):p0.00:e[pusher_block_a];40:b(0.037,-0.077):p0.00:e[pusher_block_a];50:b(0.037,-0.077):p0.00:e[pusher_block_a];60:b(0.037,-0.077):p0.00:e[pusher_block_a];63:b(0.037,-0.077):p0.00:e[pusher_block_a]"
topology_world_model,stress_sweep,5,2001,0.20,0,0.52344,0.03125,0.97917,0.23633,0.03125,0.00000,0.00000,0.00000,0.00000,0.00000,0.00000,0.00000,0.08213,11.50509,"0:b(0.037,-0.077):p0.00:e[none];10:b(0.037,-0.077):p0.00:e[pusher_block_a];20:b(0.037,-0.077):p0.00:e[pusher_block_a];30:b(0.037,-0.077):p0.00:e[pusher_block_a];40:b(0.037,-0.077):p0.00:e[pusher_block_a];50:b(0.037,-0.077):p0.00:e[pusher_block_a];60:b(0.037,-0.077):p0.00:e[pusher_block_a];63:b(0.037,-0.077):p0.00:e[pusher_block_a]"
oracle_topology_planner,stress_sweep,5,2001,0.20,0,1.00000,1.00000,1.00000,0.00000,1.00000,0.00000,0.00000,0.43750,0.39062,0.00000,0.00000,0.79331,0.10961,67.03863,"0:b(0.037,-0.077):p0.00:e[none];10:b(0.357,-0.119):p0.81:e[pusher_block_a,block_a_block_b,block_b_pocket];20:b(0.357,-0.109):p0.81:e[pusher_block_a,block_a_block_b,block_b_pocket];30:b(0.357,-0.104):p0.81:e[none];40:b(0.354,-0.104):p0.81:e[none];50:b(0.351,-0.104):p0.80:e[none];60:b(0.349,-0.105):p0.79:e[none];63:b(0.349,-0.105):p0.79:e[none]"
pairwise_contact_classifier,stress_sweep,5,2002,0.20,0,0.67448,0.05729,0.98438,0.12305,0.04688,1.00000,0.00000,0.00000,0.00000,0.00000,0.01562,0.58167,0.28236,11.21629,"0:b(0.050,-0.042):p0.00:e[none];10:b(0.280,-0.409):p0.61:e[pusher_block_a,block_b_wall];20:b(0.277,-0.379):p0.60:e[pusher_block_a];30:b(0.275,-0.355):p0.59:e[pusher_block_a];40:b(0.274,-0.335):p0.59:e[pusher_block_a];50:b(0.272,-0.318):p0.59:e[pusher_block_a];60:b(0.271,-0.304):p0.58:e[pusher_block_a];63:b(0.271,-0.300):p0.58:e[pusher_block_a]"
ensemble_uncertainty_planner,stress_sweep,5,2002,0.20,0,0.65365,0.03125,0.97917,0.12695,0.07812,1.00000,0.00000,0.00000,0.00000,0.00000,0.01562,0.58841,0.11394,11.22878,"0:b(0.050,-0.042):p0.00:e[none];10:b(0.276,-0.402):p0.59:e[pusher_block_a];20:b(0.281,-0.340):p0.61:e[pusher_block_a];30:b(0.279,-0.276):p0.60:e[pusher_block_a];40:b(0.277,-0.222):p0.60:e[pusher_block_a];50:b(0.275,-0.178):p0.59:e[pusher_block_a];60:b(0.274,-0.142):p0.59:e[pusher_block_a];63:b(0.273,-0.132):p0.59:e[pusher_block_a]"
contact_implicit_mpc_baseline,stress_sweep,5,2002,0.20,0,0.94792,0.85938,0.98438,0.01953,0.84375,1.00000,0.00000,0.00000,0.00000,0.00000,0.01562,0.58147,0.28836,11.25078,"0:b(0.050,-0.042):p0.00:e[none];10:b(0.280,-0.409):p0.60:e[pusher_block_a,block_b_wall];20:b(0.277,-0.381):p0.60:e[pusher_block_a];30:b(0.275,-0.358):p0.59:e[pusher_block_a];40:b(0.274,-0.339):p0.59:e[pusher_block_a];50:b(0.272,-0.323):p0.59:e[pusher_block_a];60:b(0.271,-0.310):p0.58:e[pusher_block_a];63:b(0.271,-0.306):p0.58:e[pusher_block_a]"
topology_world_model,stress_sweep,5,2002,0.20,0,0.67448,0.03125,1.00000,0.12305,0.04688,1.00000,0.00000,0.00000,0.00000,0.00000,0.01562,0.58890,0.09932,11.27572,"0:b(0.050,-0.042):p0.00:e[none];10:b(0.276,-0.403):p0.60:e[pusher_block_a];20:b(0.282,-0.337):p0.61:e[pusher_block_a];30:b(0.279,-0.269):p0.60:e[pusher_block_a];40:b(0.277,-0.213):p0.60:e[pusher_block_a];50:b(0.275,-0.166):p0.59:e[pusher_block_a];60:b(0.274,-0.127):p0.59:e[pusher_block_a];63:b(0.274,-0.117):p0.59:e[pusher_block_a]"
oracle_topology_planner,stress_sweep,5,2002,0.20,0,1.00000,1.00000,1.00000,0.00000,1.00000,1.00000,0.00000,0.18750,0.14062,0.00000,0.00000,0.77950,0.05911,13.04962,"0:b(0.050,-0.042):p0.00:e[none];10:b(0.357,-0.075):p0.81:e[pusher_block_a,block_a_block_b,block_b_pocket];20:b(0.355,-0.076):p0.80:e[none];30:b(0.352,-0.076):p0.80:e[none];40:b(0.350,-0.076):p0.79:e[none];50:b(0.348,-0.077):p0.78:e[none];60:b(0.347,-0.077):p0.78:e[none];63:b(0.346,-0.077):p0.78:e[none]"
pairwise_contact_classifier,stress_sweep,5,2003,0.20,0,0.66094,0.05208,0.05469,0.24609,0.96875,0.88462,0.00000,0.96875,0.92188,0.00000,0.00000,0.81678,0.03213,11.74077,"0:b(0.035,-0.031):p0.00:e[none];10:b(0.358,-0.031):p0.82:e[pusher_block_a,block_a_block_b,block_b_pocket];20:b(0.358,-0.031):p0.82:e[pusher_block_a,block_a_block_b,block_b_pocket];30:b(0.358,-0.031):p0.82:e[pusher_block_a,block_a_block_b,block_b_pocket];40:b(0.358,-0.031):p0.82:e[pusher_block_a,block_a_block_b,block_b_pocket];50:b(0.358,-0.031):p0.82:e[pusher_block_a,block_a_block_b,block_b_pocket];60:b(0.358,-0.031):p0.82:e[pusher_block_a,block_a_block_b,block_b_pocket];63:b(0.358,-0.031):p0.82:e[pusher_block_a,block_a_block_b,block_b_pocket]"
ensemble_uncertainty_planner,stress_sweep,5,2003,0.20,0,0.06563,0.04688,0.05312,0.46875,0.06250,0.00000,0.00000,0.96875,0.92188,0.00000,0.00000,0.81678,0.03339,11.80225,"0:b(0.035,-0.031):p0.00:e[none];10:b(0.358,-0.033):p0.82:e[pusher_block_a,block_a_block_b,block_b_pocket];20:b(0.358,-0.033):p0.82:e[pusher_block_a,block_a_block_b,block_b_pocket];30:b(0.358,-0.033):p0.82:e[pusher_block_a,block_a_block_b,block_b_pocket];40:b(0.358,-0.033):p0.82:e[pusher_block_a,block_a_block_b,block_b_pocket];50:b(0.358,-0.033):p0.82:e[pusher_block_a,block_a_block_b,block_b_pocket];60:b(0.358,-0.032):p0.82:e[pusher_block_a,block_a_block_b,block_b_pocket];63:b(0.358,-0.032):p0.82:e[pusher_block_a,block_a_block_b,block_b_pocket]"
contact_implicit_mpc_baseline,stress_sweep,5,2003,0.20,0,0.97917,0.96875,1.00000,0.00391,0.96875,0.00000,0.00000,0.96875,0.92188,0.00000,0.00000,0.81678,0.03258,11.75069,"0:b(0.035,-0.031):p0.00:e[none];10:b(0.358,-0.031):p0.82:e[pusher_block_a,block_a_block_b,block_b_pocket];20:b(0.358,-0.031):p0.82:e[pusher_block_a,block_a_block_b,block_b_pocket];30:b(0.358,-0.031):p0.82:e[pusher_block_a,block_a_block_b,block_b_pocket];40:b(0.358,-0.031):p0.82:e[pusher_block_a,block_a_block_b,block_b_pocket];50:b(0.358,-0.031):p0.82:e[pusher_block_a,block_a_block_b,block_b_pocket];60:b(0.358,-0.031):p0.82:e[pusher_block_a,block_a_block_b,block_b_pocket];63:b(0.358,-0.031):p0.82:e[pusher_block_a,block_a_block_b,block_b_pocket]"
topology_world_model,stress_sweep,5,2003,0.20,0,0.66094,0.03125,0.06771,0.24609,0.96875,0.87379,0.00000,0.96875,0.92188,0.00000,0.00000,0.81677,0.03268,11.78918,"0:b(0.035,-0.031):p0.00:e[none];10:b(0.358,-0.031):p0.82:e[pusher_block_a,block_a_block_b,block_b_pocket];20:b(0.358,-0.031):p0.82:e[pusher_block_a,block_a_block_b,block_b_pocket];30:b(0.358,-0.031):p0.82:e[pusher_block_a,block_a_block_b,block_b_pocket];40:b(0.358,-0.031):p0.82:e[pusher_block_a,block_a_block_b,block_b_pocket];50:b(0.358,-0.031):p0.82:e[pusher_block_a,block_a_block_b,block_b_pocket];60:b(0.358,-0.031):p0.82:e[pusher_block_a,block_a_block_b,block_b_pocket];63:b(0.358,-0.031):p0.82:e[pusher_block_a,block_a_block_b,block_b_pocket]"
oracle_topology_planner,stress_sweep,5,2003,0.20,0,1.00000,1.00000,1.00000,0.00000,1.00000,0.00000,0.00000,0.96875,0.92188,0.00000,0.00000,0.81677,0.00013,9.47506,"0:b(0.035,-0.031):p0.00:e[none];10:b(0.358,0.001):p0.82:e[pusher_block_a,block_a_block_b,block_b_pocket];20:b(0.358,0.001):p0.82:e[pusher_block_a,block_a_block_b,block_b_pocket];30:b(0.358,0.001):p0.82:e[pusher_block_a,block_a_block_b,block_b_pocket];40:b(0.358,0.001):p0.82:e[pusher_block_a,block_a_block_b,block_b_pocket];50:b(0.358,0.001):p0.82:e[pusher_block_a,block_a_block_b,block_b_pocket];60:b(0.358,0.001):p0.82:e[pusher_block_a,block_a_block_b,block_b_pocket];63:b(0.358,0.001):p0.82:e[pusher_block_a,block_a_block_b,block_b_pocket]"
pairwise_contact_classifier,stress_sweep,5,2004,0.20,1,0.64833,0.10000,0.17500,0.23750,0.90000,0.25000,0.00000,0.90000,0.75000,0.00000,0.00000,0.82046,0.02841,11.73765,"0:b(0.026,-0.004):p0.00:e[none];10:b(0.358,-0.004):p0.82:e[pusher_block_a,block_a_block_b,block_b_pocket]"
ensemble_uncertainty_planner,stress_sweep,5,2004,0.20,1,0.21000,0.10000,0.17000,0.40000,0.20000,0.00000,0.00000,0.90000,0.75000,0.00000,0.00000,0.82046,0.02867,11.70250,"0:b(0.026,-0.004):p0.00:e[none];10:b(0.358,-0.004):p0.82:e[pusher_block_a,block_a_block_b,block_b_pocket]"
contact_implicit_mpc_baseline,stress_sweep,5,2004,0.20,1,0.95000,0.95000,1.00000,0.00625,0.95000,0.00000,0.00000,0.90000,0.75000,0.00000,0.00000,0.82047,0.03029,11.71912,"0:b(0.026,-0.004):p0.00:e[none];10:b(0.358,-0.002):p0.82:e[pusher_block_a,block_a_block_b,block_b_pocket]"
topology_world_model,stress_sweep,5,2004,0.20,1,0.66167,0.10000,0.18333,0.23125,0.95000,0.25000,0.00000,0.90000,0.75000,0.00000,0.00000,0.82046,0.02766,11.71405,"0:b(0.026,-0.004):p0.00:e[none];10:b(0.358,-0.005):p0.82:e[pusher_block_a,block_a_block_b,block_b_pocket]"
oracle_topology_planner,stress_sweep,5,2004,0.20,0,1.00000,1.00000,1.00000,0.00000,1.00000,0.00000,0.00000,0.37500,0.34375,0.00000,0.00000,0.80641,0.00947,13.01441,"0:b(0.026,-0.004):p0.00:e[none];10:b(0.358,-0.054):p0.82:e[pusher_block_a,block_a_block_b,block_b_pocket];20:b(0.357,-0.045):p0.82:e[pusher_block_a,block_a_block_b,block_b_pocket];30:b(0.356,-0.042):p0.82:e[none];40:b(0.355,-0.042):p0.81:e[none];50:b(0.353,-0.042):p0.81:e[none];60:b(0.352,-0.042):p0.81:e[none];63:b(0.352,-0.042):p0.81:e[none]"
pairwise_contact_classifier,stress_sweep,6,2000,0.20,0,0.65260,0.04688,0.07812,0.25000,0.93750,0.88462,0.00000,0.96875,0.92188,0.00000,0.00000,0.81694,0.04311,11.69340,"0:b(0.034,-0.034):p0.00:e[none];10:b(0.358,-0.033):p0.82:e[pusher_block_a,block_a_block_b,block_b_pocket];20:b(0.358,-0.033):p0.82:e[pusher_block_a,block_a_block_b,block_b_pocket];30:b(0.358,-0.033):p0.82:e[pusher_block_a,block_a_block_b,block_b_pocket];40:b(0.358,-0.033):p0.82:e[pusher_block_a,block_a_block_b,block_b_pocket];50:b(0.358,-0.033):p0.82:e[pusher_block_a,block_a_block_b,block_b_pocket];60:b(0.358,-0.033):p0.82:e[pusher_block_a,block_a_block_b,block_b_pocket];63:b(0.358,-0.033):p0.82:e[pusher_block_a,block_a_block_b,block_b_pocket]"
ensemble_uncertainty_planner,stress_sweep,6,2000,0.20,0,0.33281,0.03125,0.06250,0.38477,0.04688,0.75269,0.00000,0.96875,0.92188,0.00000,0.00000,0.81694,0.05191,12.01795,"0:b(0.034,-0.034):p0.00:e[none];10:b(0.358,-0.035):p0.82:e[pusher_block_a,block_a_block_b,block_b_pocket];20:b(0.357,-0.036):p0.82:e[pusher_block_a,block_a_block_b,block_b_pocket];30:b(0.358,-0.037):p0.82:e[pusher_block_a,block_a_block_b,block_b_pocket];40:b(0.358,-0.039):p0.82:e[pusher_block_a,block_a_block_b,block_b_pocket];50:b(0.358,-0.041):p0.82:e[pusher_block_a,block_a_block_b,block_b_pocket];60:b(0.357,-0.042):p0.82:e[pusher_block_a,block_a_block_b,block_b_pocket];63:b(0.358,-0.042):p0.82:e[pusher_block_a,block_a_block_b,block_b_pocket]"
contact_implicit_mpc_baseline,stress_sweep,6,2000,0.20,0,0.97917,0.96875,1.00000,0.00391,0.96875,0.00000,0.00000,0.96875,0.92188,0.00000,0.00000,0.81694,0.04357,11.66211,"0:b(0.034,-0.034):p0.00:e[none];10:b(0.358,-0.034):p0.82:e[pusher_block_a,block_a_block_b,block_b_pocket];20:b(0.358,-0.034):p0.82:e[pusher_block_a,block_a_block_b,block_b_pocket];30:b(0.358,-0.034):p0.82:e[pusher_block_a,block_a_block_b,block_b_pocket];40:b(0.358,-0.034):p0.82:e[pusher_block_a,block_a_block_b,block_b_pocket];50:b(0.358,-0.034):p0.82:e[pusher_block_a,block_a_block_b,block_b_pocket];60:b(0.358,-0.034):p0.82:e[pusher_block_a,block_a_block_b,block_b_pocket];63:b(0.358,-0.034):p0.82:e[pusher_block_a,block_a_block_b,block_b_pocket]"
topology_world_model,stress_sweep,6,2000,0.20,0,0.66510,0.05729,0.09375,0.24414,0.98438,0.88462,0.00000,0.96875,0.92188,0.00000,0.00000,0.81694,0.04188,11.71930,"0:b(0.034,-0.034):p0.00:e[none];10:b(0.358,-0.032):p0.82:e[pusher_block_a,block_a_block_b,block_b_pocket];20:b(0.358,-0.032):p0.82:e[pusher_block_a,block_a_block_b,block_b_pocket];30:b(0.358,-0.032):p0.82:e[pusher_block_a,block_a_block_b,block_b_pocket];40:b(0.358,-0.032):p0.82:e[pusher_block_a,block_a_block_b,block_b_pocket];50:b(0.358,-0.032):p0.82:e[pusher_block_a,block_a_block_b,block_b_pocket];60:b(0.358,-0.032):p0.82:e[pusher_block_a,block_a_block_b,block_b_pocket];63:b(0.358,-0.032):p0.82:e[pusher_block_a,block_a_block_b,block_b_pocket]"
oracle_topology_planner,stress_sweep,6,2000,0.20,0,1.00000,1.00000,1.00000,0.00000,1.00000,1.00000,0.00000,0.15625,0.12500,0.00000,0.00000,0.70204,0.03332,12.49757,"0:b(0.034,-0.034):p0.00:e[none];10:b(0.363,-0.023):p0.83:e[block_a_block_b,block_b_pocket];20:b(0.347,-0.023):p0.79:e[none];30:b(0.336,-0.023):p0.76:e[none];40:b(0.327,-0.024):p0.74:e[none];50:b(0.320,-0.024):p0.72:e[none];60:b(0.314,-0.024):p0.71:e[none];63:b(0.312,-0.024):p0.70:e[none]"
pairwise_contact_classifier,stress_sweep,6,2001,0.20,0,0.65677,0.03125,0.07812,0.24805,0.95312,0.88462,0.00000,0.96875,0.92188,0.00000,0.00000,0.81277,0.05251,10.27978,"0:b(0.043,0.024):p0.00:e[none];10:b(0.358,0.024):p0.81:e[pusher_block_a,block_a_block_b,block_b_pocket];20:b(0.357,0.024):p0.81:e[pusher_block_a,block_a_block_b,block_b_pocket];30:b(0.357,0.024):p0.81:e[pusher_block_a,block_a_block_b,block_b_pocket];40:b(0.357,0.024):p0.81:e[pusher_block_a,block_a_block_b,block_b_pocket];50:b(0.357,0.024):p0.81:e[pusher_block_a,block_a_block_b,block_b_pocket];60:b(0.357,0.024):p0.81:e[pusher_block_a,block_a_block_b,block_b_pocket];63:b(0.357,0.024):p0.81:e[pusher_block_a,block_a_block_b,block_b_pocket]"
ensemble_uncertainty_planner,stress_sweep,6,2001,0.20,0,0.30573,0.06250,0.04688,0.39258,0.04688,0.65116,0.00000,0.96875,0.92188,0.00000,0.00000,0.81241,0.04142,10.69776,"0:b(0.043,0.024):p0.00:e[none];10:b(0.358,0.024):p0.81:e[pusher_block_a,block_a_block_b,block_b_pocket];20:b(0.357,0.024):p0.81:e[pusher_block_a,block_a_block_b,block_b_pocket];30:b(0.357,0.024):p0.81:e[pusher_block_a,block_a_block_b,block_b_pocket];40:b(0.357,0.021):p0.81:e[pusher_block_a,block_a_block_b,block_b_pocket];50:b(0.357,0.017):p0.81:e[pusher_block_a,block_a_block_b,block_b_pocket];60:b(0.357,0.014):p0.81:e[pusher_block_a,block_a_block_b,block_b_pocket];63:b(0.357,0.013):p0.81:e[pusher_block_a,block_a_block_b,block_b_pocket]"
contact_implicit_mpc_baseline,stress_sweep,6,2001,0.20,0,0.97917,0.96875,1.00000,0.00391,0.96875,0.00000,0.00000,0.96875,0.92188,0.00000,0.00000,0.81277,0.05323,10.30130,"0:b(0.043,0.024):p0.00:e[none];10:b(0.358,0.024):p0.81:e[pusher_block_a,block_a_block_b,block_b_pocket];20:b(0.357,0.024):p0.81:e[pusher_block_a,block_a_block_b,block_b_pocket];30:b(0.357,0.024):p0.81:e[pusher_block_a,block_a_block_b,block_b_pocket];40:b(0.357,0.025):p0.81:e[pusher_block_a,block_a_block_b,block_b_pocket];50:b(0.357,0.025):p0.81:e[pusher_block_a,block_a_block_b,block_b_pocket];60:b(0.357,0.025):p0.81:e[pusher_block_a,block_a_block_b,block_b_pocket];63:b(0.357,0.025):p0.81:e[pusher_block_a,block_a_block_b,block_b_pocket]"
topology_world_model,stress_sweep,6,2001,0.20,0,0.66094,0.04167,0.05729,0.24609,0.96875,0.87379,0.00000,0.96875,0.92188,0.00000,0.00000,0.81277,0.05195,10.29001,"0:b(0.043,0.024):p0.00:e[none];10:b(0.358,0.023):p0.81:e[pusher_block_a,block_a_block_b,block_b_pocket];20:b(0.357,0.023):p0.81:e[pusher_block_a,block_a_block_b,block_b_pocket];30:b(0.357,0.023):p0.81:e[pusher_block_a,block_a_block_b,block_b_pocket];40:b(0.357,0.023):p0.81:e[pusher_block_a,block_a_block_b,block_b_pocket];50:b(0.357,0.023):p0.81:e[pusher_block_a,block_a_block_b,block_b_pocket];60:b(0.357,0.023):p0.81:e[pusher_block_a,block_a_block_b,block_b_pocket];63:b(0.357,0.023):p0.81:e[pusher_block_a,block_a_block_b,block_b_pocket]"
oracle_topology_planner,stress_sweep,6,2001,0.20,0,1.00000,1.00000,1.00000,0.00000,1.00000,0.00000,0.00000,0.96875,0.92188,0.00000,0.00000,0.81277,0.00014,9.14754,"0:b(0.043,0.024):p0.00:e[none];10:b(0.357,-0.029):p0.81:e[pusher_block_a,block_a_block_b,block_b_pocket];20:b(0.357,-0.029):p0.81:e[pusher_block_a,block_a_block_b,block_b_pocket];30:b(0.357,-0.029):p0.81:e[pusher_block_a,block_a_block_b,block_b_pocket];40:b(0.357,-0.029):p0.81:e[pusher_block_a,block_a_block_b,block_b_pocket];50:b(0.357,-0.029):p0.81:e[pusher_block_a,block_a_block_b,block_b_pocket];60:b(0.357,-0.029):p0.81:e[pusher_block_a,block_a_block_b,block_b_pocket];63:b(0.357,-0.029):p0.81:e[pusher_block_a,block_a_block_b,block_b_pocket]"
pairwise_contact_classifier,stress_sweep,6,2002,0.20,0,0.65677,0.04167,0.06250,0.24805,0.95312,0.88462,0.00000,0.96875,0.92188,0.00000,0.00000,0.81988,0.03433,11.12875,"0:b(0.027,-0.017):p0.00:e[none];10:b(0.358,-0.016):p0.82:e[pusher_block_a,block_a_block_b,block_b_pocket];20:b(0.357,-0.016):p0.82:e[pusher_block_a,block_a_block_b,block_b_pocket];30:b(0.357,-0.016):p0.82:e[pusher_block_a,block_a_block_b,block_b_pocket];40:b(0.357,-0.016):p0.82:e[pusher_block_a,block_a_block_b,block_b_pocket];50:b(0.357,-0.016):p0.82:e[pusher_block_a,block_a_block_b,block_b_pocket];60:b(0.357,-0.016):p0.82:e[pusher_block_a,block_a_block_b,block_b_pocket];63:b(0.357,-0.016):p0.82:e[pusher_block_a,block_a_block_b,block_b_pocket]"
ensemble_uncertainty_planner,stress_sweep,6,2002,0.20,0,0.28698,0.04688,0.07812,0.39258,0.04688,0.74699,0.00000,0.95312,0.90625,0.00000,0.00000,0.81772,0.04450,12.56288,"0:b(0.027,-0.017):p0.00:e[none];10:b(0.358,-0.016):p0.82:e[pusher_block_a,block_a_block_b,block_b_pocket];20:b(0.357,-0.019):p0.82:e[pusher_block_a,block_a_block_b,block_b_pocket];30:b(0.357,-0.021):p0.82:e[pusher_block_a,block_a_block_b,block_b_pocket];40:b(0.357,-0.022):p0.82:e[pusher_block_a,block_a_block_b,block_b_pocket];50:b(0.357,-0.024):p0.82:e[pusher_block_a,block_a_block_b,block_b_pocket];60:b(0.357,-0.026):p0.82:e[pusher_block_a,block_a_block_b,block_b_pocket];63:b(0.357,-0.027):p0.82:e[none]"
contact_implicit_mpc_baseline,stress_sweep,6,2002,0.20,0,0.97604,0.95312,1.00000,0.00586,0.95312,0.00000,0.00000,0.96875,0.92188,0.00000,0.00000,0.81988,0.03409,11.15149,"0:b(0.027,-0.017):p0.00:e[none];10:b(0.358,-0.016):p0.82:e[pusher_block_a,block_a_block_b,block_b_pocket];20:b(0.357,-0.016):p0.82:e[pusher_block_a,block_a_block_b,block_b_pocket];30:b(0.357,-0.016):p0.82:e[pusher_block_a,block_a_block_b,block_b_pocket];40:b(0.357,-0.016):p0.82:e[pusher_block_a,block_a_block_b,block_b_pocket];50:b(0.357,-0.016):p0.82:e[pusher_block_a,block_a_block_b,block_b_pocket];60:b(0.357,-0.016):p0.82:e[pusher_block_a,block_a_block_b,block_b_pocket];63:b(0.357,-0.016):p0.82:e[pusher_block_a,block_a_block_b,block_b_pocket]"
topology_world_model,stress_sweep,6,2002,0.20,0,0.66510,0.03125,0.08333,0.24414,0.98438,0.88462,0.00000,0.96875,0.92188,0.00000,0.00000,0.81988,0.03501,11.16117,"0:b(0.027,-0.017):p0.00:e[none];10:b(0.358,-0.017):p0.82:e[pusher_block_a,block_a_block_b,block_b_pocket];20:b(0.357,-0.017):p0.82:e[pusher_block_a,block_a_block_b,block_b_pocket];30:b(0.357,-0.017):p0.82:e[pusher_block_a,block_a_block_b,block_b_pocket];40:b(0.357,-0.017):p0.82:e[pusher_block_a,block_a_block_b,block_b_pocket];50:b(0.357,-0.017):p0.82:e[pusher_block_a,block_a_block_b,block_b_pocket];60:b(0.357,-0.017):p0.82:e[pusher_block_a,block_a_block_b,block_b_pocket];63:b(0.357,-0.017):p0.82:e[pusher_block_a,block_a_block_b,block_b_pocket]"
oracle_topology_planner,stress_sweep,6,2002,0.20,0,1.00000,1.00000,1.00000,0.00000,1.00000,0.00000,0.00000,0.96875,0.92188,0.00000,0.00000,0.81988,0.00010,9.07207,"0:b(0.027,-0.017):p0.00:e[none];10:b(0.358,0.018):p0.82:e[pusher_block_a,block_a_block_b,block_b_pocket];20:b(0.357,0.018):p0.82:e[pusher_block_a,block_a_block_b,block_b_pocket];30:b(0.357,0.018):p0.82:e[pusher_block_a,block_a_block_b,block_b_pocket];40:b(0.357,0.018):p0.82:e[pusher_block_a,block_a_block_b,block_b_pocket];50:b(0.357,0.018):p0.82:e[pusher_block_a,block_a_block_b,block_b_pocket];60:b(0.357,0.018):p0.82:e[pusher_block_a,block_a_block_b,block_b_pocket];63:b(0.357,0.018):p0.82:e[pusher_block_a,block_a_block_b,block_b_pocket]"
pairwise_contact_classifier,stress_sweep,6,2003,0.20,0,0.65260,0.04167,0.07031,0.25000,0.93750,0.88462,0.00000,0.96875,0.92188,0.00000,0.00000,0.81714,0.02187,10.05737,"0:b(0.034,-0.029):p0.00:e[none];10:b(0.358,-0.028):p0.82:e[pusher_block_a,block_a_block_b,block_b_pocket];20:b(0.358,-0.028):p0.82:e[pusher_block_a,block_a_block_b,block_b_pocket];30:b(0.358,-0.028):p0.82:e[pusher_block_a,block_a_block_b,block_b_pocket];40:b(0.358,-0.028):p0.82:e[pusher_block_a,block_a_block_b,block_b_pocket];50:b(0.358,-0.028):p0.82:e[pusher_block_a,block_a_block_b,block_b_pocket];60:b(0.358,-0.028):p0.82:e[pusher_block_a,block_a_block_b,block_b_pocket];63:b(0.358,-0.028):p0.82:e[pusher_block_a,block_a_block_b,block_b_pocket]"
ensemble_uncertainty_planner,stress_sweep,6,2003,0.20,0,0.06823,0.06250,0.05937,0.46680,0.04688,0.00000,0.00000,0.96875,0.92188,0.00000,0.00000,0.81713,0.02213,10.03101,"0:b(0.034,-0.029):p0.00:e[none];10:b(0.358,-0.028):p0.82:e[pusher_block_a,block_a_block_b,block_b_pocket];20:b(0.358,-0.028):p0.82:e[pusher_block_a,block_a_block_b,block_b_pocket];30:b(0.358,-0.028):p0.82:e[pusher_block_a,block_a_block_b,block_b_pocket];40:b(0.358,-0.028):p0.82:e[pusher_block_a,block_a_block_b,block_b_pocket];50:b(0.358,-0.028):p0.82:e[pusher_block_a,block_a_block_b,block_b_pocket];60:b(0.358,-0.028):p0.82:e[pusher_block_a,block_a_block_b,block_b_pocket];63:b(0.358,-0.028):p0.82:e[pusher_block_a,block_a_block_b,block_b_pocket]"
contact_implicit_mpc_baseline,stress_sweep,6,2003,0.20,0,0.97917,0.96875,1.00000,0.00391,0.96875,0.00000,0.00000,0.96875,0.92188,0.00000,0.00000,0.81713,0.02431,10.02448,"0:b(0.034,-0.029):p0.00:e[none];10:b(0.358,-0.030):p0.82:e[pusher_block_a,block_a_block_b,block_b_pocket];20:b(0.358,-0.030):p0.82:e[pusher_block_a,block_a_block_b,block_b_pocket];30:b(0.358,-0.030):p0.82:e[pusher_block_a,block_a_block_b,block_b_pocket];40:b(0.358,-0.030):p0.82:e[pusher_block_a,block_a_block_b,block_b_pocket];50:b(0.358,-0.030):p0.82:e[pusher_block_a,block_a_block_b,block_b_pocket];60:b(0.358,-0.030):p0.82:e[pusher_block_a,block_a_block_b,block_b_pocket];63:b(0.358,-0.030):p0.82:e[pusher_block_a,block_a_block_b,block_b_pocket]"
topology_world_model,stress_sweep,6,2003,0.20,0,0.65677,0.05208,0.06771,0.24805,0.95312,0.88235,0.00000,0.96875,0.92188,0.00000,0.00000,0.81714,0.02325,10.09913,"0:b(0.034,-0.029):p0.00:e[none];10:b(0.358,-0.028):p0.82:e[pusher_block_a,block_a_block_b,block_b_pocket];20:b(0.358,-0.029):p0.82:e[pusher_block_a,block_a_block_b,block_b_pocket];30:b(0.358,-0.029):p0.82:e[pusher_block_a,block_a_block_b,block_b_pocket];40:b(0.358,-0.029):p0.82:e[pusher_block_a,block_a_block_b,block_b_pocket];50:b(0.358,-0.029):p0.82:e[pusher_block_a,block_a_block_b,block_b_pocket];60:b(0.358,-0.029):p0.82:e[pusher_block_a,block_a_block_b,block_b_pocket];63:b(0.358,-0.029):p0.82:e[pusher_block_a,block_a_block_b,block_b_pocket]"
oracle_topology_planner,stress_sweep,6,2003,0.20,0,1.00000,1.00000,1.00000,0.00000,1.00000,0.00000,0.00000,0.46875,0.42188,0.00000,0.00000,0.79627,0.04682,63.64496,"0:b(0.034,-0.029):p0.00:e[none];10:b(0.357,-0.070):p0.82:e[pusher_block_a,block_a_block_b,block_b_pocket];20:b(0.357,-0.060):p0.82:e[pusher_block_a,block_a_block_b,block_b_pocket];30:b(0.357,-0.052):p0.82:e[pusher_block_a,block_a_block_b,block_b_pocket];40:b(0.354,-0.052):p0.81:e[none];50:b(0.352,-0.052):p0.80:e[none];60:b(0.350,-0.053):p0.80:e[none];63:b(0.349,-0.053):p0.80:e[none]"
pairwise_contact_classifier,stress_sweep,6,2004,0.20,0,0.64062,0.04167,1.00000,0.14844,0.06250,0.00000,0.00000,0.01562,0.00000,0.00000,0.01562,0.53631,0.11245,10.75609,"0:b(0.034,-0.048):p0.00:e[none];10:b(0.259,-0.404):p0.57:e[pusher_block_a];20:b(0.255,-0.321):p0.56:e[pusher_block_a];30:b(0.253,-0.253):p0.55:e[pusher_block_a];40:b(0.250,-0.196):p0.55:e[pusher_block_a];50:b(0.248,-0.149):p0.54:e[pusher_block_a];60:b(0.247,-0.111):p0.54:e[pusher_block_a];63:b(0.246,-0.100):p0.54:e[pusher_block_a]"
ensemble_uncertainty_planner,stress_sweep,6,2004,0.20,0,0.64062,0.04688,0.96354,0.13086,0.10938,1.00000,0.00000,0.01562,0.00000,0.00000,0.01562,0.53693,0.09163,10.72351,"0:b(0.034,-0.048):p0.00:e[none];10:b(0.259,-0.404):p0.57:e[pusher_block_a];20:b(0.256,-0.316):p0.56:e[pusher_block_a];30:b(0.253,-0.242):p0.55:e[pusher_block_a];40:b(0.251,-0.182):p0.55:e[pusher_block_a];50:b(0.249,-0.132):p0.54:e[pusher_block_a];60:b(0.247,-0.091):p0.54:e[pusher_block_a];63:b(0.247,-0.080):p0.54:e[pusher_block_a]"
contact_implicit_mpc_baseline,stress_sweep,6,2004,0.20,0,0.95312,0.92188,0.96875,0.01367,0.89062,1.00000,0.00000,0.01562,0.00000,0.00000,0.01562,0.53727,0.08014,10.70441,"0:b(0.034,-0.048):p0.00:e[none];10:b(0.260,-0.404):p0.57:e[pusher_block_a];20:b(0.256,-0.312):p0.56:e[pusher_block_a];30:b(0.253,-0.237):p0.55:e[pusher_block_a];40:b(0.251,-0.174):p0.55:e[pusher_block_a];50:b(0.249,-0.122):p0.54:e[pusher_block_a];60:b(0.247,-0.079):p0.54:e[pusher_block_a];63:b(0.247,-0.068):p0.54:e[pusher_block_a]"
topology_world_model,stress_sweep,6,2004,0.20,0,0.63802,0.03125,1.00000,0.15039,0.06250,0.00000,0.00000,0.01562,0.00000,0.00000,0.01562,0.53734,0.07777,13.51776,"0:b(0.034,-0.048):p0.00:e[none];10:b(0.260,-0.404):p0.57:e[pusher_block_a];20:b(0.256,-0.312):p0.56:e[pusher_block_a];30:b(0.253,-0.236):p0.55:e[pusher_block_a];40:b(0.251,-0.173):p0.55:e[pusher_block_a];50:b(0.249,-0.120):p0.54:e[pusher_block_a];60:b(0.247,-0.077):p0.54:e[pusher_block_a];63:b(0.247,-0.066):p0.54:e[pusher_block_a]"
oracle_topology_planner,stress_sweep,6,2004,0.20,0,1.00000,1.00000,1.00000,0.00000,1.00000,1.00000,0.00000,0.17188,0.12500,0.00000,0.00000,0.76478,0.02107,97.14780,"0:b(0.034,-0.048):p0.00:e[none];10:b(0.360,0.014):p0.82:e[pusher_block_a,block_a_block_b,block_b_pocket];20:b(0.353,0.008):p0.80:e[none];30:b(0.348,0.003):p0.79:e[none];40:b(0.344,-0.002):p0.78:e[none];50:b(0.340,-0.005):p0.77:e[none];60:b(0.338,-0.008):p0.77:e[none];63:b(0.337,-0.009):p0.76:e[none]"
pairwise_contact_classifier,stress_sweep,0,2000,0.40,0,0.62240,0.07292,0.94792,0.16211,0.06250,0.00000,0.00000,0.01562,0.00000,0.00000,0.01562,0.63440,0.03131,10.78160,"0:b(0.045,-0.047):p0.00:e[none];10:b(0.302,-0.412):p0.67:e[pusher_block_a,block_b_wall];20:b(0.298,-0.301):p0.66:e[pusher_block_a];30:b(0.295,-0.208):p0.65:e[pusher_block_a];40:b(0.293,-0.132):p0.64:e[pusher_block_a];50:b(0.291,-0.069):p0.64:e[pusher_block_a];60:b(0.290,-0.017):p0.64:e[pusher_block_a];63:b(0.289,-0.003):p0.63:e[pusher_block_a]"
ensemble_uncertainty_planner,stress_sweep,0,2000,0.40,0,0.58073,0.05729,0.93229,0.15234,0.20312,0.00000,0.00000,0.04688,0.00000,0.00000,0.01562,0.63505,0.03505,10.78088,"0:b(0.045,-0.047):p0.00:e[none];10:b(0.302,-0.412):p0.67:e[pusher_block_a,block_b_wall];20:b(0.298,-0.298):p0.66:e[pusher_block_a];30:b(0.296,-0.204):p0.65:e[pusher_block_a];40:b(0.293,-0.126):p0.65:e[pusher_block_a];50:b(0.291,-0.062):p0.64:e[pusher_block_a];60:b(0.290,-0.008):p0.64:e[pusher_block_a];63:b(0.289,0.001):p0.64:e[pusher_block_a,block_a_block_b]"
contact_implicit_mpc_baseline,stress_sweep,0,2000,0.40,0,0.95312,0.92188,0.96875,0.01367,0.89062,1.00000,0.00000,0.01562,0.00000,0.00000,0.01562,0.63198,0.03987,13.39862,"0:b(0.045,-0.047):p0.00:e[none];10:b(0.300,-0.411):p0.66:e[pusher_block_a,block_b_wall];20:b(0.297,-0.319):p0.65:e[pusher_block_a];30:b(0.294,-0.243):p0.65:e[pusher_block_a];40:b(0.292,-0.180):p0.64:e[pusher_block_a];50:b(0.290,-0.128):p0.64:e[pusher_block_a];60:b(0.289,-0.085):p0.63:e[pusher_block_a];63:b(0.288,-0.074):p0.63:e[pusher_block_a]"
topology_world_model,stress_sweep,0,2000,0.40,0,0.63542,0.03125,1.00000,0.15234,0.06250,0.00000,0.00000,0.01562,0.00000,0.00000,0.01562,0.63399,0.01932,10.92565,"0:b(0.045,-0.047):p0.00:e[none];10:b(0.301,-0.412):p0.67:e[pusher_block_a,block_b_wall];20:b(0.298,-0.304):p0.66:e[pusher_block_a];30:b(0.295,-0.214):p0.65:e[pusher_block_a];40:b(0.293,-0.140):p0.64:e[pusher_block_a];50:b(0.291,-0.079):p0.64:e[pusher_block_a];60:b(0.289,-0.028):p0.64:e[pusher_block_a];63:b(0.289,-0.015):p0.63:e[pusher_block_a]"
oracle_topology_planner,stress_sweep,0,2000,0.40,0,1.00000,1.00000,1.00000,0.00000,1.00000,0.00000,0.00000,0.96875,0.92188,0.00000,0.00000,0.81211,0.00018,7.28259,"0:b(0.045,-0.047):p0.00:e[none];10:b(0.358,-0.034):p0.81:e[pusher_block_a,block_a_block_b,block_b_pocket];20:b(0.358,-0.034):p0.81:e[pusher_block_a,block_a_block_b,block_b_pocket];30:b(0.358,-0.034):p0.81:e[pusher_block_a,block_a_block_b,block_b_pocket];40:b(0.358,-0.034):p0.81:e[pusher_block_a,block_a_block_b,block_b_pocket];50:b(0.358,-0.034):p0.81:e[pusher_block_a,block_a_block_b,block_b_pocket];60:b(0.358,-0.034):p0.81:e[pusher_block_a,block_a_block_b,block_b_pocket];63:b(0.358,-0.034):p0.81:e[pusher_block_a,block_a_block_b,block_b_pocket]"
pairwise_contact_classifier,stress_sweep,0,2001,0.40,0,0.53073,0.04167,0.92188,0.22070,0.07812,0.00000,0.00000,0.01562,0.00000,0.00000,0.01562,0.63561,0.20839,13.79504,"0:b(0.027,-0.051):p0.00:e[none];10:b(0.281,-0.406):p0.63:e[pusher_block_a];20:b(0.287,-0.323):p0.65:e[pusher_block_a];30:b(0.285,-0.241):p0.64:e[pusher_block_a];40:b(0.283,-0.181):p0.64:e[pusher_block_a];50:b(0.283,-0.186):p0.64:e[pusher_block_a];60:b(0.283,-0.189):p0.64:e[pusher_block_a];63:b(0.283,-0.190):p0.64:e[pusher_block_a]"
ensemble_uncertainty_planner,stress_sweep,0,2001,0.40,0,0.09375,0.03125,0.16667,0.28320,0.48438,0.00000,0.00000,0.00000,0.00000,0.00000,0.01562,0.62122,0.21703,13.75429,"0:b(0.027,-0.051):p0.00:e[none];10:b(0.286,-0.413):p0.64:e[pusher_block_a,block_b_wall];20:b(0.284,-0.355):p0.64:e[pusher_block_a];30:b(0.282,-0.306):p0.63:e[pusher_block_a];40:b(0.280,-0.267):p0.63:e[pusher_block_a];50:b(0.279,-0.234):p0.62:e[pusher_block_a];60:b(0.278,-0.206):p0.62:e[pusher_block_a];63:b(0.278,-0.199):p0.62:e[pusher_block_a]"
contact_implicit_mpc_baseline,stress_sweep,0,2001,0.40,0,0.90625,0.78125,0.96875,0.03125,0.75000,1.00000,0.00000,0.03125,0.00000,0.00000,0.01562,0.63737,0.21252,13.79177,"0:b(0.027,-0.051):p0.00:e[none];10:b(0.282,-0.407):p0.63:e[pusher_block_a];20:b(0.288,-0.319):p0.65:e[pusher_block_a];30:b(0.286,-0.232):p0.64:e[pusher_block_a];40:b(0.284,-0.182):p0.64:e[pusher_block_a];50:b(0.284,-0.188):p0.64:e[pusher_block_a];60:b(0.284,-0.193):p0.64:e[pusher_block_a];63:b(0.284,-0.194):p0.64:e[pusher_block_a]"
topology_world_model,stress_sweep,0,2001,0.40,0,0.63281,0.04167,1.00000,0.15430,0.04688,0.00000,0.00000,0.00000,0.00000,0.00000,0.01562,0.61716,0.33599,13.86176,"0:b(0.027,-0.051):p0.00:e[none];10:b(0.283,-0.408):p0.63:e[pusher_block_a,block_b_wall];20:b(0.281,-0.384):p0.63:e[pusher_block_a];30:b(0.279,-0.363):p0.63:e[pusher_block_a];40:b(0.278,-0.346):p0.62:e[pusher_block_a];50:b(0.277,-0.332):p0.62:e[pusher_block_a];60:b(0.276,-0.321):p0.62:e[pusher_block_a];63:b(0.276,-0.318):p0.62:e[pusher_block_a]"
oracle_topology_planner,stress_sweep,0,2001,0.40,1,1.00000,1.00000,1.00000,0.00000,1.00000,0.00000,0.00000,0.90000,0.75000,0.00000,0.00000,0.82008,0.01926,7.54251,"0:b(0.027,-0.051):p0.00:e[none];10:b(0.358,-0.001):p0.82:e[pusher_block_a,block_a_block_b,block_b_pocket]"
pairwise_contact_classifier,stress_sweep,0,2002,0.40,0,0.56198,0.04167,0.97917,0.20898,0.04688,0.00000,0.00000,0.01562,0.00000,0.00000,0.01562,0.57172,0.10068,13.24688,"0:b(0.028,-0.075):p0.00:e[none];10:b(0.267,-0.390):p0.59:e[pusher_block_a];20:b(0.263,-0.274):p0.58:e[pusher_block_a];30:b(0.259,-0.179):p0.58:e[pusher_block_a];40:b(0.258,-0.147):p0.57:e[pusher_block_a];50:b(0.258,-0.148):p0.57:e[pusher_block_a];60:b(0.258,-0.150):p0.57:e[pusher_block_a];63:b(0.258,-0.150):p0.57:e[pusher_block_a]"
ensemble_uncertainty_planner,stress_sweep,0,2002,0.40,0,0.22604,0.04167,0.41667,0.27734,0.31250,0.00000,0.00000,0.03125,0.00000,0.00000,0.01562,0.57576,0.12960,13.26883,"0:b(0.028,-0.075):p0.00:e[none];10:b(0.268,-0.389):p0.60:e[pusher_block_a];20:b(0.264,-0.263):p0.59:e[pusher_block_a];30:b(0.260,-0.160):p0.58:e[pusher_block_a];40:b(0.259,-0.153):p0.58:e[pusher_block_a];50:b(0.259,-0.166):p0.58:e[pusher_block_a];60:b(0.259,-0.176):p0.58:e[pusher_block_a];63:b(0.259,-0.179):p0.58:e[pusher_block_a]"
contact_implicit_mpc_baseline,stress_sweep,0,2002,0.40,0,0.94010,0.87500,0.98438,0.01953,0.85938,1.00000,0.00000,0.01562,0.00000,0.00000,0.01562,0.57014,0.10806,13.23760,"0:b(0.028,-0.075):p0.00:e[none];10:b(0.267,-0.390):p0.59:e[pusher_block_a];20:b(0.262,-0.280):p0.58:e[pusher_block_a];30:b(0.259,-0.189):p0.57:e[pusher_block_a];40:b(0.257,-0.147):p0.57:e[pusher_block_a];50:b(0.257,-0.152):p0.57:e[pusher_block_a];60:b(0.257,-0.156):p0.57:e[pusher_block_a];63:b(0.257,-0.158):p0.57:e[pusher_block_a]"
topology_world_model,stress_sweep,0,2002,0.40,0,0.56198,0.04167,0.96875,0.20703,0.03125,0.00000,0.00000,0.01562,0.00000,0.00000,0.01562,0.57070,0.13383,13.32720,"0:b(0.028,-0.075):p0.00:e[none];10:b(0.267,-0.390):p0.59:e[pusher_block_a];20:b(0.262,-0.279):p0.58:e[pusher_block_a];30:b(0.259,-0.186):p0.57:e[pusher_block_a];40:b(0.257,-0.152):p0.57:e[pusher_block_a];50:b(0.257,-0.167):p0.57:e[pusher_block_a];60:b(0.257,-0.180):p0.57:e[pusher_block_a];63:b(0.257,-0.183):p0.57:e[pusher_block_a]"
oracle_topology_planner,stress_sweep,0,2002,0.40,0,1.00000,1.00000,1.00000,0.00000,1.00000,0.00000,0.00000,0.96875,0.92188,0.00000,0.00000,0.81988,0.00011,7.96864,"0:b(0.028,-0.075):p0.00:e[none];10:b(0.358,-0.049):p0.82:e[pusher_block_a,block_a_block_b,block_b_pocket];20:b(0.358,-0.049):p0.82:e[pusher_block_a,block_a_block_b,block_b_pocket];30:b(0.358,-0.049):p0.82:e[pusher_block_a,block_a_block_b,block_b_pocket];40:b(0.358,-0.049):p0.82:e[pusher_block_a,block_a_block_b,block_b_pocket];50:b(0.358,-0.049):p0.82:e[pusher_block_a,block_a_block_b,block_b_pocket];60:b(0.358,-0.049):p0.82:e[pusher_block_a,block_a_block_b,block_b_pocket];63:b(0.358,-0.049):p0.82:e[pusher_block_a,block_a_block_b,block_b_pocket]"
pairwise_contact_classifier,stress_sweep,0,2003,0.40,1,0.58500,0.10000,0.19500,0.25000,0.80000,0.25000,0.00000,0.90000,0.75000,0.00000,0.00000,0.82362,0.06008,11.68236,"0:b(0.020,-0.012):p0.00:e[none];10:b(0.358,-0.012):p0.82:e[pusher_block_a,block_a_block_b,block_b_pocket]"
ensemble_uncertainty_planner,stress_sweep,0,2003,0.40,1,0.22333,0.13333,0.15000,0.39375,0.25000,0.00000,0.00000,0.90000,0.75000,0.00000,0.00000,0.82362,0.05780,11.68086,"0:b(0.020,-0.012):p0.00:e[none];10:b(0.358,-0.015):p0.82:e[pusher_block_a,block_a_block_b,block_b_pocket]"
contact_implicit_mpc_baseline,stress_sweep,0,2003,0.40,1,0.88286,0.30000,1.00000,0.10000,0.20000,0.00000,0.00000,0.90000,0.75000,0.00000,0.00000,0.82362,0.06004,11.69934,"0:b(0.020,-0.012):p0.00:e[none];10:b(0.358,-0.012):p0.82:e[pusher_block_a,block_a_block_b,block_b_pocket]"
topology_world_model,stress_sweep,0,2003,0.40,1,0.59500,0.03333,0.18333,0.24375,0.85000,0.25000,0.00000,0.90000,0.75000,0.00000,0.00000,0.82362,0.05942,11.66972,"0:b(0.020,-0.012):p0.00:e[none];10:b(0.358,-0.013):p0.82:e[pusher_block_a,block_a_block_b,block_b_pocket]"
oracle_topology_planner,stress_sweep,0,2003,0.40,0,1.00000,1.00000,1.00000,0.00000,1.00000,1.00000,0.00000,0.10938,0.06250,0.01562,0.00000,0.71490,0.01979,99.63661,"0:b(0.020,-0.012):p0.00:e[none];10:b(0.355,-0.089):p0.82:e[none];20:b(0.344,-0.079):p0.79:e[none];30:b(0.334,-0.071):p0.77:e[none];40:b(0.326,-0.064):p0.75:e[none];50:b(0.320,-0.059):p0.73:e[none];60:b(0.314,-0.054):p0.72:e[none];63:b(0.313,-0.053):p0.71:e[none]"
pairwise_contact_classifier,stress_sweep,0,2004,0.40,0,0.54896,0.04167,0.95312,0.21289,0.07812,0.00000,0.00000,0.01562,0.00000,0.00000,0.03125,0.62025,0.13302,12.99209,"0:b(0.034,-0.057):p0.00:e[none];10:b(0.288,-0.393):p0.64:e[pusher_block_a];20:b(0.284,-0.260):p0.63:e[pusher_block_a];30:b(0.280,-0.151):p0.62:e[pusher_block_a];40:b(0.280,-0.152):p0.62:e[pusher_block_a];50:b(0.280,-0.165):p0.62:e[pusher_block_a];60:b(0.280,-0.177):p0.62:e[pusher_block_a];63:b(0.280,-0.180):p0.62:e[pusher_block_a]"
ensemble_uncertainty_planner,stress_sweep,0,2004,0.40,0,0.10417,0.05208,0.11979,0.30664,0.34375,0.00000,0.00000,0.01562,0.00000,0.00000,0.03125,0.61818,0.12873,13.02230,"0:b(0.034,-0.057):p0.00:e[none];10:b(0.288,-0.393):p0.64:e[pusher_block_a];20:b(0.283,-0.267):p0.63:e[pusher_block_a];30:b(0.280,-0.163):p0.62:e[pusher_block_a];40:b(0.279,-0.149):p0.62:e[pusher_block_a];50:b(0.279,-0.162):p0.62:e[pusher_block_a];60:b(0.279,-0.173):p0.62:e[pusher_block_a];63:b(0.279,-0.176):p0.62:e[pusher_block_a]"
contact_implicit_mpc_baseline,stress_sweep,0,2004,0.40,0,0.93750,0.89062,0.96875,0.02148,0.85938,1.00000,0.00000,0.01562,0.00000,0.00000,0.03125,0.62203,0.15120,12.99547,"0:b(0.034,-0.057):p0.00:e[none];10:b(0.289,-0.392):p0.64:e[pusher_block_a];20:b(0.284,-0.254):p0.63:e[pusher_block_a];30:b(0.280,-0.140):p0.62:e[pusher_block_a];40:b(0.280,-0.159):p0.62:e[pusher_block_a];50:b(0.280,-0.178):p0.62:e[pusher_block_a];60:b(0.280,-0.194):p0.62:e[pusher_block_a];63:b(0.280,-0.198):p0.62:e[pusher_block_a]"
topology_world_model,stress_sweep,0,2004,0.40,0,0.55937,0.04167,0.96875,0.21094,0.06250,0.00000,0.00000,0.01562,0.00000,0.00000,0.03125,0.62777,0.12475,13.04698,"0:b(0.034,-0.057):p0.00:e[none];10:b(0.290,-0.391):p0.65:e[pusher_block_a];20:b(0.286,-0.237):p0.64:e[pusher_block_a];30:b(0.283,-0.143):p0.63:e[pusher_block_a];40:b(0.283,-0.154):p0.63:e[pusher_block_a];50:b(0.283,-0.162):p0.63:e[pusher_block_a];60:b(0.283,-0.170):p0.63:e[pusher_block_a];63:b(0.283,-0.172):p0.63:e[pusher_block_a]"
oracle_topology_planner,stress_sweep,0,2004,0.40,0,1.00000,1.00000,1.00000,0.00000,1.00000,1.00000,0.00000,0.01562,0.00000,0.00000,0.01562,1.01176,0.35657,99.48686,"0:b(0.034,-0.057):p0.00:e[none];10:b(0.450,-0.366):p1.05:e[none];20:b(0.450,-0.315):p1.05:e[none];30:b(0.446,-0.357):p1.04:e[none];40:b(0.438,-0.385):p1.02:e[none];50:b(0.435,-0.406):p1.01:e[none];60:b(0.435,-0.404):p1.01:e[none];63:b(0.435,-0.403):p1.01:e[none]"
pairwise_contact_classifier,stress_sweep,1,2000,0.40,0,0.56250,0.04167,0.93750,0.18945,0.07812,0.00000,0.00000,0.00000,0.00000,0.00000,0.00000,0.57837,0.28823,12.35608,"0:b(0.030,-0.055):p0.00:e[none];10:b(0.261,-0.397):p0.58:e[pusher_block_a];20:b(0.267,-0.378):p0.59:e[pusher_block_a];30:b(0.265,-0.352):p0.59:e[pusher_block_a];40:b(0.264,-0.330):p0.58:e[pusher_block_a];50:b(0.263,-0.312):p0.58:e[pusher_block_a];60:b(0.262,-0.297):p0.58:e[pusher_block_a];63:b(0.261,-0.293):p0.58:e[pusher_block_a]"
ensemble_uncertainty_planner,stress_sweep,1,2000,0.40,0,0.11979,0.04948,0.19271,0.26367,0.59375,0.00000,0.00000,0.00000,0.00000,0.00000,0.01562,0.58132,0.19970,12.42486,"0:b(0.030,-0.055):p0.00:e[none];10:b(0.263,-0.400):p0.58:e[pusher_block_a];20:b(0.269,-0.358):p0.60:e[pusher_block_a];30:b(0.267,-0.310):p0.59:e[pusher_block_a];40:b(0.265,-0.271):p0.59:e[pusher_block_a];50:b(0.264,-0.238):p0.59:e[pusher_block_a];60:b(0.263,-0.211):p0.58:e[pusher_block_a];63:b(0.262,-0.204):p0.58:e[pusher_block_a]"
contact_implicit_mpc_baseline,stress_sweep,1,2000,0.40,0,0.95312,0.90625,0.98438,0.01367,0.89062,1.00000,0.00000,0.01562,0.00000,0.00000,0.01562,0.59106,0.16620,12.31351,"0:b(0.030,-0.055):p0.00:e[none];10:b(0.258,-0.392):p0.57:e[pusher_block_a];20:b(0.272,-0.335):p0.60:e[pusher_block_a];30:b(0.270,-0.261):p0.60:e[pusher_block_a];40:b(0.268,-0.200):p0.59:e[pusher_block_a];50:b(0.266,-0.164):p0.59:e[pusher_block_a];60:b(0.266,-0.169):p0.59:e[pusher_block_a];63:b(0.266,-0.171):p0.59:e[pusher_block_a]"
topology_world_model,stress_sweep,1,2000,0.40,0,0.66927,0.05729,0.96875,0.12695,0.03125,0.00000,0.00000,0.00000,0.00000,0.00000,0.00000,0.57760,0.31120,11.89473,"0:b(0.030,-0.055):p0.00:e[none];10:b(0.260,-0.396):p0.58:e[pusher_block_a];20:b(0.267,-0.384):p0.59:e[pusher_block_a];30:b(0.265,-0.363):p0.59:e[pusher_block_a];40:b(0.263,-0.345):p0.58:e[pusher_block_a];50:b(0.262,-0.331):p0.58:e[pusher_block_a];60:b(0.261,-0.319):p0.58:e[pusher_block_a];63:b(0.261,-0.316):p0.58:e[pusher_block_a]"
oracle_topology_planner,stress_sweep,1,2000,0.40,0,1.00000,1.00000,1.00000,0.00000,1.00000,0.00000,0.00000,0.96875,0.92188,0.00000,0.00000,0.81898,0.00024,8.02083,"0:b(0.030,-0.055):p0.00:e[none];10:b(0.358,-0.005):p0.82:e[pusher_block_a,block_a_block_b,block_b_pocket];20:b(0.358,-0.005):p0.82:e[pusher_block_a,block_a_block_b,block_b_pocket];30:b(0.358,-0.005):p0.82:e[pusher_block_a,block_a_block_b,block_b_pocket];40:b(0.358,-0.005):p0.82:e[pusher_block_a,block_a_block_b,block_b_pocket];50:b(0.358,-0.005):p0.82:e[pusher_block_a,block_a_block_b,block_b_pocket];60:b(0.358,-0.005):p0.82:e[pusher_block_a,block_a_block_b,block_b_pocket];63:b(0.358,-0.005):p0.82:e[pusher_block_a,block_a_block_b,block_b_pocket]"
pairwise_contact_classifier,stress_sweep,1,2001,0.40,0,0.50990,0.05729,0.82812,0.23047,0.23438,0.00000,0.79688,0.00000,0.00000,0.15625,0.01562,0.60798,0.21072,18.11061,"0:b(0.043,-0.060):p0.00:e[none];10:b(0.268,-0.395):p0.58:e[pusher_block_a,block_a_fixture];20:b(0.282,-0.324):p0.62:e[pusher_block_a];30:b(0.280,-0.238):p0.61:e[pusher_block_a];40:b(0.279,-0.212):p0.61:e[pusher_block_a];50:b(0.279,-0.221):p0.61:e[pusher_block_a];60:b(0.278,-0.228):p0.61:e[pusher_block_a];63:b(0.278,-0.230):p0.61:e[pusher_block_a]"
ensemble_uncertainty_planner,stress_sweep,1,2001,0.40,0,0.16406,0.09635,0.23438,0.28320,0.43750,0.00000,0.00000,0.00000,0.00000,0.06250,0.01562,0.59251,0.17729,15.17403,"0:b(0.043,-0.060):p0.00:e[none];10:b(0.265,-0.389):p0.57:e[pusher_block_a];20:b(0.279,-0.355):p0.61:e[pusher_block_a];30:b(0.277,-0.302):p0.60:e[pusher_block_a];40:b(0.275,-0.259):p0.60:e[pusher_block_a];50:b(0.274,-0.223):p0.60:e[pusher_block_a];60:b(0.272,-0.195):p0.59:e[pusher_block_a,pusher_block_b];63:b(0.272,-0.196):p0.59:e[pusher_block_a]"
contact_implicit_mpc_baseline,stress_sweep,1,2001,0.40,0,0.88333,0.81250,0.83854,0.04883,0.67188,1.00000,0.79688,0.00000,0.00000,0.67188,0.01562,0.59090,0.18618,26.15568,"0:b(0.043,-0.060):p0.00:e[none];10:b(0.264,-0.389):p0.57:e[pusher_block_a];20:b(0.278,-0.359):p0.61:e[pusher_block_a,block_a_fixture];30:b(0.276,-0.312):p0.60:e[pusher_block_a,block_a_fixture];40:b(0.275,-0.272):p0.60:e[pusher_block_a];50:b(0.273,-0.240):p0.59:e[pusher_block_a,block_a_fixture];60:b(0.272,-0.213):p0.59:e[pusher_block_a];63:b(0.272,-0.205):p0.59:e[pusher_block_a,block_a_fixture]"
topology_world_model,stress_sweep,1,2001,0.40,0,0.54896,0.04948,0.92188,0.21875,0.07812,0.00000,0.00000,0.00000,0.00000,0.04688,0.01562,0.60749,0.18261,15.05483,"0:b(0.043,-0.060):p0.00:e[none];10:b(0.268,-0.394):p0.58:e[pusher_block_a];20:b(0.282,-0.325):p0.62:e[pusher_block_a];30:b(0.279,-0.240):p0.61:e[pusher_block_a];40:b(0.278,-0.194):p0.61:e[pusher_block_a];50:b(0.278,-0.198):p0.61:e[pusher_block_a];60:b(0.278,-0.201):p0.61:e[pusher_block_a];63:b(0.278,-0.202):p0.61:e[pusher_block_a]"
oracle_topology_planner,stress_sweep,1,2001,0.40,0,1.00000,1.00000,1.00000,0.00000,1.00000,1.00000,0.00000,0.18750,0.17188,0.00000,0.00000,0.80306,0.00466,89.86297,"0:b(0.043,-0.060):p0.00:e[none];10:b(0.357,-0.015):p0.81:e[pusher_block_a,block_a_block_b,block_b_pocket];20:b(0.357,-0.016):p0.81:e[none];30:b(0.356,-0.016):p0.81:e[none];40:b(0.355,-0.015):p0.81:e[none];50:b(0.354,-0.015):p0.80:e[none];60:b(0.354,-0.015):p0.80:e[none];63:b(0.354,-0.015):p0.80:e[none]"
pairwise_contact_classifier,stress_sweep,1,2002,0.40,0,0.56979,0.05417,0.98438,0.20312,0.04688,0.00000,0.00000,0.01562,0.00000,0.00000,0.01562,0.63086,0.15847,13.12584,"0:b(0.031,-0.057):p0.00:e[none];10:b(0.293,-0.396):p0.66:e[pusher_block_a];20:b(0.289,-0.308):p0.65:e[pusher_block_a];30:b(0.286,-0.234):p0.64:e[pusher_block_a];40:b(0.284,-0.173):p0.63:e[pusher_block_a];50:b(0.283,-0.146):p0.63:e[pusher_block_a];60:b(0.283,-0.147):p0.63:e[pusher_block_a];63:b(0.283,-0.148):p0.63:e[pusher_block_a]"
ensemble_uncertainty_planner,stress_sweep,1,2002,0.40,0,0.10417,0.04167,0.13021,0.30469,0.37500,0.00000,0.00000,0.03125,0.00000,0.00000,0.03125,0.64133,0.19356,13.10418,"0:b(0.031,-0.057):p0.00:e[none];10:b(0.296,-0.394):p0.66:e[pusher_block_a];20:b(0.292,-0.280):p0.65:e[pusher_block_a];30:b(0.288,-0.185):p0.64:e[pusher_block_a];40:b(0.287,-0.152):p0.64:e[pusher_block_a];50:b(0.287,-0.167):p0.64:e[pusher_block_a];60:b(0.287,-0.179):p0.64:e[pusher_block_a];63:b(0.287,-0.183):p0.64:e[pusher_block_a]"
contact_implicit_mpc_baseline,stress_sweep,1,2002,0.40,0,0.78594,0.52604,0.96875,0.09180,0.51562,1.00000,0.00000,0.01562,0.00000,0.00000,0.01562,0.63955,0.17268,13.09989,"0:b(0.031,-0.057):p0.00:e[none];10:b(0.295,-0.395):p0.66:e[pusher_block_a];20:b(0.291,-0.285):p0.65:e[pusher_block_a];30:b(0.288,-0.195):p0.64:e[pusher_block_a];40:b(0.286,-0.148):p0.64:e[pusher_block_a];50:b(0.286,-0.155):p0.64:e[pusher_block_a];60:b(0.286,-0.160):p0.64:e[pusher_block_a];63:b(0.286,-0.162):p0.64:e[pusher_block_a]"
topology_world_model,stress_sweep,1,2002,0.40,0,0.56719,0.04167,0.98438,0.20508,0.04688,0.00000,0.00000,0.01562,0.00000,0.00000,0.01562,0.63937,0.18423,13.17636,"0:b(0.031,-0.057):p0.00:e[none];10:b(0.295,-0.395):p0.66:e[pusher_block_a];20:b(0.291,-0.285):p0.65:e[pusher_block_a];30:b(0.288,-0.194):p0.64:e[pusher_block_a];40:b(0.286,-0.148):p0.64:e[pusher_block_a];50:b(0.286,-0.160):p0.64:e[pusher_block_a];60:b(0.286,-0.171):p0.64:e[pusher_block_a];63:b(0.286,-0.173):p0.64:e[pusher_block_a]"
oracle_topology_planner,stress_sweep,1,2002,0.40,0,1.00000,1.00000,1.00000,0.00000,1.00000,1.00000,0.00000,0.01562,0.28125,0.01562,0.00000,0.52131,0.31670,10.12070,"0:b(0.031,-0.057):p0.00:e[none];10:b(0.357,-0.158):p0.82:e[pusher_block_a,block_b_pocket];20:b(0.357,-0.161):p0.82:e[pusher_block_a,pusher_block_b,block_b_pocket];30:b(0.337,-0.168):p0.77:e[pusher_block_a];40:b(0.297,-0.212):p0.67:e[none];50:b(0.269,-0.258):p0.60:e[none];60:b(0.245,-0.296):p0.54:e[none];63:b(0.239,-0.306):p0.52:e[none]"
pairwise_contact_classifier,stress_sweep,1,2003,0.40,1,0.63500,0.15000,0.22500,0.24375,0.85000,0.25000,0.00000,0.90000,0.75000,0.00000,0.00000,0.82082,0.02202,11.75216,"0:b(0.026,-0.006):p0.00:e[none];10:b(0.358,-0.006):p0.82:e[pusher_block_a,block_a_block_b,block_b_pocket]"
ensemble_uncertainty_planner,stress_sweep,1,2003,0.40,1,0.20500,0.13333,0.15000,0.40000,0.15000,0.00000,0.00000,0.90000,0.75000,0.00000,0.00000,0.82082,0.02102,11.79672,"0:b(0.026,-0.006):p0.00:e[none];10:b(0.358,-0.007):p0.82:e[pusher_block_a,block_a_block_b,block_b_pocket]"
contact_implicit_mpc_baseline,stress_sweep,1,2003,0.40,1,0.84714,0.31667,1.00000,0.09375,0.25000,0.00000,0.00000,0.90000,0.75000,0.00000,0.00000,0.82082,0.02044,11.73312,"0:b(0.026,-0.006):p0.00:e[none];10:b(0.358,-0.008):p0.82:e[pusher_block_a,block_a_block_b,block_b_pocket]"
topology_world_model,stress_sweep,1,2003,0.40,1,0.66167,0.10000,0.13333,0.23125,0.95000,0.25000,0.00000,0.90000,0.75000,0.00000,0.00000,0.82082,0.02946,9.83764,"0:b(0.026,-0.006):p0.00:e[none];10:b(0.358,-0.058):p0.82:e[pusher_block_a,block_a_block_b,block_b_pocket]"
oracle_topology_planner,stress_sweep,1,2003,0.40,1,1.00000,1.00000,1.00000,0.00000,1.00000,0.00000,0.00000,0.90000,0.75000,0.00000,0.00000,0.82029,0.02556,8.24222,"0:b(0.026,-0.006):p0.00:e[none];10:b(0.357,-0.061):p0.82:e[pusher_block_a,block_a_block_b,block_b_pocket]"
pairwise_contact_classifier,stress_sweep,1,2004,0.40,0,0.59896,0.03125,1.00000,0.17969,0.03125,0.00000,0.00000,0.00000,0.00000,0.00000,0.00000,0.55469,0.27967,11.13879,"0:b(0.016,-0.058):p0.00:e[none];10:b(0.255,-0.406):p0.58:e[pusher_block_a];20:b(0.253,-0.372):p0.57:e[pusher_block_a];30:b(0.250,-0.344):p0.57:e[pusher_block_a];40:b(0.249,-0.321):p0.56:e[pusher_block_a];50:b(0.247,-0.302):p0.56:e[pusher_block_a];60:b(0.246,-0.286):p0.56:e[pusher_block_a];63:b(0.246,-0.282):p0.55:e[pusher_block_a]"
ensemble_uncertainty_planner,stress_sweep,1,2004,0.40,0,0.10156,0.04688,0.18229,0.23047,0.87500,0.00000,0.00000,0.00000,0.00000,0.00000,0.01562,0.55566,0.24847,11.16550,"0:b(0.016,-0.058):p0.00:e[none];10:b(0.256,-0.407):p0.58:e[pusher_block_a,block_b_wall];20:b(0.253,-0.364):p0.57:e[pusher_block_a];30:b(0.251,-0.329):p0.57:e[pusher_block_a];40:b(0.249,-0.300):p0.56:e[pusher_block_a];50:b(0.248,-0.276):p0.56:e[pusher_block_a];60:b(0.246,-0.256):p0.56:e[pusher_block_a];63:b(0.246,-0.250):p0.56:e[pusher_block_a]"
contact_implicit_mpc_baseline,stress_sweep,1,2004,0.40,0,0.95417,0.93229,0.98438,0.01562,0.90625,1.00000,0.00000,0.00000,0.00000,0.00000,0.01562,0.55842,0.15979,11.18172,"0:b(0.016,-0.058):p0.00:e[none];10:b(0.258,-0.409):p0.59:e[pusher_block_a,block_b_wall];20:b(0.255,-0.341):p0.58:e[pusher_block_a];30:b(0.253,-0.286):p0.57:e[pusher_block_a];40:b(0.251,-0.240):p0.57:e[pusher_block_a];50:b(0.249,-0.202):p0.56:e[pusher_block_a];60:b(0.248,-0.170):p0.56:e[pusher_block_a];63:b(0.247,-0.162):p0.56:e[pusher_block_a]"
topology_world_model,stress_sweep,1,2004,0.40,0,0.57500,0.04167,0.98438,0.19922,0.04688,0.00000,0.00000,0.01562,0.00000,0.00000,0.01562,0.56396,0.16321,11.29258,"0:b(0.016,-0.058):p0.00:e[none];10:b(0.260,-0.410):p0.59:e[pusher_block_a,block_b_wall];20:b(0.256,-0.330):p0.58:e[pusher_block_a];30:b(0.254,-0.264):p0.57:e[pusher_block_a];40:b(0.252,-0.209):p0.57:e[pusher_block_a];50:b(0.250,-0.164):p0.56:e[pusher_block_a];60:b(0.249,-0.163):p0.56:e[pusher_block_a];63:b(0.249,-0.165):p0.56:e[pusher_block_a]"
oracle_topology_planner,stress_sweep,1,2004,0.40,1,1.00000,1.00000,1.00000,0.00000,1.00000,0.00000,0.00000,0.90000,0.75000,0.00000,0.00000,0.82511,0.02833,8.08895,"0:b(0.016,-0.058):p0.00:e[none];10:b(0.357,-0.032):p0.82:e[pusher_block_a,block_a_block_b,block_b_pocket]"
pairwise_contact_classifier,stress_sweep,2,2000,0.40,0,0.65677,0.05729,0.09635,0.24805,0.95312,0.88462,0.00000,0.96875,0.92188,0.00000,0.00000,0.81599,0.02851,11.60294,"0:b(0.037,-0.048):p0.00:e[none];10:b(0.358,-0.048):p0.82:e[pusher_block_a,block_a_block_b,block_b_pocket];20:b(0.358,-0.048):p0.82:e[pusher_block_a,block_a_block_b,block_b_pocket];30:b(0.358,-0.048):p0.82:e[pusher_block_a,block_a_block_b,block_b_pocket];40:b(0.358,-0.048):p0.82:e[pusher_block_a,block_a_block_b,block_b_pocket];50:b(0.358,-0.048):p0.82:e[pusher_block_a,block_a_block_b,block_b_pocket];60:b(0.358,-0.048):p0.82:e[pusher_block_a,block_a_block_b,block_b_pocket];63:b(0.358,-0.048):p0.82:e[pusher_block_a,block_a_block_b,block_b_pocket]"
ensemble_uncertainty_planner,stress_sweep,2,2000,0.40,0,0.05781,0.04167,0.04688,0.47070,0.04688,0.00000,0.00000,0.96875,0.92188,0.00000,0.00000,0.81599,0.02558,11.64862,"0:b(0.037,-0.048):p0.00:e[none];10:b(0.358,-0.045):p0.82:e[pusher_block_a,block_a_block_b,block_b_pocket];20:b(0.358,-0.045):p0.82:e[pusher_block_a,block_a_block_b,block_b_pocket];30:b(0.358,-0.045):p0.82:e[pusher_block_a,block_a_block_b,block_b_pocket];40:b(0.358,-0.045):p0.82:e[pusher_block_a,block_a_block_b,block_b_pocket];50:b(0.358,-0.045):p0.82:e[pusher_block_a,block_a_block_b,block_b_pocket];60:b(0.358,-0.045):p0.82:e[pusher_block_a,block_a_block_b,block_b_pocket];63:b(0.358,-0.045):p0.82:e[pusher_block_a,block_a_block_b,block_b_pocket]"
contact_implicit_mpc_baseline,stress_sweep,2,2000,0.40,0,0.65885,0.06250,0.06771,0.24023,0.95312,0.00000,0.00000,0.96875,0.92188,0.00000,0.00000,0.81599,0.02518,11.61698,"0:b(0.037,-0.048):p0.00:e[none];10:b(0.358,-0.045):p0.82:e[pusher_block_a,block_a_block_b,block_b_pocket];20:b(0.358,-0.045):p0.82:e[pusher_block_a,block_a_block_b,block_b_pocket];30:b(0.358,-0.045):p0.82:e[pusher_block_a,block_a_block_b,block_b_pocket];40:b(0.358,-0.045):p0.82:e[pusher_block_a,block_a_block_b,block_b_pocket];50:b(0.358,-0.045):p0.82:e[pusher_block_a,block_a_block_b,block_b_pocket];60:b(0.358,-0.045):p0.82:e[pusher_block_a,block_a_block_b,block_b_pocket];63:b(0.358,-0.045):p0.82:e[pusher_block_a,block_a_block_b,block_b_pocket]"
topology_world_model,stress_sweep,2,2000,0.40,0,0.66510,0.04688,0.06771,0.24414,0.98438,0.88462,0.00000,0.96875,0.92188,0.00000,0.00000,0.81599,0.02890,11.63286,"0:b(0.037,-0.048):p0.00:e[none];10:b(0.358,-0.049):p0.82:e[pusher_block_a,block_a_block_b,block_b_pocket];20:b(0.358,-0.049):p0.82:e[pusher_block_a,block_a_block_b,block_b_pocket];30:b(0.358,-0.049):p0.82:e[pusher_block_a,block_a_block_b,block_b_pocket];40:b(0.358,-0.049):p0.82:e[pusher_block_a,block_a_block_b,block_b_pocket];50:b(0.358,-0.049):p0.82:e[pusher_block_a,block_a_block_b,block_b_pocket];60:b(0.358,-0.049):p0.82:e[pusher_block_a,block_a_block_b,block_b_pocket];63:b(0.358,-0.049):p0.82:e[pusher_block_a,block_a_block_b,block_b_pocket]"
oracle_topology_planner,stress_sweep,2,2000,0.40,0,1.00000,1.00000,1.00000,0.00000,1.00000,1.00000,0.00000,0.03125,0.12500,0.00000,0.01562,0.00000,0.33336,11.38994,"0:b(0.037,-0.048):p0.00:e[none];10:b(0.359,-0.054):p0.82:e[pusher_block_b,block_b_pocket];20:b(0.256,-0.158):p0.56:e[none];30:b(0.098,-0.291):p0.16:e[none];40:b(-0.032,-0.401):p0.00:e[none];50:b(-0.061,-0.382):p0.00:e[none];60:b(-0.081,-0.359):p0.00:e[none];63:b(-0.086,-0.353):p0.00:e[none]"
pairwise_contact_classifier,stress_sweep,2,2001,0.40,0,0.52344,0.04688,1.00000,0.23633,0.03125,0.00000,0.00000,0.00000,0.00000,0.00000,0.00000,0.00000,0.06936,13.23156,"0:b(0.024,-0.085):p0.00:e[none];10:b(0.024,-0.085):p0.00:e[pusher_block_a];20:b(0.024,-0.085):p0.00:e[pusher_block_a];30:b(0.024,-0.085):p0.00:e[pusher_block_a];40:b(0.024,-0.085):p0.00:e[pusher_block_a];50:b(0.024,-0.085):p0.00:e[pusher_block_a];60:b(0.024,-0.085):p0.00:e[pusher_block_a];63:b(0.024,-0.085):p0.00:e[pusher_block_a]"
ensemble_uncertainty_planner,stress_sweep,2,2001,0.40,0,0.65104,0.04167,0.95312,0.12891,0.06250,0.00000,0.00000,0.00000,0.00000,0.00000,0.00000,0.00000,0.06936,13.25937,"0:b(0.024,-0.085):p0.00:e[none];10:b(0.024,-0.085):p0.00:e[pusher_block_a];20:b(0.024,-0.085):p0.00:e[pusher_block_a];30:b(0.024,-0.085):p0.00:e[pusher_block_a];40:b(0.024,-0.085):p0.00:e[pusher_block_a];50:b(0.024,-0.085):p0.00:e[pusher_block_a];60:b(0.024,-0.085):p0.00:e[pusher_block_a];63:b(0.024,-0.085):p0.00:e[pusher_block_a]"
contact_implicit_mpc_baseline,stress_sweep,2,2001,0.40,0,0.97396,0.95312,1.00000,0.00586,0.95312,1.00000,0.00000,0.00000,0.00000,0.00000,0.00000,0.00000,0.06936,13.29051,"0:b(0.024,-0.085):p0.00:e[none];10:b(0.024,-0.085):p0.00:e[pusher_block_a];20:b(0.024,-0.085):p0.00:e[pusher_block_a];30:b(0.024,-0.085):p0.00:e[pusher_block_a];40:b(0.024,-0.085):p0.00:e[pusher_block_a];50:b(0.024,-0.085):p0.00:e[pusher_block_a];60:b(0.024,-0.085):p0.00:e[pusher_block_a];63:b(0.024,-0.085):p0.00:e[pusher_block_a]"
topology_world_model,stress_sweep,2,2001,0.40,0,0.52344,0.03125,0.98438,0.23633,0.03125,0.00000,0.00000,0.00000,0.00000,0.00000,0.00000,0.00000,0.06936,13.40941,"0:b(0.024,-0.085):p0.00:e[none];10:b(0.024,-0.085):p0.00:e[pusher_block_a];20:b(0.024,-0.085):p0.00:e[pusher_block_a];30:b(0.024,-0.085):p0.00:e[pusher_block_a];40:b(0.024,-0.085):p0.00:e[pusher_block_a];50:b(0.024,-0.085):p0.00:e[pusher_block_a];60:b(0.024,-0.085):p0.00:e[pusher_block_a];63:b(0.024,-0.085):p0.00:e[pusher_block_a]"
oracle_topology_planner,stress_sweep,2,2001,0.40,1,1.00000,1.00000,1.00000,0.00000,1.00000,0.00000,0.00000,0.90000,0.75000,0.00000,0.00000,0.82120,0.01647,8.32017,"0:b(0.024,-0.085):p0.00:e[none];10:b(0.357,-0.032):p0.82:e[pusher_block_a,block_a_block_b,block_b_pocket]"
pairwise_contact_classifier,stress_sweep,2,2002,0.40,0,0.51667,0.05729,0.11458,0.24219,0.96875,1.00000,0.85938,0.00000,0.00000,0.95312,0.01562,0.64056,0.16520,6.94918,"0:b(0.028,-0.033):p0.00:e[none];10:b(0.295,-0.411):p0.66:e[pusher_block_a,block_a_fixture,block_b_wall];20:b(0.293,-0.351):p0.66:e[pusher_block_a,block_a_fixture];30:b(0.291,-0.301):p0.65:e[pusher_block_a,block_a_fixture];40:b(0.289,-0.260):p0.65:e[pusher_block_a,block_a_fixture];50:b(0.287,-0.227):p0.64:e[pusher_block_a,block_a_fixture];60:b(0.286,-0.198):p0.64:e[pusher_block_a,block_a_fixture];63:b(0.286,-0.191):p0.64:e[pusher_block_a,block_a_fixture]"
ensemble_uncertainty_planner,stress_sweep,2,2002,0.40,0,0.52865,0.09375,0.10417,0.23242,0.92188,1.00000,0.85938,0.00000,0.00000,0.95312,0.00000,0.65179,0.29645,6.84603,"0:b(0.028,-0.033):p0.00:e[none];10:b(0.292,-0.407):p0.66:e[pusher_block_a,block_a_fixture];20:b(0.291,-0.384):p0.65:e[pusher_block_a,block_a_fixture];30:b(0.291,-0.365):p0.65:e[pusher_block_a,block_a_fixture];40:b(0.291,-0.349):p0.65:e[pusher_block_a,block_a_fixture];50:b(0.290,-0.336):p0.65:e[pusher_block_a,block_a_fixture];60:b(0.290,-0.325):p0.65:e[pusher_block_a,block_a_fixture];63:b(0.290,-0.322):p0.65:e[pusher_block_a,block_a_fixture]"
contact_implicit_mpc_baseline,stress_sweep,2,2002,0.40,0,0.96094,0.90625,0.98438,0.01562,0.90625,1.00000,0.85938,0.00000,0.00000,0.95312,0.01562,0.64256,0.13704,6.96340,"0:b(0.028,-0.033):p0.00:e[none];10:b(0.296,-0.414):p0.67:e[pusher_block_a,block_a_fixture,block_b_wall];20:b(0.294,-0.346):p0.66:e[pusher_block_a,block_a_fixture];30:b(0.291,-0.289):p0.65:e[pusher_block_a,block_a_fixture];40:b(0.290,-0.242):p0.65:e[pusher_block_a,block_a_fixture];50:b(0.288,-0.203):p0.65:e[pusher_block_a,block_a_fixture];60:b(0.287,-0.171):p0.64:e[pusher_block_a,block_a_fixture];63:b(0.286,-0.163):p0.64:e[pusher_block_a,block_a_fixture]"
topology_world_model,stress_sweep,2,2002,0.40,0,0.51667,0.03125,0.07292,0.24219,0.96875,1.00000,0.85938,0.00000,0.00000,0.95312,0.01562,0.63712,0.26816,6.95224,"0:b(0.028,-0.033):p0.00:e[none];10:b(0.293,-0.408):p0.66:e[pusher_block_a,block_a_fixture,block_b_wall];20:b(0.290,-0.377):p0.65:e[pusher_block_a,block_a_fixture];30:b(0.288,-0.351):p0.65:e[pusher_block_a,block_a_fixture];40:b(0.287,-0.330):p0.64:e[pusher_block_a,block_a_fixture];50:b(0.286,-0.312):p0.64:e[pusher_block_a,block_a_fixture];60:b(0.285,-0.298):p0.64:e[pusher_block_a,block_a_fixture];63:b(0.284,-0.294):p0.64:e[pusher_block_a,block_a_fixture]"
oracle_topology_planner,stress_sweep,2,2002,0.40,0,1.00000,1.00000,1.00000,0.00000,1.00000,0.00000,0.00000,0.96875,0.92188,0.00000,0.00000,0.81969,0.00098,8.88152,"0:b(0.028,-0.033):p0.00:e[none];10:b(0.358,-0.026):p0.82:e[pusher_block_a,block_a_block_b,block_b_pocket];20:b(0.358,-0.026):p0.82:e[pusher_block_a,block_a_block_b,block_b_pocket];30:b(0.357,-0.026):p0.82:e[pusher_block_a,block_a_block_b,block_b_pocket];40:b(0.358,-0.026):p0.82:e[pusher_block_a,block_a_block_b,block_b_pocket];50:b(0.358,-0.027):p0.82:e[pusher_block_a,block_a_block_b,block_b_pocket];60:b(0.357,-0.027):p0.82:e[pusher_block_a,block_a_block_b,block_b_pocket];63:b(0.358,-0.027):p0.82:e[pusher_block_a,block_a_block_b,block_b_pocket]"
pairwise_contact_classifier,stress_sweep,2,2003,0.40,0,0.65260,0.03125,0.07031,0.25000,0.93750,0.88462,0.00000,0.96875,0.92188,0.00000,0.00000,0.81658,0.02543,11.80012,"0:b(0.035,-0.022):p0.00:e[none];10:b(0.358,-0.024):p0.82:e[pusher_block_a,block_a_block_b,block_b_pocket];20:b(0.358,-0.024):p0.82:e[pusher_block_a,block_a_block_b,block_b_pocket];30:b(0.358,-0.024):p0.82:e[pusher_block_a,block_a_block_b,block_b_pocket];40:b(0.358,-0.024):p0.82:e[pusher_block_a,block_a_block_b,block_b_pocket];50:b(0.358,-0.024):p0.82:e[pusher_block_a,block_a_block_b,block_b_pocket];60:b(0.358,-0.024):p0.82:e[pusher_block_a,block_a_block_b,block_b_pocket];63:b(0.358,-0.024):p0.82:e[pusher_block_a,block_a_block_b,block_b_pocket]"
ensemble_uncertainty_planner,stress_sweep,2,2003,0.40,0,0.07187,0.04167,0.07344,0.46680,0.06250,0.00000,0.00000,0.96875,0.92188,0.00000,0.00000,0.81658,0.02748,11.90944,"0:b(0.035,-0.022):p0.00:e[none];10:b(0.358,-0.021):p0.82:e[pusher_block_a,block_a_block_b,block_b_pocket];20:b(0.358,-0.022):p0.82:e[pusher_block_a,block_a_block_b,block_b_pocket];30:b(0.358,-0.022):p0.82:e[pusher_block_a,block_a_block_b,block_b_pocket];40:b(0.358,-0.022):p0.82:e[pusher_block_a,block_a_block_b,block_b_pocket];50:b(0.358,-0.022):p0.82:e[pusher_block_a,block_a_block_b,block_b_pocket];60:b(0.358,-0.022):p0.82:e[pusher_block_a,block_a_block_b,block_b_pocket];63:b(0.358,-0.022):p0.82:e[pusher_block_a,block_a_block_b,block_b_pocket]"
contact_implicit_mpc_baseline,stress_sweep,2,2003,0.40,0,0.86443,0.09896,1.00000,0.11523,0.07812,0.00000,0.00000,0.96875,0.92188,0.00000,0.00000,0.81658,0.02519,11.78057,"0:b(0.035,-0.022):p0.00:e[none];10:b(0.358,-0.024):p0.82:e[pusher_block_a,block_a_block_b,block_b_pocket];20:b(0.358,-0.024):p0.82:e[pusher_block_a,block_a_block_b,block_b_pocket];30:b(0.358,-0.024):p0.82:e[pusher_block_a,block_a_block_b,block_b_pocket];40:b(0.358,-0.024):p0.82:e[pusher_block_a,block_a_block_b,block_b_pocket];50:b(0.358,-0.024):p0.82:e[pusher_block_a,block_a_block_b,block_b_pocket];60:b(0.358,-0.024):p0.82:e[pusher_block_a,block_a_block_b,block_b_pocket];63:b(0.358,-0.024):p0.82:e[pusher_block_a,block_a_block_b,block_b_pocket]"
topology_world_model,stress_sweep,2,2003,0.40,0,0.66510,0.04167,0.06250,0.24414,0.98438,0.88462,0.00000,0.96875,0.92188,0.00000,0.00000,0.81658,0.02762,11.81720,"0:b(0.035,-0.022):p0.00:e[none];10:b(0.358,-0.021):p0.82:e[pusher_block_a,block_a_block_b,block_b_pocket];20:b(0.358,-0.021):p0.82:e[pusher_block_a,block_a_block_b,block_b_pocket];30:b(0.358,-0.021):p0.82:e[pusher_block_a,block_a_block_b,block_b_pocket];40:b(0.358,-0.021):p0.82:e[pusher_block_a,block_a_block_b,block_b_pocket];50:b(0.358,-0.021):p0.82:e[pusher_block_a,block_a_block_b,block_b_pocket];60:b(0.358,-0.021):p0.82:e[pusher_block_a,block_a_block_b,block_b_pocket];63:b(0.358,-0.021):p0.82:e[pusher_block_a,block_a_block_b,block_b_pocket]"
oracle_topology_planner,stress_sweep,2,2003,0.40,0,1.00000,1.00000,1.00000,0.00000,1.00000,0.00000,0.00000,0.96875,0.92188,0.00000,0.00000,0.81659,0.00026,7.15308,"0:b(0.035,-0.022):p0.00:e[none];10:b(0.358,-0.049):p0.82:e[pusher_block_a,block_a_block_b,block_b_pocket];20:b(0.358,-0.049):p0.82:e[pusher_block_a,block_a_block_b,block_b_pocket];30:b(0.358,-0.049):p0.82:e[pusher_block_a,block_a_block_b,block_b_pocket];40:b(0.358,-0.049):p0.82:e[pusher_block_a,block_a_block_b,block_b_pocket];50:b(0.358,-0.049):p0.82:e[pusher_block_a,block_a_block_b,block_b_pocket];60:b(0.358,-0.049):p0.82:e[pusher_block_a,block_a_block_b,block_b_pocket];63:b(0.358,-0.049):p0.82:e[pusher_block_a,block_a_block_b,block_b_pocket]"
pairwise_contact_classifier,stress_sweep,2,2004,0.40,0,0.51667,0.03125,0.13021,0.24219,0.96875,1.00000,0.85938,0.00000,0.00000,0.95312,0.01562,0.61090,0.09950,6.76343,"0:b(0.019,-0.048):p0.00:e[none];10:b(0.263,-0.393):p0.59:e[pusher_block_a,block_a_fixture];20:b(0.277,-0.332):p0.63:e[pusher_block_a,block_a_fixture];30:b(0.275,-0.254):p0.62:e[pusher_block_a,block_a_fixture];40:b(0.273,-0.191):p0.62:e[pusher_block_a,block_a_fixture];50:b(0.272,-0.138):p0.61:e[pusher_block_a,block_a_fixture];60:b(0.270,-0.094):p0.61:e[pusher_block_a,block_a_fixture];63:b(0.270,-0.083):p0.61:e[pusher_block_a,block_a_fixture]"
ensemble_uncertainty_planner,stress_sweep,2,2004,0.40,0,0.52865,0.10938,0.09375,0.23242,0.90625,1.00000,0.85938,0.00000,0.00000,0.95312,0.01562,0.60313,0.30687,6.91807,"0:b(0.019,-0.048):p0.00:e[none];10:b(0.265,-0.397):p0.60:e[pusher_block_a,block_a_fixture];20:b(0.272,-0.378):p0.62:e[pusher_block_a,block_a_fixture];30:b(0.271,-0.351):p0.61:e[pusher_block_a,block_a_fixture];40:b(0.269,-0.328):p0.61:e[pusher_block_a,block_a_fixture];50:b(0.268,-0.309):p0.61:e[pusher_block_a,block_a_fixture];60:b(0.267,-0.294):p0.60:e[pusher_block_a,block_a_fixture];63:b(0.267,-0.290):p0.60:e[pusher_block_a,block_a_fixture]"
contact_implicit_mpc_baseline,stress_sweep,2,2004,0.40,0,0.97604,0.90625,0.98438,0.01367,0.89062,1.00000,0.85938,0.00000,0.00000,0.95312,0.01562,0.60309,0.30799,6.78371,"0:b(0.019,-0.048):p0.00:e[none];10:b(0.265,-0.397):p0.60:e[pusher_block_a,block_a_fixture];20:b(0.272,-0.378):p0.62:e[pusher_block_a,block_a_fixture];30:b(0.270,-0.351):p0.61:e[pusher_block_a,block_a_fixture];40:b(0.269,-0.329):p0.61:e[pusher_block_a,block_a_fixture];50:b(0.268,-0.310):p0.61:e[pusher_block_a,block_a_fixture];60:b(0.267,-0.295):p0.60:e[pusher_block_a,block_a_fixture];63:b(0.267,-0.291):p0.60:e[pusher_block_a,block_a_fixture]"
topology_world_model,stress_sweep,2,2004,0.40,0,0.51667,0.04688,0.16146,0.24219,0.96875,1.00000,0.85938,0.00000,0.00000,0.95312,0.01562,0.60885,0.16018,6.78103,"0:b(0.019,-0.048):p0.00:e[none];10:b(0.261,-0.391):p0.59:e[pusher_block_a,block_a_fixture];20:b(0.276,-0.345):p0.63:e[pusher_block_a,block_a_fixture];30:b(0.274,-0.283):p0.62:e[pusher_block_a,block_a_fixture];40:b(0.272,-0.231):p0.62:e[pusher_block_a,block_a_fixture];50:b(0.271,-0.188):p0.61:e[pusher_block_a,block_a_fixture];60:b(0.270,-0.153):p0.61:e[pusher_block_a,block_a_fixture];63:b(0.269,-0.143):p0.61:e[pusher_block_a,block_a_fixture]"
oracle_topology_planner,stress_sweep,2,2004,0.40,1,1.00000,1.00000,1.00000,0.00000,1.00000,0.00000,0.00000,0.90000,0.75000,0.00000,0.00000,0.82392,0.04726,8.54066,"0:b(0.019,-0.048):p0.00:e[none];10:b(0.358,-0.030):p0.82:e[pusher_block_a,block_a_block_b,block_b_pocket]"
pairwise_contact_classifier,stress_sweep,3,2000,0.40,0,0.50885,0.07500,0.57031,0.25195,0.09375,0.00000,0.85938,0.01562,0.00000,0.40625,0.01562,0.65742,0.07549,12.87725,"0:b(0.037,-0.041):p0.00:e[none];10:b(0.037,-0.041):p0.00:e[pusher_block_a,block_a_fixture];20:b(0.037,-0.041):p0.00:e[pusher_block_a,block_a_fixture];30:b(0.079,-0.102):p0.11:e[pusher_block_a];40:b(0.303,-0.362):p0.68:e[pusher_block_a];50:b(0.299,-0.242):p0.67:e[pusher_block_a];60:b(0.296,-0.142):p0.66:e[pusher_block_a];63:b(0.295,-0.115):p0.66:e[pusher_block_a]"
ensemble_uncertainty_planner,stress_sweep,3,2000,0.40,0,0.46042,0.03906,0.08854,0.31250,0.40625,0.00000,0.85938,0.00000,0.00000,0.95312,0.00000,0.00000,0.00147,6.38410,"0:b(0.037,-0.041):p0.00:e[none];10:b(0.037,-0.041):p0.00:e[pusher_block_a,block_a_fixture];20:b(0.037,-0.041):p0.00:e[pusher_block_a,block_a_fixture];30:b(0.037,-0.041):p0.00:e[pusher_block_a,block_a_fixture];40:b(0.037,-0.041):p0.00:e[pusher_block_a,block_a_fixture];50:b(0.037,-0.041):p0.00:e[pusher_block_a,block_a_fixture];60:b(0.037,-0.041):p0.00:e[pusher_block_a,block_a_fixture];63:b(0.037,-0.041):p0.00:e[pusher_block_a,block_a_fixture]"
contact_implicit_mpc_baseline,stress_sweep,3,2000,0.40,0,0.78906,0.03125,1.00000,0.12305,0.04688,1.00000,0.85938,0.00000,0.00000,0.95312,0.00000,0.00000,0.00147,6.40417,"0:b(0.037,-0.041):p0.00:e[none];10:b(0.037,-0.041):p0.00:e[pusher_block_a,block_a_fixture];20:b(0.037,-0.041):p0.00:e[pusher_block_a,block_a_fixture];30:b(0.037,-0.041):p0.00:e[pusher_block_a,block_a_fixture];40:b(0.037,-0.041):p0.00:e[pusher_block_a,block_a_fixture];50:b(0.037,-0.041):p0.00:e[pusher_block_a,block_a_fixture];60:b(0.037,-0.041):p0.00:e[pusher_block_a,block_a_fixture];63:b(0.037,-0.041):p0.00:e[pusher_block_a,block_a_fixture]"
topology_world_model,stress_sweep,3,2000,0.40,0,0.42448,0.03125,0.10937,0.35742,0.04688,0.00000,0.85938,0.00000,0.00000,0.95312,0.00000,0.00000,0.00147,6.46755,"0:b(0.037,-0.041):p0.00:e[none];10:b(0.037,-0.041):p0.00:e[pusher_block_a,block_a_fixture];20:b(0.037,-0.041):p0.00:e[pusher_block_a,block_a_fixture];30:b(0.037,-0.041):p0.00:e[pusher_block_a,block_a_fixture];40:b(0.037,-0.041):p0.00:e[pusher_block_a,block_a_fixture];50:b(0.037,-0.041):p0.00:e[pusher_block_a,block_a_fixture];60:b(0.037,-0.041):p0.00:e[pusher_block_a,block_a_fixture];63:b(0.037,-0.041):p0.00:e[pusher_block_a,block_a_fixture]"
oracle_topology_planner,stress_sweep,3,2000,0.40,0,1.00000,1.00000,1.00000,0.00000,1.00000,1.00000,0.00000,0.07812,0.06250,0.01562,0.00000,0.66833,0.00686,10.69298,"0:b(0.037,-0.041):p0.00:e[none];10:b(0.354,-0.035):p0.81:e[none];20:b(0.339,-0.034):p0.77:e[none];30:b(0.327,-0.034):p0.74:e[none];40:b(0.317,-0.034):p0.71:e[none];50:b(0.308,-0.033):p0.69:e[none];60:b(0.301,-0.033):p0.67:e[none];63:b(0.300,-0.033):p0.67:e[none]"
pairwise_contact_classifier,stress_sweep,3,2001,0.40,0,0.63594,0.10417,0.09375,0.25781,0.87500,0.88462,0.00000,0.96875,0.92188,0.00000,0.00000,0.81057,0.03257,10.21874,"0:b(0.048,-0.028):p0.00:e[none];10:b(0.358,-0.029):p0.81:e[pusher_block_a,block_a_block_b,block_b_pocket];20:b(0.358,-0.029):p0.81:e[pusher_block_a,block_a_block_b,block_b_pocket];30:b(0.358,-0.029):p0.81:e[pusher_block_a,block_a_block_b,block_b_pocket];40:b(0.358,-0.029):p0.81:e[pusher_block_a,block_a_block_b,block_b_pocket];50:b(0.358,-0.029):p0.81:e[pusher_block_a,block_a_block_b,block_b_pocket];60:b(0.358,-0.029):p0.81:e[pusher_block_a,block_a_block_b,block_b_pocket];63:b(0.358,-0.029):p0.81:e[pusher_block_a,block_a_block_b,block_b_pocket]"
ensemble_uncertainty_planner,stress_sweep,3,2001,0.40,0,0.06823,0.06250,0.05937,0.46680,0.04688,0.04167,0.00000,0.96875,0.92188,0.00000,0.00000,0.81057,0.03201,10.20995,"0:b(0.048,-0.028):p0.00:e[none];10:b(0.358,-0.030):p0.81:e[pusher_block_a,block_a_block_b,block_b_pocket];20:b(0.358,-0.030):p0.81:e[pusher_block_a,block_a_block_b,block_b_pocket];30:b(0.358,-0.030):p0.81:e[pusher_block_a,block_a_block_b,block_b_pocket];40:b(0.358,-0.030):p0.81:e[pusher_block_a,block_a_block_b,block_b_pocket];50:b(0.358,-0.030):p0.81:e[pusher_block_a,block_a_block_b,block_b_pocket];60:b(0.358,-0.030):p0.81:e[pusher_block_a,block_a_block_b,block_b_pocket];63:b(0.358,-0.030):p0.81:e[pusher_block_a,block_a_block_b,block_b_pocket]"
contact_implicit_mpc_baseline,stress_sweep,3,2001,0.40,0,0.84435,0.08333,1.00000,0.12109,0.03125,0.00000,0.00000,0.96875,0.92188,0.00000,0.00000,0.81057,0.03435,10.26413,"0:b(0.048,-0.028):p0.00:e[none];10:b(0.358,-0.027):p0.81:e[pusher_block_a,block_a_block_b,block_b_pocket];20:b(0.358,-0.027):p0.81:e[pusher_block_a,block_a_block_b,block_b_pocket];30:b(0.358,-0.027):p0.81:e[pusher_block_a,block_a_block_b,block_b_pocket];40:b(0.358,-0.027):p0.81:e[pusher_block_a,block_a_block_b,block_b_pocket];50:b(0.358,-0.027):p0.81:e[pusher_block_a,block_a_block_b,block_b_pocket];60:b(0.358,-0.027):p0.81:e[pusher_block_a,block_a_block_b,block_b_pocket];63:b(0.358,-0.027):p0.81:e[pusher_block_a,block_a_block_b,block_b_pocket]"
topology_world_model,stress_sweep,3,2001,0.40,0,0.66094,0.04688,0.07292,0.24609,0.96875,0.87379,0.00000,0.96875,0.92188,0.00000,0.00000,0.81057,0.03383,10.19774,"0:b(0.048,-0.028):p0.00:e[none];10:b(0.358,-0.028):p0.81:e[pusher_block_a,block_a_block_b,block_b_pocket];20:b(0.358,-0.028):p0.81:e[pusher_block_a,block_a_block_b,block_b_pocket];30:b(0.358,-0.028):p0.81:e[pusher_block_a,block_a_block_b,block_b_pocket];40:b(0.358,-0.028):p0.81:e[pusher_block_a,block_a_block_b,block_b_pocket];50:b(0.358,-0.028):p0.81:e[pusher_block_a,block_a_block_b,block_b_pocket];60:b(0.358,-0.028):p0.81:e[pusher_block_a,block_a_block_b,block_b_pocket];63:b(0.358,-0.028):p0.81:e[pusher_block_a,block_a_block_b,block_b_pocket]"
oracle_topology_planner,stress_sweep,3,2001,0.40,0,1.00000,1.00000,1.00000,0.00000,1.00000,1.00000,0.00000,0.04688,0.03125,0.00000,0.00000,0.54424,0.01517,104.24456,"0:b(0.048,-0.028):p0.00:e[none];10:b(0.353,-0.082):p0.80:e[none];20:b(0.326,-0.081):p0.73:e[none];30:b(0.305,-0.079):p0.67:e[none];40:b(0.286,-0.078):p0.62:e[none];50:b(0.271,-0.078):p0.59:e[none];60:b(0.259,-0.077):p0.55:e[none];63:b(0.256,-0.077):p0.54:e[none]"
pairwise_contact_classifier,stress_sweep,3,2002,0.40,0,0.51667,0.06250,0.09896,0.24219,0.96875,1.00000,0.85938,0.00000,0.00000,0.95312,0.01562,0.60967,0.16376,30.85864,"0:b(0.036,-0.059):p0.00:e[none];10:b(0.285,-0.413):p0.63:e[pusher_block_a,block_a_fixture,block_b_wall];20:b(0.283,-0.353):p0.63:e[pusher_block_a,block_a_fixture];30:b(0.281,-0.302):p0.62:e[pusher_block_a,block_a_fixture];40:b(0.279,-0.261):p0.62:e[pusher_block_a,block_a_fixture];50:b(0.278,-0.226):p0.61:e[pusher_block_a,block_a_fixture];60:b(0.277,-0.198):p0.61:e[pusher_block_a,block_a_fixture];63:b(0.276,-0.190):p0.61:e[pusher_block_a,block_a_fixture]"
ensemble_uncertainty_planner,stress_sweep,3,2002,0.40,0,0.54167,0.08854,0.21354,0.22266,0.82812,1.00000,0.85938,0.00000,0.00000,0.89062,0.03125,0.61471,0.01742,27.97495,"0:b(0.036,-0.059):p0.00:e[none];10:b(0.289,-0.419):p0.64:e[pusher_block_a,block_b_wall];20:b(0.286,-0.317):p0.63:e[pusher_block_a,block_a_fixture];30:b(0.284,-0.232):p0.63:e[pusher_block_a,block_a_fixture];40:b(0.282,-0.162):p0.62:e[pusher_block_a,block_a_fixture];50:b(0.280,-0.105):p0.62:e[pusher_block_a,block_a_fixture];60:b(0.279,-0.057):p0.62:e[pusher_block_a,block_a_fixture];63:b(0.278,-0.044):p0.61:e[pusher_block_a,block_a_fixture]"
contact_implicit_mpc_baseline,stress_sweep,3,2002,0.40,0,0.97500,0.96354,0.99479,0.00781,0.93750,1.00000,0.85938,0.00000,0.00000,0.95312,0.03125,0.61342,0.05480,30.80885,"0:b(0.036,-0.059):p0.00:e[none];10:b(0.288,-0.418):p0.64:e[pusher_block_a,block_a_fixture,block_b_wall];20:b(0.285,-0.326):p0.63:e[pusher_block_a,block_a_fixture];30:b(0.283,-0.250):p0.63:e[pusher_block_a,block_a_fixture];40:b(0.281,-0.188):p0.62:e[pusher_block_a,block_a_fixture];50:b(0.279,-0.136):p0.62:e[pusher_block_a,block_a_fixture];60:b(0.278,-0.093):p0.61:e[pusher_block_a,block_a_fixture];63:b(0.278,-0.081):p0.61:e[pusher_block_a,block_a_fixture]"
topology_world_model,stress_sweep,3,2002,0.40,0,0.51667,0.04688,0.10417,0.24219,0.96875,1.00000,0.85938,0.00000,0.00000,0.95312,0.01562,0.60812,0.18193,30.83348,"0:b(0.036,-0.059):p0.00:e[none];10:b(0.284,-0.410):p0.63:e[pusher_block_a,block_a_fixture,block_b_wall];20:b(0.282,-0.355):p0.62:e[pusher_block_a,block_a_fixture];30:b(0.280,-0.310):p0.62:e[pusher_block_a,block_a_fixture];40:b(0.278,-0.272):p0.62:e[pusher_block_a,block_a_fixture];50:b(0.277,-0.241):p0.61:e[pusher_block_a,block_a_fixture];60:b(0.276,-0.215):p0.61:e[pusher_block_a,block_a_fixture];63:b(0.276,-0.208):p0.61:e[pusher_block_a,block_a_fixture]"
oracle_topology_planner,stress_sweep,3,2002,0.40,0,1.00000,1.00000,1.00000,0.00000,1.00000,0.00000,0.00000,0.96875,0.92188,0.00000,0.00000,0.81605,0.01475,9.08599,"0:b(0.036,-0.059):p0.00:e[none];10:b(0.358,-0.041):p0.82:e[pusher_block_a,block_a_block_b,block_b_pocket];20:b(0.358,-0.041):p0.82:e[pusher_block_a,block_a_block_b,block_b_pocket];30:b(0.358,-0.041):p0.82:e[pusher_block_a,block_a_block_b,block_b_pocket];40:b(0.358,-0.041):p0.82:e[pusher_block_a,block_a_block_b,block_b_pocket];50:b(0.358,-0.041):p0.82:e[pusher_block_a,block_a_block_b,block_b_pocket];60:b(0.358,-0.041):p0.82:e[pusher_block_a,block_a_block_b,block_b_pocket];63:b(0.358,-0.041):p0.82:e[pusher_block_a,block_a_block_b,block_b_pocket]"
pairwise_contact_classifier,stress_sweep,3,2003,0.40,0,0.52344,0.03125,0.96875,0.23633,0.03125,0.00000,0.00000,0.00000,0.00000,0.00000,0.00000,0.00000,0.06489,11.66574,"0:b(0.047,-0.069):p0.00:e[none];10:b(0.047,-0.069):p0.00:e[pusher_block_a];20:b(0.047,-0.069):p0.00:e[pusher_block_a];30:b(0.047,-0.069):p0.00:e[pusher_block_a];40:b(0.047,-0.069):p0.00:e[pusher_block_a];50:b(0.047,-0.069):p0.00:e[pusher_block_a];60:b(0.047,-0.069):p0.00:e[pusher_block_a];63:b(0.047,-0.069):p0.00:e[pusher_block_a]"
ensemble_uncertainty_planner,stress_sweep,3,2003,0.40,0,0.64844,0.02604,0.95312,0.12891,0.04688,0.00000,0.00000,0.00000,0.00000,0.00000,0.00000,0.00000,0.06489,11.64182,"0:b(0.047,-0.069):p0.00:e[none];10:b(0.047,-0.069):p0.00:e[pusher_block_a];20:b(0.047,-0.069):p0.00:e[pusher_block_a];30:b(0.047,-0.069):p0.00:e[pusher_block_a];40:b(0.047,-0.069):p0.00:e[pusher_block_a];50:b(0.047,-0.069):p0.00:e[pusher_block_a];60:b(0.047,-0.069):p0.00:e[pusher_block_a];63:b(0.047,-0.069):p0.00:e[pusher_block_a]"
contact_implicit_mpc_baseline,stress_sweep,3,2003,0.40,0,0.98698,0.96875,1.00000,0.00586,0.96875,1.00000,0.00000,0.00000,0.00000,0.00000,0.00000,0.00000,0.06489,11.58146,"0:b(0.047,-0.069):p0.00:e[none];10:b(0.047,-0.069):p0.00:e[pusher_block_a];20:b(0.047,-0.069):p0.00:e[pusher_block_a];30:b(0.047,-0.069):p0.00:e[pusher_block_a];40:b(0.047,-0.069):p0.00:e[pusher_block_a];50:b(0.047,-0.069):p0.00:e[pusher_block_a];60:b(0.047,-0.069):p0.00:e[pusher_block_a];63:b(0.047,-0.069):p0.00:e[pusher_block_a]"
topology_world_model,stress_sweep,3,2003,0.40,0,0.30990,0.03906,0.96875,0.27539,0.03125,0.00000,0.00000,0.00000,0.00000,0.00000,0.00000,0.00000,0.06489,18.76713,"0:b(0.047,-0.069):p0.00:e[none];10:b(0.047,-0.069):p0.00:e[pusher_block_a];20:b(0.047,-0.069):p0.00:e[pusher_block_a];30:b(0.047,-0.069):p0.00:e[pusher_block_a];40:b(0.047,-0.069):p0.00:e[none];50:b(0.047,-0.069):p0.00:e[none];60:b(0.047,-0.069):p0.00:e[none];63:b(0.047,-0.069):p0.00:e[none]"
oracle_topology_planner,stress_sweep,3,2003,0.40,0,1.00000,1.00000,1.00000,0.00000,1.00000,1.00000,0.00000,0.15625,0.10938,0.00000,0.00000,0.47248,0.07722,11.97615,"0:b(0.047,-0.069):p0.00:e[none];10:b(0.362,-0.084):p0.82:e[block_a_block_b,block_b_pocket];20:b(0.325,-0.083):p0.73:e[none];30:b(0.295,-0.083):p0.65:e[none];40:b(0.270,-0.082):p0.58:e[none];50:b(0.249,-0.082):p0.53:e[none];60:b(0.232,-0.081):p0.48:e[none];63:b(0.228,-0.081):p0.47:e[none]"
pairwise_contact_classifier,stress_sweep,3,2004,0.40,0,0.63646,0.04688,0.11719,0.25586,0.87500,0.88462,0.00000,0.95312,0.92188,0.00000,0.00000,0.80933,0.05773,11.21259,"0:b(0.050,-0.051):p0.00:e[none];10:b(0.358,-0.088):p0.81:e[pusher_block_a,block_a_block_b,block_b_pocket];20:b(0.358,-0.088):p0.81:e[pusher_block_a,block_a_block_b,block_b_pocket];30:b(0.358,-0.088):p0.81:e[pusher_block_a,block_a_block_b,block_b_pocket];40:b(0.358,-0.088):p0.81:e[pusher_block_a,block_a_block_b,block_b_pocket];50:b(0.358,-0.088):p0.81:e[pusher_block_a,block_a_block_b,block_b_pocket];60:b(0.358,-0.088):p0.81:e[pusher_block_a,block_a_block_b,block_b_pocket];63:b(0.358,-0.088):p0.81:e[pusher_block_a,block_a_block_b,block_b_pocket]"
ensemble_uncertainty_planner,stress_sweep,3,2004,0.40,1,0.36597,0.05556,0.12847,0.36458,0.10417,0.77612,0.00000,0.93750,0.89583,0.00000,0.00000,0.87864,0.06491,11.53848,"0:b(0.050,-0.051):p0.00:e[none];10:b(0.358,-0.089):p0.81:e[pusher_block_a,block_a_block_b,block_b_pocket];20:b(0.358,-0.089):p0.81:e[pusher_block_a,block_a_block_b,block_b_pocket];30:b(0.358,-0.089):p0.81:e[pusher_block_a,block_a_block_b,block_b_pocket];40:b(0.357,-0.090):p0.81:e[pusher_block_a,block_a_block_b,block_b_pocket]"
contact_implicit_mpc_baseline,stress_sweep,3,2004,0.40,0,0.96615,0.93750,1.00000,0.00977,0.95312,0.00000,0.00000,0.95312,0.92188,0.00000,0.00000,0.80933,0.05747,11.25049,"0:b(0.050,-0.051):p0.00:e[none];10:b(0.358,-0.088):p0.81:e[pusher_block_a,block_a_block_b,block_b_pocket];20:b(0.358,-0.088):p0.81:e[pusher_block_a,block_a_block_b,block_b_pocket];30:b(0.358,-0.088):p0.81:e[pusher_block_a,block_a_block_b,block_b_pocket];40:b(0.358,-0.088):p0.81:e[pusher_block_a,block_a_block_b,block_b_pocket];50:b(0.358,-0.088):p0.81:e[pusher_block_a,block_a_block_b,block_b_pocket];60:b(0.358,-0.088):p0.81:e[pusher_block_a,block_a_block_b,block_b_pocket];63:b(0.358,-0.088):p0.81:e[pusher_block_a,block_a_block_b,block_b_pocket]"
topology_world_model,stress_sweep,3,2004,0.40,0,0.66354,0.07292,0.10417,0.24414,0.95312,0.87379,0.00000,0.95312,0.92188,0.00000,0.00000,0.80933,0.05778,11.24856,"0:b(0.050,-0.051):p0.00:e[none];10:b(0.358,-0.088):p0.81:e[pusher_block_a,block_a_block_b,block_b_pocket];20:b(0.358,-0.088):p0.81:e[pusher_block_a,block_a_block_b,block_b_pocket];30:b(0.358,-0.088):p0.81:e[pusher_block_a,block_a_block_b,block_b_pocket];40:b(0.358,-0.088):p0.81:e[pusher_block_a,block_a_block_b,block_b_pocket];50:b(0.358,-0.088):p0.81:e[pusher_block_a,block_a_block_b,block_b_pocket];60:b(0.358,-0.088):p0.81:e[pusher_block_a,block_a_block_b,block_b_pocket];63:b(0.358,-0.088):p0.81:e[pusher_block_a,block_a_block_b,block_b_pocket]"
oracle_topology_planner,stress_sweep,3,2004,0.40,1,1.00000,1.00000,1.00000,0.00000,1.00000,0.00000,0.00000,0.90323,0.80645,0.00000,0.00000,0.82177,0.05875,9.43534,"0:b(0.050,-0.051):p0.00:e[none];10:b(0.357,-0.093):p0.81:e[pusher_block_a,block_a_block_b,block_b_pocket];20:b(0.357,-0.084):p0.81:e[pusher_block_a,block_a_block_b,block_b_pocket];30:b(0.362,-0.089):p0.82:e[block_a_block_b,block_b_pocket]"
pairwise_contact_classifier,stress_sweep,4,2000,0.40,0,0.47403,0.06094,0.70052,0.28320,0.07812,0.00000,0.81250,0.03125,0.01562,0.32812,0.00000,0.69965,0.21890,21.95445,"0:b(0.043,-0.036):p0.00:e[none];10:b(0.043,-0.036):p0.00:e[pusher_block_a,block_a_fixture];20:b(0.043,-0.036):p0.00:e[pusher_block_a];30:b(0.043,-0.036):p0.00:e[pusher_block_a];40:b(0.344,-0.201):p0.78:e[pusher_block_a];50:b(0.329,-0.219):p0.74:e[pusher_block_a];60:b(0.317,-0.233):p0.71:e[pusher_block_a];63:b(0.314,-0.237):p0.70:e[pusher_block_a]"
ensemble_uncertainty_planner,stress_sweep,4,2000,0.40,0,0.59271,0.05729,0.79688,0.17578,0.17188,0.00000,0.84375,0.01562,0.00000,0.18750,0.00000,0.00000,0.21350,16.69775,"0:b(0.043,-0.036):p0.00:e[none];10:b(0.035,-0.047):p0.00:e[pusher_block_a,block_a_fixture];20:b(-0.001,-0.097):p0.00:e[pusher_block_a];30:b(-0.030,-0.139):p0.00:e[pusher_block_a];40:b(-0.055,-0.173):p0.00:e[pusher_block_a];50:b(-0.075,-0.201):p0.00:e[pusher_block_a];60:b(-0.092,-0.225):p0.00:e[pusher_block_a];63:b(-0.096,-0.231):p0.00:e[pusher_block_a]"
contact_implicit_mpc_baseline,stress_sweep,4,2000,0.40,0,0.69531,0.09375,0.91667,0.16211,0.04688,1.00000,0.79688,0.00000,0.00000,0.64062,0.00000,0.00000,0.01821,26.25320,"0:b(0.043,-0.036):p0.00:e[none];10:b(0.043,-0.036):p0.00:e[pusher_block_a];20:b(0.043,-0.036):p0.00:e[pusher_block_a];30:b(0.043,-0.036):p0.00:e[pusher_block_a];40:b(0.043,-0.036):p0.00:e[pusher_block_a];50:b(0.043,-0.036):p0.00:e[pusher_block_a];60:b(0.043,-0.036):p0.00:e[pusher_block_a];63:b(0.043,-0.036):p0.00:e[pusher_block_a,block_a_fixture]"
topology_world_model,stress_sweep,4,2000,0.40,0,0.52448,0.03906,0.84375,0.24609,0.06250,0.00000,0.84375,0.01562,0.00000,0.20312,0.00000,0.00000,0.20172,17.67890,"0:b(0.043,-0.036):p0.00:e[none];10:b(0.035,-0.046):p0.00:e[pusher_block_a,block_a_fixture];20:b(0.002,-0.093):p0.00:e[pusher_block_a];30:b(-0.026,-0.132):p0.00:e[pusher_block_a];40:b(-0.049,-0.165):p0.00:e[pusher_block_a];50:b(-0.068,-0.191):p0.00:e[pusher_block_a];60:b(-0.084,-0.214):p0.00:e[pusher_block_a];63:b(-0.088,-0.219):p0.00:e[pusher_block_a]"
oracle_topology_planner,stress_sweep,4,2000,0.40,0,1.00000,1.00000,1.00000,0.00000,1.00000,0.00000,0.00000,0.96875,0.92188,0.00000,0.00000,0.81301,0.02130,8.55794,"0:b(0.043,-0.036):p0.00:e[none];10:b(0.358,-0.038):p0.81:e[pusher_block_a,block_a_block_b,block_b_pocket];20:b(0.358,-0.038):p0.81:e[pusher_block_a,block_a_block_b,block_b_pocket];30:b(0.357,-0.038):p0.81:e[pusher_block_a,block_a_block_b,block_b_pocket];40:b(0.357,-0.039):p0.81:e[pusher_block_a,block_a_block_b,block_b_pocket];50:b(0.358,-0.039):p0.81:e[pusher_block_a,block_a_block_b,block_b_pocket];60:b(0.358,-0.039):p0.81:e[pusher_block_a,block_a_block_b,block_b_pocket];63:b(0.358,-0.039):p0.81:e[pusher_block_a,block_a_block_b,block_b_pocket]"
pairwise_contact_classifier,stress_sweep,4,2001,0.40,0,0.51771,0.05208,0.89323,0.22266,0.10938,0.00000,0.00000,0.03125,0.00000,0.01562,0.03125,0.71948,0.13153,12.57044,"0:b(0.042,-0.010):p0.00:e[none];10:b(0.329,-0.418):p0.74:e[pusher_block_a,block_b_wall];20:b(0.326,-0.322):p0.73:e[pusher_block_a];30:b(0.323,-0.243):p0.73:e[pusher_block_a];40:b(0.321,-0.177):p0.72:e[pusher_block_a];50:b(0.321,-0.175):p0.72:e[pusher_block_a];60:b(0.321,-0.178):p0.72:e[pusher_block_a];63:b(0.321,-0.178):p0.72:e[pusher_block_a]"
ensemble_uncertainty_planner,stress_sweep,4,2001,0.40,0,0.08854,0.06510,0.14583,0.27344,0.60938,0.00000,0.00000,0.01562,0.00000,0.01562,0.01562,0.70602,0.14949,12.62636,"0:b(0.042,-0.010):p0.00:e[none];10:b(0.326,-0.413):p0.73:e[pusher_block_a,block_b_wall];20:b(0.323,-0.354):p0.72:e[pusher_block_a];30:b(0.321,-0.305):p0.72:e[pusher_block_a];40:b(0.319,-0.265):p0.71:e[pusher_block_a];50:b(0.317,-0.231):p0.71:e[pusher_block_a];60:b(0.316,-0.204):p0.71:e[pusher_block_a];63:b(0.316,-0.196):p0.71:e[pusher_block_a]"
contact_implicit_mpc_baseline,stress_sweep,4,2001,0.40,0,0.68437,0.35417,0.90625,0.14844,0.31250,1.00000,0.00000,0.03125,0.00000,0.01562,0.03125,0.72750,0.15247,12.62198,"0:b(0.042,-0.010):p0.00:e[none];10:b(0.331,-0.421):p0.75:e[pusher_block_a,block_b_wall];20:b(0.328,-0.302):p0.74:e[pusher_block_a];30:b(0.325,-0.204):p0.73:e[pusher_block_a];40:b(0.324,-0.180):p0.73:e[pusher_block_a];50:b(0.324,-0.189):p0.73:e[pusher_block_a];60:b(0.324,-0.197):p0.73:e[pusher_block_a];63:b(0.324,-0.199):p0.73:e[pusher_block_a]"
topology_world_model,stress_sweep,4,2001,0.40,0,0.57969,0.06250,0.96354,0.19336,0.06250,0.00000,0.00000,0.04688,0.00000,0.01562,0.01562,0.70750,0.12954,12.63534,"0:b(0.042,-0.010):p0.00:e[none];10:b(0.326,-0.414):p0.73:e[pusher_block_a,block_b_wall];20:b(0.324,-0.347):p0.73:e[pusher_block_a];30:b(0.321,-0.292):p0.72:e[pusher_block_a];40:b(0.319,-0.247):p0.72:e[pusher_block_a];50:b(0.318,-0.209):p0.71:e[pusher_block_a];60:b(0.316,-0.178):p0.71:e[pusher_block_a];63:b(0.316,-0.176):p0.71:e[pusher_block_a]"
oracle_topology_planner,stress_sweep,4,2001,0.40,0,1.00000,1.00000,1.00000,0.00000,1.00000,0.00000,0.00000,0.31250,0.26562,0.00000,0.00000,0.79505,0.02947,13.31135,"0:b(0.042,-0.010):p0.00:e[none];10:b(0.357,-0.082):p0.81:e[pusher_block_a,block_a_block_b,block_b_pocket];20:b(0.357,-0.075):p0.81:e[pusher_block_a,block_a_block_b,block_b_pocket];30:b(0.355,-0.075):p0.81:e[none];40:b(0.353,-0.076):p0.80:e[none];50:b(0.352,-0.076):p0.80:e[none];60:b(0.351,-0.076):p0.80:e[none];63:b(0.350,-0.076):p0.80:e[none]"
pairwise_contact_classifier,stress_sweep,4,2002,0.40,0,0.03125,0.04688,0.98438,0.12891,0.06250,0.00000,0.00000,0.00000,0.00000,0.00000,0.01562,0.90034,0.34848,14.88430,"0:b(0.045,-0.037):p0.00:e[none];10:b(0.175,-0.158):p0.34:e[none];20:b(0.334,-0.360):p0.75:e[none];30:b(0.376,-0.399):p0.86:e[none];40:b(0.382,-0.390):p0.88:e[none];50:b(0.387,-0.383):p0.89:e[none];60:b(0.391,-0.377):p0.90:e[none];63:b(0.392,-0.375):p0.90:e[none]"
ensemble_uncertainty_planner,stress_sweep,4,2002,0.40,0,0.03125,0.04688,0.96875,0.14062,0.12500,0.00000,0.00000,0.00000,0.00000,0.00000,0.04688,0.99196,0.32531,121.34136,"0:b(0.045,-0.037):p0.00:e[none];10:b(0.179,-0.150):p0.35:e[none];20:b(0.347,-0.328):p0.79:e[none];30:b(0.430,-0.394):p1.00:e[none];40:b(0.424,-0.408):p0.99:e[block_b_wall];50:b(0.426,-0.381):p0.99:e[none];60:b(0.427,-0.358):p0.99:e[none];63:b(0.427,-0.352):p0.99:e[none]"
contact_implicit_mpc_baseline,stress_sweep,4,2002,0.40,0,0.75000,0.79688,0.96354,0.03125,0.75000,1.00000,0.00000,0.00000,0.00000,0.00000,0.03125,1.05195,0.26192,49.08548,"0:b(0.045,-0.037):p0.00:e[none];10:b(0.189,-0.138):p0.38:e[none];20:b(0.385,-0.276):p0.88:e[none];30:b(0.450,-0.389):p1.05:e[none];40:b(0.450,-0.371):p1.05:e[none];50:b(0.450,-0.331):p1.05:e[none];60:b(0.450,-0.298):p1.05:e[none];63:b(0.450,-0.289):p1.05:e[none]"
topology_world_model,stress_sweep,4,2002,0.40,0,0.03125,0.07812,0.95312,0.12500,0.03125,0.00000,0.00000,0.00000,0.00000,0.00000,0.00000,1.05195,0.29509,28.27978,"0:b(0.045,-0.037):p0.00:e[none];10:b(0.187,-0.137):p0.37:e[none];20:b(0.380,-0.272):p0.87:e[none];30:b(0.450,-0.384):p1.05:e[none];40:b(0.450,-0.381):p1.05:e[none];50:b(0.450,-0.352):p1.05:e[none];60:b(0.450,-0.328):p1.05:e[none];63:b(0.450,-0.322):p1.05:e[none]"
oracle_topology_planner,stress_sweep,4,2002,0.40,0,1.00000,1.00000,1.00000,0.00000,1.00000,1.00000,0.00000,0.18750,0.14062,0.00000,0.00000,0.79188,0.05052,92.76710,"0:b(0.045,-0.037):p0.00:e[none];10:b(0.357,-0.077):p0.81:e[pusher_block_a,block_a_block_b,block_b_pocket];20:b(0.356,-0.076):p0.81:e[none];30:b(0.354,-0.077):p0.80:e[none];40:b(0.352,-0.077):p0.80:e[none];50:b(0.351,-0.077):p0.80:e[none];60:b(0.350,-0.077):p0.79:e[none];63:b(0.350,-0.077):p0.79:e[none]"
pairwise_contact_classifier,stress_sweep,4,2003,0.40,1,0.64833,0.10000,0.22500,0.23750,0.90000,0.25000,0.00000,0.90000,0.75000,0.00000,0.00000,0.82026,0.03423,11.14946,"0:b(0.027,-0.038):p0.00:e[none];10:b(0.358,-0.038):p0.82:e[pusher_block_a,block_a_block_b,block_b_pocket]"
ensemble_uncertainty_planner,stress_sweep,4,2003,0.40,1,0.21000,0.10000,0.17500,0.40000,0.20000,0.00000,0.00000,0.90000,0.75000,0.00000,0.00000,0.82027,0.03376,11.09709,"0:b(0.027,-0.038):p0.00:e[none];10:b(0.358,-0.038):p0.82:e[pusher_block_a,block_a_block_b,block_b_pocket]"
contact_implicit_mpc_baseline,stress_sweep,4,2003,0.40,1,0.82333,0.18333,1.00000,0.10625,0.15000,0.00000,0.00000,0.90000,0.75000,0.00000,0.00000,0.82026,0.03137,11.15055,"0:b(0.027,-0.038):p0.00:e[none];10:b(0.358,-0.035):p0.82:e[pusher_block_a,block_a_block_b,block_b_pocket]"
topology_world_model,stress_sweep,4,2003,0.40,1,0.66167,0.10000,0.15000,0.23125,0.95000,0.25000,0.00000,0.90000,0.75000,0.00000,0.00000,0.82026,0.03694,11.14037,"0:b(0.027,-0.038):p0.00:e[none];10:b(0.358,-0.041):p0.82:e[pusher_block_a,block_a_block_b,block_b_pocket]"
oracle_topology_planner,stress_sweep,4,2003,0.40,0,1.00000,1.00000,1.00000,0.00000,1.00000,1.00000,0.00000,0.14062,0.09375,0.00000,0.00000,0.75609,0.00417,10.93471,"0:b(0.027,-0.038):p0.00:e[none];10:b(0.357,0.004):p0.82:e[block_a_block_b,block_b_pocket];20:b(0.350,0.003):p0.80:e[none];30:b(0.345,0.002):p0.79:e[none];40:b(0.340,0.001):p0.78:e[none];50:b(0.336,0.001):p0.77:e[none];60:b(0.333,0.000):p0.76:e[none];63:b(0.332,0.000):p0.76:e[none]"
pairwise_contact_classifier,stress_sweep,4,2004,0.40,0,0.52812,0.04167,0.90625,0.22266,0.07812,0.00000,0.00000,0.01562,0.00000,0.00000,0.01562,0.60055,0.15030,13.82896,"0:b(0.041,-0.066):p0.00:e[none];10:b(0.274,-0.403):p0.60:e[pusher_block_a];20:b(0.280,-0.348):p0.61:e[pusher_block_a];30:b(0.278,-0.291):p0.61:e[pusher_block_a];40:b(0.276,-0.243):p0.60:e[pusher_block_a];50:b(0.275,-0.204):p0.60:e[pusher_block_a];60:b(0.275,-0.199):p0.60:e[pusher_block_a];63:b(0.275,-0.199):p0.60:e[pusher_block_a]"
ensemble_uncertainty_planner,stress_sweep,4,2004,0.40,0,0.10938,0.05729,0.17187,0.30664,0.25000,0.00000,0.00000,0.01562,0.00000,0.00000,0.01562,0.60733,0.16158,13.88482,"0:b(0.041,-0.066):p0.00:e[none];10:b(0.276,-0.405):p0.60:e[pusher_block_a];20:b(0.281,-0.334):p0.62:e[pusher_block_a];30:b(0.279,-0.262):p0.61:e[pusher_block_a];40:b(0.277,-0.202):p0.61:e[pusher_block_a];50:b(0.277,-0.204):p0.61:e[pusher_block_a];60:b(0.277,-0.209):p0.61:e[pusher_block_a];63:b(0.277,-0.210):p0.61:e[pusher_block_a]"
contact_implicit_mpc_baseline,stress_sweep,4,2004,0.40,0,0.93229,0.84375,0.98438,0.02148,0.82812,1.00000,0.00000,0.00000,0.00000,0.00000,0.01562,0.59116,0.27014,13.86569,"0:b(0.041,-0.066):p0.00:e[none];10:b(0.278,-0.408):p0.61:e[pusher_block_a,block_b_wall];20:b(0.276,-0.384):p0.60:e[pusher_block_a];30:b(0.274,-0.364):p0.60:e[pusher_block_a];40:b(0.273,-0.347):p0.60:e[pusher_block_a];50:b(0.272,-0.333):p0.59:e[pusher_block_a];60:b(0.271,-0.322):p0.59:e[pusher_block_a];63:b(0.271,-0.319):p0.59:e[pusher_block_a]"
topology_world_model,stress_sweep,4,2004,0.40,0,0.57812,0.04167,1.00000,0.19531,0.04688,0.00000,0.00000,0.00000,0.00000,0.00000,0.01562,0.59278,0.22322,14.01754,"0:b(0.041,-0.066):p0.00:e[none];10:b(0.279,-0.410):p0.61:e[pusher_block_a,block_b_wall];20:b(0.277,-0.373):p0.61:e[pusher_block_a];30:b(0.275,-0.341):p0.60:e[pusher_block_a];40:b(0.274,-0.316):p0.60:e[pusher_block_a];50:b(0.273,-0.294):p0.60:e[pusher_block_a];60:b(0.272,-0.277):p0.59:e[pusher_block_a];63:b(0.272,-0.272):p0.59:e[pusher_block_a]"
oracle_topology_planner,stress_sweep,4,2004,0.40,0,1.00000,1.00000,1.00000,0.00000,1.00000,0.00000,0.00000,0.96875,0.92188,0.00000,0.00000,0.81389,0.00010,8.97723,"0:b(0.041,-0.066):p0.00:e[none];10:b(0.358,-0.049):p0.81:e[pusher_block_a,block_a_block_b,block_b_pocket];20:b(0.358,-0.049):p0.81:e[pusher_block_a,block_a_block_b,block_b_pocket];30:b(0.358,-0.049):p0.81:e[pusher_block_a,block_a_block_b,block_b_pocket];40:b(0.358,-0.049):p0.81:e[pusher_block_a,block_a_block_b,block_b_pocket];50:b(0.358,-0.049):p0.81:e[pusher_block_a,block_a_block_b,block_b_pocket];60:b(0.358,-0.049):p0.81:e[pusher_block_a,block_a_block_b,block_b_pocket];63:b(0.358,-0.049):p0.81:e[pusher_block_a,block_a_block_b,block_b_pocket]"
pairwise_contact_classifier,stress_sweep,5,2000,0.40,0,0.42448,0.04688,0.13281,0.35742,0.04688,0.00000,0.85938,0.00000,0.00000,0.95312,0.00000,0.00000,0.02214,24.18926,"0:b(0.054,-0.020):p0.00:e[none];10:b(0.054,-0.020):p0.00:e[pusher_block_a,block_a_fixture];20:b(0.054,-0.020):p0.00:e[pusher_block_a,block_a_fixture];30:b(0.054,-0.020):p0.00:e[pusher_block_a,block_a_fixture];40:b(0.054,-0.020):p0.00:e[pusher_block_a,block_a_fixture];50:b(0.054,-0.020):p0.00:e[pusher_block_a,block_a_fixture];60:b(0.054,-0.020):p0.00:e[pusher_block_a,block_a_fixture];63:b(0.054,-0.020):p0.00:e[pusher_block_a,block_a_fixture]"
ensemble_uncertainty_planner,stress_sweep,5,2000,0.40,0,0.42865,0.03906,0.09896,0.35352,0.04688,0.00000,0.85938,0.00000,0.00000,0.93750,0.00000,0.00000,0.02214,24.09713,"0:b(0.054,-0.020):p0.00:e[none];10:b(0.054,-0.020):p0.00:e[pusher_block_a,block_a_fixture];20:b(0.054,-0.020):p0.00:e[pusher_block_a,block_a_fixture];30:b(0.054,-0.020):p0.00:e[pusher_block_a,block_a_fixture];40:b(0.054,-0.020):p0.00:e[pusher_block_a,block_a_fixture];50:b(0.054,-0.020):p0.00:e[pusher_block_a,block_a_fixture];60:b(0.054,-0.020):p0.00:e[pusher_block_a,block_a_fixture];63:b(0.054,-0.020):p0.00:e[pusher_block_a]"
contact_implicit_mpc_baseline,stress_sweep,5,2000,0.40,0,0.79375,0.06771,0.98438,0.12109,0.03125,1.00000,0.85938,0.00000,0.00000,0.95312,0.00000,0.00000,0.02214,24.22339,"0:b(0.054,-0.020):p0.00:e[none];10:b(0.054,-0.020):p0.00:e[pusher_block_a,block_a_fixture];20:b(0.054,-0.020):p0.00:e[pusher_block_a,block_a_fixture];30:b(0.054,-0.020):p0.00:e[pusher_block_a,block_a_fixture];40:b(0.054,-0.020):p0.00:e[pusher_block_a,block_a_fixture];50:b(0.054,-0.020):p0.00:e[pusher_block_a,block_a_fixture];60:b(0.054,-0.020):p0.00:e[pusher_block_a,block_a_fixture];63:b(0.054,-0.020):p0.00:e[pusher_block_a,block_a_fixture]"
topology_world_model,stress_sweep,5,2000,0.40,0,0.50208,0.06771,0.56250,0.26953,0.12500,0.00000,0.85938,0.01562,0.00000,0.50000,0.00000,0.00000,0.17873,20.80616,"0:b(0.054,-0.020):p0.00:e[none];10:b(0.054,-0.020):p0.00:e[pusher_block_a,block_a_fixture];20:b(0.027,-0.059):p0.00:e[pusher_block_a,block_a_fixture];30:b(-0.008,-0.109):p0.00:e[pusher_block_a,block_a_fixture];40:b(-0.037,-0.150):p0.00:e[pusher_block_a,block_a_fixture];50:b(-0.061,-0.185):p0.00:e[pusher_block_a];60:b(-0.081,-0.213):p0.00:e[pusher_block_a];63:b(-0.086,-0.221):p0.00:e[pusher_block_a]"
oracle_topology_planner,stress_sweep,5,2000,0.40,0,1.00000,1.00000,1.00000,0.00000,1.00000,1.00000,0.00000,0.04688,0.84375,0.01562,0.00000,0.82930,0.17138,15.48847,"0:b(0.054,-0.020):p0.00:e[none];10:b(0.357,-0.218):p0.81:e[pusher_block_a,pusher_block_b,block_b_pocket];20:b(0.358,-0.201):p0.81:e[pusher_block_a,pusher_block_b,block_b_pocket];30:b(0.357,-0.201):p0.81:e[pusher_block_a,pusher_block_b,block_b_pocket];40:b(0.357,-0.201):p0.81:e[pusher_block_a,pusher_block_b,block_b_pocket];50:b(0.357,-0.201):p0.81:e[pusher_block_a,block_b_pocket];60:b(0.361,-0.204):p0.82:e[pusher_block_b,block_b_pocket];63:b(0.366,-0.213):p0.83:e[pusher_block_b,block_b_pocket]"
pairwise_contact_classifier,stress_sweep,5,2001,0.40,0,0.67708,0.03125,1.00000,0.12109,0.03125,1.00000,0.00000,0.00000,0.00000,0.00000,0.00000,0.00000,0.00034,51.84497,"0:b(0.034,-0.034):p0.00:e[none];10:b(0.034,-0.034):p0.00:e[pusher_block_a];20:b(0.034,-0.034):p0.00:e[pusher_block_a];30:b(0.034,-0.034):p0.00:e[pusher_block_a];40:b(0.034,-0.034):p0.00:e[pusher_block_a];50:b(0.034,-0.034):p0.00:e[pusher_block_a];60:b(0.034,-0.034):p0.00:e[pusher_block_a];63:b(0.034,-0.034):p0.00:e[pusher_block_a]"
ensemble_uncertainty_planner,stress_sweep,5,2001,0.40,0,0.31250,0.05729,0.46354,0.22070,0.39062,0.00000,0.00000,0.00000,0.00000,0.01562,0.01562,0.61918,0.17944,29.48366,"0:b(0.034,-0.034):p0.00:e[none];10:b(0.034,-0.034):p0.00:e[pusher_block_a];20:b(0.034,-0.034):p0.00:e[pusher_block_a];30:b(0.291,-0.410):p0.65:e[pusher_block_a,block_b_wall];40:b(0.286,-0.338):p0.64:e[pusher_block_a];50:b(0.283,-0.277):p0.63:e[pusher_block_a];60:b(0.280,-0.227):p0.62:e[pusher_block_a];63:b(0.279,-0.214):p0.62:e[pusher_block_a]"
contact_implicit_mpc_baseline,stress_sweep,5,2001,0.40,0,0.68229,0.04688,1.00000,0.11914,0.04688,1.00000,0.00000,0.00000,0.00000,0.00000,0.00000,0.00000,0.00034,51.69674,"0:b(0.034,-0.034):p0.00:e[none];10:b(0.034,-0.034):p0.00:e[pusher_block_a];20:b(0.034,-0.034):p0.00:e[pusher_block_a];30:b(0.034,-0.034):p0.00:e[pusher_block_a];40:b(0.034,-0.034):p0.00:e[pusher_block_a];50:b(0.034,-0.034):p0.00:e[pusher_block_a];60:b(0.034,-0.034):p0.00:e[pusher_block_a];63:b(0.034,-0.034):p0.00:e[pusher_block_a]"
topology_world_model,stress_sweep,5,2001,0.40,0,0.42865,0.03125,0.11719,0.35352,0.04688,0.00000,0.84375,0.00000,0.00000,0.93750,0.00000,0.00000,0.00034,52.21451,"0:b(0.034,-0.034):p0.00:e[none];10:b(0.034,-0.034):p0.00:e[pusher_block_a,block_a_fixture];20:b(0.034,-0.034):p0.00:e[pusher_block_a,block_a_fixture];30:b(0.034,-0.034):p0.00:e[pusher_block_a,block_a_fixture];40:b(0.034,-0.034):p0.00:e[pusher_block_a,block_a_fixture];50:b(0.034,-0.034):p0.00:e[pusher_block_a,block_a_fixture];60:b(0.034,-0.034):p0.00:e[pusher_block_a,block_a_fixture];63:b(0.034,-0.034):p0.00:e[pusher_block_a,block_a_fixture]"
oracle_topology_planner,stress_sweep,5,2001,0.40,0,1.00000,1.00000,1.00000,0.00000,1.00000,0.00000,0.00000,0.96875,0.92188,0.00000,0.00000,0.81719,0.01130,7.26697,"0:b(0.034,-0.034):p0.00:e[none];10:b(0.358,-0.045):p0.82:e[pusher_block_a,block_a_block_b,block_b_pocket];20:b(0.358,-0.046):p0.82:e[pusher_block_a,block_a_block_b,block_b_pocket];30:b(0.358,-0.046):p0.82:e[pusher_block_a,block_a_block_b,block_b_pocket];40:b(0.358,-0.046):p0.82:e[pusher_block_a,block_a_block_b,block_b_pocket];50:b(0.358,-0.046):p0.82:e[pusher_block_a,block_a_block_b,block_b_pocket];60:b(0.358,-0.046):p0.82:e[pusher_block_a,block_a_block_b,block_b_pocket];63:b(0.358,-0.046):p0.82:e[pusher_block_a,block_a_block_b,block_b_pocket]"
pairwise_contact_classifier,stress_sweep,5,2002,0.40,0,0.64062,0.05729,0.07031,0.25586,0.90625,0.88462,0.00000,0.96875,0.93750,0.00000,0.00000,0.81438,0.02270,11.10057,"0:b(0.040,-0.039):p0.00:e[none];10:b(0.358,-0.040):p0.81:e[pusher_block_a,block_a_block_b,block_b_pocket];20:b(0.358,-0.040):p0.81:e[pusher_block_a,block_a_block_b,block_b_pocket];30:b(0.358,-0.040):p0.81:e[pusher_block_a,block_a_block_b,block_b_pocket];40:b(0.358,-0.040):p0.81:e[pusher_block_a,block_a_block_b,block_b_pocket];50:b(0.358,-0.040):p0.81:e[pusher_block_a,block_a_block_b,block_b_pocket];60:b(0.358,-0.040):p0.81:e[pusher_block_a,block_a_block_b,block_b_pocket];63:b(0.358,-0.040):p0.81:e[pusher_block_a,block_a_block_b,block_b_pocket]"
ensemble_uncertainty_planner,stress_sweep,5,2002,0.40,0,0.04531,0.04167,0.07969,0.47656,0.04688,0.00000,0.00000,0.96875,0.93750,0.00000,0.00000,0.81438,0.02077,11.11075,"0:b(0.040,-0.039):p0.00:e[none];10:b(0.358,-0.038):p0.81:e[pusher_block_a,block_a_block_b,block_b_pocket];20:b(0.358,-0.038):p0.81:e[pusher_block_a,block_a_block_b,block_b_pocket];30:b(0.358,-0.038):p0.81:e[pusher_block_a,block_a_block_b,block_b_pocket];40:b(0.358,-0.038):p0.81:e[pusher_block_a,block_a_block_b,block_b_pocket];50:b(0.358,-0.038):p0.81:e[pusher_block_a,block_a_block_b,block_b_pocket];60:b(0.358,-0.038):p0.81:e[pusher_block_a,block_a_block_b,block_b_pocket];63:b(0.358,-0.038):p0.81:e[pusher_block_a,block_a_block_b,block_b_pocket]"
contact_implicit_mpc_baseline,stress_sweep,5,2002,0.40,0,0.98646,0.95312,1.00000,0.00781,0.96875,0.00000,0.00000,0.96875,0.93750,0.00000,0.00000,0.81437,0.02251,11.13773,"0:b(0.040,-0.039):p0.00:e[none];10:b(0.358,-0.040):p0.81:e[pusher_block_a,block_a_block_b,block_b_pocket];20:b(0.358,-0.040):p0.81:e[pusher_block_a,block_a_block_b,block_b_pocket];30:b(0.358,-0.040):p0.81:e[pusher_block_a,block_a_block_b,block_b_pocket];40:b(0.358,-0.040):p0.81:e[pusher_block_a,block_a_block_b,block_b_pocket];50:b(0.358,-0.040):p0.81:e[pusher_block_a,block_a_block_b,block_b_pocket];60:b(0.358,-0.040):p0.81:e[pusher_block_a,block_a_block_b,block_b_pocket];63:b(0.358,-0.040):p0.81:e[pusher_block_a,block_a_block_b,block_b_pocket]"
topology_world_model,stress_sweep,5,2002,0.40,0,0.65937,0.03125,0.10937,0.24805,0.95312,0.89320,0.00000,0.96875,0.93750,0.00000,0.00000,0.81438,0.01994,11.16731,"0:b(0.040,-0.039):p0.00:e[none];10:b(0.358,-0.037):p0.81:e[pusher_block_a,block_a_block_b,block_b_pocket];20:b(0.358,-0.037):p0.81:e[pusher_block_a,block_a_block_b,block_b_pocket];30:b(0.358,-0.037):p0.81:e[pusher_block_a,block_a_block_b,block_b_pocket];40:b(0.358,-0.037):p0.81:e[pusher_block_a,block_a_block_b,block_b_pocket];50:b(0.358,-0.037):p0.81:e[pusher_block_a,block_a_block_b,block_b_pocket];60:b(0.358,-0.037):p0.81:e[pusher_block_a,block_a_block_b,block_b_pocket];63:b(0.358,-0.037):p0.81:e[pusher_block_a,block_a_block_b,block_b_pocket]"
oracle_topology_planner,stress_sweep,5,2002,0.40,0,1.00000,1.00000,1.00000,0.00000,1.00000,1.00000,0.00000,0.12500,0.14062,0.00000,0.01562,0.76712,0.00365,11.64304,"0:b(0.040,-0.039):p0.00:e[none];10:b(0.357,-0.016):p0.81:e[block_a_block_b];20:b(0.354,-0.013):p0.81:e[block_a_wall];30:b(0.349,-0.013):p0.79:e[none];40:b(0.346,-0.013):p0.78:e[none];50:b(0.342,-0.014):p0.78:e[none];60:b(0.340,-0.014):p0.77:e[none];63:b(0.339,-0.014):p0.77:e[none]"
pairwise_contact_classifier,stress_sweep,5,2003,0.40,0,0.65052,0.08854,0.07031,0.25000,0.95312,0.88462,0.00000,0.96875,0.92188,0.00000,0.00000,0.81951,0.00333,11.60463,"0:b(0.029,-0.060):p0.00:e[none];10:b(0.358,-0.059):p0.82:e[pusher_block_a,block_a_block_b,block_b_pocket];20:b(0.358,-0.059):p0.82:e[pusher_block_a,block_a_block_b,block_b_pocket];30:b(0.358,-0.059):p0.82:e[pusher_block_a,block_a_block_b,block_b_pocket];40:b(0.358,-0.059):p0.82:e[pusher_block_a,block_a_block_b,block_b_pocket];50:b(0.358,-0.059):p0.82:e[pusher_block_a,block_a_block_b,block_b_pocket];60:b(0.358,-0.059):p0.82:e[pusher_block_a,block_a_block_b,block_b_pocket];63:b(0.358,-0.059):p0.82:e[pusher_block_a,block_a_block_b,block_b_pocket]"
ensemble_uncertainty_planner,stress_sweep,5,2003,0.40,1,0.34000,0.08000,0.14000,0.36000,0.12000,0.45455,0.00000,0.92000,0.80000,0.00000,0.00000,0.88494,0.01294,11.90629,"0:b(0.029,-0.060):p0.00:e[none];10:b(0.358,-0.062):p0.82:e[pusher_block_a,block_a_block_b,block_b_pocket];20:b(0.358,-0.064):p0.82:e[pusher_block_a,block_a_block_b,block_b_pocket]"
contact_implicit_mpc_baseline,stress_sweep,5,2003,0.40,0,0.97917,0.96875,1.00000,0.00391,0.96875,0.00000,0.00000,0.96875,0.92188,0.00000,0.00000,0.81951,0.00397,11.61925,"0:b(0.029,-0.060):p0.00:e[none];10:b(0.358,-0.060):p0.82:e[pusher_block_a,block_a_block_b,block_b_pocket];20:b(0.358,-0.060):p0.82:e[pusher_block_a,block_a_block_b,block_b_pocket];30:b(0.358,-0.060):p0.82:e[pusher_block_a,block_a_block_b,block_b_pocket];40:b(0.358,-0.060):p0.82:e[pusher_block_a,block_a_block_b,block_b_pocket];50:b(0.358,-0.060):p0.82:e[pusher_block_a,block_a_block_b,block_b_pocket];60:b(0.358,-0.060):p0.82:e[pusher_block_a,block_a_block_b,block_b_pocket];63:b(0.358,-0.060):p0.82:e[pusher_block_a,block_a_block_b,block_b_pocket]"
topology_world_model,stress_sweep,5,2003,0.40,0,0.66094,0.03125,0.08021,0.24609,0.96875,0.87379,0.00000,0.96875,0.92188,0.00000,0.00000,0.81951,0.00411,11.67369,"0:b(0.029,-0.060):p0.00:e[none];10:b(0.358,-0.060):p0.82:e[pusher_block_a,block_a_block_b,block_b_pocket];20:b(0.358,-0.060):p0.82:e[pusher_block_a,block_a_block_b,block_b_pocket];30:b(0.358,-0.060):p0.82:e[pusher_block_a,block_a_block_b,block_b_pocket];40:b(0.358,-0.060):p0.82:e[pusher_block_a,block_a_block_b,block_b_pocket];50:b(0.358,-0.060):p0.82:e[pusher_block_a,block_a_block_b,block_b_pocket];60:b(0.358,-0.060):p0.82:e[pusher_block_a,block_a_block_b,block_b_pocket];63:b(0.358,-0.060):p0.82:e[pusher_block_a,block_a_block_b,block_b_pocket]"
oracle_topology_planner,stress_sweep,5,2003,0.40,0,1.00000,1.00000,1.00000,0.00000,1.00000,0.00000,0.00000,0.96875,0.92188,0.00000,0.00000,0.81951,0.00025,9.09944,"0:b(0.029,-0.060):p0.00:e[none];10:b(0.358,-0.055):p0.82:e[pusher_block_a,block_a_block_b,block_b_pocket];20:b(0.358,-0.056):p0.82:e[pusher_block_a,block_a_block_b,block_b_pocket];30:b(0.358,-0.056):p0.82:e[pusher_block_a,block_a_block_b,block_b_pocket];40:b(0.358,-0.056):p0.82:e[pusher_block_a,block_a_block_b,block_b_pocket];50:b(0.358,-0.056):p0.82:e[pusher_block_a,block_a_block_b,block_b_pocket];60:b(0.358,-0.056):p0.82:e[pusher_block_a,block_a_block_b,block_b_pocket];63:b(0.358,-0.056):p0.82:e[pusher_block_a,block_a_block_b,block_b_pocket]"
pairwise_contact_classifier,stress_sweep,5,2004,0.40,0,0.64479,0.03125,0.10938,0.25195,0.90625,0.88462,0.00000,0.95312,0.92188,0.00000,0.00000,0.81506,0.04302,11.06961,"0:b(0.039,0.001):p0.00:e[none];10:b(0.358,-0.039):p0.82:e[pusher_block_a,block_a_block_b,block_b_pocket];20:b(0.358,-0.039):p0.82:e[pusher_block_a,block_a_block_b,block_b_pocket];30:b(0.358,-0.039):p0.82:e[pusher_block_a,block_a_block_b,block_b_pocket];40:b(0.358,-0.039):p0.82:e[pusher_block_a,block_a_block_b,block_b_pocket];50:b(0.358,-0.039):p0.82:e[pusher_block_a,block_a_block_b,block_b_pocket];60:b(0.358,-0.039):p0.82:e[pusher_block_a,block_a_block_b,block_b_pocket];63:b(0.358,-0.039):p0.82:e[pusher_block_a,block_a_block_b,block_b_pocket]"
ensemble_uncertainty_planner,stress_sweep,5,2004,0.40,0,0.40156,0.04688,0.07292,0.36133,0.06250,0.88462,0.00000,0.95312,0.92188,0.00000,0.00000,0.81506,0.04263,11.02344,"0:b(0.039,0.001):p0.00:e[none];10:b(0.358,-0.039):p0.82:e[pusher_block_a,block_a_block_b,block_b_pocket];20:b(0.358,-0.039):p0.82:e[pusher_block_a,block_a_block_b,block_b_pocket];30:b(0.358,-0.039):p0.82:e[pusher_block_a,block_a_block_b,block_b_pocket];40:b(0.358,-0.039):p0.82:e[pusher_block_a,block_a_block_b,block_b_pocket];50:b(0.358,-0.039):p0.82:e[pusher_block_a,block_a_block_b,block_b_pocket];60:b(0.358,-0.039):p0.82:e[pusher_block_a,block_a_block_b,block_b_pocket];63:b(0.358,-0.039):p0.82:e[pusher_block_a,block_a_block_b,block_b_pocket]"
contact_implicit_mpc_baseline,stress_sweep,5,2004,0.40,0,0.96823,0.94792,0.98438,0.00977,0.93750,0.00000,0.00000,0.95312,0.92188,0.00000,0.00000,0.81506,0.04094,11.01761,"0:b(0.039,0.001):p0.00:e[none];10:b(0.358,-0.037):p0.82:e[pusher_block_a,block_a_block_b,block_b_pocket];20:b(0.358,-0.037):p0.82:e[pusher_block_a,block_a_block_b,block_b_pocket];30:b(0.358,-0.037):p0.82:e[pusher_block_a,block_a_block_b,block_b_pocket];40:b(0.358,-0.037):p0.82:e[pusher_block_a,block_a_block_b,block_b_pocket];50:b(0.358,-0.037):p0.82:e[pusher_block_a,block_a_block_b,block_b_pocket];60:b(0.358,-0.037):p0.82:e[pusher_block_a,block_a_block_b,block_b_pocket];63:b(0.358,-0.037):p0.82:e[pusher_block_a,block_a_block_b,block_b_pocket]"
topology_world_model,stress_sweep,5,2004,0.40,0,0.66771,0.06250,0.10938,0.24219,0.96875,0.88462,0.00000,0.95312,0.92188,0.00000,0.00000,0.81506,0.04361,11.07766,"0:b(0.039,0.001):p0.00:e[none];10:b(0.358,-0.040):p0.82:e[pusher_block_a,block_a_block_b,block_b_pocket];20:b(0.358,-0.040):p0.82:e[pusher_block_a,block_a_block_b,block_b_pocket];30:b(0.358,-0.040):p0.82:e[pusher_block_a,block_a_block_b,block_b_pocket];40:b(0.358,-0.040):p0.82:e[pusher_block_a,block_a_block_b,block_b_pocket];50:b(0.358,-0.040):p0.82:e[pusher_block_a,block_a_block_b,block_b_pocket];60:b(0.358,-0.040):p0.82:e[pusher_block_a,block_a_block_b,block_b_pocket];63:b(0.358,-0.040):p0.82:e[pusher_block_a,block_a_block_b,block_b_pocket]"
oracle_topology_planner,stress_sweep,5,2004,0.40,0,1.00000,1.00000,1.00000,0.00000,1.00000,0.00000,0.00000,0.96875,0.92188,0.00000,0.00000,0.81506,0.00015,7.81790,"0:b(0.039,0.001):p0.00:e[none];10:b(0.358,0.004):p0.82:e[pusher_block_a,block_a_block_b,block_b_pocket];20:b(0.358,0.004):p0.82:e[pusher_block_a,block_a_block_b,block_b_pocket];30:b(0.358,0.004):p0.82:e[pusher_block_a,block_a_block_b,block_b_pocket];40:b(0.358,0.004):p0.82:e[pusher_block_a,block_a_block_b,block_b_pocket];50:b(0.358,0.004):p0.82:e[pusher_block_a,block_a_block_b,block_b_pocket];60:b(0.358,0.004):p0.82:e[pusher_block_a,block_a_block_b,block_b_pocket];63:b(0.358,0.004):p0.82:e[pusher_block_a,block_a_block_b,block_b_pocket]"
pairwise_contact_classifier,stress_sweep,6,2000,0.40,0,0.64844,0.04688,0.10417,0.25195,0.92188,0.88462,0.00000,0.96875,0.92188,0.00000,0.00000,0.81739,0.02179,11.77631,"0:b(0.034,-0.031):p0.00:e[none];10:b(0.358,-0.031):p0.82:e[pusher_block_a,block_a_block_b,block_b_pocket];20:b(0.358,-0.031):p0.82:e[pusher_block_a,block_a_block_b,block_b_pocket];30:b(0.358,-0.031):p0.82:e[pusher_block_a,block_a_block_b,block_b_pocket];40:b(0.358,-0.031):p0.82:e[pusher_block_a,block_a_block_b,block_b_pocket];50:b(0.358,-0.031):p0.82:e[pusher_block_a,block_a_block_b,block_b_pocket];60:b(0.358,-0.031):p0.82:e[pusher_block_a,block_a_block_b,block_b_pocket];63:b(0.358,-0.031):p0.82:e[pusher_block_a,block_a_block_b,block_b_pocket]"
ensemble_uncertainty_planner,stress_sweep,6,2000,0.40,0,0.07187,0.04167,0.05937,0.46680,0.06250,0.00000,0.00000,0.96875,0.92188,0.00000,0.00000,0.81738,0.02383,11.75487,"0:b(0.034,-0.031):p0.00:e[none];10:b(0.358,-0.033):p0.82:e[pusher_block_a,block_a_block_b,block_b_pocket];20:b(0.358,-0.033):p0.82:e[pusher_block_a,block_a_block_b,block_b_pocket];30:b(0.358,-0.033):p0.82:e[pusher_block_a,block_a_block_b,block_b_pocket];40:b(0.358,-0.033):p0.82:e[pusher_block_a,block_a_block_b,block_b_pocket];50:b(0.358,-0.033):p0.82:e[pusher_block_a,block_a_block_b,block_b_pocket];60:b(0.358,-0.033):p0.82:e[pusher_block_a,block_a_block_b,block_b_pocket];63:b(0.358,-0.033):p0.82:e[pusher_block_a,block_a_block_b,block_b_pocket]"
contact_implicit_mpc_baseline,stress_sweep,6,2000,0.40,0,0.99479,0.98438,1.00000,0.00195,0.98438,0.00000,0.00000,0.96875,0.92188,0.00000,0.00000,0.81739,0.02246,11.73103,"0:b(0.034,-0.031):p0.00:e[none];10:b(0.358,-0.032):p0.82:e[pusher_block_a,block_a_block_b,block_b_pocket];20:b(0.358,-0.032):p0.82:e[pusher_block_a,block_a_block_b,block_b_pocket];30:b(0.358,-0.032):p0.82:e[pusher_block_a,block_a_block_b,block_b_pocket];40:b(0.358,-0.032):p0.82:e[pusher_block_a,block_a_block_b,block_b_pocket];50:b(0.358,-0.032):p0.82:e[pusher_block_a,block_a_block_b,block_b_pocket];60:b(0.358,-0.032):p0.82:e[pusher_block_a,block_a_block_b,block_b_pocket];63:b(0.358,-0.032):p0.82:e[pusher_block_a,block_a_block_b,block_b_pocket]"
topology_world_model,stress_sweep,6,2000,0.40,0,0.66094,0.05729,0.10417,0.24609,0.96875,0.87379,0.00000,0.96875,0.92188,0.00000,0.00000,0.81739,0.02005,11.81307,"0:b(0.034,-0.031):p0.00:e[none];10:b(0.358,-0.029):p0.82:e[pusher_block_a,block_a_block_b,block_b_pocket];20:b(0.358,-0.029):p0.82:e[pusher_block_a,block_a_block_b,block_b_pocket];30:b(0.358,-0.029):p0.82:e[pusher_block_a,block_a_block_b,block_b_pocket];40:b(0.358,-0.029):p0.82:e[pusher_block_a,block_a_block_b,block_b_pocket];50:b(0.358,-0.029):p0.82:e[pusher_block_a,block_a_block_b,block_b_pocket];60:b(0.358,-0.029):p0.82:e[pusher_block_a,block_a_block_b,block_b_pocket];63:b(0.358,-0.029):p0.82:e[pusher_block_a,block_a_block_b,block_b_pocket]"
oracle_topology_planner,stress_sweep,6,2000,0.40,0,1.00000,1.00000,1.00000,0.00000,1.00000,1.00000,0.00000,0.20312,0.14062,0.00000,0.00000,0.39426,0.06770,11.51191,"0:b(0.034,-0.031):p0.00:e[none];10:b(0.358,-0.009):p0.82:e[pusher_block_a,block_a_block_b,block_b_pocket];20:b(0.310,0.039):p0.70:e[none];30:b(0.251,0.075):p0.55:e[none];40:b(0.217,0.085):p0.46:e[none];50:b(0.204,0.072):p0.43:e[none];60:b(0.193,0.061):p0.40:e[none];63:b(0.190,0.059):p0.39:e[none]"
pairwise_contact_classifier,stress_sweep,6,2001,0.40,0,0.51667,0.03125,0.10417,0.24219,0.96875,1.00000,0.85938,0.00000,0.00000,0.95312,0.01562,0.59511,0.18715,38.83554,"0:b(0.019,-0.027):p0.00:e[none];10:b(0.274,-0.414):p0.62:e[pusher_block_a,block_a_fixture,block_b_wall];20:b(0.271,-0.348):p0.61:e[pusher_block_a,block_a_fixture];30:b(0.269,-0.294):p0.61:e[pusher_block_a,block_a_fixture];40:b(0.267,-0.249):p0.60:e[pusher_block_a,block_a_fixture];50:b(0.265,-0.212):p0.60:e[pusher_block_a,block_a_fixture];60:b(0.264,-0.181):p0.60:e[pusher_block_a,block_a_fixture];63:b(0.264,-0.173):p0.60:e[pusher_block_a,block_a_fixture]"
ensemble_uncertainty_planner,stress_sweep,6,2001,0.40,0,0.43750,0.32292,0.39062,0.21484,0.46875,0.00000,0.59375,0.01562,0.00000,0.20312,0.03125,0.59950,0.18470,20.79447,"0:b(0.019,-0.027):p0.00:e[none];10:b(0.275,-0.415):p0.62:e[pusher_block_a,block_b_wall];20:b(0.272,-0.338):p0.62:e[pusher_block_a];30:b(0.270,-0.274):p0.61:e[pusher_block_a,block_a_fixture];40:b(0.268,-0.220):p0.60:e[pusher_block_a];50:b(0.266,-0.176):p0.60:e[pusher_block_a];60:b(0.266,-0.169):p0.60:e[pusher_block_a];63:b(0.265,-0.171):p0.60:e[pusher_block_a]"
contact_implicit_mpc_baseline,stress_sweep,6,2001,0.40,0,0.96562,0.91667,0.98438,0.01367,0.89062,1.00000,0.85938,0.00000,0.00000,0.95312,0.01562,0.59513,0.18662,38.79233,"0:b(0.019,-0.027):p0.00:e[none];10:b(0.274,-0.414):p0.62:e[pusher_block_a,block_a_fixture,block_b_wall];20:b(0.271,-0.348):p0.61:e[pusher_block_a,block_a_fixture];30:b(0.269,-0.294):p0.61:e[pusher_block_a,block_a_fixture];40:b(0.267,-0.249):p0.60:e[pusher_block_a,block_a_fixture];50:b(0.265,-0.212):p0.60:e[pusher_block_a,block_a_fixture];60:b(0.264,-0.181):p0.60:e[pusher_block_a,block_a_fixture];63:b(0.264,-0.173):p0.60:e[pusher_block_a,block_a_fixture]"
topology_world_model,stress_sweep,6,2001,0.40,0,0.51510,0.04167,0.13021,0.24414,0.95312,1.00000,0.85938,0.00000,0.00000,0.95312,0.03125,0.59947,0.04991,38.83409,"0:b(0.019,-0.027):p0.00:e[none];10:b(0.277,-0.419):p0.63:e[pusher_block_a,block_a_fixture,block_b_wall];20:b(0.274,-0.315):p0.62:e[pusher_block_a,block_a_fixture];30:b(0.271,-0.229):p0.61:e[pusher_block_a,block_a_fixture];40:b(0.269,-0.157):p0.61:e[pusher_block_a,block_a_fixture];50:b(0.267,-0.098):p0.60:e[pusher_block_a,block_a_fixture];60:b(0.266,-0.049):p0.60:e[pusher_block_a,block_a_fixture];63:b(0.265,-0.036):p0.60:e[pusher_block_a,block_a_fixture]"
oracle_topology_planner,stress_sweep,6,2001,0.40,0,1.00000,1.00000,1.00000,0.00000,1.00000,1.00000,0.00000,0.04688,0.90625,0.00000,0.01562,0.82362,0.00007,6.56959,"0:b(0.019,-0.027):p0.00:e[none];10:b(0.358,0.014):p0.82:e[pusher_block_b,block_b_pocket];20:b(0.358,0.014):p0.82:e[pusher_block_b,block_b_pocket];30:b(0.358,0.014):p0.82:e[pusher_block_b,block_b_pocket];40:b(0.358,0.014):p0.82:e[pusher_block_b,block_b_pocket];50:b(0.358,0.014):p0.82:e[pusher_block_b,block_b_pocket];60:b(0.358,0.014):p0.82:e[pusher_block_b,block_b_pocket];63:b(0.358,0.014):p0.82:e[pusher_block_b,block_b_pocket]"
pairwise_contact_classifier,stress_sweep,6,2002,0.40,0,0.63333,0.04167,0.10156,0.25195,0.90625,0.88462,0.00000,0.95312,0.92188,0.00000,0.00000,0.80626,0.04728,9.50646,"0:b(0.056,-0.023):p0.00:e[none];10:b(0.358,-0.065):p0.81:e[pusher_block_a,block_a_block_b,block_b_pocket];20:b(0.358,-0.065):p0.81:e[pusher_block_a,block_a_block_b,block_b_pocket];30:b(0.358,-0.065):p0.81:e[pusher_block_a,block_a_block_b,block_b_pocket];40:b(0.358,-0.065):p0.81:e[pusher_block_a,block_a_block_b,block_b_pocket];50:b(0.358,-0.065):p0.81:e[pusher_block_a,block_a_block_b,block_b_pocket];60:b(0.358,-0.065):p0.81:e[pusher_block_a,block_a_block_b,block_b_pocket];63:b(0.358,-0.065):p0.81:e[pusher_block_a,block_a_block_b,block_b_pocket]"
ensemble_uncertainty_planner,stress_sweep,6,2002,0.40,0,0.37969,0.04688,0.07031,0.36914,0.06250,0.81633,0.00000,0.95312,0.92188,0.00000,0.00000,0.80620,0.04938,9.66030,"0:b(0.056,-0.023):p0.00:e[none];10:b(0.358,-0.064):p0.81:e[pusher_block_a,block_a_block_b,block_b_pocket];20:b(0.358,-0.064):p0.81:e[pusher_block_a,block_a_block_b,block_b_pocket];30:b(0.358,-0.064):p0.81:e[pusher_block_a,block_a_block_b,block_b_pocket];40:b(0.358,-0.064):p0.81:e[pusher_block_a,block_a_block_b,block_b_pocket];50:b(0.358,-0.064):p0.81:e[pusher_block_a,block_a_block_b,block_b_pocket];60:b(0.357,-0.066):p0.81:e[pusher_block_a,block_a_block_b,block_b_pocket];63:b(0.358,-0.067):p0.81:e[pusher_block_a,block_a_block_b,block_b_pocket]"
contact_implicit_mpc_baseline,stress_sweep,6,2002,0.40,0,0.96771,0.94792,0.98438,0.00977,0.92188,0.00000,0.00000,0.95312,0.92188,0.00000,0.00000,0.80625,0.04686,9.53185,"0:b(0.056,-0.023):p0.00:e[none];10:b(0.358,-0.064):p0.81:e[pusher_block_a,block_a_block_b,block_b_pocket];20:b(0.358,-0.064):p0.81:e[pusher_block_a,block_a_block_b,block_b_pocket];30:b(0.358,-0.064):p0.81:e[pusher_block_a,block_a_block_b,block_b_pocket];40:b(0.358,-0.064):p0.81:e[pusher_block_a,block_a_block_b,block_b_pocket];50:b(0.358,-0.064):p0.81:e[pusher_block_a,block_a_block_b,block_b_pocket];60:b(0.358,-0.064):p0.81:e[pusher_block_a,block_a_block_b,block_b_pocket];63:b(0.358,-0.064):p0.81:e[pusher_block_a,block_a_block_b,block_b_pocket]"
topology_world_model,stress_sweep,6,2002,0.40,0,0.66771,0.04688,0.11458,0.24219,0.96875,0.88462,0.00000,0.95312,0.92188,0.00000,0.00000,0.80625,0.04818,9.57871,"0:b(0.056,-0.023):p0.00:e[none];10:b(0.358,-0.066):p0.81:e[pusher_block_a,block_a_block_b,block_b_pocket];20:b(0.358,-0.066):p0.81:e[pusher_block_a,block_a_block_b,block_b_pocket];30:b(0.358,-0.066):p0.81:e[pusher_block_a,block_a_block_b,block_b_pocket];40:b(0.358,-0.066):p0.81:e[pusher_block_a,block_a_block_b,block_b_pocket];50:b(0.358,-0.066):p0.81:e[pusher_block_a,block_a_block_b,block_b_pocket];60:b(0.358,-0.066):p0.81:e[pusher_block_a,block_a_block_b,block_b_pocket];63:b(0.358,-0.066):p0.81:e[pusher_block_a,block_a_block_b,block_b_pocket]"
oracle_topology_planner,stress_sweep,6,2002,0.40,1,1.00000,1.00000,1.00000,0.00000,1.00000,0.00000,0.00000,0.90000,0.75000,0.00000,0.00000,0.82838,0.03210,10.64894,"0:b(0.056,-0.023):p0.00:e[none];10:b(0.360,-0.046):p0.81:e[pusher_block_a,block_a_block_b,block_b_pocket]"
pairwise_contact_classifier,stress_sweep,6,2003,0.40,0,0.42448,0.03906,0.09896,0.35742,0.04688,0.00000,0.85938,0.00000,0.00000,0.95312,0.00000,0.00000,0.06413,7.04617,"0:b(0.032,-0.066):p0.00:e[none];10:b(0.032,-0.066):p0.00:e[pusher_block_a,block_a_fixture];20:b(0.032,-0.066):p0.00:e[pusher_block_a,block_a_fixture];30:b(0.032,-0.066):p0.00:e[pusher_block_a,block_a_fixture];40:b(0.032,-0.066):p0.00:e[pusher_block_a,block_a_fixture];50:b(0.032,-0.066):p0.00:e[pusher_block_a,block_a_fixture];60:b(0.032,-0.066):p0.00:e[pusher_block_a,block_a_fixture];63:b(0.032,-0.066):p0.00:e[pusher_block_a,block_a_fixture]"
ensemble_uncertainty_planner,stress_sweep,6,2003,0.40,0,0.41823,0.03906,0.10938,0.35547,0.06250,0.00000,0.85938,0.00000,0.00000,0.95312,0.00000,0.00000,0.06413,8.11895,"0:b(0.032,-0.066):p0.00:e[none];10:b(0.032,-0.066):p0.00:e[pusher_block_a,block_a_fixture];20:b(0.032,-0.066):p0.00:e[pusher_block_a,block_a_fixture];30:b(0.032,-0.066):p0.00:e[pusher_block_a,block_a_fixture];40:b(0.032,-0.066):p0.00:e[pusher_block_a,block_a_fixture];50:b(0.032,-0.066):p0.00:e[pusher_block_a,block_a_fixture];60:b(0.032,-0.066):p0.00:e[pusher_block_a,block_a_fixture];63:b(0.032,-0.066):p0.00:e[pusher_block_a,block_a_fixture]"
contact_implicit_mpc_baseline,stress_sweep,6,2003,0.40,0,0.79375,0.08854,0.99479,0.12109,0.03125,1.00000,0.85938,0.00000,0.00000,0.95312,0.00000,0.00000,0.06413,7.00763,"0:b(0.032,-0.066):p0.00:e[none];10:b(0.032,-0.066):p0.00:e[pusher_block_a,block_a_fixture];20:b(0.032,-0.066):p0.00:e[pusher_block_a,block_a_fixture];30:b(0.032,-0.066):p0.00:e[pusher_block_a,block_a_fixture];40:b(0.032,-0.066):p0.00:e[pusher_block_a,block_a_fixture];50:b(0.032,-0.066):p0.00:e[pusher_block_a,block_a_fixture];60:b(0.032,-0.066):p0.00:e[pusher_block_a,block_a_fixture];63:b(0.032,-0.066):p0.00:e[pusher_block_a,block_a_fixture]"
topology_world_model,stress_sweep,6,2003,0.40,0,0.42448,0.05469,0.08333,0.35742,0.04688,0.00000,0.85938,0.00000,0.00000,0.95312,0.00000,0.00000,0.06413,7.03504,"0:b(0.032,-0.066):p0.00:e[none];10:b(0.032,-0.066):p0.00:e[pusher_block_a,block_a_fixture];20:b(0.032,-0.066):p0.00:e[pusher_block_a,block_a_fixture];30:b(0.032,-0.066):p0.00:e[pusher_block_a,block_a_fixture];40:b(0.032,-0.066):p0.00:e[pusher_block_a,block_a_fixture];50:b(0.032,-0.066):p0.00:e[pusher_block_a,block_a_fixture];60:b(0.032,-0.066):p0.00:e[pusher_block_a,block_a_fixture];63:b(0.032,-0.066):p0.00:e[pusher_block_a,block_a_fixture]"
oracle_topology_planner,stress_sweep,6,2003,0.40,0,1.00000,1.00000,1.00000,0.00000,1.00000,0.00000,0.00000,0.96875,0.92188,0.00000,0.00000,0.81753,0.04592,8.58475,"0:b(0.032,-0.066):p0.00:e[none];10:b(0.358,-0.048):p0.82:e[pusher_block_a,block_a_block_b,block_b_pocket];20:b(0.357,-0.047):p0.82:e[pusher_block_a,block_a_block_b,block_b_pocket];30:b(0.358,-0.048):p0.82:e[pusher_block_a,block_a_block_b,block_b_pocket];40:b(0.358,-0.048):p0.82:e[pusher_block_a,block_a_block_b,block_b_pocket];50:b(0.358,-0.048):p0.82:e[pusher_block_a,block_a_block_b,block_b_pocket];60:b(0.358,-0.048):p0.82:e[pusher_block_a,block_a_block_b,block_b_pocket];63:b(0.357,-0.048):p0.82:e[pusher_block_a,block_a_block_b,block_b_pocket]"
pairwise_contact_classifier,stress_sweep,6,2004,0.40,0,0.50260,0.03906,0.96875,0.24219,0.06250,0.00000,0.00000,0.01562,0.00000,0.00000,0.00000,0.00000,0.05077,11.22942,"0:b(0.040,-0.058):p0.00:e[none];10:b(0.040,-0.058):p0.00:e[pusher_block_a];20:b(0.040,-0.058):p0.00:e[pusher_block_a];30:b(0.040,-0.058):p0.00:e[pusher_block_a];40:b(0.040,-0.058):p0.00:e[pusher_block_a];50:b(0.040,-0.058):p0.00:e[pusher_block_a];60:b(0.040,-0.058):p0.00:e[pusher_block_a];63:b(0.040,-0.058):p0.00:e[pusher_block_a]"
ensemble_uncertainty_planner,stress_sweep,6,2004,0.40,0,0.50260,0.03906,0.96354,0.24023,0.07812,0.00000,0.00000,0.01562,0.00000,0.00000,0.00000,0.00000,0.05077,11.22530,"0:b(0.040,-0.058):p0.00:e[none];10:b(0.040,-0.058):p0.00:e[pusher_block_a];20:b(0.040,-0.058):p0.00:e[pusher_block_a];30:b(0.040,-0.058):p0.00:e[pusher_block_a];40:b(0.040,-0.058):p0.00:e[pusher_block_a];50:b(0.040,-0.058):p0.00:e[pusher_block_a];60:b(0.040,-0.058):p0.00:e[pusher_block_a];63:b(0.040,-0.058):p0.00:e[pusher_block_a]"
contact_implicit_mpc_baseline,stress_sweep,6,2004,0.40,0,0.96875,0.95312,0.98438,0.00977,0.96875,1.00000,0.00000,0.01562,0.00000,0.00000,0.00000,0.00000,0.05077,11.20015,"0:b(0.040,-0.058):p0.00:e[none];10:b(0.040,-0.058):p0.00:e[pusher_block_a];20:b(0.040,-0.058):p0.00:e[pusher_block_a];30:b(0.040,-0.058):p0.00:e[pusher_block_a];40:b(0.040,-0.058):p0.00:e[pusher_block_a];50:b(0.040,-0.058):p0.00:e[pusher_block_a];60:b(0.040,-0.058):p0.00:e[pusher_block_a];63:b(0.040,-0.058):p0.00:e[pusher_block_a]"
topology_world_model,stress_sweep,6,2004,0.40,0,0.52083,0.03125,0.98438,0.23828,0.04688,0.00000,0.00000,0.01562,0.00000,0.00000,0.00000,0.00000,0.05077,11.18004,"0:b(0.040,-0.058):p0.00:e[none];10:b(0.040,-0.058):p0.00:e[pusher_block_a];20:b(0.040,-0.058):p0.00:e[pusher_block_a];30:b(0.040,-0.058):p0.00:e[pusher_block_a];40:b(0.040,-0.058):p0.00:e[pusher_block_a];50:b(0.040,-0.058):p0.00:e[pusher_block_a];60:b(0.040,-0.058):p0.00:e[pusher_block_a];63:b(0.040,-0.058):p0.00:e[pusher_block_a]"
oracle_topology_planner,stress_sweep,6,2004,0.40,0,1.00000,1.00000,1.00000,0.00000,1.00000,1.00000,0.00000,0.09375,0.06250,0.00000,0.01562,0.42081,0.27529,13.19017,"0:b(0.040,-0.058):p0.00:e[none];10:b(0.357,-0.087):p0.81:e[pusher_block_a,block_b_pocket];20:b(0.237,-0.308):p0.51:e[none];30:b(0.199,-0.388):p0.41:e[none];40:b(0.201,-0.349):p0.41:e[none];50:b(0.203,-0.317):p0.42:e[none];60:b(0.204,-0.290):p0.42:e[none];63:b(0.204,-0.283):p0.42:e[none]"
pairwise_contact_classifier,stress_sweep,0,2000,0.60,0,0.63385,0.08594,0.10938,0.25781,0.89062,0.88462,0.00000,0.95312,0.92188,0.01562,0.00000,0.81768,0.01383,10.44745,"0:b(0.033,-0.031):p0.00:e[none];10:b(0.358,-0.066):p0.82:e[pusher_block_a,block_a_block_b,block_b_pocket];20:b(0.358,-0.066):p0.82:e[pusher_block_a,block_a_block_b,block_b_pocket];30:b(0.358,-0.066):p0.82:e[pusher_block_a,block_a_block_b,block_b_pocket];40:b(0.358,-0.066):p0.82:e[pusher_block_a,block_a_block_b,block_b_pocket];50:b(0.358,-0.066):p0.82:e[pusher_block_a,block_a_block_b,block_b_pocket];60:b(0.358,-0.066):p0.82:e[pusher_block_a,block_a_block_b,block_b_pocket];63:b(0.358,-0.066):p0.82:e[pusher_block_a,block_a_block_b,block_b_pocket]"
ensemble_uncertainty_planner,stress_sweep,0,2000,0.60,0,0.34948,0.07292,0.11719,0.37500,0.06250,0.77895,0.00000,0.96875,0.92188,0.00000,0.00000,0.81769,0.03499,11.82544,"0:b(0.033,-0.031):p0.00:e[none];10:b(0.358,-0.081):p0.82:e[pusher_block_a,block_a_block_b,block_b_pocket];20:b(0.358,-0.081):p0.82:e[pusher_block_a,block_a_block_b,block_b_pocket];30:b(0.358,-0.083):p0.82:e[pusher_block_a,block_a_block_b,block_b_pocket];40:b(0.358,-0.086):p0.82:e[pusher_block_a,block_a_block_b,block_b_pocket];50:b(0.358,-0.086):p0.82:e[pusher_block_a,block_a_block_b,block_b_pocket];60:b(0.358,-0.087):p0.82:e[pusher_block_a,block_a_block_b,block_b_pocket];63:b(0.358,-0.087):p0.82:e[pusher_block_a,block_a_block_b,block_b_pocket]"
contact_implicit_mpc_baseline,stress_sweep,0,2000,0.60,0,0.98854,0.98438,0.96875,0.00586,0.95312,0.00000,0.00000,0.95312,0.92188,0.01562,0.00000,0.81768,0.01257,10.44568,"0:b(0.033,-0.031):p0.00:e[none];10:b(0.358,-0.065):p0.82:e[pusher_block_a,block_a_block_b,block_b_pocket];20:b(0.358,-0.065):p0.82:e[pusher_block_a,block_a_block_b,block_b_pocket];30:b(0.358,-0.065):p0.82:e[pusher_block_a,block_a_block_b,block_b_pocket];40:b(0.358,-0.065):p0.82:e[pusher_block_a,block_a_block_b,block_b_pocket];50:b(0.358,-0.065):p0.82:e[pusher_block_a,block_a_block_b,block_b_pocket];60:b(0.358,-0.065):p0.82:e[pusher_block_a,block_a_block_b,block_b_pocket];63:b(0.358,-0.065):p0.82:e[pusher_block_a,block_a_block_b,block_b_pocket]"
topology_world_model,stress_sweep,0,2000,0.60,0,0.66510,0.03125,0.11979,0.24414,0.98438,0.88462,0.00000,0.95312,0.92188,0.01562,0.00000,0.81769,0.01498,10.48555,"0:b(0.033,-0.031):p0.00:e[none];10:b(0.358,-0.067):p0.82:e[pusher_block_a,block_a_block_b,block_b_pocket];20:b(0.358,-0.067):p0.82:e[pusher_block_a,block_a_block_b,block_b_pocket];30:b(0.358,-0.067):p0.82:e[pusher_block_a,block_a_block_b,block_b_pocket];40:b(0.358,-0.067):p0.82:e[pusher_block_a,block_a_block_b,block_b_pocket];50:b(0.358,-0.067):p0.82:e[pusher_block_a,block_a_block_b,block_b_pocket];60:b(0.358,-0.067):p0.82:e[pusher_block_a,block_a_block_b,block_b_pocket];63:b(0.358,-0.067):p0.82:e[pusher_block_a,block_a_block_b,block_b_pocket]"
oracle_topology_planner,stress_sweep,0,2000,0.60,0,1.00000,1.00000,1.00000,0.00000,1.00000,0.00000,0.00000,0.96875,0.92188,0.00000,0.00000,0.81769,0.00003,7.77377,"0:b(0.033,-0.031):p0.00:e[none];10:b(0.358,-0.052):p0.82:e[pusher_block_a,block_a_block_b,block_b_pocket];20:b(0.358,-0.052):p0.82:e[pusher_block_a,block_a_block_b,block_b_pocket];30:b(0.358,-0.052):p0.82:e[pusher_block_a,block_a_block_b,block_b_pocket];40:b(0.358,-0.052):p0.82:e[pusher_block_a,block_a_block_b,block_b_pocket];50:b(0.358,-0.053):p0.82:e[pusher_block_a,block_a_block_b,block_b_pocket];60:b(0.358,-0.052):p0.82:e[pusher_block_a,block_a_block_b,block_b_pocket];63:b(0.358,-0.052):p0.82:e[pusher_block_a,block_a_block_b,block_b_pocket]"
pairwise_contact_classifier,stress_sweep,0,2001,0.60,0,0.52031,0.07812,0.12500,0.24023,0.92188,1.00000,0.85938,0.00000,0.00000,0.95312,0.03125,0.75211,0.00467,24.02350,"0:b(0.040,-0.032):p0.00:e[none];10:b(0.344,-0.420):p0.78:e[pusher_block_a,block_a_fixture,block_b_wall];20:b(0.341,-0.312):p0.77:e[pusher_block_a,block_a_fixture];30:b(0.339,-0.222):p0.77:e[pusher_block_a,block_a_fixture];40:b(0.337,-0.148):p0.76:e[pusher_block_a,block_a_fixture];50:b(0.335,-0.087):p0.76:e[pusher_block_a,block_a_fixture];60:b(0.334,-0.036):p0.75:e[pusher_block_a,block_a_fixture];63:b(0.333,-0.022):p0.75:e[pusher_block_a,block_a_fixture]"
ensemble_uncertainty_planner,stress_sweep,0,2001,0.60,0,0.65365,0.35417,0.37500,0.16992,0.92188,1.00000,0.57812,0.00000,0.00000,0.67188,0.01562,0.74524,0.16904,22.78267,"0:b(0.040,-0.032):p0.00:e[none];10:b(0.338,-0.411):p0.76:e[pusher_block_a,block_b_wall];20:b(0.336,-0.350):p0.76:e[pusher_block_a];30:b(0.335,-0.299):p0.76:e[pusher_block_a,block_a_fixture];40:b(0.333,-0.258):p0.75:e[pusher_block_a,block_a_fixture];50:b(0.332,-0.223):p0.75:e[pusher_block_a,block_a_fixture];60:b(0.331,-0.194):p0.75:e[pusher_block_a,block_a_fixture];63:b(0.331,-0.187):p0.75:e[pusher_block_a,block_a_fixture]"
contact_implicit_mpc_baseline,stress_sweep,0,2001,0.60,0,0.95156,0.85938,0.98438,0.02148,0.85938,1.00000,0.85938,0.00000,0.00000,0.95312,0.01562,0.74108,0.29854,24.05591,"0:b(0.040,-0.032):p0.00:e[none];10:b(0.334,-0.407):p0.75:e[pusher_block_a,block_a_fixture,block_b_wall];20:b(0.333,-0.382):p0.75:e[pusher_block_a,block_a_fixture];30:b(0.332,-0.362):p0.75:e[pusher_block_a,block_a_fixture];40:b(0.331,-0.345):p0.75:e[pusher_block_a,block_a_fixture];50:b(0.330,-0.331):p0.74:e[pusher_block_a,block_a_fixture];60:b(0.329,-0.319):p0.74:e[pusher_block_a,block_a_fixture];63:b(0.329,-0.316):p0.74:e[pusher_block_a,block_a_fixture]"
topology_world_model,stress_sweep,0,2001,0.60,0,0.51927,0.05729,0.14792,0.24023,0.95312,1.00000,0.85938,0.00000,0.00000,0.95312,0.01562,0.74074,0.29189,23.94118,"0:b(0.040,-0.032):p0.00:e[none];10:b(0.335,-0.407):p0.76:e[pusher_block_a,block_a_fixture,block_b_wall];20:b(0.333,-0.381):p0.75:e[pusher_block_a,block_a_fixture];30:b(0.332,-0.359):p0.75:e[pusher_block_a,block_a_fixture];40:b(0.331,-0.340):p0.75:e[pusher_block_a,block_a_fixture];50:b(0.330,-0.325):p0.74:e[pusher_block_a,block_a_fixture];60:b(0.329,-0.313):p0.74:e[pusher_block_a,block_a_fixture];63:b(0.329,-0.310):p0.74:e[pusher_block_a,block_a_fixture]"
oracle_topology_planner,stress_sweep,0,2001,0.60,0,1.00000,1.00000,1.00000,0.00000,1.00000,1.00000,0.00000,0.03125,0.01562,0.04688,0.00000,0.58299,0.02637,102.67066,"0:b(0.040,-0.032):p0.00:e[none];10:b(0.303,0.011):p0.68:e[none];20:b(0.221,0.008):p0.46:e[none];30:b(0.235,0.009):p0.50:e[none];40:b(0.247,0.009):p0.53:e[none];50:b(0.257,0.009):p0.56:e[none];60:b(0.265,0.009):p0.58:e[none];63:b(0.267,0.009):p0.58:e[none]"
pairwise_contact_classifier,stress_sweep,0,2002,0.60,0,0.98958,0.96875,1.00000,0.00391,0.96875,1.00000,0.00000,0.00000,0.00000,0.00000,0.00000,0.69367,0.26526,50.91965,"0:b(0.020,-0.036):p0.00:e[none];10:b(0.300,-0.396):p0.68:e[pusher_block_a];20:b(0.308,-0.381):p0.70:e[pusher_block_a];30:b(0.307,-0.358):p0.70:e[pusher_block_a];40:b(0.306,-0.338):p0.70:e[pusher_block_a];50:b(0.305,-0.322):p0.70:e[pusher_block_a];60:b(0.305,-0.308):p0.69:e[pusher_block_a];63:b(0.304,-0.305):p0.69:e[pusher_block_a]"
ensemble_uncertainty_planner,stress_sweep,0,2002,0.60,0,0.98438,0.95312,1.00000,0.00586,0.95312,1.00000,0.00000,0.00000,0.00000,0.00000,0.01562,0.69878,0.12140,50.99849,"0:b(0.020,-0.036):p0.00:e[none];10:b(0.304,-0.402):p0.69:e[pusher_block_a];20:b(0.312,-0.347):p0.71:e[pusher_block_a];30:b(0.311,-0.290):p0.71:e[pusher_block_a];40:b(0.309,-0.242):p0.70:e[pusher_block_a];50:b(0.308,-0.202):p0.70:e[pusher_block_a];60:b(0.307,-0.170):p0.70:e[pusher_block_a];63:b(0.307,-0.161):p0.70:e[pusher_block_a]"
contact_implicit_mpc_baseline,stress_sweep,0,2002,0.60,0,0.67135,0.08854,0.95312,0.12891,0.04688,1.00000,0.00000,0.00000,0.00000,0.00000,0.01562,0.69471,0.23593,50.91797,"0:b(0.020,-0.036):p0.00:e[none];10:b(0.301,-0.397):p0.68:e[pusher_block_a];20:b(0.309,-0.374):p0.71:e[pusher_block_a];30:b(0.308,-0.344):p0.70:e[pusher_block_a];40:b(0.307,-0.318):p0.70:e[pusher_block_a];50:b(0.306,-0.297):p0.70:e[pusher_block_a];60:b(0.305,-0.280):p0.70:e[pusher_block_a];63:b(0.305,-0.276):p0.69:e[pusher_block_a]"
topology_world_model,stress_sweep,0,2002,0.60,0,0.97917,0.95312,0.98438,0.00781,0.93750,1.00000,0.00000,0.00000,0.00000,0.00000,0.01562,0.69462,0.23864,50.92880,"0:b(0.020,-0.036):p0.00:e[none];10:b(0.301,-0.397):p0.68:e[pusher_block_a];20:b(0.309,-0.375):p0.71:e[pusher_block_a];30:b(0.308,-0.345):p0.70:e[pusher_block_a];40:b(0.307,-0.320):p0.70:e[pusher_block_a];50:b(0.306,-0.300):p0.70:e[pusher_block_a];60:b(0.305,-0.283):p0.70:e[pusher_block_a];63:b(0.305,-0.278):p0.69:e[pusher_block_a]"
oracle_topology_planner,stress_sweep,0,2002,0.60,1,1.00000,1.00000,1.00000,0.00000,1.00000,0.00000,0.00000,0.85000,0.75000,0.00000,0.00000,0.82354,0.00028,10.08836,"0:b(0.020,-0.036):p0.00:e[none];10:b(0.384,-0.037):p0.89:e[pusher_block_a,block_a_block_b,block_b_pocket]"
pairwise_contact_classifier,stress_sweep,0,2003,0.60,0,0.26302,0.05208,0.51198,0.30273,0.28125,0.00000,0.75000,0.00000,0.46875,0.20312,0.00000,0.81868,0.15902,24.50579,"0:b(0.031,-0.074):p0.00:e[none];10:b(0.031,-0.074):p0.00:e[pusher_block_a,block_a_fixture];20:b(0.031,-0.074):p0.00:e[pusher_block_a,block_a_fixture];30:b(0.031,-0.074):p0.00:e[none];40:b(0.358,-0.214):p0.82:e[pusher_block_b,block_b_pocket];50:b(0.358,-0.214):p0.82:e[pusher_block_b,block_b_pocket];60:b(0.358,-0.214):p0.82:e[pusher_block_b,block_b_pocket];63:b(0.358,-0.214):p0.82:e[pusher_block_b,block_b_pocket]"
ensemble_uncertainty_planner,stress_sweep,0,2003,0.60,0,0.59740,0.04167,0.95312,0.18164,0.46875,0.00000,0.75000,0.00000,0.00000,0.45312,0.00000,0.00000,0.01934,27.89718,"0:b(0.031,-0.074):p0.00:e[none];10:b(0.031,-0.074):p0.00:e[pusher_block_a,block_a_fixture];20:b(0.031,-0.074):p0.00:e[pusher_block_a,block_a_fixture];30:b(0.031,-0.074):p0.00:e[pusher_block_a,block_a_fixture];40:b(0.031,-0.074):p0.00:e[pusher_block_a,block_a_fixture];50:b(0.031,-0.074):p0.00:e[pusher_block_a,block_a_fixture];60:b(0.031,-0.074):p0.00:e[pusher_block_a,block_a_fixture];63:b(0.031,-0.074):p0.00:e[pusher_block_a,block_a_fixture]"
contact_implicit_mpc_baseline,stress_sweep,0,2003,0.60,0,0.82292,0.95312,0.56771,0.06250,0.50000,1.00000,0.78125,0.00000,0.00000,0.48438,0.00000,0.00000,0.01934,28.80583,"0:b(0.031,-0.074):p0.00:e[none];10:b(0.031,-0.074):p0.00:e[pusher_block_a,block_a_fixture];20:b(0.031,-0.074):p0.00:e[pusher_block_a,block_a_fixture];30:b(0.031,-0.074):p0.00:e[pusher_block_a,block_a_fixture];40:b(0.031,-0.074):p0.00:e[pusher_block_a,block_a_fixture];50:b(0.031,-0.074):p0.00:e[pusher_block_a,block_a_fixture];60:b(0.031,-0.074):p0.00:e[pusher_block_a,block_a_fixture];63:b(0.031,-0.074):p0.00:e[pusher_block_a]"
topology_world_model,stress_sweep,0,2003,0.60,0,0.56198,0.04167,0.95312,0.20898,0.07812,0.00000,0.00000,0.00000,0.00000,0.04688,0.01562,0.38943,0.19898,15.26460,"0:b(0.031,-0.074):p0.00:e[none];10:b(0.031,-0.074):p0.00:e[pusher_block_a,block_a_fixture];20:b(0.200,-0.409):p0.42:e[pusher_block_a,block_b_wall];30:b(0.196,-0.361):p0.41:e[pusher_block_a];40:b(0.192,-0.321):p0.40:e[pusher_block_a];50:b(0.190,-0.288):p0.40:e[pusher_block_a];60:b(0.187,-0.261):p0.39:e[pusher_block_a];63:b(0.187,-0.254):p0.39:e[pusher_block_a]"
oracle_topology_planner,stress_sweep,0,2003,0.60,0,1.00000,1.00000,1.00000,0.00000,1.00000,1.00000,0.00000,0.01562,0.00000,0.01562,0.01562,0.15231,0.14208,89.84177,"0:b(0.031,-0.074):p0.00:e[none];10:b(0.306,-0.384):p0.69:e[pusher_block_a];20:b(0.246,-0.321):p0.54:e[none];30:b(0.199,-0.283):p0.42:e[none];40:b(0.159,-0.251):p0.32:e[none];50:b(0.126,-0.225):p0.24:e[none];60:b(0.099,-0.203):p0.17:e[none];63:b(0.092,-0.197):p0.15:e[none]"
pairwise_contact_classifier,stress_sweep,0,2004,0.60,0,0.63073,0.03125,0.10156,0.25781,0.82812,0.88462,0.00000,0.93750,0.92188,0.00000,0.00000,0.81240,0.01278,10.90689,"0:b(0.044,-0.020):p0.00:e[none];10:b(0.358,-0.057):p0.81:e[pusher_block_a,block_a_block_b,block_b_pocket];20:b(0.358,-0.057):p0.81:e[pusher_block_a,block_a_block_b,block_b_pocket];30:b(0.358,-0.057):p0.81:e[pusher_block_a,block_a_block_b,block_b_pocket];40:b(0.358,-0.057):p0.81:e[pusher_block_a,block_a_block_b,block_b_pocket];50:b(0.358,-0.057):p0.81:e[pusher_block_a,block_a_block_b,block_b_pocket];60:b(0.358,-0.057):p0.81:e[pusher_block_a,block_a_block_b,block_b_pocket];63:b(0.358,-0.057):p0.81:e[pusher_block_a,block_a_block_b,block_b_pocket]"
ensemble_uncertainty_planner,stress_sweep,0,2004,0.60,0,0.41354,0.04167,0.04688,0.35938,0.07812,0.88462,0.00000,0.96875,0.92188,0.00000,0.00000,0.81241,0.01938,10.00068,"0:b(0.044,-0.020):p0.00:e[none];10:b(0.358,-0.064):p0.81:e[pusher_block_a,block_a_block_b,block_b_pocket];20:b(0.358,-0.064):p0.81:e[pusher_block_a,block_a_block_b,block_b_pocket];30:b(0.358,-0.064):p0.81:e[pusher_block_a,block_a_block_b,block_b_pocket];40:b(0.358,-0.064):p0.81:e[pusher_block_a,block_a_block_b,block_b_pocket];50:b(0.358,-0.064):p0.81:e[pusher_block_a,block_a_block_b,block_b_pocket];60:b(0.358,-0.064):p0.81:e[pusher_block_a,block_a_block_b,block_b_pocket];63:b(0.358,-0.064):p0.81:e[pusher_block_a,block_a_block_b,block_b_pocket]"
contact_implicit_mpc_baseline,stress_sweep,0,2004,0.60,0,0.97917,0.95312,0.98438,0.00977,0.95312,0.00000,0.00000,0.93750,0.92188,0.00000,0.00000,0.81240,0.01307,10.91439,"0:b(0.044,-0.020):p0.00:e[none];10:b(0.358,-0.057):p0.81:e[pusher_block_a,block_a_block_b,block_b_pocket];20:b(0.358,-0.057):p0.81:e[pusher_block_a,block_a_block_b,block_b_pocket];30:b(0.358,-0.058):p0.81:e[pusher_block_a,block_a_block_b,block_b_pocket];40:b(0.358,-0.058):p0.81:e[pusher_block_a,block_a_block_b,block_b_pocket];50:b(0.358,-0.057):p0.81:e[pusher_block_a,block_a_block_b,block_b_pocket];60:b(0.358,-0.058):p0.81:e[pusher_block_a,block_a_block_b,block_b_pocket];63:b(0.358,-0.058):p0.81:e[pusher_block_a,block_a_block_b,block_b_pocket]"
topology_world_model,stress_sweep,0,2004,0.60,0,0.67031,0.04167,0.09375,0.24023,0.95312,0.88462,0.00000,0.93750,0.92188,0.00000,0.00000,0.81241,0.01465,10.94783,"0:b(0.044,-0.020):p0.00:e[none];10:b(0.358,-0.059):p0.81:e[pusher_block_a,block_a_block_b,block_b_pocket];20:b(0.358,-0.059):p0.81:e[pusher_block_a,block_a_block_b,block_b_pocket];30:b(0.358,-0.059):p0.81:e[pusher_block_a,block_a_block_b,block_b_pocket];40:b(0.358,-0.059):p0.81:e[pusher_block_a,block_a_block_b,block_b_pocket];50:b(0.358,-0.059):p0.81:e[pusher_block_a,block_a_block_b,block_b_pocket];60:b(0.358,-0.059):p0.81:e[pusher_block_a,block_a_block_b,block_b_pocket];63:b(0.358,-0.059):p0.81:e[pusher_block_a,block_a_block_b,block_b_pocket]"
oracle_topology_planner,stress_sweep,0,2004,0.60,0,1.00000,1.00000,1.00000,0.00000,1.00000,0.00000,0.00000,0.96875,0.92188,0.00000,0.00000,0.81241,0.00006,8.99782,"0:b(0.044,-0.020):p0.00:e[none];10:b(0.357,-0.044):p0.81:e[pusher_block_a,block_a_block_b,block_b_pocket];20:b(0.358,-0.045):p0.81:e[pusher_block_a,block_a_block_b,block_b_pocket];30:b(0.358,-0.045):p0.81:e[pusher_block_a,block_a_block_b,block_b_pocket];40:b(0.358,-0.045):p0.81:e[pusher_block_a,block_a_block_b,block_b_pocket];50:b(0.358,-0.044):p0.81:e[pusher_block_a,block_a_block_b,block_b_pocket];60:b(0.358,-0.044):p0.81:e[pusher_block_a,block_a_block_b,block_b_pocket];63:b(0.358,-0.045):p0.81:e[pusher_block_a,block_a_block_b,block_b_pocket]"
pairwise_contact_classifier,stress_sweep,1,2000,0.60,0,0.44635,0.05208,0.14844,0.34570,0.18750,0.88462,0.00000,0.95312,0.92188,0.01562,0.00000,0.81931,0.02494,11.28518,"0:b(0.030,-0.043):p0.00:e[none];10:b(0.358,-0.079):p0.82:e[pusher_block_a,block_a_block_b,block_b_pocket];20:b(0.358,-0.079):p0.82:e[pusher_block_a,block_a_block_b,block_b_pocket];30:b(0.358,-0.079):p0.82:e[pusher_block_a,block_a_block_b,block_b_pocket];40:b(0.358,-0.079):p0.82:e[pusher_block_a,block_a_block_b,block_b_pocket];50:b(0.358,-0.079):p0.82:e[pusher_block_a,block_a_block_b,block_b_pocket];60:b(0.358,-0.079):p0.82:e[pusher_block_a,block_a_block_b,block_b_pocket];63:b(0.358,-0.079):p0.82:e[pusher_block_a,block_a_block_b,block_b_pocket]"
ensemble_uncertainty_planner,stress_sweep,1,2000,0.60,0,0.41771,0.05208,0.10417,0.35742,0.09375,0.88462,0.00000,0.95312,0.92188,0.01562,0.00000,0.81930,0.02648,11.36564,"0:b(0.030,-0.043):p0.00:e[none];10:b(0.358,-0.081):p0.82:e[pusher_block_a,block_a_block_b,block_b_pocket];20:b(0.358,-0.081):p0.82:e[pusher_block_a,block_a_block_b,block_b_pocket];30:b(0.358,-0.081):p0.82:e[pusher_block_a,block_a_block_b,block_b_pocket];40:b(0.358,-0.081):p0.82:e[pusher_block_a,block_a_block_b,block_b_pocket];50:b(0.358,-0.081):p0.82:e[pusher_block_a,block_a_block_b,block_b_pocket];60:b(0.358,-0.081):p0.82:e[pusher_block_a,block_a_block_b,block_b_pocket];63:b(0.358,-0.081):p0.82:e[pusher_block_a,block_a_block_b,block_b_pocket]"
contact_implicit_mpc_baseline,stress_sweep,1,2000,0.60,0,0.97604,0.93750,0.96875,0.01172,0.96875,0.00000,0.00000,0.95312,0.92188,0.01562,0.00000,0.81931,0.02106,11.22895,"0:b(0.030,-0.043):p0.00:e[none];10:b(0.358,-0.075):p0.82:e[pusher_block_a,block_a_block_b,block_b_pocket];20:b(0.358,-0.075):p0.82:e[pusher_block_a,block_a_block_b,block_b_pocket];30:b(0.358,-0.075):p0.82:e[pusher_block_a,block_a_block_b,block_b_pocket];40:b(0.358,-0.075):p0.82:e[pusher_block_a,block_a_block_b,block_b_pocket];50:b(0.358,-0.075):p0.82:e[pusher_block_a,block_a_block_b,block_b_pocket];60:b(0.358,-0.075):p0.82:e[pusher_block_a,block_a_block_b,block_b_pocket];63:b(0.358,-0.075):p0.82:e[pusher_block_a,block_a_block_b,block_b_pocket]"
topology_world_model,stress_sweep,1,2000,0.60,0,0.66094,0.05208,0.15104,0.24609,0.96875,0.87379,0.00000,0.95312,0.92188,0.01562,0.00000,0.81930,0.02286,11.33698,"0:b(0.030,-0.043):p0.00:e[none];10:b(0.358,-0.077):p0.82:e[pusher_block_a,block_a_block_b,block_b_pocket];20:b(0.358,-0.077):p0.82:e[pusher_block_a,block_a_block_b,block_b_pocket];30:b(0.358,-0.077):p0.82:e[pusher_block_a,block_a_block_b,block_b_pocket];40:b(0.358,-0.077):p0.82:e[pusher_block_a,block_a_block_b,block_b_pocket];50:b(0.358,-0.077):p0.82:e[pusher_block_a,block_a_block_b,block_b_pocket];60:b(0.358,-0.077):p0.82:e[pusher_block_a,block_a_block_b,block_b_pocket];63:b(0.358,-0.077):p0.82:e[pusher_block_a,block_a_block_b,block_b_pocket]"
oracle_topology_planner,stress_sweep,1,2000,0.60,0,1.00000,1.00000,1.00000,0.00000,1.00000,1.00000,0.00000,0.09375,0.04688,0.00000,0.03125,0.54860,0.29482,10.25790,"0:b(0.030,-0.043):p0.00:e[none];10:b(0.331,-0.109):p0.75:e[none];20:b(0.278,-0.289):p0.62:e[none];30:b(0.247,-0.404):p0.54:e[none];40:b(0.248,-0.384):p0.55:e[none];50:b(0.249,-0.367):p0.55:e[none];60:b(0.249,-0.353):p0.55:e[none];63:b(0.249,-0.349):p0.55:e[none]"
pairwise_contact_classifier,stress_sweep,1,2001,0.60,0,0.64375,0.23958,0.76042,0.16211,0.43750,0.00000,0.71875,0.00000,0.00000,0.45312,0.00000,1.04879,0.24357,39.23946,"0:b(0.023,-0.045):p0.00:e[none];10:b(0.023,-0.045):p0.00:e[pusher_block_a,block_a_fixture];20:b(0.098,-0.110):p0.18:e[pusher_block_a,block_a_fixture];30:b(0.432,-0.400):p1.00:e[pusher_block_a,block_a_fixture];40:b(0.450,-0.343):p1.05:e[pusher_block_a,block_a_fixture];50:b(0.450,-0.286):p1.05:e[pusher_block_a,block_a_fixture];60:b(0.450,-0.239):p1.05:e[pusher_block_a,block_a_fixture];63:b(0.450,-0.271):p1.05:e[pusher_block_a,block_a_fixture]"
ensemble_uncertainty_planner,stress_sweep,1,2001,0.60,0,0.55208,0.29167,0.57031,0.16992,0.51562,1.00000,0.81250,0.01562,0.00000,0.54688,0.00000,0.62377,0.22284,39.56684,"0:b(0.023,-0.045):p0.00:e[none];10:b(0.286,-0.402):p0.65:e[pusher_block_a,block_a_fixture];20:b(0.284,-0.361):p0.64:e[pusher_block_a,block_a_fixture];30:b(0.282,-0.327):p0.64:e[pusher_block_a];40:b(0.280,-0.299):p0.63:e[pusher_block_a];50:b(0.278,-0.275):p0.63:e[pusher_block_a,block_a_fixture];60:b(0.277,-0.256):p0.62:e[pusher_block_a,block_a_fixture];63:b(0.277,-0.251):p0.62:e[pusher_block_a]"
contact_implicit_mpc_baseline,stress_sweep,1,2001,0.60,0,0.83854,0.71875,0.80729,0.06055,0.51562,1.00000,0.71875,0.00000,0.00000,0.46875,0.00000,0.00000,0.01685,41.04283,"0:b(0.023,-0.045):p0.00:e[none];10:b(0.023,-0.045):p0.00:e[pusher_block_a,block_a_fixture];20:b(0.023,-0.045):p0.00:e[pusher_block_a,block_a_fixture];30:b(0.023,-0.045):p0.00:e[pusher_block_a,block_a_fixture];40:b(0.023,-0.045):p0.00:e[pusher_block_a,block_a_fixture];50:b(0.023,-0.045):p0.00:e[pusher_block_a,block_a_fixture];60:b(0.023,-0.045):p0.00:e[pusher_block_a,block_a_fixture];63:b(0.023,-0.045):p0.00:e[pusher_block_a]"
topology_world_model,stress_sweep,1,2001,0.60,0,0.12344,0.04688,0.79896,0.17578,0.23438,0.00000,0.00000,0.00000,0.00000,0.04688,0.04688,1.04912,0.37382,120.35789,"0:b(0.023,-0.045):p0.00:e[none];10:b(0.023,-0.045):p0.00:e[pusher_block_a];20:b(0.450,-0.371):p1.05:e[pusher_block_b];30:b(0.448,-0.356):p1.05:e[none];40:b(0.448,-0.400):p1.04:e[none];50:b(0.448,-0.392):p1.04:e[none];60:b(0.450,-0.405):p1.05:e[none];63:b(0.450,-0.402):p1.05:e[none]"
oracle_topology_planner,stress_sweep,1,2001,0.60,0,1.00000,1.00000,1.00000,0.00000,1.00000,1.00000,0.00000,0.01562,0.00000,0.01562,0.03125,0.63202,0.21813,103.97030,"0:b(0.023,-0.045):p0.00:e[none];10:b(0.297,-0.379):p0.67:e[none];20:b(0.293,-0.224):p0.66:e[none];30:b(0.289,-0.096):p0.65:e[block_a_wall];40:b(0.286,0.010):p0.65:e[none];50:b(0.283,0.098):p0.64:e[none];60:b(0.281,0.171):p0.63:e[none];63:b(0.280,0.190):p0.63:e[none]"
pairwise_contact_classifier,stress_sweep,1,2002,0.60,0,0.50521,0.05729,0.92188,0.23633,0.07812,0.00000,0.00000,0.03125,0.00000,0.00000,0.01562,0.68561,0.20699,13.90360,"0:b(0.041,-0.056):p0.00:e[none];10:b(0.313,-0.416):p0.70:e[pusher_block_a,block_b_wall];20:b(0.310,-0.312):p0.69:e[pusher_block_a];30:b(0.308,-0.236):p0.69:e[pusher_block_a,block_a_block_b];40:b(0.308,-0.251):p0.69:e[pusher_block_a];50:b(0.308,-0.263):p0.69:e[pusher_block_a];60:b(0.308,-0.274):p0.69:e[pusher_block_a];63:b(0.308,-0.277):p0.69:e[pusher_block_a]"
ensemble_uncertainty_planner,stress_sweep,1,2002,0.60,0,0.07552,0.18750,0.66875,0.16992,0.26562,0.00000,0.00000,0.01562,0.03125,0.00000,0.03125,0.50566,0.16579,95.36493,"0:b(0.041,-0.056):p0.00:e[none];10:b(0.307,-0.408):p0.68:e[pusher_block_a,block_b_wall];20:b(0.305,-0.356):p0.68:e[pusher_block_a];30:b(0.374,-0.386):p0.86:e[none];40:b(0.370,-0.273):p0.85:e[none];50:b(0.334,-0.235):p0.75:e[none];60:b(0.258,-0.235):p0.56:e[none];63:b(0.238,-0.235):p0.51:e[none]"
contact_implicit_mpc_baseline,stress_sweep,1,2002,0.60,0,0.90885,0.82812,0.95312,0.03516,0.79688,1.00000,0.00000,0.00000,0.00000,0.00000,0.01562,0.66293,0.17106,13.92252,"0:b(0.041,-0.056):p0.00:e[none];10:b(0.306,-0.408):p0.68:e[pusher_block_a,block_b_wall];20:b(0.304,-0.362):p0.68:e[pusher_block_a];30:b(0.303,-0.325):p0.67:e[pusher_block_a];40:b(0.301,-0.293):p0.67:e[pusher_block_a];50:b(0.300,-0.268):p0.67:e[pusher_block_a];60:b(0.299,-0.246):p0.66:e[pusher_block_a];63:b(0.299,-0.241):p0.66:e[pusher_block_a]"
topology_world_model,stress_sweep,1,2002,0.60,0,0.54115,0.04167,0.98438,0.22461,0.04688,0.00000,0.00000,0.01562,0.00000,0.00000,0.01562,0.66827,0.17344,13.94207,"0:b(0.041,-0.056):p0.00:e[none];10:b(0.308,-0.409):p0.69:e[pusher_block_a,block_b_wall];20:b(0.305,-0.351):p0.68:e[pusher_block_a];30:b(0.304,-0.303):p0.68:e[pusher_block_a];40:b(0.302,-0.263):p0.67:e[pusher_block_a];50:b(0.301,-0.235):p0.67:e[pusher_block_a];60:b(0.301,-0.241):p0.67:e[pusher_block_a];63:b(0.301,-0.243):p0.67:e[pusher_block_a]"
oracle_topology_planner,stress_sweep,1,2002,0.60,0,1.00000,1.00000,1.00000,0.00000,1.00000,1.00000,0.00000,0.23438,0.20312,0.00000,0.00000,0.44229,0.07406,88.64718,"0:b(0.041,-0.056):p0.00:e[none];10:b(0.359,-0.108):p0.82:e[pusher_block_a,block_a_block_b,block_b_pocket];20:b(0.344,-0.109):p0.78:e[none];30:b(0.303,-0.120):p0.67:e[none];40:b(0.270,-0.128):p0.59:e[none];50:b(0.242,-0.136):p0.52:e[none];60:b(0.219,-0.142):p0.46:e[none];63:b(0.213,-0.144):p0.44:e[none]"
pairwise_contact_classifier,stress_sweep,1,2003,0.60,0,0.46302,0.07292,0.48437,0.29688,0.26562,0.00000,0.82812,0.00000,0.00000,0.71875,0.00000,0.03856,0.07225,22.16949,"0:b(0.031,-0.084):p0.00:e[none];10:b(0.031,-0.084):p0.00:e[pusher_block_a];20:b(0.031,-0.084):p0.00:e[pusher_block_a,block_a_fixture];30:b(0.031,-0.084):p0.00:e[pusher_block_a,block_a_fixture];40:b(0.031,-0.084):p0.00:e[pusher_block_a,block_a_fixture];50:b(0.031,-0.084):p0.00:e[pusher_block_a,block_a_fixture];60:b(0.031,-0.084):p0.00:e[pusher_block_a,block_a_fixture];63:b(0.046,-0.104):p0.04:e[none]"
ensemble_uncertainty_planner,stress_sweep,1,2003,0.60,0,0.24635,0.10781,0.86979,0.16406,0.25000,0.00000,0.75000,0.00000,0.00000,0.17188,0.01562,0.99046,0.31166,85.69177,"0:b(0.031,-0.084):p0.00:e[none];10:b(0.031,-0.084):p0.00:e[pusher_block_a];20:b(0.031,-0.084):p0.00:e[pusher_block_a];30:b(0.227,-0.297):p0.49:e[none];40:b(0.418,-0.255):p0.97:e[none];50:b(0.426,-0.404):p0.99:e[none];60:b(0.426,-0.356):p0.99:e[none];63:b(0.426,-0.343):p0.99:e[none]"
contact_implicit_mpc_baseline,stress_sweep,1,2003,0.60,0,0.92188,0.98438,0.81250,0.02539,0.79688,1.00000,0.82812,0.00000,0.00000,0.76562,0.00000,0.00000,0.05210,22.40566,"0:b(0.031,-0.084):p0.00:e[none];10:b(0.031,-0.084):p0.00:e[pusher_block_a];20:b(0.031,-0.084):p0.00:e[pusher_block_a];30:b(0.031,-0.084):p0.00:e[pusher_block_a];40:b(0.031,-0.084):p0.00:e[pusher_block_a];50:b(0.031,-0.084):p0.00:e[pusher_block_a];60:b(0.031,-0.084):p0.00:e[pusher_block_a];63:b(0.031,-0.084):p0.00:e[pusher_block_a,block_a_fixture]"
topology_world_model,stress_sweep,1,2003,0.60,0,0.30990,0.04688,0.76042,0.21680,0.20312,0.00000,0.78125,0.00000,0.00000,0.32812,0.01562,0.29179,0.33594,19.90475,"0:b(0.031,-0.084):p0.00:e[none];10:b(0.031,-0.084):p0.00:e[pusher_block_a,block_a_fixture];20:b(0.031,-0.084):p0.00:e[pusher_block_a,block_a_fixture];30:b(0.031,-0.084):p0.00:e[pusher_block_a];40:b(0.051,-0.208):p0.05:e[none];50:b(0.150,-0.403):p0.30:e[none];60:b(0.148,-0.375):p0.29:e[none];63:b(0.147,-0.367):p0.29:e[none]"
oracle_topology_planner,stress_sweep,1,2003,0.60,0,1.00000,1.00000,1.00000,0.00000,1.00000,1.00000,0.00000,0.01562,0.14062,0.01562,0.00000,0.77392,0.08764,13.38542,"0:b(0.031,-0.084):p0.00:e[none];10:b(0.362,-0.138):p0.83:e[pusher_block_b,block_b_pocket];20:b(0.354,-0.119):p0.81:e[none];30:b(0.350,-0.119):p0.80:e[none];40:b(0.346,-0.119):p0.79:e[none];50:b(0.343,-0.119):p0.78:e[none];60:b(0.340,-0.119):p0.78:e[none];63:b(0.340,-0.119):p0.77:e[none]"
pairwise_contact_classifier,stress_sweep,1,2004,0.60,0,0.65469,0.06250,0.93750,0.14062,0.09375,0.00000,0.68750,0.01562,0.00000,0.43750,0.01562,0.76780,0.33776,27.48614,"0:b(0.026,-0.034):p0.00:e[none];10:b(0.026,-0.034):p0.00:e[pusher_block_a,block_a_block_b];20:b(0.160,-0.199):p0.33:e[pusher_block_a,block_a_fixture];30:b(0.272,-0.336):p0.61:e[pusher_block_a,block_a_fixture];40:b(0.330,-0.405):p0.75:e[pusher_block_a,block_a_fixture];50:b(0.333,-0.401):p0.76:e[pusher_block_a,block_a_fixture];60:b(0.336,-0.397):p0.77:e[pusher_block_a,block_a_fixture];63:b(0.336,-0.396):p0.77:e[pusher_block_a]"
ensemble_uncertainty_planner,stress_sweep,1,2004,0.60,0,0.17917,0.18073,0.64062,0.18945,0.39062,0.00000,0.00000,0.01562,0.00000,0.06250,0.01562,0.48339,0.29075,60.14779,"0:b(0.026,-0.034):p0.00:e[none];10:b(0.098,-0.169):p0.18:e[pusher_block_a];20:b(0.228,-0.404):p0.50:e[pusher_block_a];30:b(0.226,-0.387):p0.49:e[pusher_block_a];40:b(0.224,-0.373):p0.49:e[pusher_block_a];50:b(0.223,-0.361):p0.49:e[none];60:b(0.222,-0.352):p0.48:e[none];63:b(0.221,-0.349):p0.48:e[none]"
contact_implicit_mpc_baseline,stress_sweep,1,2004,0.60,0,0.65312,0.39271,0.53646,0.17969,0.03125,1.00000,0.78125,0.00000,0.00000,0.48438,0.00000,0.00000,0.02457,28.79304,"0:b(0.026,-0.034):p0.00:e[none];10:b(0.026,-0.034):p0.00:e[pusher_block_a,block_a_fixture];20:b(0.026,-0.034):p0.00:e[pusher_block_a,block_a_fixture];30:b(0.026,-0.034):p0.00:e[pusher_block_a,block_a_fixture];40:b(0.026,-0.034):p0.00:e[pusher_block_a,block_a_fixture];50:b(0.026,-0.034):p0.00:e[pusher_block_a,block_a_fixture];60:b(0.026,-0.034):p0.00:e[pusher_block_a,block_a_fixture];63:b(0.026,-0.034):p0.00:e[pusher_block_a]"
topology_world_model,stress_sweep,1,2004,0.60,0,0.54635,0.06250,0.95312,0.22266,0.10938,0.00000,0.00000,0.01562,0.00000,0.07812,0.01562,0.25542,0.22254,17.29973,"0:b(0.026,-0.034):p0.00:e[none];10:b(0.022,-0.039):p0.00:e[pusher_block_a,block_a_block_b];20:b(0.089,-0.266):p0.16:e[pusher_block_a];30:b(0.132,-0.401):p0.26:e[pusher_block_a];40:b(0.131,-0.356):p0.26:e[pusher_block_a];50:b(0.130,-0.320):p0.26:e[pusher_block_a];60:b(0.129,-0.289):p0.26:e[pusher_block_a];63:b(0.129,-0.281):p0.26:e[pusher_block_a]"
oracle_topology_planner,stress_sweep,1,2004,0.60,1,1.00000,1.00000,1.00000,0.00000,1.00000,0.00000,0.00000,0.90000,0.75000,0.00000,0.00000,0.82110,0.01103,7.11584,"0:b(0.026,-0.034):p0.00:e[none];10:b(0.358,-0.069):p0.82:e[pusher_block_a,block_a_block_b,block_b_pocket]"
pairwise_contact_classifier,stress_sweep,2,2000,0.60,0,0.50938,0.07552,0.91667,0.22852,0.10938,0.00000,0.00000,0.03125,0.00000,0.00000,0.03125,0.74043,0.19706,12.46320,"0:b(0.048,-0.047):p0.00:e[none];10:b(0.337,-0.370):p0.76:e[pusher_block_a];20:b(0.332,-0.201):p0.74:e[pusher_block_a];30:b(0.331,-0.209):p0.74:e[pusher_block_a];40:b(0.331,-0.236):p0.74:e[pusher_block_a];50:b(0.331,-0.258):p0.74:e[pusher_block_a];60:b(0.331,-0.277):p0.74:e[pusher_block_a];63:b(0.331,-0.282):p0.74:e[pusher_block_a]"
ensemble_uncertainty_planner,stress_sweep,2,2000,0.60,0,0.09896,0.20573,0.11979,0.29688,0.15625,0.00000,0.00000,0.03125,0.00000,0.00000,0.01562,0.72340,0.15308,11.89798,"0:b(0.048,-0.047):p0.00:e[none];10:b(0.330,-0.400):p0.74:e[pusher_block_a];20:b(0.327,-0.308):p0.73:e[pusher_block_a];30:b(0.325,-0.232):p0.72:e[pusher_block_a];40:b(0.324,-0.219):p0.72:e[pusher_block_a];50:b(0.324,-0.228):p0.72:e[pusher_block_a];60:b(0.324,-0.236):p0.72:e[pusher_block_a];63:b(0.324,-0.238):p0.72:e[pusher_block_a]"
contact_implicit_mpc_baseline,stress_sweep,2,2000,0.60,0,0.61979,0.23958,0.92188,0.18750,0.18750,1.00000,0.00000,0.03125,0.00000,0.00000,0.03125,0.73539,0.12938,13.37208,"0:b(0.048,-0.047):p0.00:e[none];10:b(0.335,-0.373):p0.75:e[pusher_block_a];20:b(0.330,-0.223):p0.74:e[pusher_block_a];30:b(0.329,-0.204):p0.74:e[pusher_block_a];40:b(0.329,-0.208):p0.74:e[pusher_block_a];50:b(0.329,-0.211):p0.74:e[pusher_block_a];60:b(0.329,-0.214):p0.74:e[pusher_block_a];63:b(0.329,-0.214):p0.74:e[pusher_block_a]"
topology_world_model,stress_sweep,2,2000,0.60,0,0.54375,0.04167,0.95312,0.22266,0.07812,0.00000,0.00000,0.03125,0.00000,0.00000,0.03125,0.74436,0.20798,12.49718,"0:b(0.048,-0.047):p0.00:e[none];10:b(0.338,-0.368):p0.76:e[pusher_block_a];20:b(0.333,-0.187):p0.75:e[pusher_block_a];30:b(0.332,-0.215):p0.74:e[pusher_block_a];40:b(0.332,-0.244):p0.74:e[pusher_block_a];50:b(0.332,-0.268):p0.74:e[pusher_block_a];60:b(0.332,-0.288):p0.74:e[pusher_block_a];63:b(0.332,-0.293):p0.74:e[pusher_block_a]"
oracle_topology_planner,stress_sweep,2,2000,0.60,0,1.00000,1.00000,1.00000,0.00000,1.00000,1.00000,0.00000,0.14062,0.09375,0.00000,0.00000,0.00000,0.03157,98.62752,"0:b(0.048,-0.047):p0.00:e[none];10:b(0.361,-0.096):p0.82:e[block_a_block_b,block_b_pocket];20:b(0.176,-0.101):p0.34:e[none];30:b(0.023,-0.106):p0.00:e[none];40:b(-0.103,-0.110):p0.00:e[none];50:b(-0.208,-0.113):p0.00:e[none];60:b(-0.294,-0.116):p0.00:e[none];63:b(-0.317,-0.116):p0.00:e[none]"
pairwise_contact_classifier,stress_sweep,2,2001,0.60,0,0.53646,0.05729,0.93229,0.22461,0.09375,0.00000,0.00000,0.01562,0.00000,0.07812,0.01562,0.63370,0.19354,17.42958,"0:b(0.040,-0.078):p0.00:e[none];10:b(0.040,-0.078):p0.00:e[pusher_block_a,block_a_fixture];20:b(0.293,-0.379):p0.65:e[pusher_block_a];30:b(0.290,-0.270):p0.64:e[pusher_block_a];40:b(0.287,-0.196):p0.63:e[pusher_block_a];50:b(0.287,-0.207):p0.63:e[pusher_block_a];60:b(0.287,-0.216):p0.63:e[pusher_block_a];63:b(0.287,-0.218):p0.63:e[pusher_block_a]"
ensemble_uncertainty_planner,stress_sweep,2,2001,0.60,0,0.21198,0.19896,0.30729,0.27148,0.23438,0.00000,0.76562,0.04688,0.00000,0.12500,0.01562,0.62398,0.21869,18.04169,"0:b(0.040,-0.078):p0.00:e[none];10:b(0.040,-0.078):p0.00:e[pusher_block_a];20:b(0.209,-0.305):p0.43:e[pusher_block_a];30:b(0.288,-0.344):p0.64:e[pusher_block_a];40:b(0.285,-0.271):p0.63:e[pusher_block_a];50:b(0.283,-0.231):p0.62:e[pusher_block_a];60:b(0.283,-0.241):p0.62:e[pusher_block_a];63:b(0.283,-0.243):p0.62:e[pusher_block_a]"
contact_implicit_mpc_baseline,stress_sweep,2,2001,0.60,0,0.83333,0.76562,0.76562,0.05859,0.53125,1.00000,0.79688,0.00000,0.00000,0.50000,0.00000,0.00000,0.05365,36.75087,"0:b(0.040,-0.078):p0.00:e[none];10:b(0.040,-0.078):p0.00:e[pusher_block_a];20:b(0.040,-0.078):p0.00:e[pusher_block_a,block_a_fixture];30:b(0.040,-0.078):p0.00:e[pusher_block_a];40:b(0.040,-0.078):p0.00:e[pusher_block_a];50:b(0.040,-0.078):p0.00:e[pusher_block_a];60:b(0.040,-0.078):p0.00:e[pusher_block_a,block_a_fixture];63:b(0.040,-0.078):p0.00:e[pusher_block_a,block_a_fixture]"
topology_world_model,stress_sweep,2,2001,0.60,0,0.56406,0.04167,0.96354,0.20898,0.04688,0.00000,0.00000,0.01562,0.00000,0.01562,0.01562,0.48408,0.16479,16.45245,"0:b(0.040,-0.078):p0.00:e[none];10:b(0.046,-0.090):p0.02:e[pusher_block_a,block_a_block_b,block_a_fixture];20:b(0.237,-0.392):p0.51:e[pusher_block_a];30:b(0.233,-0.310):p0.50:e[pusher_block_a];40:b(0.231,-0.242):p0.49:e[pusher_block_a];50:b(0.228,-0.187):p0.48:e[pusher_block_a,pusher_block_b];60:b(0.229,-0.189):p0.48:e[pusher_block_a];63:b(0.229,-0.189):p0.48:e[pusher_block_a]"
oracle_topology_planner,stress_sweep,2,2001,0.60,0,1.00000,1.00000,1.00000,0.00000,1.00000,1.00000,0.00000,0.01562,0.00000,0.00000,0.01562,0.41360,0.33629,102.19846,"0:b(0.040,-0.078):p0.00:e[none];10:b(0.289,-0.396):p0.64:e[none];20:b(0.265,-0.386):p0.58:e[none];30:b(0.245,-0.379):p0.53:e[none];40:b(0.229,-0.372):p0.49:e[none];50:b(0.215,-0.367):p0.45:e[none];60:b(0.204,-0.362):p0.42:e[none];63:b(0.201,-0.361):p0.41:e[none]"
pairwise_contact_classifier,stress_sweep,2,2002,0.60,0,0.51615,0.03906,0.92969,0.23438,0.07812,0.00000,0.00000,0.01562,0.00000,0.00000,0.01562,0.65378,0.15066,13.63765,"0:b(0.053,-0.086):p0.00:e[none];10:b(0.306,-0.377):p0.67:e[pusher_block_a];20:b(0.301,-0.243):p0.66:e[pusher_block_a];30:b(0.299,-0.184):p0.65:e[pusher_block_a];40:b(0.299,-0.189):p0.65:e[pusher_block_a];50:b(0.299,-0.193):p0.65:e[pusher_block_a];60:b(0.299,-0.196):p0.65:e[pusher_block_a];63:b(0.299,-0.197):p0.65:e[pusher_block_a]"
ensemble_uncertainty_planner,stress_sweep,2,2002,0.60,0,0.05573,0.07812,0.14479,0.32812,0.26562,0.00000,0.00000,0.01562,0.00000,0.00000,0.01562,0.64905,0.16615,13.61269,"0:b(0.053,-0.086):p0.00:e[none];10:b(0.304,-0.379):p0.67:e[pusher_block_a];20:b(0.300,-0.258):p0.66:e[pusher_block_a];30:b(0.297,-0.183):p0.65:e[pusher_block_a];40:b(0.298,-0.194):p0.65:e[pusher_block_a];50:b(0.298,-0.203):p0.65:e[pusher_block_a];60:b(0.298,-0.210):p0.65:e[pusher_block_a];63:b(0.298,-0.212):p0.65:e[pusher_block_a]"
contact_implicit_mpc_baseline,stress_sweep,2,2002,0.60,0,0.80312,0.55729,0.95312,0.09375,0.57812,1.00000,0.00000,0.01562,0.00000,0.00000,0.01562,0.66950,0.17182,13.62010,"0:b(0.053,-0.086):p0.00:e[none];10:b(0.311,-0.376):p0.68:e[pusher_block_a];20:b(0.306,-0.199):p0.67:e[pusher_block_a];30:b(0.305,-0.189):p0.67:e[pusher_block_a];40:b(0.305,-0.200):p0.67:e[pusher_block_a];50:b(0.305,-0.209):p0.67:e[pusher_block_a];60:b(0.305,-0.216):p0.67:e[pusher_block_a];63:b(0.305,-0.218):p0.67:e[pusher_block_a]"
topology_world_model,stress_sweep,2,2002,0.60,0,0.53802,0.04948,0.94792,0.22852,0.06250,0.00000,0.00000,0.01562,0.00000,0.00000,0.01562,0.64582,0.15303,13.64922,"0:b(0.053,-0.086):p0.00:e[none];10:b(0.304,-0.381):p0.67:e[pusher_block_a];20:b(0.300,-0.266):p0.65:e[pusher_block_a];30:b(0.297,-0.180):p0.65:e[pusher_block_a,pusher_block_b];40:b(0.297,-0.187):p0.65:e[pusher_block_a];50:b(0.296,-0.193):p0.65:e[pusher_block_a];60:b(0.296,-0.198):p0.65:e[pusher_block_a];63:b(0.296,-0.199):p0.65:e[pusher_block_a]"
oracle_topology_planner,stress_sweep,2,2002,0.60,0,1.00000,1.00000,1.00000,0.00000,1.00000,1.00000,0.00000,0.01562,0.00000,0.00000,0.03125,0.63438,0.01281,104.27244,"0:b(0.053,-0.086):p0.00:e[none];10:b(0.303,-0.397):p0.66:e[none];20:b(0.300,-0.305):p0.66:e[none];30:b(0.298,-0.229):p0.65:e[none];40:b(0.296,-0.166):p0.64:e[none];50:b(0.294,-0.114):p0.64:e[none];60:b(0.293,-0.071):p0.64:e[none];63:b(0.292,-0.059):p0.63:e[none]"
pairwise_contact_classifier,stress_sweep,2,2003,0.60,0,0.56979,0.06250,0.74896,0.19141,0.53125,1.00000,0.79688,0.03125,0.03125,0.48438,0.00000,0.63369,0.00188,43.64735,"0:b(0.049,-0.035):p0.00:e[none];10:b(0.259,-0.037):p0.55:e[pusher_block_a];20:b(0.264,-0.037):p0.57:e[pusher_block_a];30:b(0.346,-0.036):p0.78:e[pusher_block_a,block_a_fixture];40:b(0.325,-0.036):p0.72:e[pusher_block_a];50:b(0.308,-0.036):p0.68:e[pusher_block_a,block_a_fixture];60:b(0.294,-0.036):p0.64:e[pusher_block_a];63:b(0.290,-0.036):p0.63:e[pusher_block_a]"
ensemble_uncertainty_planner,stress_sweep,2,2003,0.60,0,0.48125,0.07292,0.71562,0.20508,0.64062,1.00000,0.79688,0.03125,0.03125,0.46875,0.00000,0.67054,0.00317,42.91765,"0:b(0.049,-0.035):p0.00:e[none];10:b(0.257,-0.034):p0.55:e[pusher_block_a];20:b(0.267,-0.035):p0.57:e[pusher_block_a,block_a_fixture];30:b(0.347,-0.035):p0.78:e[pusher_block_a];40:b(0.331,-0.035):p0.74:e[pusher_block_a,block_a_fixture];50:b(0.318,-0.035):p0.71:e[pusher_block_a];60:b(0.307,-0.035):p0.68:e[pusher_block_a,block_a_fixture];63:b(0.304,-0.035):p0.67:e[pusher_block_a]"
contact_implicit_mpc_baseline,stress_sweep,2,2003,0.60,0,0.66823,0.32292,0.80417,0.16211,0.14062,1.00000,0.79688,0.03125,0.01562,0.48438,0.00000,0.69823,0.00170,43.55121,"0:b(0.049,-0.035):p0.00:e[none];10:b(0.259,-0.038):p0.55:e[pusher_block_a];20:b(0.264,-0.037):p0.56:e[pusher_block_a];30:b(0.350,-0.036):p0.79:e[pusher_block_a,block_a_fixture];40:b(0.337,-0.036):p0.76:e[pusher_block_a];50:b(0.326,-0.036):p0.73:e[pusher_block_a,block_a_fixture];60:b(0.317,-0.036):p0.70:e[pusher_block_a];63:b(0.315,-0.036):p0.70:e[pusher_block_a]"
topology_world_model,stress_sweep,2,2003,0.60,1,0.59841,0.14286,0.79365,0.19048,0.61905,1.00000,0.00000,0.23810,0.09524,0.28571,0.00000,0.85593,0.08036,18.65260,"0:b(0.049,-0.035):p0.00:e[none];10:b(0.258,-0.035):p0.55:e[pusher_block_a];20:b(0.375,-0.118):p0.86:e[pusher_block_a,block_a_block_b,block_b_pocket]"
oracle_topology_planner,stress_sweep,2,2003,0.60,0,1.00000,1.00000,1.00000,0.00000,1.00000,1.00000,0.00000,0.10938,0.01562,0.04688,0.00000,0.80781,0.01229,103.18879,"0:b(0.049,-0.035):p0.00:e[none];10:b(0.329,-0.044):p0.73:e[none];20:b(0.319,-0.029):p0.71:e[none];30:b(0.333,-0.028):p0.74:e[none];40:b(0.344,-0.027):p0.77:e[none];50:b(0.353,-0.026):p0.80:e[none];60:b(0.357,-0.026):p0.81:e[none];63:b(0.357,-0.026):p0.81:e[none]"
pairwise_contact_classifier,stress_sweep,2,2004,0.60,0,0.70677,0.23438,0.81250,0.12500,0.43750,1.00000,0.67188,0.00000,0.00000,0.43750,0.01562,0.38437,0.27790,35.83368,"0:b(0.033,-0.024):p0.00:e[none];10:b(0.072,-0.117):p0.10:e[pusher_block_a];20:b(0.143,-0.295):p0.28:e[pusher_block_a,block_a_fixture];30:b(0.189,-0.403):p0.39:e[pusher_block_a];40:b(0.188,-0.372):p0.39:e[pusher_block_a];50:b(0.187,-0.347):p0.39:e[pusher_block_a];60:b(0.186,-0.326):p0.38:e[pusher_block_a,block_a_fixture];63:b(0.186,-0.320):p0.38:e[pusher_block_a,block_a_fixture]"
ensemble_uncertainty_planner,stress_sweep,2,2004,0.60,0,0.46927,0.15625,0.85417,0.15234,0.37500,0.00000,0.75000,0.01562,0.00000,0.26562,0.00000,0.00000,0.30970,71.28720,"0:b(0.033,-0.024):p0.00:e[none];10:b(0.033,-0.024):p0.00:e[pusher_block_a,block_a_fixture];20:b(0.033,-0.024):p0.00:e[pusher_block_a,block_a_block_b,block_a_fixture];30:b(-0.039,-0.125):p0.00:e[pusher_block_a];40:b(-0.098,-0.210):p0.00:e[none];50:b(-0.148,-0.279):p0.00:e[none];60:b(-0.188,-0.337):p0.00:e[none];63:b(-0.199,-0.352):p0.00:e[none]"
contact_implicit_mpc_baseline,stress_sweep,2,2004,0.60,0,0.66406,0.20312,0.80729,0.17969,0.04688,1.00000,0.75000,0.00000,0.00000,0.46875,0.00000,0.00000,0.01876,36.55437,"0:b(0.033,-0.024):p0.00:e[none];10:b(0.033,-0.024):p0.00:e[pusher_block_a,block_a_fixture];20:b(0.033,-0.024):p0.00:e[pusher_block_a];30:b(0.033,-0.024):p0.00:e[pusher_block_a,block_a_fixture];40:b(0.033,-0.024):p0.00:e[pusher_block_a,block_a_fixture];50:b(0.033,-0.024):p0.00:e[pusher_block_a,block_a_fixture];60:b(0.033,-0.024):p0.00:e[pusher_block_a];63:b(0.033,-0.024):p0.00:e[pusher_block_a,block_a_fixture]"
topology_world_model,stress_sweep,2,2004,0.60,0,0.57240,0.05729,0.93750,0.20117,0.06250,0.00000,0.00000,0.00000,0.00000,0.03125,0.01562,0.31965,0.04950,15.55609,"0:b(0.033,-0.024):p0.00:e[none];10:b(0.007,-0.061):p0.00:e[pusher_block_a];20:b(0.175,-0.403):p0.36:e[pusher_block_a];30:b(0.170,-0.268):p0.35:e[pusher_block_a];40:b(0.166,-0.156):p0.34:e[pusher_block_a];50:b(0.163,-0.063):p0.33:e[pusher_block_a];60:b(0.160,0.011):p0.32:e[pusher_block_a,block_b_fixture];63:b(0.160,0.007):p0.32:e[pusher_block_a]"
oracle_topology_planner,stress_sweep,2,2004,0.60,0,1.00000,1.00000,1.00000,0.00000,1.00000,0.00000,0.00000,0.96875,0.92188,0.00000,0.00000,0.81752,0.02056,8.73244,"0:b(0.033,-0.024):p0.00:e[none];10:b(0.358,-0.062):p0.82:e[pusher_block_a,block_a_block_b,block_b_pocket];20:b(0.358,-0.063):p0.82:e[pusher_block_a,block_a_block_b,block_b_pocket];30:b(0.358,-0.063):p0.82:e[pusher_block_a,block_a_block_b,block_b_pocket];40:b(0.358,-0.063):p0.82:e[pusher_block_a,block_a_block_b,block_b_pocket];50:b(0.358,-0.063):p0.82:e[pusher_block_a,block_a_block_b,block_b_pocket];60:b(0.358,-0.063):p0.82:e[pusher_block_a,block_a_block_b,block_b_pocket];63:b(0.358,-0.063):p0.82:e[pusher_block_a,block_a_block_b,block_b_pocket]"
pairwise_contact_classifier,stress_sweep,3,2000,0.60,0,0.03125,0.07812,0.93750,0.12695,0.06250,1.00000,0.00000,0.00000,0.00000,0.00000,0.03125,1.05060,0.24427,137.52710,"0:b(0.035,-0.033):p0.00:e[none];10:b(0.205,-0.164):p0.43:e[none];20:b(0.423,-0.332):p0.98:e[none];30:b(0.450,-0.386):p1.05:e[none];40:b(0.450,-0.344):p1.05:e[none];50:b(0.450,-0.310):p1.05:e[none];60:b(0.450,-0.281):p1.05:e[none];63:b(0.450,-0.273):p1.05:e[none]"
ensemble_uncertainty_planner,stress_sweep,3,2000,0.60,0,0.03125,0.04688,0.82292,0.15430,0.28125,1.00000,0.00000,0.00000,0.00000,0.00000,0.03125,1.02828,0.25441,132.59717,"0:b(0.035,-0.033):p0.00:e[none];10:b(0.206,-0.164):p0.43:e[none];20:b(0.425,-0.333):p0.99:e[none];30:b(0.450,-0.385):p1.05:e[none];40:b(0.450,-0.336):p1.05:e[pusher_block_b];50:b(0.450,-0.242):p1.05:e[none];60:b(0.444,-0.272):p1.04:e[pusher_block_b];63:b(0.441,-0.283):p1.03:e[pusher_block_b]"
contact_implicit_mpc_baseline,stress_sweep,3,2000,0.60,0,0.86250,0.86979,0.76042,0.05078,0.67188,1.00000,0.81250,0.00000,0.00000,0.70312,0.01562,0.71994,0.20552,24.89233,"0:b(0.035,-0.033):p0.00:e[none];10:b(0.298,-0.376):p0.67:e[pusher_block_a,block_a_fixture];20:b(0.324,-0.367):p0.73:e[pusher_block_a,block_a_fixture];30:b(0.323,-0.326):p0.73:e[pusher_block_a,block_a_fixture];40:b(0.321,-0.292):p0.73:e[pusher_block_a,block_a_fixture];50:b(0.320,-0.264):p0.72:e[pusher_block_a,block_a_fixture];60:b(0.320,-0.241):p0.72:e[pusher_block_a,block_a_fixture];63:b(0.319,-0.234):p0.72:e[pusher_block_a]"
topology_world_model,stress_sweep,3,2000,0.60,0,0.03125,0.04688,0.96875,0.12891,0.06250,0.00000,0.00000,0.00000,0.00000,0.00000,0.03125,1.05060,0.24007,137.43384,"0:b(0.035,-0.033):p0.00:e[none];10:b(0.205,-0.164):p0.43:e[none];20:b(0.424,-0.332):p0.98:e[none];30:b(0.450,-0.386):p1.05:e[none];40:b(0.450,-0.343):p1.05:e[none];50:b(0.450,-0.307):p1.05:e[none];60:b(0.450,-0.277):p1.05:e[none];63:b(0.450,-0.269):p1.05:e[none]"
oracle_topology_planner,stress_sweep,3,2000,0.60,0,1.00000,1.00000,1.00000,0.00000,1.00000,0.00000,0.00000,0.96875,0.90625,0.00000,0.00000,0.81693,0.04788,10.10762,"0:b(0.035,-0.033):p0.00:e[none];10:b(0.361,-0.077):p0.83:e[pusher_block_a,block_a_block_b,block_b_pocket];20:b(0.358,-0.076):p0.82:e[pusher_block_a,block_a_block_b,block_b_pocket];30:b(0.358,-0.076):p0.82:e[pusher_block_a,block_a_block_b,block_b_pocket];40:b(0.358,-0.076):p0.82:e[pusher_block_a,block_a_block_b,block_b_pocket];50:b(0.358,-0.077):p0.82:e[pusher_block_a,block_a_block_b,block_b_pocket];60:b(0.358,-0.077):p0.82:e[pusher_block_a,block_a_block_b,block_b_pocket];63:b(0.358,-0.077):p0.82:e[pusher_block_a,block_a_block_b,block_b_pocket]"
pairwise_contact_classifier,stress_sweep,3,2001,0.60,1,0.62833,0.21667,0.27500,0.24375,0.90000,0.25000,0.00000,0.85000,0.75000,0.05000,0.00000,0.82598,0.04248,11.00438,"0:b(0.015,-0.027):p0.00:e[none];10:b(0.358,-0.083):p0.83:e[pusher_block_a,block_a_block_b,block_b_pocket]"
ensemble_uncertainty_planner,stress_sweep,3,2001,0.60,1,0.43000,0.10000,0.23333,0.33125,0.20000,0.25000,0.00000,0.85000,0.75000,0.05000,0.00000,0.82598,0.04222,11.02079,"0:b(0.015,-0.027):p0.00:e[none];10:b(0.358,-0.083):p0.83:e[pusher_block_a,block_a_block_b,block_b_pocket]"
contact_implicit_mpc_baseline,stress_sweep,3,2001,0.60,1,0.88833,0.80000,0.90000,0.03750,0.80000,0.00000,0.00000,0.85000,0.75000,0.05000,0.00000,0.82598,0.04039,11.01835,"0:b(0.015,-0.027):p0.00:e[none];10:b(0.358,-0.081):p0.83:e[pusher_block_a,block_a_block_b,block_b_pocket]"
topology_world_model,stress_sweep,3,2001,0.60,1,0.66167,0.15000,0.25000,0.23125,0.95000,0.25000,0.00000,0.85000,0.75000,0.05000,0.00000,0.82598,0.04023,10.90206,"0:b(0.015,-0.027):p0.00:e[none];10:b(0.358,-0.081):p0.83:e[pusher_block_a,block_a_block_b,block_b_pocket]"
oracle_topology_planner,stress_sweep,3,2001,0.60,0,1.00000,1.00000,1.00000,0.00000,1.00000,1.00000,0.00000,0.12500,0.07812,0.00000,0.00000,0.50699,0.00062,12.09217,"0:b(0.015,-0.027):p0.00:e[none];10:b(0.360,-0.040):p0.83:e[block_b_pocket];20:b(0.323,-0.040):p0.74:e[none];30:b(0.293,-0.040):p0.67:e[none];40:b(0.268,-0.040):p0.61:e[none];50:b(0.247,-0.040):p0.56:e[none];60:b(0.230,-0.040):p0.52:e[none];63:b(0.225,-0.040):p0.51:e[none]"
pairwise_contact_classifier,stress_sweep,3,2002,0.60,0,0.52240,0.05208,0.90625,0.23438,0.09375,0.00000,0.00000,0.00000,0.03125,0.03125,0.01562,0.58133,0.33609,15.90611,"0:b(0.038,-0.074):p0.00:e[none];10:b(0.211,-0.263):p0.44:e[pusher_block_a];20:b(0.377,-0.269):p0.86:e[pusher_block_a];30:b(0.324,-0.258):p0.73:e[pusher_block_a];40:b(0.302,-0.309):p0.67:e[pusher_block_a];50:b(0.285,-0.351):p0.63:e[pusher_block_a];60:b(0.270,-0.386):p0.59:e[pusher_block_a];63:b(0.266,-0.395):p0.58:e[pusher_block_a]"
ensemble_uncertainty_planner,stress_sweep,3,2002,0.60,0,0.08958,0.11198,0.15885,0.32617,0.15625,0.00000,0.00000,0.03125,0.00000,0.01562,0.03125,0.59329,0.24393,13.42307,"0:b(0.038,-0.074):p0.00:e[none];10:b(0.276,-0.374):p0.61:e[pusher_block_a];20:b(0.271,-0.225):p0.59:e[pusher_block_a];30:b(0.271,-0.245):p0.59:e[pusher_block_a];40:b(0.271,-0.267):p0.59:e[pusher_block_a];50:b(0.271,-0.285):p0.59:e[pusher_block_a];60:b(0.271,-0.299):p0.59:e[pusher_block_a];63:b(0.271,-0.303):p0.59:e[pusher_block_a]"
contact_implicit_mpc_baseline,stress_sweep,3,2002,0.60,0,0.70417,0.50000,0.82812,0.13867,0.17188,1.00000,0.76562,0.00000,0.00000,0.42188,0.00000,0.00000,0.01493,39.80759,"0:b(0.038,-0.074):p0.00:e[none];10:b(0.038,-0.074):p0.00:e[pusher_block_a];20:b(0.038,-0.074):p0.00:e[pusher_block_a,block_a_fixture];30:b(0.038,-0.074):p0.00:e[pusher_block_a,block_a_fixture];40:b(0.038,-0.074):p0.00:e[pusher_block_a,block_a_fixture];50:b(0.038,-0.074):p0.00:e[pusher_block_a,block_a_fixture];60:b(0.038,-0.074):p0.00:e[pusher_block_a];63:b(0.038,-0.074):p0.00:e[pusher_block_a,block_a_fixture]"
topology_world_model,stress_sweep,3,2002,0.60,0,0.53177,0.04167,0.93229,0.23242,0.06250,0.00000,0.00000,0.03125,0.00000,0.01562,0.03125,0.59540,0.23339,13.43304,"0:b(0.038,-0.074):p0.00:e[none];10:b(0.277,-0.373):p0.61:e[pusher_block_a];20:b(0.271,-0.222):p0.60:e[pusher_block_a,block_a_block_b];30:b(0.271,-0.244):p0.60:e[pusher_block_a];40:b(0.271,-0.262):p0.60:e[pusher_block_a];50:b(0.271,-0.277):p0.60:e[pusher_block_a];60:b(0.271,-0.289):p0.60:e[pusher_block_a];63:b(0.271,-0.293):p0.60:e[pusher_block_a]"
oracle_topology_planner,stress_sweep,3,2002,0.60,0,1.00000,1.00000,1.00000,0.00000,1.00000,0.00000,0.00000,0.96875,0.92188,0.00000,0.00000,0.81519,0.02305,6.76713,"0:b(0.038,-0.074):p0.00:e[none];10:b(0.358,-0.082):p0.82:e[pusher_block_a,block_a_block_b,block_b_pocket];20:b(0.358,-0.082):p0.82:e[pusher_block_a,block_a_block_b,block_b_pocket];30:b(0.358,-0.082):p0.82:e[pusher_block_a,block_a_block_b,block_b_pocket];40:b(0.358,-0.082):p0.82:e[pusher_block_a,block_a_block_b,block_b_pocket];50:b(0.358,-0.082):p0.82:e[pusher_block_a,block_a_block_b,block_b_pocket];60:b(0.358,-0.082):p0.82:e[pusher_block_a,block_a_block_b,block_b_pocket];63:b(0.358,-0.082):p0.82:e[pusher_block_a,block_a_block_b,block_b_pocket]"
pairwise_contact_classifier,stress_sweep,3,2003,0.60,0,0.50260,0.04167,0.89844,0.24023,0.09375,0.00000,0.00000,0.04688,0.00000,0.01562,0.03125,0.64865,0.21539,12.17509,"0:b(0.039,-0.068):p0.00:e[none];10:b(0.297,-0.366):p0.66:e[pusher_block_a];20:b(0.292,-0.234):p0.65:e[pusher_block_a];30:b(0.292,-0.245):p0.65:e[pusher_block_a];40:b(0.292,-0.255):p0.65:e[pusher_block_a];50:b(0.292,-0.263):p0.65:e[pusher_block_a];60:b(0.292,-0.269):p0.65:e[pusher_block_a];63:b(0.292,-0.271):p0.65:e[pusher_block_a]"
ensemble_uncertainty_planner,stress_sweep,3,2003,0.60,0,0.08177,0.14583,0.12187,0.32422,0.12500,0.00000,0.00000,0.04688,0.00000,0.01562,0.03125,0.65363,0.24493,12.16328,"0:b(0.039,-0.068):p0.00:e[none];10:b(0.299,-0.366):p0.66:e[pusher_block_a];20:b(0.294,-0.237):p0.65:e[pusher_block_a];30:b(0.294,-0.256):p0.65:e[pusher_block_a];40:b(0.294,-0.273):p0.65:e[pusher_block_a];50:b(0.294,-0.286):p0.65:e[pusher_block_a];60:b(0.294,-0.297):p0.65:e[pusher_block_a];63:b(0.294,-0.300):p0.65:e[pusher_block_a]"
contact_implicit_mpc_baseline,stress_sweep,3,2003,0.60,0,0.89896,0.78125,0.95312,0.04102,0.78125,1.00000,0.00000,0.04688,0.00000,0.01562,0.03125,0.64598,0.21794,12.05715,"0:b(0.039,-0.068):p0.00:e[none];10:b(0.296,-0.366):p0.66:e[pusher_block_a];20:b(0.291,-0.234):p0.65:e[pusher_block_a];30:b(0.291,-0.246):p0.65:e[pusher_block_a];40:b(0.291,-0.256):p0.65:e[pusher_block_a];50:b(0.291,-0.265):p0.65:e[pusher_block_a];60:b(0.291,-0.272):p0.65:e[pusher_block_a];63:b(0.291,-0.273):p0.65:e[pusher_block_a]"
topology_world_model,stress_sweep,3,2003,0.60,0,0.53177,0.04948,0.93229,0.23242,0.06250,0.00000,0.00000,0.03125,0.00000,0.01562,0.03125,0.64192,0.19871,12.08895,"0:b(0.039,-0.068):p0.00:e[none];10:b(0.294,-0.366):p0.65:e[pusher_block_a];20:b(0.290,-0.232):p0.64:e[pusher_block_a];30:b(0.290,-0.239):p0.64:e[pusher_block_a];40:b(0.290,-0.245):p0.64:e[pusher_block_a];50:b(0.290,-0.249):p0.64:e[pusher_block_a];60:b(0.290,-0.253):p0.64:e[pusher_block_a];63:b(0.290,-0.254):p0.64:e[pusher_block_a]"
oracle_topology_planner,stress_sweep,3,2003,0.60,0,1.00000,1.00000,1.00000,0.00000,1.00000,0.00000,0.00000,0.96875,0.92188,0.00000,0.00000,0.81526,0.01389,8.71739,"0:b(0.039,-0.068):p0.00:e[none];10:b(0.358,-0.068):p0.82:e[pusher_block_a,block_a_block_b,block_b_pocket];20:b(0.358,-0.069):p0.82:e[pusher_block_a,block_a_block_b,block_b_pocket];30:b(0.358,-0.069):p0.82:e[pusher_block_a,block_a_block_b,block_b_pocket];40:b(0.358,-0.069):p0.82:e[pusher_block_a,block_a_block_b,block_b_pocket];50:b(0.358,-0.069):p0.82:e[pusher_block_a,block_a_block_b,block_b_pocket];60:b(0.358,-0.069):p0.82:e[pusher_block_a,block_a_block_b,block_b_pocket];63:b(0.358,-0.069):p0.82:e[pusher_block_a,block_a_block_b,block_b_pocket]"
pairwise_contact_classifier,stress_sweep,3,2004,0.60,0,0.63385,0.04688,0.11719,0.25781,0.89062,0.88462,0.00000,0.95312,0.92188,0.01562,0.00000,0.81026,0.05665,11.72244,"0:b(0.049,-0.049):p0.00:e[none];10:b(0.358,-0.083):p0.81:e[pusher_block_a,block_a_block_b,block_b_pocket];20:b(0.358,-0.083):p0.81:e[pusher_block_a,block_a_block_b,block_b_pocket];30:b(0.358,-0.083):p0.81:e[pusher_block_a,block_a_block_b,block_b_pocket];40:b(0.358,-0.083):p0.81:e[pusher_block_a,block_a_block_b,block_b_pocket];50:b(0.358,-0.083):p0.81:e[pusher_block_a,block_a_block_b,block_b_pocket];60:b(0.358,-0.083):p0.81:e[pusher_block_a,block_a_block_b,block_b_pocket];63:b(0.358,-0.083):p0.81:e[pusher_block_a,block_a_block_b,block_b_pocket]"
ensemble_uncertainty_planner,stress_sweep,3,2004,0.60,0,0.39948,0.04167,0.10677,0.36328,0.06250,0.89320,0.00000,0.95312,0.92188,0.01562,0.00000,0.81027,0.05697,11.80098,"0:b(0.049,-0.049):p0.00:e[none];10:b(0.358,-0.083):p0.81:e[pusher_block_a,block_a_block_b,block_b_pocket];20:b(0.358,-0.083):p0.81:e[pusher_block_a,block_a_block_b,block_b_pocket];30:b(0.358,-0.083):p0.81:e[pusher_block_a,block_a_block_b,block_b_pocket];40:b(0.358,-0.083):p0.81:e[pusher_block_a,block_a_block_b,block_b_pocket];50:b(0.358,-0.083):p0.81:e[pusher_block_a,block_a_block_b,block_b_pocket];60:b(0.358,-0.083):p0.81:e[pusher_block_a,block_a_block_b,block_b_pocket];63:b(0.358,-0.083):p0.81:e[pusher_block_a,block_a_block_b,block_b_pocket]"
contact_implicit_mpc_baseline,stress_sweep,3,2004,0.60,0,0.97135,0.95312,0.98438,0.00781,0.96875,0.00000,0.00000,0.95312,0.92188,0.01562,0.00000,0.81026,0.05615,11.77614,"0:b(0.049,-0.049):p0.00:e[none];10:b(0.358,-0.082):p0.81:e[pusher_block_a,block_a_block_b,block_b_pocket];20:b(0.358,-0.082):p0.81:e[pusher_block_a,block_a_block_b,block_b_pocket];30:b(0.358,-0.082):p0.81:e[pusher_block_a,block_a_block_b,block_b_pocket];40:b(0.358,-0.082):p0.81:e[pusher_block_a,block_a_block_b,block_b_pocket];50:b(0.358,-0.082):p0.81:e[pusher_block_a,block_a_block_b,block_b_pocket];60:b(0.358,-0.082):p0.81:e[pusher_block_a,block_a_block_b,block_b_pocket];63:b(0.358,-0.082):p0.81:e[pusher_block_a,block_a_block_b,block_b_pocket]"
topology_world_model,stress_sweep,3,2004,0.60,0,0.66510,0.08333,0.11458,0.24414,0.98438,0.88462,0.00000,0.95312,0.92188,0.01562,0.00000,0.81026,0.05661,11.77399,"0:b(0.049,-0.049):p0.00:e[none];10:b(0.358,-0.083):p0.81:e[pusher_block_a,block_a_block_b,block_b_pocket];20:b(0.358,-0.083):p0.81:e[pusher_block_a,block_a_block_b,block_b_pocket];30:b(0.358,-0.083):p0.81:e[pusher_block_a,block_a_block_b,block_b_pocket];40:b(0.358,-0.083):p0.81:e[pusher_block_a,block_a_block_b,block_b_pocket];50:b(0.358,-0.083):p0.81:e[pusher_block_a,block_a_block_b,block_b_pocket];60:b(0.358,-0.083):p0.81:e[pusher_block_a,block_a_block_b,block_b_pocket];63:b(0.358,-0.083):p0.81:e[pusher_block_a,block_a_block_b,block_b_pocket]"
oracle_topology_planner,stress_sweep,3,2004,0.60,1,1.00000,1.00000,1.00000,0.00000,1.00000,0.00000,0.00000,0.90000,0.75000,0.00000,0.00000,0.83047,0.04983,8.78978,"0:b(0.049,-0.049):p0.00:e[none];10:b(0.357,-0.081):p0.81:e[pusher_block_a,block_a_block_b,block_b_pocket]"
pairwise_contact_classifier,stress_sweep,4,2000,0.60,0,0.54323,0.04531,0.81771,0.24023,0.03125,0.00000,0.67188,0.00000,0.00000,0.37500,0.00000,0.00000,0.02790,35.48281,"0:b(0.030,-0.053):p0.00:e[none];10:b(0.030,-0.053):p0.00:e[pusher_block_a];20:b(0.030,-0.053):p0.00:e[pusher_block_a];30:b(0.030,-0.053):p0.00:e[pusher_block_a];40:b(0.030,-0.053):p0.00:e[pusher_block_a];50:b(0.030,-0.053):p0.00:e[pusher_block_a];60:b(0.030,-0.053):p0.00:e[pusher_block_a];63:b(0.030,-0.053):p0.00:e[pusher_block_a]"
ensemble_uncertainty_planner,stress_sweep,4,2000,0.60,0,0.59115,0.03125,0.81250,0.19727,0.17188,0.00000,0.67188,0.00000,0.00000,0.37500,0.00000,0.00000,0.02790,35.50329,"0:b(0.030,-0.053):p0.00:e[none];10:b(0.030,-0.053):p0.00:e[pusher_block_a];20:b(0.030,-0.053):p0.00:e[pusher_block_a];30:b(0.030,-0.053):p0.00:e[pusher_block_a];40:b(0.030,-0.053):p0.00:e[pusher_block_a];50:b(0.030,-0.053):p0.00:e[pusher_block_a];60:b(0.030,-0.053):p0.00:e[pusher_block_a];63:b(0.030,-0.053):p0.00:e[pusher_block_a]"
contact_implicit_mpc_baseline,stress_sweep,4,2000,0.60,0,0.62031,0.15625,0.83333,0.19336,0.03125,1.00000,0.67188,0.00000,0.00000,0.37500,0.00000,0.00000,0.02790,35.45228,"0:b(0.030,-0.053):p0.00:e[none];10:b(0.030,-0.053):p0.00:e[pusher_block_a];20:b(0.030,-0.053):p0.00:e[pusher_block_a];30:b(0.030,-0.053):p0.00:e[pusher_block_a];40:b(0.030,-0.053):p0.00:e[pusher_block_a];50:b(0.030,-0.053):p0.00:e[pusher_block_a];60:b(0.030,-0.053):p0.00:e[pusher_block_a];63:b(0.030,-0.053):p0.00:e[pusher_block_a]"
topology_world_model,stress_sweep,4,2000,0.60,0,0.55156,0.04167,0.97917,0.21680,0.03125,0.00000,0.00000,0.01562,0.00000,0.01562,0.00000,0.50211,0.20508,13.71065,"0:b(0.030,-0.053):p0.00:e[none];10:b(0.246,-0.407):p0.54:e[pusher_block_a];20:b(0.242,-0.359):p0.53:e[pusher_block_a];30:b(0.238,-0.319):p0.52:e[pusher_block_a];40:b(0.235,-0.286):p0.51:e[pusher_block_a];50:b(0.233,-0.259):p0.51:e[pusher_block_a];60:b(0.231,-0.236):p0.50:e[pusher_block_a];63:b(0.231,-0.230):p0.50:e[pusher_block_a]"
oracle_topology_planner,stress_sweep,4,2000,0.60,0,1.00000,1.00000,1.00000,0.00000,1.00000,1.00000,0.00000,0.04688,0.00000,0.00000,0.01562,0.30238,0.20836,103.50627,"0:b(0.030,-0.053):p0.00:e[none];10:b(0.307,-0.381):p0.69:e[none];20:b(0.290,-0.303):p0.65:e[none];30:b(0.247,-0.281):p0.54:e[none];40:b(0.211,-0.263):p0.45:e[none];50:b(0.182,-0.249):p0.38:e[none];60:b(0.157,-0.237):p0.32:e[none];63:b(0.151,-0.233):p0.30:e[none]"
pairwise_contact_classifier,stress_sweep,4,2001,0.60,0,0.52292,0.04167,0.73438,0.23828,0.45312,0.00000,0.73438,0.00000,0.00000,0.45312,0.00000,0.00000,0.02353,41.96888,"0:b(0.027,-0.079):p0.00:e[none];10:b(0.027,-0.079):p0.00:e[pusher_block_a,block_a_fixture];20:b(0.027,-0.079):p0.00:e[pusher_block_a];30:b(0.027,-0.079):p0.00:e[pusher_block_a];40:b(0.027,-0.079):p0.00:e[pusher_block_a,block_a_fixture];50:b(0.027,-0.079):p0.00:e[pusher_block_a];60:b(0.027,-0.079):p0.00:e[pusher_block_a,block_a_fixture];63:b(0.027,-0.079):p0.00:e[pusher_block_a]"
ensemble_uncertainty_planner,stress_sweep,4,2001,0.60,0,0.22344,0.14323,0.36198,0.27734,0.20312,0.00000,0.00000,0.01562,0.00000,0.07812,0.01562,0.51018,0.13818,18.67665,"0:b(0.027,-0.079):p0.00:e[none];10:b(0.027,-0.079):p0.00:e[pusher_block_a];20:b(0.185,-0.329):p0.39:e[pusher_block_a];30:b(0.238,-0.318):p0.52:e[pusher_block_a];40:b(0.234,-0.220):p0.51:e[pusher_block_a];50:b(0.233,-0.190):p0.51:e[pusher_block_a];60:b(0.233,-0.193):p0.51:e[pusher_block_a];63:b(0.233,-0.193):p0.51:e[pusher_block_a]"
contact_implicit_mpc_baseline,stress_sweep,4,2001,0.60,0,0.82812,0.73438,0.78125,0.06055,0.51562,1.00000,0.76562,0.00000,0.00000,0.48438,0.00000,0.00000,0.02353,42.79014,"0:b(0.027,-0.079):p0.00:e[none];10:b(0.027,-0.079):p0.00:e[pusher_block_a,block_a_fixture];20:b(0.027,-0.079):p0.00:e[pusher_block_a];30:b(0.027,-0.079):p0.00:e[pusher_block_a,block_a_fixture];40:b(0.027,-0.079):p0.00:e[pusher_block_a];50:b(0.027,-0.079):p0.00:e[pusher_block_a,block_a_fixture];60:b(0.027,-0.079):p0.00:e[pusher_block_a];63:b(0.027,-0.079):p0.00:e[pusher_block_a,block_a_fixture]"
topology_world_model,stress_sweep,4,2001,0.60,0,0.58073,0.03906,0.96875,0.19336,0.07812,0.00000,0.00000,0.00000,0.00000,0.04688,0.00000,0.69170,0.25547,16.41971,"0:b(0.027,-0.079):p0.00:e[none];10:b(0.033,-0.086):p0.02:e[pusher_block_a,block_a_fixture];20:b(0.285,-0.394):p0.64:e[pusher_block_a];30:b(0.292,-0.368):p0.66:e[pusher_block_a];40:b(0.297,-0.347):p0.67:e[pusher_block_a];50:b(0.301,-0.329):p0.68:e[pusher_block_a];60:b(0.305,-0.314):p0.69:e[pusher_block_a];63:b(0.306,-0.310):p0.69:e[pusher_block_a]"
oracle_topology_planner,stress_sweep,4,2001,0.60,0,1.00000,1.00000,1.00000,0.00000,1.00000,1.00000,0.00000,0.01562,0.00000,0.00000,0.03125,0.70268,0.26977,98.01328,"0:b(0.027,-0.079):p0.00:e[none];10:b(0.291,-0.395):p0.65:e[pusher_block_b];20:b(0.316,-0.390):p0.72:e[none];30:b(0.314,-0.370):p0.71:e[none];40:b(0.313,-0.353):p0.71:e[none];50:b(0.311,-0.339):p0.71:e[none];60:b(0.310,-0.328):p0.70:e[none];63:b(0.310,-0.325):p0.70:e[none]"
pairwise_contact_classifier,stress_sweep,4,2002,0.60,0,0.52552,0.04948,0.93229,0.22461,0.09375,0.00000,0.00000,0.01562,0.00000,0.00000,0.03125,0.64775,0.17901,12.76825,"0:b(0.022,-0.068):p0.00:e[none];10:b(0.293,-0.395):p0.66:e[pusher_block_a];20:b(0.289,-0.283):p0.65:e[pusher_block_a];30:b(0.286,-0.191):p0.65:e[pusher_block_a];40:b(0.286,-0.205):p0.65:e[pusher_block_a];50:b(0.286,-0.219):p0.65:e[pusher_block_a];60:b(0.286,-0.231):p0.65:e[pusher_block_a];63:b(0.286,-0.234):p0.65:e[pusher_block_a]"
ensemble_uncertainty_planner,stress_sweep,4,2002,0.60,0,0.08073,0.04688,0.16146,0.32422,0.18750,0.00000,0.00000,0.00000,0.00000,0.00000,0.03125,0.65524,0.13744,12.81768,"0:b(0.022,-0.068):p0.00:e[none];10:b(0.296,-0.393):p0.67:e[pusher_block_a];20:b(0.292,-0.255):p0.66:e[pusher_block_a];30:b(0.290,-0.192):p0.66:e[pusher_block_a];40:b(0.290,-0.192):p0.66:e[pusher_block_a];50:b(0.290,-0.192):p0.66:e[pusher_block_a];60:b(0.289,-0.192):p0.66:e[pusher_block_a];63:b(0.289,-0.192):p0.66:e[pusher_block_a]"
contact_implicit_mpc_baseline,stress_sweep,4,2002,0.60,0,0.94792,0.87500,0.99479,0.02148,0.85938,1.00000,0.00000,0.03125,0.00000,0.00000,0.03125,0.66333,0.22952,12.92246,"0:b(0.022,-0.068):p0.00:e[none];10:b(0.298,-0.391):p0.68:e[pusher_block_a];20:b(0.294,-0.230):p0.67:e[pusher_block_a];30:b(0.293,-0.210):p0.66:e[pusher_block_a];40:b(0.293,-0.238):p0.66:e[pusher_block_a];50:b(0.293,-0.261):p0.66:e[pusher_block_a];60:b(0.293,-0.280):p0.66:e[pusher_block_a];63:b(0.293,-0.285):p0.66:e[pusher_block_a]"
topology_world_model,stress_sweep,4,2002,0.60,0,0.54896,0.05729,0.92188,0.21875,0.06250,0.00000,0.00000,0.01562,0.00000,0.00000,0.03125,0.66362,0.20600,12.88159,"0:b(0.022,-0.068):p0.00:e[none];10:b(0.298,-0.391):p0.68:e[pusher_block_a];20:b(0.294,-0.229):p0.67:e[pusher_block_a];30:b(0.293,-0.208):p0.66:e[pusher_block_a];40:b(0.293,-0.228):p0.66:e[pusher_block_a];50:b(0.293,-0.244):p0.66:e[pusher_block_a];60:b(0.293,-0.257):p0.66:e[pusher_block_a];63:b(0.293,-0.261):p0.66:e[pusher_block_a]"
oracle_topology_planner,stress_sweep,4,2002,0.60,0,1.00000,1.00000,1.00000,0.00000,1.00000,1.00000,0.00000,0.23438,0.18750,0.00000,0.01562,0.46690,0.25366,13.84580,"0:b(0.022,-0.068):p0.00:e[none];10:b(0.358,-0.064):p0.82:e[pusher_block_a,block_a_block_b,block_b_pocket];20:b(0.313,-0.160):p0.71:e[none];30:b(0.210,-0.404):p0.46:e[none];40:b(0.209,-0.374):p0.46:e[none];50:b(0.211,-0.342):p0.46:e[none];60:b(0.212,-0.316):p0.47:e[none];63:b(0.213,-0.309):p0.47:e[none]"
pairwise_contact_classifier,stress_sweep,4,2003,0.60,0,0.58802,0.04167,0.80938,0.18359,0.46875,1.00000,0.73438,0.03125,0.01562,0.43750,0.00000,0.71786,0.03511,42.78686,"0:b(0.027,-0.009):p0.00:e[none];10:b(0.315,-0.009):p0.71:e[pusher_block_a,block_a_fixture];20:b(0.235,-0.009):p0.51:e[pusher_block_a];30:b(0.168,-0.009):p0.35:e[pusher_block_a,block_a_block_b,block_a_fixture];40:b(0.357,-0.008):p0.82:e[pusher_block_a,block_a_fixture];50:b(0.337,-0.008):p0.77:e[pusher_block_a];60:b(0.321,-0.008):p0.73:e[pusher_block_a,block_a_fixture];63:b(0.316,-0.008):p0.72:e[pusher_block_a]"
ensemble_uncertainty_planner,stress_sweep,4,2003,0.60,1,0.38833,0.08333,0.25667,0.34375,0.10000,0.25000,0.00000,0.85000,0.75000,0.05000,0.00000,0.82029,0.00204,10.41271,"0:b(0.027,-0.009):p0.00:e[none];10:b(0.358,-0.045):p0.82:e[pusher_block_a,block_a_block_b,block_b_pocket]"
contact_implicit_mpc_baseline,stress_sweep,4,2003,0.60,0,0.70677,0.47656,0.76562,0.13672,0.29688,0.00000,0.73438,0.03125,0.04688,0.43750,0.00000,0.50296,0.03679,42.81837,"0:b(0.027,-0.009):p0.00:e[none];10:b(0.316,-0.005):p0.72:e[pusher_block_a,block_a_fixture];20:b(0.237,-0.006):p0.52:e[pusher_block_a];30:b(0.171,-0.006):p0.36:e[pusher_block_a,block_a_block_b,block_a_fixture];40:b(0.365,-0.006):p0.84:e[pusher_block_a,block_a_fixture,block_b_pocket];50:b(0.299,-0.006):p0.67:e[pusher_block_a];60:b(0.244,-0.006):p0.54:e[pusher_block_a,block_a_fixture];63:b(0.230,-0.006):p0.50:e[pusher_block_a]"
topology_world_model,stress_sweep,4,2003,0.60,0,0.61458,0.05729,0.45312,0.22070,0.67188,0.91667,0.73438,0.51562,0.43750,0.23438,0.00000,0.82030,0.07282,29.47841,"0:b(0.027,-0.009):p0.00:e[none];10:b(0.315,-0.013):p0.71:e[pusher_block_a,block_a_fixture];20:b(0.235,-0.012):p0.51:e[pusher_block_a];30:b(0.168,-0.012):p0.35:e[pusher_block_a,block_a_block_b,block_a_fixture];40:b(0.358,-0.116):p0.82:e[pusher_block_a,block_a_block_b,block_b_pocket];50:b(0.358,-0.116):p0.82:e[pusher_block_a,block_a_block_b,block_b_pocket];60:b(0.358,-0.116):p0.82:e[pusher_block_a,block_a_block_b,block_b_pocket];63:b(0.358,-0.116):p0.82:e[pusher_block_a,block_a_block_b,block_b_pocket]"
oracle_topology_planner,stress_sweep,4,2003,0.60,1,1.00000,1.00000,1.00000,0.00000,1.00000,0.00000,0.00000,0.90000,0.75000,0.00000,0.00000,0.82022,0.01241,8.00452,"0:b(0.027,-0.009):p0.00:e[none];10:b(0.357,-0.061):p0.82:e[pusher_block_a,block_a_block_b,block_b_pocket]"
pairwise_contact_classifier,stress_sweep,4,2004,0.60,0,0.62187,0.05729,0.97917,0.16406,0.37500,1.00000,0.76562,0.01562,0.01562,0.34375,0.00000,0.45260,0.09469,31.27416,"0:b(0.012,-0.020):p0.00:e[none];10:b(0.341,-0.137):p0.79:e[pusher_block_a];20:b(0.303,-0.135):p0.70:e[pusher_block_a];30:b(0.271,-0.134):p0.62:e[pusher_block_a];40:b(0.245,-0.132):p0.56:e[pusher_block_a];50:b(0.224,-0.131):p0.51:e[pusher_block_a];60:b(0.206,-0.130):p0.46:e[pusher_block_a];63:b(0.201,-0.130):p0.45:e[pusher_block_a]"
ensemble_uncertainty_planner,stress_sweep,4,2004,0.60,0,0.60208,0.04167,1.00000,0.17969,0.40625,1.00000,0.76562,0.04688,0.03125,0.39062,0.00000,0.81328,0.01426,31.64583,"0:b(0.012,-0.020):p0.00:e[none];10:b(0.328,-0.020):p0.76:e[pusher_block_a];20:b(0.277,-0.020):p0.63:e[pusher_block_a];30:b(0.234,-0.020):p0.53:e[pusher_block_a];40:b(0.198,-0.020):p0.45:e[pusher_block_a];50:b(0.169,-0.020):p0.38:e[pusher_block_a];60:b(0.329,-0.021):p0.76:e[pusher_block_a];63:b(0.352,-0.021):p0.81:e[pusher_block_a,block_a_fixture]"
contact_implicit_mpc_baseline,stress_sweep,4,2004,0.60,0,0.68378,0.46042,0.61198,0.16016,0.23438,0.00000,0.76562,0.09375,0.03125,0.51562,0.00000,0.82432,0.01144,34.36758,"0:b(0.012,-0.020):p0.00:e[none];10:b(0.328,-0.022):p0.76:e[pusher_block_a];20:b(0.276,-0.022):p0.63:e[pusher_block_a];30:b(0.233,-0.022):p0.53:e[pusher_block_a];40:b(0.197,-0.022):p0.44:e[pusher_block_a,block_a_fixture];50:b(0.168,-0.021):p0.37:e[pusher_block_a];60:b(0.299,-0.023):p0.69:e[pusher_block_a];63:b(0.357,-0.023):p0.82:e[pusher_block_a]"
topology_world_model,stress_sweep,4,2004,0.60,0,0.56875,0.04167,0.69792,0.20312,0.65625,1.00000,0.84375,0.03125,0.03125,0.59375,0.00000,0.78542,0.01397,36.06881,"0:b(0.012,-0.020):p0.00:e[none];10:b(0.328,-0.021):p0.76:e[pusher_block_a,block_a_fixture];20:b(0.275,-0.021):p0.63:e[pusher_block_a,block_a_fixture];30:b(0.231,-0.021):p0.52:e[pusher_block_a,block_a_fixture];40:b(0.195,-0.021):p0.44:e[pusher_block_a,block_a_fixture];50:b(0.165,-0.021):p0.37:e[pusher_block_a,block_a_fixture];60:b(0.354,-0.021):p0.82:e[pusher_block_a,block_a_fixture];63:b(0.340,-0.021):p0.79:e[pusher_block_a]"
oracle_topology_planner,stress_sweep,4,2004,0.60,1,1.00000,1.00000,1.00000,0.00000,1.00000,0.00000,0.00000,0.90000,0.75000,0.00000,0.00000,0.82689,0.00173,7.92985,"0:b(0.012,-0.020):p0.00:e[none];10:b(0.358,-0.036):p0.83:e[pusher_block_a,block_a_block_b,block_b_pocket]"
pairwise_contact_classifier,stress_sweep,5,2000,0.60,0,0.61979,0.10938,0.13125,0.26367,0.81250,0.88462,0.00000,0.95312,0.92188,0.00000,0.00000,0.81961,0.17744,11.06819,"0:b(0.029,-0.010):p0.00:e[none];10:b(0.358,-0.212):p0.82:e[pusher_block_a,block_a_block_b,block_b_pocket];20:b(0.358,-0.212):p0.82:e[pusher_block_a,block_a_block_b,block_b_pocket];30:b(0.358,-0.212):p0.82:e[pusher_block_a,block_a_block_b,block_b_pocket];40:b(0.358,-0.212):p0.82:e[pusher_block_a,block_a_block_b,block_b_pocket];50:b(0.358,-0.212):p0.82:e[pusher_block_a,block_a_block_b,block_b_pocket];60:b(0.358,-0.212):p0.82:e[pusher_block_a,block_a_block_b,block_b_pocket];63:b(0.358,-0.212):p0.82:e[pusher_block_a,block_a_block_b,block_b_pocket]"
ensemble_uncertainty_planner,stress_sweep,5,2000,0.60,0,0.50729,0.89062,0.07812,0.25000,0.09375,0.19608,0.00000,0.95312,0.92188,0.00000,0.00000,0.81961,0.17660,11.09082,"0:b(0.029,-0.010):p0.00:e[none];10:b(0.358,-0.211):p0.82:e[pusher_block_a,block_a_block_b,block_b_pocket];20:b(0.358,-0.211):p0.82:e[pusher_block_a,block_a_block_b,block_b_pocket];30:b(0.358,-0.211):p0.82:e[pusher_block_a,block_a_block_b,block_b_pocket];40:b(0.358,-0.211):p0.82:e[pusher_block_a,block_a_block_b,block_b_pocket];50:b(0.358,-0.211):p0.82:e[pusher_block_a,block_a_block_b,block_b_pocket];60:b(0.358,-0.211):p0.82:e[pusher_block_a,block_a_block_b,block_b_pocket];63:b(0.358,-0.211):p0.82:e[pusher_block_a,block_a_block_b,block_b_pocket]"
contact_implicit_mpc_baseline,stress_sweep,5,2000,0.60,0,0.94688,0.91667,0.98438,0.01758,0.93750,0.00000,0.00000,0.95312,0.92188,0.00000,0.00000,0.81961,0.17839,11.07841,"0:b(0.029,-0.010):p0.00:e[none];10:b(0.358,-0.213):p0.82:e[pusher_block_a,block_a_block_b,block_b_pocket];20:b(0.358,-0.213):p0.82:e[pusher_block_a,block_a_block_b,block_b_pocket];30:b(0.358,-0.213):p0.82:e[pusher_block_a,block_a_block_b,block_b_pocket];40:b(0.358,-0.213):p0.82:e[pusher_block_a,block_a_block_b,block_b_pocket];50:b(0.358,-0.213):p0.82:e[pusher_block_a,block_a_block_b,block_b_pocket];60:b(0.358,-0.213):p0.82:e[pusher_block_a,block_a_block_b,block_b_pocket];63:b(0.358,-0.213):p0.82:e[pusher_block_a,block_a_block_b,block_b_pocket]"
topology_world_model,stress_sweep,5,2000,0.60,0,0.66771,0.08854,0.10417,0.24219,0.96875,0.88462,0.00000,0.95312,0.92188,0.00000,0.00000,0.81961,0.17738,11.06171,"0:b(0.029,-0.010):p0.00:e[none];10:b(0.358,-0.212):p0.82:e[pusher_block_a,block_a_block_b,block_b_pocket];20:b(0.358,-0.212):p0.82:e[pusher_block_a,block_a_block_b,block_b_pocket];30:b(0.358,-0.212):p0.82:e[pusher_block_a,block_a_block_b,block_b_pocket];40:b(0.358,-0.212):p0.82:e[pusher_block_a,block_a_block_b,block_b_pocket];50:b(0.358,-0.212):p0.82:e[pusher_block_a,block_a_block_b,block_b_pocket];60:b(0.358,-0.212):p0.82:e[pusher_block_a,block_a_block_b,block_b_pocket];63:b(0.358,-0.212):p0.82:e[pusher_block_a,block_a_block_b,block_b_pocket]"
oracle_topology_planner,stress_sweep,5,2000,0.60,0,1.00000,1.00000,1.00000,0.00000,1.00000,0.00000,0.00000,0.96875,0.92188,0.00000,0.00000,0.81961,0.00013,7.74109,"0:b(0.029,-0.010):p0.00:e[none];10:b(0.358,-0.035):p0.82:e[pusher_block_a,block_a_block_b,block_b_pocket];20:b(0.358,-0.035):p0.82:e[pusher_block_a,block_a_block_b,block_b_pocket];30:b(0.358,-0.035):p0.82:e[pusher_block_a,block_a_block_b,block_b_pocket];40:b(0.358,-0.035):p0.82:e[pusher_block_a,block_a_block_b,block_b_pocket];50:b(0.358,-0.035):p0.82:e[pusher_block_a,block_a_block_b,block_b_pocket];60:b(0.358,-0.035):p0.82:e[pusher_block_a,block_a_block_b,block_b_pocket];63:b(0.358,-0.035):p0.82:e[pusher_block_a,block_a_block_b,block_b_pocket]"
pairwise_contact_classifier,stress_sweep,5,2001,0.60,0,0.65990,0.04167,0.10156,0.24414,0.93750,0.88462,0.00000,0.93750,0.92188,0.00000,0.00000,0.81565,0.01720,10.76261,"0:b(0.038,-0.025):p0.00:e[none];10:b(0.358,-0.063):p0.82:e[pusher_block_a,block_a_block_b,block_b_pocket];20:b(0.358,-0.063):p0.82:e[pusher_block_a,block_a_block_b,block_b_pocket];30:b(0.358,-0.063):p0.82:e[pusher_block_a,block_a_block_b,block_b_pocket];40:b(0.358,-0.063):p0.82:e[pusher_block_a,block_a_block_b,block_b_pocket];50:b(0.358,-0.063):p0.82:e[pusher_block_a,block_a_block_b,block_b_pocket];60:b(0.358,-0.063):p0.82:e[pusher_block_a,block_a_block_b,block_b_pocket];63:b(0.358,-0.063):p0.82:e[pusher_block_a,block_a_block_b,block_b_pocket]"
ensemble_uncertainty_planner,stress_sweep,5,2001,0.60,0,0.40573,0.04167,0.08281,0.35742,0.09375,0.88462,0.00000,0.93750,0.92188,0.00000,0.00000,0.81566,0.01647,10.72387,"0:b(0.038,-0.025):p0.00:e[none];10:b(0.358,-0.062):p0.82:e[pusher_block_a,block_a_block_b,block_b_pocket];20:b(0.358,-0.062):p0.82:e[pusher_block_a,block_a_block_b,block_b_pocket];30:b(0.358,-0.062):p0.82:e[pusher_block_a,block_a_block_b,block_b_pocket];40:b(0.358,-0.062):p0.82:e[pusher_block_a,block_a_block_b,block_b_pocket];50:b(0.358,-0.062):p0.82:e[pusher_block_a,block_a_block_b,block_b_pocket];60:b(0.358,-0.062):p0.82:e[pusher_block_a,block_a_block_b,block_b_pocket];63:b(0.358,-0.062):p0.82:e[pusher_block_a,block_a_block_b,block_b_pocket]"
contact_implicit_mpc_baseline,stress_sweep,5,2001,0.60,0,0.97292,0.96875,0.96875,0.00781,0.93750,0.00000,0.00000,0.95312,0.92188,0.01562,0.00000,0.81565,0.00896,10.60154,"0:b(0.038,-0.025):p0.00:e[none];10:b(0.358,-0.055):p0.82:e[pusher_block_a,block_a_block_b,block_b_pocket];20:b(0.358,-0.055):p0.82:e[pusher_block_a,block_a_block_b,block_b_pocket];30:b(0.358,-0.055):p0.82:e[pusher_block_a,block_a_block_b,block_b_pocket];40:b(0.358,-0.055):p0.82:e[pusher_block_a,block_a_block_b,block_b_pocket];50:b(0.358,-0.055):p0.82:e[pusher_block_a,block_a_block_b,block_b_pocket];60:b(0.358,-0.055):p0.82:e[pusher_block_a,block_a_block_b,block_b_pocket];63:b(0.358,-0.055):p0.82:e[pusher_block_a,block_a_block_b,block_b_pocket]"
topology_world_model,stress_sweep,5,2001,0.60,0,0.67031,0.05729,0.13542,0.24023,0.95312,0.88462,0.00000,0.93750,0.92188,0.00000,0.00000,0.81565,0.01802,10.74292,"0:b(0.038,-0.025):p0.00:e[none];10:b(0.358,-0.064):p0.82:e[pusher_block_a,block_a_block_b,block_b_pocket];20:b(0.358,-0.064):p0.82:e[pusher_block_a,block_a_block_b,block_b_pocket];30:b(0.358,-0.064):p0.82:e[pusher_block_a,block_a_block_b,block_b_pocket];40:b(0.358,-0.064):p0.82:e[pusher_block_a,block_a_block_b,block_b_pocket];50:b(0.358,-0.064):p0.82:e[pusher_block_a,block_a_block_b,block_b_pocket];60:b(0.358,-0.064):p0.82:e[pusher_block_a,block_a_block_b,block_b_pocket];63:b(0.358,-0.064):p0.82:e[pusher_block_a,block_a_block_b,block_b_pocket]"
oracle_topology_planner,stress_sweep,5,2001,0.60,0,1.00000,1.00000,1.00000,0.00000,1.00000,1.00000,0.00000,0.20312,0.14062,0.00000,0.00000,0.65517,0.00530,12.61816,"0:b(0.038,-0.025):p0.00:e[none];10:b(0.359,-0.046):p0.82:e[block_a_block_b,block_b_pocket];20:b(0.346,-0.047):p0.79:e[none];30:b(0.330,-0.048):p0.75:e[none];40:b(0.317,-0.049):p0.71:e[none];50:b(0.306,-0.050):p0.68:e[none];60:b(0.297,-0.051):p0.66:e[none];63:b(0.295,-0.051):p0.66:e[none]"
pairwise_contact_classifier,stress_sweep,5,2002,0.60,0,0.71354,0.32292,0.74479,0.12109,0.56250,1.00000,0.78125,0.00000,0.00000,0.42188,0.01562,0.65053,0.20320,37.00581,"0:b(0.020,-0.034):p0.00:e[none];10:b(0.277,-0.387):p0.63:e[pusher_block_a];20:b(0.293,-0.364):p0.66:e[pusher_block_a,block_a_fixture];30:b(0.291,-0.321):p0.66:e[pusher_block_a,block_a_fixture];40:b(0.289,-0.286):p0.66:e[pusher_block_a,block_a_fixture];50:b(0.288,-0.257):p0.65:e[pusher_block_a];60:b(0.287,-0.232):p0.65:e[pusher_block_a];63:b(0.287,-0.226):p0.65:e[pusher_block_a]"
ensemble_uncertainty_planner,stress_sweep,5,2002,0.60,0,0.50365,0.23958,0.58333,0.18945,0.32812,0.00000,0.76562,0.01562,0.00000,0.32812,0.01562,0.64142,0.20123,30.86428,"0:b(0.020,-0.034):p0.00:e[none];10:b(0.270,-0.378):p0.61:e[pusher_block_a,block_a_fixture];20:b(0.294,-0.355):p0.67:e[pusher_block_a,block_a_fixture];30:b(0.292,-0.301):p0.66:e[pusher_block_a,block_a_fixture];40:b(0.290,-0.256):p0.66:e[pusher_block_a,block_a_fixture];50:b(0.289,-0.219):p0.66:e[pusher_block_a];60:b(0.284,-0.223):p0.64:e[pusher_block_a];63:b(0.283,-0.224):p0.64:e[pusher_block_a]"
contact_implicit_mpc_baseline,stress_sweep,5,2002,0.60,0,0.83385,0.73958,0.76042,0.06641,0.48438,1.00000,0.79688,0.00000,0.00000,0.50000,0.01562,0.65187,0.16455,37.18694,"0:b(0.020,-0.034):p0.00:e[none];10:b(0.278,-0.389):p0.63:e[pusher_block_a];20:b(0.294,-0.355):p0.67:e[pusher_block_a,block_a_fixture];30:b(0.292,-0.303):p0.66:e[pusher_block_a];40:b(0.290,-0.260):p0.66:e[pusher_block_a];50:b(0.289,-0.225):p0.66:e[pusher_block_a];60:b(0.288,-0.195):p0.65:e[pusher_block_a,block_a_fixture];63:b(0.287,-0.187):p0.65:e[pusher_block_a,block_a_fixture]"
topology_world_model,stress_sweep,5,2002,0.60,0,0.58281,0.13542,0.91667,0.20312,0.20312,0.00000,0.71875,0.01562,0.00000,0.10938,0.03125,0.66246,0.22136,19.00480,"0:b(0.020,-0.034):p0.00:e[none];10:b(0.271,-0.380):p0.61:e[pusher_block_a];20:b(0.296,-0.342):p0.67:e[pusher_block_a];30:b(0.293,-0.273):p0.67:e[pusher_block_a];40:b(0.292,-0.220):p0.66:e[pusher_block_a,block_a_block_b];50:b(0.292,-0.232):p0.66:e[pusher_block_a];60:b(0.292,-0.242):p0.66:e[pusher_block_a];63:b(0.292,-0.244):p0.66:e[pusher_block_a]"
oracle_topology_planner,stress_sweep,5,2002,0.60,0,1.00000,1.00000,1.00000,0.00000,1.00000,1.00000,0.00000,0.06250,0.01562,0.01562,0.00000,0.58001,0.10233,12.21255,"0:b(0.020,-0.034):p0.00:e[none];10:b(0.279,0.036):p0.63:e[pusher_block_a];20:b(0.215,0.083):p0.47:e[none];30:b(0.228,0.082):p0.51:e[none];40:b(0.239,0.081):p0.53:e[none];50:b(0.248,0.080):p0.56:e[none];60:b(0.256,0.080):p0.58:e[none];63:b(0.258,0.079):p0.58:e[none]"
pairwise_contact_classifier,stress_sweep,5,2003,0.60,0,0.66198,0.07812,0.93750,0.13477,0.04688,0.00000,0.00000,0.00000,0.00000,0.06250,0.00000,0.00000,0.00607,51.15144,"0:b(0.033,-0.025):p0.00:e[none];10:b(0.033,-0.025):p0.00:e[pusher_block_a];20:b(0.033,-0.025):p0.00:e[pusher_block_a];30:b(0.033,-0.025):p0.00:e[pusher_block_a];40:b(0.033,-0.025):p0.00:e[pusher_block_a];50:b(0.033,-0.025):p0.00:e[pusher_block_a];60:b(0.033,-0.025):p0.00:e[pusher_block_a,block_a_fixture];63:b(0.033,-0.025):p0.00:e[pusher_block_a,block_a_fixture]"
ensemble_uncertainty_planner,stress_sweep,5,2003,0.60,0,0.24427,0.13542,0.34583,0.25781,0.17188,0.00000,0.00000,0.06250,0.00000,0.01562,0.01562,0.74279,0.24365,23.53359,"0:b(0.033,-0.025):p0.00:e[none];10:b(0.033,-0.025):p0.00:e[pusher_block_a];20:b(0.186,-0.231):p0.39:e[pusher_block_a];30:b(0.330,-0.286):p0.75:e[pusher_block_a];40:b(0.328,-0.227):p0.74:e[pusher_block_a];50:b(0.328,-0.244):p0.74:e[pusher_block_a];60:b(0.328,-0.259):p0.74:e[pusher_block_a];63:b(0.328,-0.263):p0.74:e[pusher_block_a]"
contact_implicit_mpc_baseline,stress_sweep,5,2003,0.60,0,0.52344,0.05469,1.00000,0.23828,0.04688,1.00000,0.00000,0.00000,0.00000,0.00000,0.00000,0.00000,0.00607,51.14122,"0:b(0.033,-0.025):p0.00:e[none];10:b(0.033,-0.025):p0.00:e[pusher_block_a];20:b(0.033,-0.025):p0.00:e[pusher_block_a];30:b(0.033,-0.025):p0.00:e[pusher_block_a];40:b(0.033,-0.025):p0.00:e[pusher_block_a];50:b(0.033,-0.025):p0.00:e[pusher_block_a];60:b(0.033,-0.025):p0.00:e[pusher_block_a];63:b(0.033,-0.025):p0.00:e[pusher_block_a]"
topology_world_model,stress_sweep,5,2003,0.60,0,0.57187,0.06771,0.98125,0.20703,0.07812,0.00000,0.00000,0.06250,0.00000,0.01562,0.01562,0.74364,0.31460,16.90208,"0:b(0.033,-0.025):p0.00:e[none];10:b(0.129,-0.154):p0.24:e[pusher_block_a];20:b(0.331,-0.303):p0.75:e[pusher_block_a];30:b(0.328,-0.234):p0.74:e[pusher_block_a];40:b(0.328,-0.271):p0.74:e[pusher_block_a];50:b(0.328,-0.302):p0.74:e[pusher_block_a];60:b(0.328,-0.327):p0.74:e[pusher_block_a];63:b(0.328,-0.334):p0.74:e[pusher_block_a]"
oracle_topology_planner,stress_sweep,5,2003,0.60,0,1.00000,1.00000,1.00000,0.00000,1.00000,0.00000,0.00000,0.96875,0.92188,0.00000,0.00000,0.81876,0.00001,7.64705,"0:b(0.033,-0.025):p0.00:e[none];10:b(0.358,-0.019):p0.82:e[pusher_block_a,block_a_block_b,block_b_pocket];20:b(0.358,-0.019):p0.82:e[pusher_block_a,block_a_block_b,block_b_pocket];30:b(0.358,-0.019):p0.82:e[pusher_block_a,block_a_block_b,block_b_pocket];40:b(0.358,-0.019):p0.82:e[pusher_block_a,block_a_block_b,block_b_pocket];50:b(0.358,-0.019):p0.82:e[pusher_block_a,block_a_block_b,block_b_pocket];60:b(0.358,-0.019):p0.82:e[pusher_block_a,block_a_block_b,block_b_pocket];63:b(0.358,-0.019):p0.82:e[pusher_block_a,block_a_block_b,block_b_pocket]"
pairwise_contact_classifier,stress_sweep,5,2004,0.60,0,0.52031,0.04167,0.92188,0.23047,0.07812,0.00000,0.00000,0.03125,0.00000,0.00000,0.01562,0.57156,0.15212,13.79106,"0:b(0.051,-0.106):p0.00:e[none];10:b(0.277,-0.385):p0.60:e[pusher_block_a];20:b(0.273,-0.312):p0.59:e[pusher_block_a];30:b(0.270,-0.251):p0.58:e[pusher_block_a];40:b(0.268,-0.201):p0.57:e[pusher_block_a];50:b(0.268,-0.204):p0.57:e[pusher_block_a];60:b(0.268,-0.209):p0.57:e[pusher_block_a];63:b(0.268,-0.210):p0.57:e[pusher_block_a]"
ensemble_uncertainty_planner,stress_sweep,5,2004,0.60,0,0.07552,0.07292,0.13021,0.31445,0.29688,0.00000,0.00000,0.04688,0.00000,0.00000,0.01562,0.56610,0.14791,13.73958,"0:b(0.051,-0.106):p0.00:e[none];10:b(0.276,-0.388):p0.59:e[pusher_block_a];20:b(0.273,-0.323):p0.58:e[pusher_block_a];30:b(0.270,-0.270):p0.58:e[pusher_block_a];40:b(0.267,-0.226):p0.57:e[pusher_block_a];50:b(0.265,-0.197):p0.57:e[pusher_block_a];60:b(0.265,-0.204):p0.57:e[pusher_block_a];63:b(0.265,-0.206):p0.57:e[pusher_block_a]"
contact_implicit_mpc_baseline,stress_sweep,5,2004,0.60,0,0.95156,0.90625,0.95312,0.02148,0.89062,1.00000,0.00000,0.04688,0.00000,0.00000,0.01562,0.55886,0.13835,13.75618,"0:b(0.051,-0.106):p0.00:e[none];10:b(0.275,-0.390):p0.59:e[pusher_block_a];20:b(0.272,-0.336):p0.58:e[pusher_block_a];30:b(0.269,-0.291):p0.57:e[pusher_block_a];40:b(0.266,-0.254):p0.57:e[pusher_block_a];50:b(0.264,-0.223):p0.56:e[pusher_block_a];60:b(0.263,-0.198):p0.56:e[pusher_block_a];63:b(0.263,-0.197):p0.56:e[pusher_block_a]"
topology_world_model,stress_sweep,5,2004,0.60,0,0.55156,0.06771,0.95312,0.21680,0.06250,0.00000,0.00000,0.03125,0.00000,0.00000,0.01562,0.57274,0.15454,13.75511,"0:b(0.051,-0.106):p0.00:e[none];10:b(0.277,-0.385):p0.60:e[pusher_block_a];20:b(0.274,-0.309):p0.59:e[pusher_block_a];30:b(0.270,-0.247):p0.58:e[pusher_block_a];40:b(0.268,-0.198):p0.57:e[pusher_block_a,block_a_block_b];50:b(0.268,-0.205):p0.57:e[pusher_block_a];60:b(0.268,-0.211):p0.57:e[pusher_block_a];63:b(0.268,-0.213):p0.57:e[pusher_block_a]"
oracle_topology_planner,stress_sweep,5,2004,0.60,0,1.00000,1.00000,1.00000,0.00000,1.00000,0.00000,0.00000,0.43750,0.39062,0.00000,0.00000,0.78904,0.06743,67.58983,"0:b(0.051,-0.106):p0.00:e[none];10:b(0.357,-0.130):p0.81:e[pusher_block_a,block_a_block_b,block_b_pocket];20:b(0.357,-0.122):p0.81:e[pusher_block_a,block_a_block_b,block_b_pocket];30:b(0.357,-0.124):p0.81:e[none];40:b(0.354,-0.125):p0.80:e[none];50:b(0.352,-0.125):p0.79:e[none];60:b(0.350,-0.126):p0.79:e[none];63:b(0.350,-0.126):p0.79:e[none]"
pairwise_contact_classifier,stress_sweep,6,2000,0.60,0,0.49740,0.03125,0.95312,0.24023,0.06250,0.00000,0.00000,0.00000,0.00000,0.00000,0.00000,0.00000,0.08194,13.98461,"0:b(0.020,-0.120):p0.00:e[none];10:b(0.020,-0.120):p0.00:e[pusher_block_a];20:b(0.020,-0.120):p0.00:e[pusher_block_a];30:b(0.020,-0.120):p0.00:e[pusher_block_a];40:b(0.020,-0.120):p0.00:e[pusher_block_a];50:b(0.020,-0.120):p0.00:e[pusher_block_a];60:b(0.020,-0.120):p0.00:e[pusher_block_a];63:b(0.020,-0.120):p0.00:e[pusher_block_a]"
ensemble_uncertainty_planner,stress_sweep,6,2000,0.60,0,0.49740,0.03906,0.95312,0.23828,0.07812,0.00000,0.00000,0.00000,0.00000,0.00000,0.00000,0.00000,0.08194,13.94350,"0:b(0.020,-0.120):p0.00:e[none];10:b(0.020,-0.120):p0.00:e[pusher_block_a];20:b(0.020,-0.120):p0.00:e[pusher_block_a];30:b(0.020,-0.120):p0.00:e[pusher_block_a];40:b(0.020,-0.120):p0.00:e[pusher_block_a];50:b(0.020,-0.120):p0.00:e[pusher_block_a];60:b(0.020,-0.120):p0.00:e[pusher_block_a];63:b(0.020,-0.120):p0.00:e[pusher_block_a]"
contact_implicit_mpc_baseline,stress_sweep,6,2000,0.60,0,0.97396,0.95312,1.00000,0.00586,0.95312,1.00000,0.00000,0.00000,0.00000,0.00000,0.00000,0.00000,0.08194,13.90817,"0:b(0.020,-0.120):p0.00:e[none];10:b(0.020,-0.120):p0.00:e[pusher_block_a];20:b(0.020,-0.120):p0.00:e[pusher_block_a];30:b(0.020,-0.120):p0.00:e[pusher_block_a];40:b(0.020,-0.120):p0.00:e[pusher_block_a];50:b(0.020,-0.120):p0.00:e[pusher_block_a];60:b(0.020,-0.120):p0.00:e[pusher_block_a];63:b(0.020,-0.120):p0.00:e[pusher_block_a]"
topology_world_model,stress_sweep,6,2000,0.60,0,0.52865,0.06250,0.93750,0.23242,0.03125,0.00000,0.00000,0.00000,0.00000,0.00000,0.00000,0.00000,0.08194,13.99762,"0:b(0.020,-0.120):p0.00:e[none];10:b(0.020,-0.120):p0.00:e[pusher_block_a];20:b(0.020,-0.120):p0.00:e[pusher_block_a];30:b(0.020,-0.120):p0.00:e[pusher_block_a];40:b(0.020,-0.120):p0.00:e[pusher_block_a];50:b(0.020,-0.120):p0.00:e[pusher_block_a];60:b(0.020,-0.120):p0.00:e[pusher_block_a];63:b(0.020,-0.120):p0.00:e[pusher_block_a]"
oracle_topology_planner,stress_sweep,6,2000,0.60,0,1.00000,1.00000,1.00000,0.00000,1.00000,1.00000,0.00000,0.03125,0.42188,0.00000,0.00000,0.54844,0.28785,15.52113,"0:b(0.020,-0.120):p0.00:e[none];10:b(0.353,-0.194):p0.81:e[pusher_block_a,pusher_block_b];20:b(0.351,-0.201):p0.81:e[pusher_block_a];30:b(0.362,-0.193):p0.84:e[pusher_block_b,block_b_pocket];40:b(0.366,-0.177):p0.84:e[pusher_block_a,pusher_block_b,block_b_pocket];50:b(0.327,-0.221):p0.75:e[none];60:b(0.262,-0.304):p0.59:e[none];63:b(0.245,-0.326):p0.55:e[none]"
pairwise_contact_classifier,stress_sweep,6,2001,0.60,0,0.64635,0.03125,0.11719,0.25195,0.93750,0.88462,0.00000,0.95312,0.92188,0.01562,0.00000,0.81022,0.02539,10.72378,"0:b(0.049,-0.059):p0.00:e[none];10:b(0.358,-0.092):p0.81:e[pusher_block_a,block_a_block_b,block_b_pocket];20:b(0.358,-0.092):p0.81:e[pusher_block_a,block_a_block_b,block_b_pocket];30:b(0.358,-0.092):p0.81:e[pusher_block_a,block_a_block_b,block_b_pocket];40:b(0.358,-0.092):p0.81:e[pusher_block_a,block_a_block_b,block_b_pocket];50:b(0.358,-0.092):p0.81:e[pusher_block_a,block_a_block_b,block_b_pocket];60:b(0.358,-0.092):p0.81:e[pusher_block_a,block_a_block_b,block_b_pocket];63:b(0.358,-0.092):p0.81:e[pusher_block_a,block_a_block_b,block_b_pocket]"
ensemble_uncertainty_planner,stress_sweep,6,2001,0.60,0,0.39531,0.07812,0.07552,0.36523,0.04688,0.87379,0.00000,0.95312,0.92188,0.01562,0.00000,0.81022,0.02475,10.73290,"0:b(0.049,-0.059):p0.00:e[none];10:b(0.358,-0.092):p0.81:e[pusher_block_a,block_a_block_b,block_b_pocket];20:b(0.358,-0.092):p0.81:e[pusher_block_a,block_a_block_b,block_b_pocket];30:b(0.358,-0.092):p0.81:e[pusher_block_a,block_a_block_b,block_b_pocket];40:b(0.358,-0.092):p0.81:e[pusher_block_a,block_a_block_b,block_b_pocket];50:b(0.358,-0.092):p0.81:e[pusher_block_a,block_a_block_b,block_b_pocket];60:b(0.358,-0.092):p0.81:e[pusher_block_a,block_a_block_b,block_b_pocket];63:b(0.358,-0.092):p0.81:e[pusher_block_a,block_a_block_b,block_b_pocket]"
contact_implicit_mpc_baseline,stress_sweep,6,2001,0.60,0,0.97135,0.95312,0.98438,0.00781,0.96875,0.00000,0.00000,0.95312,0.92188,0.01562,0.00000,0.81022,0.02400,11.92844,"0:b(0.049,-0.059):p0.00:e[none];10:b(0.358,-0.091):p0.81:e[pusher_block_a,block_a_block_b,block_b_pocket];20:b(0.358,-0.091):p0.81:e[pusher_block_a,block_a_block_b,block_b_pocket];30:b(0.358,-0.091):p0.81:e[pusher_block_a,block_a_block_b,block_b_pocket];40:b(0.358,-0.091):p0.81:e[pusher_block_a,block_a_block_b,block_b_pocket];50:b(0.358,-0.091):p0.81:e[pusher_block_a,block_a_block_b,block_b_pocket];60:b(0.358,-0.091):p0.81:e[pusher_block_a,block_a_block_b,block_b_pocket];63:b(0.358,-0.091):p0.81:e[pusher_block_a,block_a_block_b,block_b_pocket]"
topology_world_model,stress_sweep,6,2001,0.60,0,0.65677,0.04167,0.11458,0.24805,0.95312,0.86275,0.00000,0.95312,0.92188,0.01562,0.00000,0.81022,0.02674,10.74496,"0:b(0.049,-0.059):p0.00:e[none];10:b(0.358,-0.094):p0.81:e[pusher_block_a,block_a_block_b,block_b_pocket];20:b(0.358,-0.094):p0.81:e[pusher_block_a,block_a_block_b,block_b_pocket];30:b(0.358,-0.094):p0.81:e[pusher_block_a,block_a_block_b,block_b_pocket];40:b(0.358,-0.094):p0.81:e[pusher_block_a,block_a_block_b,block_b_pocket];50:b(0.358,-0.094):p0.81:e[pusher_block_a,block_a_block_b,block_b_pocket];60:b(0.358,-0.094):p0.81:e[pusher_block_a,block_a_block_b,block_b_pocket];63:b(0.358,-0.094):p0.81:e[pusher_block_a,block_a_block_b,block_b_pocket]"
oracle_topology_planner,stress_sweep,6,2001,0.60,0,1.00000,1.00000,1.00000,0.00000,1.00000,1.00000,0.00000,0.10938,0.12500,0.00000,0.01562,0.00000,0.01656,94.82494,"0:b(0.049,-0.059):p0.00:e[none];10:b(0.361,-0.057):p0.82:e[pusher_block_a,pusher_block_b,block_b_pocket];20:b(0.284,-0.064):p0.62:e[block_a_wall];30:b(0.177,-0.059):p0.34:e[none];40:b(0.089,-0.056):p0.11:e[pusher_block_a];50:b(0.016,-0.053):p0.00:e[none];60:b(-0.045,-0.051):p0.00:e[none];63:b(-0.061,-0.050):p0.00:e[none]"
pairwise_contact_classifier,stress_sweep,6,2002,0.60,0,0.73021,0.42969,0.82812,0.11914,0.70312,1.00000,0.65625,0.00000,0.00000,0.35938,0.01562,0.78437,0.18188,35.86102,"0:b(0.031,-0.013):p0.00:e[none];10:b(0.309,-0.361):p0.70:e[pusher_block_a];20:b(0.348,-0.369):p0.80:e[pusher_block_a];30:b(0.347,-0.327):p0.79:e[pusher_block_a];40:b(0.346,-0.292):p0.79:e[pusher_block_a];50:b(0.345,-0.264):p0.79:e[pusher_block_a];60:b(0.344,-0.240):p0.78:e[pusher_block_a];63:b(0.344,-0.234):p0.78:e[pusher_block_a]"
ensemble_uncertainty_planner,stress_sweep,6,2002,0.60,0,0.69531,0.48438,0.80417,0.11719,0.84375,1.00000,0.59375,0.00000,0.00000,0.35938,0.00000,0.78200,0.24427,33.32991,"0:b(0.031,-0.013):p0.00:e[none];10:b(0.308,-0.359):p0.69:e[pusher_block_a];20:b(0.347,-0.382):p0.79:e[pusher_block_a,block_a_fixture];30:b(0.346,-0.355):p0.79:e[pusher_block_a,block_a_fixture];40:b(0.345,-0.333):p0.79:e[pusher_block_a,block_a_fixture];50:b(0.344,-0.315):p0.78:e[pusher_block_a];60:b(0.343,-0.300):p0.78:e[pusher_block_a];63:b(0.343,-0.296):p0.78:e[pusher_block_a,block_a_fixture]"
contact_implicit_mpc_baseline,stress_sweep,6,2002,0.60,0,0.75052,0.50521,0.79688,0.09375,0.32812,1.00000,0.70312,0.00000,0.00000,0.35938,0.01562,0.78323,0.21186,34.56601,"0:b(0.031,-0.013):p0.00:e[none];10:b(0.308,-0.360):p0.70:e[pusher_block_a];20:b(0.348,-0.375):p0.79:e[pusher_block_a];30:b(0.346,-0.341):p0.79:e[pusher_block_a];40:b(0.345,-0.312):p0.79:e[pusher_block_a];50:b(0.344,-0.288):p0.79:e[pusher_block_a];60:b(0.344,-0.269):p0.78:e[pusher_block_a];63:b(0.344,-0.264):p0.78:e[pusher_block_a,block_a_fixture]"
topology_world_model,stress_sweep,6,2002,0.60,0,0.59271,0.15104,0.96875,0.19922,0.15625,0.00000,0.00000,0.03125,0.00000,0.04688,0.01562,0.79826,0.20692,18.70769,"0:b(0.031,-0.013):p0.00:e[none];10:b(0.313,-0.365):p0.71:e[pusher_block_a,block_a_fixture];20:b(0.352,-0.343):p0.80:e[pusher_block_a];30:b(0.350,-0.271):p0.80:e[pusher_block_a];40:b(0.350,-0.259):p0.80:e[pusher_block_a];50:b(0.350,-0.259):p0.80:e[pusher_block_a];60:b(0.350,-0.259):p0.80:e[pusher_block_a];63:b(0.350,-0.259):p0.80:e[pusher_block_a]"
oracle_topology_planner,stress_sweep,6,2002,0.60,0,1.00000,1.00000,1.00000,0.00000,1.00000,0.00000,0.00000,0.96875,0.92188,0.00000,0.00000,0.81875,0.00038,7.67237,"0:b(0.031,-0.013):p0.00:e[none];10:b(0.358,-0.052):p0.82:e[pusher_block_a,block_a_block_b,block_b_pocket];20:b(0.358,-0.052):p0.82:e[pusher_block_a,block_a_block_b,block_b_pocket];30:b(0.358,-0.052):p0.82:e[pusher_block_a,block_a_block_b,block_b_pocket];40:b(0.358,-0.052):p0.82:e[pusher_block_a,block_a_block_b,block_b_pocket];50:b(0.358,-0.052):p0.82:e[pusher_block_a,block_a_block_b,block_b_pocket];60:b(0.358,-0.052):p0.82:e[pusher_block_a,block_a_block_b,block_b_pocket];63:b(0.358,-0.052):p0.82:e[pusher_block_a,block_a_block_b,block_b_pocket]"
pairwise_contact_classifier,stress_sweep,6,2003,0.60,0,0.59375,0.05469,0.90625,0.16797,0.23438,0.00000,0.75000,0.00000,0.00000,0.12500,0.01562,0.00000,0.32059,23.62885,"0:b(0.023,-0.029):p0.00:e[none];10:b(-0.053,-0.130):p0.00:e[pusher_block_a];20:b(-0.138,-0.242):p0.00:e[pusher_block_a];30:b(-0.208,-0.334):p0.00:e[pusher_block_a];40:b(-0.264,-0.408):p0.00:e[pusher_block_a,block_b_wall];50:b(-0.264,-0.396):p0.00:e[pusher_block_a];60:b(-0.264,-0.386):p0.00:e[pusher_block_a];63:b(-0.264,-0.384):p0.00:e[pusher_block_a]"
ensemble_uncertainty_planner,stress_sweep,6,2003,0.60,0,0.86042,0.73438,0.92969,0.05273,0.81250,0.00000,0.00000,0.00000,0.00000,0.07812,0.01562,0.00000,0.30586,17.10453,"0:b(0.023,-0.029):p0.00:e[none];10:b(-0.058,-0.136):p0.00:e[pusher_block_a];20:b(-0.148,-0.255):p0.00:e[pusher_block_a];30:b(-0.223,-0.353):p0.00:e[pusher_block_a];40:b(-0.265,-0.403):p0.00:e[pusher_block_a];50:b(-0.264,-0.386):p0.00:e[pusher_block_a];60:b(-0.264,-0.373):p0.00:e[pusher_block_a];63:b(-0.264,-0.369):p0.00:e[pusher_block_a]"
contact_implicit_mpc_baseline,stress_sweep,6,2003,0.60,0,0.77448,0.59635,0.74479,0.09766,0.35938,1.00000,0.75000,0.00000,0.00000,0.46875,0.01562,0.00000,0.30818,43.10326,"0:b(0.023,-0.029):p0.00:e[none];10:b(-0.067,-0.148):p0.00:e[pusher_block_a];20:b(-0.167,-0.280):p0.00:e[pusher_block_a,block_a_fixture];30:b(-0.250,-0.389):p0.00:e[pusher_block_a];40:b(-0.264,-0.397):p0.00:e[pusher_block_a,block_a_fixture];50:b(-0.264,-0.384):p0.00:e[pusher_block_a];60:b(-0.263,-0.374):p0.00:e[pusher_block_a,block_a_fixture];63:b(-0.263,-0.371):p0.00:e[pusher_block_a]"
topology_world_model,stress_sweep,6,2003,0.60,0,0.64687,0.06250,1.00000,0.14453,0.04688,0.00000,0.00000,0.00000,0.00000,0.03125,0.00000,0.00000,0.32298,15.35771,"0:b(0.023,-0.029):p0.00:e[none];10:b(-0.067,-0.148):p0.00:e[pusher_block_a];20:b(-0.169,-0.283):p0.00:e[pusher_block_a];30:b(-0.254,-0.394):p0.00:e[pusher_block_a];40:b(-0.264,-0.400):p0.00:e[pusher_block_a];50:b(-0.265,-0.393):p0.00:e[pusher_block_a];60:b(-0.265,-0.388):p0.00:e[pusher_block_a];63:b(-0.265,-0.386):p0.00:e[pusher_block_a]"
oracle_topology_planner,stress_sweep,6,2003,0.60,0,1.00000,1.00000,1.00000,0.00000,1.00000,1.00000,0.00000,0.00000,0.03125,0.00000,0.00000,0.00000,0.14743,12.91666,"0:b(0.023,-0.029):p0.00:e[none];10:b(0.304,-0.201):p0.69:e[none];20:b(0.144,-0.204):p0.30:e[none];30:b(0.011,-0.206):p0.00:e[none];40:b(-0.098,-0.208):p0.00:e[none];50:b(-0.189,-0.209):p0.00:e[none];60:b(-0.265,-0.210):p0.00:e[none];63:b(-0.285,-0.211):p0.00:e[none]"
pairwise_contact_classifier,stress_sweep,6,2004,0.60,0,0.21979,0.03906,0.49479,0.31836,0.06250,0.00000,0.00000,0.00000,0.51562,0.04688,0.00000,0.80963,0.12927,19.27047,"0:b(0.050,-0.045):p0.00:e[none];10:b(0.050,-0.045):p0.00:e[pusher_block_a];20:b(0.050,-0.045):p0.00:e[pusher_block_a];30:b(0.319,-0.171):p0.71:e[pusher_block_b];40:b(0.358,-0.184):p0.81:e[pusher_block_b,block_b_pocket];50:b(0.358,-0.184):p0.81:e[pusher_block_b,block_b_pocket];60:b(0.358,-0.184):p0.81:e[pusher_block_b,block_b_pocket];63:b(0.358,-0.184):p0.81:e[pusher_block_b,block_b_pocket]"
ensemble_uncertainty_planner,stress_sweep,6,2004,0.60,0,0.08906,0.05937,0.90104,0.16406,0.10938,0.00000,0.81250,0.00000,0.00000,0.12500,0.03125,0.04166,0.03710,18.89368,"0:b(0.050,-0.045):p0.00:e[none];10:b(0.003,-0.108):p0.00:e[pusher_block_a,block_a_fixture];20:b(0.081,-0.395):p0.08:e[none];30:b(0.076,-0.278):p0.07:e[none];40:b(0.072,-0.181):p0.06:e[none];50:b(0.069,-0.101):p0.05:e[none];60:b(0.067,-0.035):p0.04:e[none];63:b(0.066,-0.017):p0.04:e[none]"
contact_implicit_mpc_baseline,stress_sweep,6,2004,0.60,0,0.51250,0.04948,0.96875,0.23828,0.03125,1.00000,0.00000,0.00000,0.00000,0.01562,0.00000,0.00000,0.00910,21.16733,"0:b(0.050,-0.045):p0.00:e[none];10:b(0.050,-0.045):p0.00:e[pusher_block_a];20:b(0.050,-0.045):p0.00:e[pusher_block_a];30:b(0.050,-0.045):p0.00:e[pusher_block_a];40:b(0.050,-0.045):p0.00:e[pusher_block_a];50:b(0.050,-0.045):p0.00:e[pusher_block_a];60:b(0.050,-0.045):p0.00:e[pusher_block_a];63:b(0.050,-0.045):p0.00:e[pusher_block_a]"
topology_world_model,stress_sweep,6,2004,0.60,0,0.42604,0.03125,0.11667,0.35547,0.04688,0.00000,0.84375,0.00000,0.00000,0.93750,0.00000,0.00000,0.00910,24.14943,"0:b(0.050,-0.045):p0.00:e[none];10:b(0.050,-0.045):p0.00:e[pusher_block_a,block_a_fixture];20:b(0.050,-0.045):p0.00:e[pusher_block_a,block_a_fixture];30:b(0.050,-0.045):p0.00:e[pusher_block_a,block_a_fixture];40:b(0.050,-0.045):p0.00:e[pusher_block_a,block_a_fixture];50:b(0.050,-0.045):p0.00:e[pusher_block_a,block_a_fixture];60:b(0.050,-0.045):p0.00:e[pusher_block_a,block_a_fixture];63:b(0.050,-0.045):p0.00:e[pusher_block_a,block_a_fixture]"
oracle_topology_planner,stress_sweep,6,2004,0.60,0,1.00000,1.00000,1.00000,0.00000,1.00000,0.00000,0.00000,0.96875,0.92188,0.00000,0.00000,0.80962,0.07151,7.25084,"0:b(0.050,-0.045):p0.00:e[none];10:b(0.357,-0.130):p0.81:e[pusher_block_a,block_a_block_b,block_b_pocket];20:b(0.358,-0.125):p0.81:e[pusher_block_a,block_a_block_b,block_b_pocket];30:b(0.357,-0.125):p0.81:e[pusher_block_a,block_a_block_b,block_b_pocket];40:b(0.358,-0.125):p0.81:e[pusher_block_a,block_a_block_b,block_b_pocket];50:b(0.358,-0.126):p0.81:e[pusher_block_a,block_a_block_b,block_b_pocket];60:b(0.357,-0.126):p0.81:e[pusher_block_a,block_a_block_b,block_b_pocket];63:b(0.358,-0.126):p0.81:e[pusher_block_a,block_a_block_b,block_b_pocket]"
pairwise_contact_classifier,stress_sweep,0,2000,0.80,0,0.50677,0.07031,0.93229,0.23633,0.10938,0.00000,0.00000,0.03125,0.00000,0.03125,0.03125,0.64956,0.23059,12.99012,"0:b(0.036,-0.116):p0.00:e[none];10:b(0.296,-0.408):p0.66:e[pusher_block_a,block_b_wall];20:b(0.292,-0.232):p0.65:e[pusher_block_a];30:b(0.292,-0.236):p0.65:e[pusher_block_a];40:b(0.292,-0.255):p0.65:e[pusher_block_a];50:b(0.292,-0.270):p0.65:e[pusher_block_a];60:b(0.292,-0.283):p0.65:e[pusher_block_a];63:b(0.292,-0.287):p0.65:e[pusher_block_a]"
ensemble_uncertainty_planner,stress_sweep,0,2000,0.80,0,0.16667,0.15104,0.27344,0.28906,0.25000,0.00000,0.00000,0.04688,0.00000,0.04688,0.01562,0.64490,0.17485,16.96336,"0:b(0.036,-0.116):p0.00:e[none];10:b(0.036,-0.116):p0.00:e[pusher_block_a];20:b(0.293,-0.347):p0.65:e[pusher_block_a];30:b(0.290,-0.200):p0.65:e[pusher_block_a,block_a_block_b];40:b(0.290,-0.211):p0.65:e[pusher_block_a];50:b(0.290,-0.221):p0.65:e[pusher_block_a];60:b(0.290,-0.229):p0.64:e[pusher_block_a];63:b(0.290,-0.231):p0.64:e[pusher_block_a]"
contact_implicit_mpc_baseline,stress_sweep,0,2000,0.80,0,0.82292,0.73438,0.76562,0.06250,0.50000,1.00000,0.73438,0.00000,0.00000,0.46875,0.00000,0.00000,0.05985,41.82540,"0:b(0.036,-0.116):p0.00:e[none];10:b(0.036,-0.116):p0.00:e[pusher_block_a,block_a_fixture];20:b(0.036,-0.116):p0.00:e[pusher_block_a];30:b(0.036,-0.116):p0.00:e[pusher_block_a,block_a_fixture];40:b(0.036,-0.116):p0.00:e[pusher_block_a];50:b(0.036,-0.116):p0.00:e[pusher_block_a,block_a_fixture];60:b(0.036,-0.116):p0.00:e[pusher_block_a];63:b(0.036,-0.116):p0.00:e[pusher_block_a]"
topology_world_model,stress_sweep,0,2000,0.80,0,0.59844,0.04167,0.96875,0.18164,0.07812,0.00000,0.00000,0.01562,0.00000,0.04688,0.00000,0.73162,0.24933,16.06448,"0:b(0.036,-0.116):p0.00:e[none];10:b(0.036,-0.116):p0.00:e[pusher_block_a,block_a_block_b];20:b(0.287,-0.390):p0.64:e[pusher_block_a];30:b(0.299,-0.364):p0.67:e[pusher_block_a];40:b(0.308,-0.342):p0.69:e[pusher_block_a];50:b(0.316,-0.324):p0.71:e[pusher_block_a];60:b(0.323,-0.309):p0.73:e[pusher_block_a];63:b(0.324,-0.305):p0.73:e[pusher_block_a]"
oracle_topology_planner,stress_sweep,0,2000,0.80,0,1.00000,1.00000,1.00000,0.00000,1.00000,1.00000,0.00000,0.01562,0.21875,0.01562,0.01562,1.03415,0.31608,88.63661,"0:b(0.036,-0.116):p0.00:e[none];10:b(0.450,-0.193):p1.05:e[pusher_block_b,block_b_pocket];20:b(0.450,0.250):p1.05:e[block_a_fixture];30:b(0.446,0.279):p1.04:e[none];40:b(0.443,0.190):p1.03:e[none];50:b(0.443,0.224):p1.03:e[none];60:b(0.443,0.253):p1.03:e[none];63:b(0.443,0.260):p1.03:e[none]"
pairwise_contact_classifier,stress_sweep,0,2001,0.80,0,0.52865,0.04688,0.98958,0.23438,0.28125,0.00000,0.56250,0.01562,0.00000,0.23438,0.00000,0.00000,0.02969,51.78763,"0:b(0.033,-0.044):p0.00:e[none];10:b(0.033,-0.044):p0.00:e[pusher_block_a];20:b(0.033,-0.044):p0.00:e[pusher_block_a,block_a_fixture];30:b(0.033,-0.044):p0.00:e[pusher_block_a];40:b(0.033,-0.044):p0.00:e[pusher_block_a,block_a_fixture];50:b(0.033,-0.044):p0.00:e[pusher_block_a];60:b(0.033,-0.044):p0.00:e[pusher_block_a,block_a_fixture];63:b(0.033,-0.046):p0.00:e[block_a_block_b]"
ensemble_uncertainty_planner,stress_sweep,0,2001,0.80,0,0.49635,0.90104,0.11042,0.25586,0.07812,0.19608,0.00000,0.95312,0.92188,0.01562,0.00000,0.81800,0.11857,8.51854,"0:b(0.033,-0.044):p0.00:e[none];10:b(0.358,-0.194):p0.82:e[pusher_block_a,block_a_block_b,block_b_pocket];20:b(0.358,-0.194):p0.82:e[pusher_block_a,block_a_block_b,block_b_pocket];30:b(0.358,-0.194):p0.82:e[pusher_block_a,block_a_block_b,block_b_pocket];40:b(0.358,-0.194):p0.82:e[pusher_block_a,block_a_block_b,block_b_pocket];50:b(0.358,-0.194):p0.82:e[pusher_block_a,block_a_block_b,block_b_pocket];60:b(0.358,-0.194):p0.82:e[pusher_block_a,block_a_block_b,block_b_pocket];63:b(0.358,-0.194):p0.82:e[pusher_block_a,block_a_block_b,block_b_pocket]"
contact_implicit_mpc_baseline,stress_sweep,0,2001,0.80,0,0.46458,0.12865,0.75000,0.33398,0.00000,0.00000,0.56250,0.00000,0.00000,0.23438,0.00000,0.00000,0.03165,52.31830,"0:b(0.033,-0.044):p0.00:e[none];10:b(0.033,-0.044):p0.00:e[pusher_block_a];20:b(0.033,-0.044):p0.00:e[pusher_block_a,block_a_fixture];30:b(0.033,-0.044):p0.00:e[pusher_block_a];40:b(0.033,-0.044):p0.00:e[pusher_block_a,block_a_fixture];50:b(0.033,-0.044):p0.00:e[pusher_block_a];60:b(0.033,-0.044):p0.00:e[pusher_block_a,block_a_fixture];63:b(0.033,-0.044):p0.00:e[pusher_block_a]"
topology_world_model,stress_sweep,0,2001,0.80,0,0.65625,0.04167,0.98438,0.13672,0.07812,0.00000,0.00000,0.00000,0.00000,0.04688,0.01562,0.00000,0.20093,20.92098,"0:b(0.033,-0.044):p0.00:e[none];10:b(-0.081,-0.180):p0.00:e[pusher_block_a];20:b(-0.256,-0.387):p0.00:e[pusher_block_a];30:b(-0.276,-0.374):p0.00:e[pusher_block_a];40:b(-0.275,-0.338):p0.00:e[pusher_block_a];50:b(-0.275,-0.308):p0.00:e[pusher_block_a];60:b(-0.274,-0.283):p0.00:e[pusher_block_a];63:b(-0.274,-0.276):p0.00:e[pusher_block_a]"
oracle_topology_planner,stress_sweep,0,2001,0.80,0,1.00000,1.00000,1.00000,0.00000,1.00000,0.00000,0.00000,0.04688,0.60938,0.00000,0.04688,1.05042,0.15882,95.75355,"0:b(0.033,-0.044):p0.00:e[none];10:b(0.450,-0.347):p1.05:e[pusher_block_b];20:b(0.450,-0.064):p1.05:e[block_b_pocket];30:b(0.450,-0.159):p1.05:e[block_b_pocket];40:b(0.450,-0.285):p1.05:e[none];50:b(0.450,-0.234):p1.05:e[block_b_pocket];60:b(0.450,-0.234):p1.05:e[block_b_pocket];63:b(0.450,-0.234):p1.05:e[block_b_pocket]"
pairwise_contact_classifier,stress_sweep,0,2002,0.80,0,0.68490,0.06250,1.00000,0.11914,0.06250,0.00000,0.00000,0.00000,0.00000,0.00000,0.00000,0.00000,0.01849,8.78324,"0:b(0.042,-0.096):p0.00:e[none];10:b(0.042,-0.096):p0.00:e[pusher_block_a];20:b(0.042,-0.096):p0.00:e[pusher_block_a];30:b(0.042,-0.096):p0.00:e[pusher_block_a];40:b(0.042,-0.096):p0.00:e[pusher_block_a];50:b(0.042,-0.096):p0.00:e[pusher_block_a];60:b(0.042,-0.096):p0.00:e[pusher_block_a];63:b(0.042,-0.096):p0.00:e[pusher_block_a]"
ensemble_uncertainty_planner,stress_sweep,0,2002,0.80,0,0.68229,0.09375,0.96354,0.11914,0.04688,1.00000,0.00000,0.00000,0.00000,0.00000,0.00000,0.00000,0.01849,8.81391,"0:b(0.042,-0.096):p0.00:e[none];10:b(0.042,-0.096):p0.00:e[pusher_block_a];20:b(0.042,-0.096):p0.00:e[pusher_block_a];30:b(0.042,-0.096):p0.00:e[pusher_block_a];40:b(0.042,-0.096):p0.00:e[pusher_block_a];50:b(0.042,-0.096):p0.00:e[pusher_block_a];60:b(0.042,-0.096):p0.00:e[pusher_block_a];63:b(0.042,-0.096):p0.00:e[pusher_block_a]"
contact_implicit_mpc_baseline,stress_sweep,0,2002,0.80,0,0.68229,0.07812,0.96875,0.11914,0.04688,1.00000,0.00000,0.00000,0.00000,0.00000,0.00000,0.00000,0.01849,8.79590,"0:b(0.042,-0.096):p0.00:e[none];10:b(0.042,-0.096):p0.00:e[pusher_block_a];20:b(0.042,-0.096):p0.00:e[pusher_block_a];30:b(0.042,-0.096):p0.00:e[pusher_block_a];40:b(0.042,-0.096):p0.00:e[pusher_block_a];50:b(0.042,-0.096):p0.00:e[pusher_block_a];60:b(0.042,-0.096):p0.00:e[pusher_block_a];63:b(0.042,-0.096):p0.00:e[pusher_block_a]"
topology_world_model,stress_sweep,0,2002,0.80,0,0.52292,0.04167,0.20521,0.23828,0.79688,0.00000,0.82812,0.01562,0.00000,0.81250,0.03125,0.54309,0.31070,53.46039,"0:b(0.042,-0.096):p0.00:e[none];10:b(0.042,-0.096):p0.00:e[pusher_block_a,block_a_fixture];20:b(0.042,-0.096):p0.00:e[pusher_block_a,block_a_fixture];30:b(0.042,-0.096):p0.00:e[pusher_block_a,block_a_fixture];40:b(0.042,-0.096):p0.00:e[pusher_block_a,block_a_fixture];50:b(0.042,-0.096):p0.00:e[pusher_block_a,block_a_fixture];60:b(0.200,-0.350):p0.41:e[pusher_block_a];63:b(0.253,-0.388):p0.54:e[pusher_block_a]"
oracle_topology_planner,stress_sweep,0,2002,0.80,0,1.00000,1.00000,1.00000,0.00000,1.00000,1.00000,0.00000,0.06250,0.00000,0.01562,0.01562,0.00000,0.20357,104.42682,"0:b(0.042,-0.096):p0.00:e[none];10:b(0.181,-0.402):p0.36:e[none];20:b(0.176,-0.350):p0.35:e[none];30:b(0.002,-0.322):p0.00:e[none];40:b(-0.209,-0.305):p0.00:e[none];50:b(-0.384,-0.291):p0.00:e[none];60:b(-0.480,-0.279):p0.00:e[none];63:b(-0.480,-0.281):p0.00:e[none]"
pairwise_contact_classifier,stress_sweep,0,2003,0.80,0,0.22031,0.06250,0.93229,0.18555,0.09375,0.00000,0.76562,0.01562,0.00000,0.12500,0.03125,0.00000,0.22049,92.83549,"0:b(0.038,-0.059):p0.00:e[none];10:b(-0.030,-0.141):p0.00:e[pusher_block_a];20:b(-0.186,-0.326):p0.00:e[pusher_block_a];30:b(-0.257,-0.393):p0.00:e[none];40:b(-0.257,-0.358):p0.00:e[none];50:b(-0.256,-0.329):p0.00:e[none];60:b(-0.255,-0.305):p0.00:e[none];63:b(-0.255,-0.299):p0.00:e[none]"
ensemble_uncertainty_planner,stress_sweep,0,2003,0.80,0,0.48385,0.88021,0.07031,0.25977,0.06250,0.04082,0.00000,0.96875,0.92188,0.01562,0.00000,0.81577,0.10708,9.28986,"0:b(0.038,-0.059):p0.00:e[none];10:b(0.358,-0.186):p0.82:e[pusher_block_a,block_a_block_b,block_b_pocket];20:b(0.358,-0.186):p0.82:e[pusher_block_a,block_a_block_b,block_b_pocket];30:b(0.358,-0.186):p0.82:e[pusher_block_a,block_a_block_b,block_b_pocket];40:b(0.358,-0.186):p0.82:e[pusher_block_a,block_a_block_b,block_b_pocket];50:b(0.358,-0.186):p0.82:e[pusher_block_a,block_a_block_b,block_b_pocket];60:b(0.358,-0.186):p0.82:e[pusher_block_a,block_a_block_b,block_b_pocket];63:b(0.358,-0.186):p0.82:e[pusher_block_a,block_a_block_b,block_b_pocket]"
contact_implicit_mpc_baseline,stress_sweep,0,2003,0.80,0,0.52708,0.25781,0.55729,0.30469,0.00000,0.00000,0.75000,0.00000,0.00000,0.46875,0.00000,0.00000,0.01926,28.45689,"0:b(0.038,-0.059):p0.00:e[none];10:b(0.038,-0.059):p0.00:e[pusher_block_a,block_a_fixture];20:b(0.038,-0.059):p0.00:e[pusher_block_a,block_a_fixture];30:b(0.038,-0.059):p0.00:e[pusher_block_a,block_a_fixture];40:b(0.038,-0.059):p0.00:e[pusher_block_a,block_a_fixture];50:b(0.038,-0.059):p0.00:e[pusher_block_a,block_a_fixture];60:b(0.038,-0.059):p0.00:e[pusher_block_a,block_a_fixture];63:b(0.038,-0.059):p0.00:e[pusher_block_a]"
topology_world_model,stress_sweep,0,2003,0.80,0,0.57240,0.11719,0.93750,0.21094,0.12500,0.00000,0.00000,0.00000,0.00000,0.04688,0.01562,0.79413,0.25052,13.81916,"0:b(0.038,-0.059):p0.00:e[none];10:b(0.340,-0.400):p0.77:e[pusher_block_a];20:b(0.338,-0.296):p0.76:e[pusher_block_a,pusher_block_b];30:b(0.341,-0.306):p0.77:e[pusher_block_a];40:b(0.344,-0.314):p0.78:e[pusher_block_a];50:b(0.347,-0.322):p0.79:e[pusher_block_a];60:b(0.349,-0.328):p0.79:e[pusher_block_a];63:b(0.349,-0.329):p0.79:e[pusher_block_a]"
oracle_topology_planner,stress_sweep,0,2003,0.80,0,1.00000,1.00000,1.00000,0.00000,1.00000,1.00000,0.00000,0.10938,0.18750,0.00000,0.01562,0.54184,0.07482,13.61951,"0:b(0.038,-0.059):p0.00:e[none];10:b(0.365,-0.187):p0.83:e[pusher_block_a,block_b_pocket];20:b(0.344,-0.159):p0.78:e[none];30:b(0.315,-0.157):p0.71:e[none];40:b(0.291,-0.156):p0.65:e[none];50:b(0.271,-0.155):p0.59:e[none];60:b(0.255,-0.154):p0.55:e[none];63:b(0.250,-0.153):p0.54:e[none]"
pairwise_contact_classifier,stress_sweep,0,2004,0.80,0,0.49375,0.04948,0.93854,0.24609,0.12500,0.00000,0.00000,0.01562,0.00000,0.09375,0.03125,0.23042,0.05534,19.78661,"0:b(0.009,-0.051):p0.00:e[none];10:b(0.009,-0.051):p0.00:e[pusher_block_a,block_a_fixture];20:b(0.120,-0.395):p0.26:e[pusher_block_a];30:b(0.116,-0.278):p0.25:e[pusher_block_a];40:b(0.112,-0.181):p0.25:e[pusher_block_a];50:b(0.109,-0.101):p0.24:e[pusher_block_a];60:b(0.107,-0.035):p0.23:e[pusher_block_a];63:b(0.106,-0.017):p0.23:e[pusher_block_a,block_b_fixture]"
ensemble_uncertainty_planner,stress_sweep,0,2004,0.80,0,0.60260,0.04688,0.94010,0.16211,0.20312,0.00000,0.60938,0.01562,0.00000,0.12500,0.03125,0.23398,0.05029,28.96363,"0:b(0.009,-0.051):p0.00:e[none];10:b(0.009,-0.051):p0.00:e[pusher_block_a];20:b(0.009,-0.051):p0.00:e[pusher_block_a];30:b(0.120,-0.419):p0.26:e[pusher_block_a,block_b_wall];40:b(0.115,-0.309):p0.25:e[pusher_block_a];50:b(0.111,-0.218):p0.24:e[pusher_block_a];60:b(0.108,-0.143):p0.24:e[pusher_block_a];63:b(0.107,-0.123):p0.23:e[pusher_block_a]"
contact_implicit_mpc_baseline,stress_sweep,0,2004,0.80,0,0.74479,0.50000,0.77604,0.09180,0.26562,1.00000,0.56250,0.00000,0.00000,0.23438,0.00000,0.00000,0.02127,51.39166,"0:b(0.009,-0.051):p0.00:e[none];10:b(0.009,-0.051):p0.00:e[pusher_block_a];20:b(0.009,-0.051):p0.00:e[pusher_block_a,block_a_fixture];30:b(0.009,-0.051):p0.00:e[pusher_block_a];40:b(0.009,-0.051):p0.00:e[pusher_block_a,block_a_fixture];50:b(0.009,-0.051):p0.00:e[pusher_block_a];60:b(0.009,-0.051):p0.00:e[pusher_block_a,block_a_fixture];63:b(0.009,-0.051):p0.00:e[pusher_block_a]"
topology_world_model,stress_sweep,0,2004,0.80,0,0.53333,0.04688,0.99479,0.23242,0.06250,0.00000,0.00000,0.01562,0.00000,0.03125,0.01562,0.39700,0.19862,15.50908,"0:b(0.009,-0.051):p0.00:e[none];10:b(0.143,-0.292):p0.32:e[pusher_block_a];20:b(0.201,-0.365):p0.46:e[pusher_block_a];30:b(0.196,-0.319):p0.45:e[pusher_block_a];40:b(0.192,-0.280):p0.44:e[pusher_block_a];50:b(0.185,-0.274):p0.42:e[pusher_block_a];60:b(0.178,-0.272):p0.40:e[pusher_block_a];63:b(0.176,-0.271):p0.40:e[pusher_block_a]"
oracle_topology_planner,stress_sweep,0,2004,0.80,0,1.00000,1.00000,1.00000,0.00000,1.00000,1.00000,0.00000,0.01562,0.09375,0.01562,0.01562,0.79709,0.03042,11.21469,"0:b(0.009,-0.051):p0.00:e[none];10:b(0.357,-0.103):p0.83:e[block_b_pocket];20:b(0.354,-0.103):p0.82:e[none];30:b(0.351,-0.103):p0.81:e[none];40:b(0.349,-0.103):p0.81:e[none];50:b(0.347,-0.103):p0.80:e[none];60:b(0.345,-0.103):p0.80:e[none];63:b(0.345,-0.103):p0.80:e[none]"
pairwise_contact_classifier,stress_sweep,1,2000,0.80,0,0.61250,0.07917,0.95000,0.15039,0.10938,0.00000,0.00000,0.01562,0.00000,0.01562,0.01562,0.87674,0.24005,44.52633,"0:b(0.031,-0.111):p0.00:e[none];10:b(0.031,-0.111):p0.00:e[pusher_block_a];20:b(0.031,-0.111):p0.00:e[pusher_block_a];30:b(0.031,-0.111):p0.00:e[pusher_block_a];40:b(0.031,-0.111):p0.00:e[pusher_block_a];50:b(0.061,-0.139):p0.08:e[pusher_block_a,pusher_block_b,block_a_fixture];60:b(0.376,-0.320):p0.86:e[pusher_block_a];63:b(0.381,-0.284):p0.88:e[pusher_block_a,block_a_block_b]"
ensemble_uncertainty_planner,stress_sweep,1,2000,0.80,0,0.49583,0.45417,0.62708,0.13281,0.50000,0.00000,0.00000,0.03125,0.00000,0.01562,0.01562,1.05013,0.28767,35.38051,"0:b(0.031,-0.111):p0.00:e[none];10:b(0.031,-0.111):p0.00:e[pusher_block_a];20:b(0.031,-0.111):p0.00:e[pusher_block_a];30:b(0.031,-0.111):p0.00:e[pusher_block_a];40:b(0.385,-0.418):p0.89:e[pusher_block_a,block_b_wall];50:b(0.450,-0.285):p1.05:e[pusher_block_a];60:b(0.450,-0.322):p1.05:e[pusher_block_a];63:b(0.450,-0.332):p1.05:e[pusher_block_a]"
contact_implicit_mpc_baseline,stress_sweep,1,2000,0.80,0,0.66667,0.04167,1.00000,0.12109,0.03125,1.00000,0.00000,0.00000,0.00000,0.00000,0.00000,0.00000,0.06619,50.33392,"0:b(0.031,-0.111):p0.00:e[none];10:b(0.031,-0.111):p0.00:e[pusher_block_a];20:b(0.031,-0.111):p0.00:e[pusher_block_a];30:b(0.031,-0.111):p0.00:e[pusher_block_a];40:b(0.031,-0.111):p0.00:e[pusher_block_a];50:b(0.031,-0.111):p0.00:e[pusher_block_a];60:b(0.031,-0.111):p0.00:e[pusher_block_a];63:b(0.031,-0.111):p0.00:e[pusher_block_a]"
topology_world_model,stress_sweep,1,2000,0.80,0,0.54115,0.08854,0.93229,0.22852,0.06250,0.00000,0.00000,0.01562,0.00000,0.01562,0.01562,0.61021,0.23095,16.41421,"0:b(0.031,-0.111):p0.00:e[none];10:b(0.031,-0.111):p0.00:e[pusher_block_a,pusher_block_b,block_a_block_b,block_a_fixture];20:b(0.277,-0.341):p0.62:e[pusher_block_a];30:b(0.274,-0.259):p0.61:e[pusher_block_a,pusher_block_b];40:b(0.274,-0.265):p0.61:e[pusher_block_a];50:b(0.274,-0.270):p0.61:e[pusher_block_a];60:b(0.274,-0.274):p0.61:e[pusher_block_a];63:b(0.274,-0.275):p0.61:e[pusher_block_a]"
oracle_topology_planner,stress_sweep,1,2000,0.80,0,1.00000,1.00000,1.00000,0.00000,1.00000,0.00000,0.00000,0.03125,0.00000,0.01562,0.03125,0.72021,0.21479,9.60462,"0:b(0.031,-0.111):p0.00:e[none];10:b(0.274,-0.403):p0.61:e[none];20:b(0.286,-0.364):p0.64:e[none];30:b(0.296,-0.331):p0.66:e[none];40:b(0.304,-0.304):p0.69:e[none];50:b(0.311,-0.282):p0.70:e[none];60:b(0.317,-0.264):p0.72:e[none];63:b(0.318,-0.259):p0.72:e[none]"
pairwise_contact_classifier,stress_sweep,1,2001,0.80,0,0.67708,0.07292,1.00000,0.12109,0.03125,1.00000,0.00000,0.00000,0.00000,0.00000,0.00000,0.00000,0.03990,50.59393,"0:b(0.034,-0.059):p0.00:e[none];10:b(0.034,-0.059):p0.00:e[pusher_block_a];20:b(0.034,-0.059):p0.00:e[pusher_block_a];30:b(0.034,-0.059):p0.00:e[pusher_block_a];40:b(0.034,-0.059):p0.00:e[pusher_block_a];50:b(0.034,-0.059):p0.00:e[pusher_block_a];60:b(0.034,-0.059):p0.00:e[pusher_block_a];63:b(0.034,-0.059):p0.00:e[pusher_block_a]"
ensemble_uncertainty_planner,stress_sweep,1,2001,0.80,0,0.24851,0.07396,0.83631,0.18555,0.17188,0.00000,0.00000,0.03125,0.00000,0.01562,0.01562,1.05048,0.30151,87.57822,"0:b(0.034,-0.059):p0.00:e[none];10:b(0.034,-0.059):p0.00:e[pusher_block_a];20:b(0.067,-0.100):p0.08:e[pusher_block_a,pusher_block_b,block_a_block_b,block_a_fixture];30:b(0.399,-0.363):p0.92:e[pusher_block_a];40:b(0.450,-0.400):p1.05:e[none];50:b(0.450,-0.405):p1.05:e[none];60:b(0.450,-0.359):p1.05:e[none];63:b(0.450,-0.400):p1.05:e[none]"
contact_implicit_mpc_baseline,stress_sweep,1,2001,0.80,0,0.50781,0.03125,1.00000,0.24023,0.03125,1.00000,0.00000,0.00000,0.00000,0.00000,0.00000,0.00000,0.03990,50.57492,"0:b(0.034,-0.059):p0.00:e[none];10:b(0.034,-0.059):p0.00:e[pusher_block_a];20:b(0.034,-0.059):p0.00:e[pusher_block_a];30:b(0.034,-0.059):p0.00:e[pusher_block_a];40:b(0.034,-0.059):p0.00:e[pusher_block_a];50:b(0.034,-0.059):p0.00:e[pusher_block_a];60:b(0.034,-0.059):p0.00:e[pusher_block_a];63:b(0.034,-0.059):p0.00:e[pusher_block_a]"
topology_world_model,stress_sweep,1,2001,0.80,0,0.57240,0.12500,0.45833,0.21289,0.50000,0.00000,0.84375,0.01562,0.00000,0.60938,0.01562,0.00000,0.28818,42.94906,"0:b(0.034,-0.059):p0.00:e[none];10:b(-0.038,-0.147):p0.00:e[pusher_block_a,block_a_fixture];20:b(-0.141,-0.275):p0.00:e[pusher_block_a,block_a_fixture];30:b(-0.227,-0.380):p0.00:e[pusher_block_a,block_a_fixture];40:b(-0.250,-0.402):p0.00:e[pusher_block_a,block_a_fixture];50:b(-0.250,-0.394):p0.00:e[pusher_block_a];60:b(-0.250,-0.388):p0.00:e[pusher_block_a];63:b(-0.250,-0.387):p0.00:e[pusher_block_a]"
oracle_topology_planner,stress_sweep,1,2001,0.80,0,1.00000,1.00000,1.00000,0.00000,1.00000,0.00000,0.00000,0.96875,0.92188,0.00000,0.00000,0.81763,0.00005,8.12165,"0:b(0.034,-0.059):p0.00:e[none];10:b(0.357,-0.102):p0.82:e[pusher_block_a,block_a_block_b,block_b_pocket];20:b(0.358,-0.099):p0.82:e[pusher_block_a,block_a_block_b,block_b_pocket];30:b(0.358,-0.099):p0.82:e[pusher_block_a,block_a_block_b,block_b_pocket];40:b(0.358,-0.099):p0.82:e[pusher_block_a,block_a_block_b,block_b_pocket];50:b(0.358,-0.099):p0.82:e[pusher_block_a,block_a_block_b,block_b_pocket];60:b(0.358,-0.099):p0.82:e[pusher_block_a,block_a_block_b,block_b_pocket];63:b(0.358,-0.099):p0.82:e[pusher_block_a,block_a_block_b,block_b_pocket]"
pairwise_contact_classifier,stress_sweep,1,2002,0.80,0,0.05208,0.03125,0.95312,0.26172,0.03125,0.00000,0.00000,0.00000,0.00000,0.01562,0.00000,0.00000,0.03139,13.62453,"0:b(0.032,-0.089):p0.00:e[none];10:b(0.032,-0.089):p0.00:e[none];20:b(0.032,-0.089):p0.00:e[none];30:b(0.032,-0.089):p0.00:e[none];40:b(0.032,-0.089):p0.00:e[none];50:b(0.032,-0.089):p0.00:e[none];60:b(0.032,-0.089):p0.00:e[none];63:b(0.032,-0.089):p0.00:e[none]"
ensemble_uncertainty_planner,stress_sweep,1,2002,0.80,0,0.05208,0.03125,0.98438,0.23633,0.03125,0.00000,0.00000,0.00000,0.00000,0.01562,0.00000,0.00000,0.03139,13.66439,"0:b(0.032,-0.089):p0.00:e[none];10:b(0.032,-0.089):p0.00:e[none];20:b(0.032,-0.089):p0.00:e[none];30:b(0.032,-0.089):p0.00:e[none];40:b(0.032,-0.089):p0.00:e[none];50:b(0.032,-0.089):p0.00:e[none];60:b(0.032,-0.089):p0.00:e[none];63:b(0.032,-0.089):p0.00:e[none]"
contact_implicit_mpc_baseline,stress_sweep,1,2002,0.80,0,0.51042,0.53125,0.97917,0.06445,0.50000,1.00000,0.00000,0.00000,0.00000,0.01562,0.00000,0.00000,0.03139,13.66998,"0:b(0.032,-0.089):p0.00:e[none];10:b(0.032,-0.089):p0.00:e[none];20:b(0.032,-0.089):p0.00:e[none];30:b(0.032,-0.089):p0.00:e[none];40:b(0.032,-0.089):p0.00:e[none];50:b(0.032,-0.089):p0.00:e[none];60:b(0.032,-0.089):p0.00:e[none];63:b(0.032,-0.089):p0.00:e[none]"
topology_world_model,stress_sweep,1,2002,0.80,0,0.05208,0.03125,0.98438,0.26758,0.03125,0.00000,0.00000,0.00000,0.00000,0.01562,0.00000,0.00000,0.03139,13.67349,"0:b(0.032,-0.089):p0.00:e[none];10:b(0.032,-0.089):p0.00:e[none];20:b(0.032,-0.089):p0.00:e[none];30:b(0.032,-0.089):p0.00:e[none];40:b(0.032,-0.089):p0.00:e[none];50:b(0.032,-0.089):p0.00:e[none];60:b(0.032,-0.089):p0.00:e[none];63:b(0.032,-0.089):p0.00:e[none]"
oracle_topology_planner,stress_sweep,1,2002,0.80,0,1.00000,1.00000,1.00000,0.00000,1.00000,1.00000,0.00000,0.01562,0.06250,0.00000,0.00000,0.64976,0.12216,10.71916,"0:b(0.032,-0.089):p0.00:e[none];10:b(0.357,-0.195):p0.82:e[none];20:b(0.339,-0.191):p0.77:e[none];30:b(0.324,-0.187):p0.73:e[none];40:b(0.311,-0.185):p0.70:e[none];50:b(0.301,-0.182):p0.68:e[none];60:b(0.293,-0.181):p0.66:e[none];63:b(0.291,-0.180):p0.65:e[none]"
pairwise_contact_classifier,stress_sweep,1,2003,0.80,0,0.49010,0.04167,0.88281,0.24805,0.07812,0.00000,0.00000,0.01562,0.00000,0.01562,0.01562,0.46277,0.23261,12.53724,"0:b(0.020,-0.068):p0.00:e[none];10:b(0.223,-0.387):p0.49:e[pusher_block_a];20:b(0.217,-0.320):p0.48:e[pusher_block_a];30:b(0.213,-0.265):p0.47:e[pusher_block_a];40:b(0.211,-0.262):p0.47:e[pusher_block_a];50:b(0.211,-0.263):p0.46:e[pusher_block_a];60:b(0.210,-0.264):p0.46:e[pusher_block_a];63:b(0.210,-0.264):p0.46:e[pusher_block_a]"
ensemble_uncertainty_planner,stress_sweep,1,2003,0.80,0,0.15729,0.06250,0.32500,0.23047,0.71875,0.00000,0.00000,0.01562,0.00000,0.01562,0.04688,0.41587,0.34683,13.72261,"0:b(0.020,-0.068):p0.00:e[none];10:b(0.222,-0.387):p0.49:e[pusher_block_a];20:b(0.217,-0.321):p0.48:e[pusher_block_a];30:b(0.209,-0.302):p0.46:e[pusher_block_a];40:b(0.193,-0.393):p0.42:e[pusher_block_a];50:b(0.190,-0.396):p0.42:e[pusher_block_a];60:b(0.191,-0.382):p0.42:e[pusher_block_a];63:b(0.191,-0.378):p0.42:e[pusher_block_a]"
contact_implicit_mpc_baseline,stress_sweep,1,2003,0.80,0,0.93854,0.89062,0.95312,0.02148,0.85938,1.00000,0.00000,0.01562,0.00000,0.01562,0.01562,0.45411,0.23484,12.81246,"0:b(0.020,-0.068):p0.00:e[none];10:b(0.223,-0.386):p0.49:e[pusher_block_a];20:b(0.217,-0.318):p0.48:e[pusher_block_a];30:b(0.212,-0.260):p0.47:e[pusher_block_a];40:b(0.210,-0.255):p0.46:e[pusher_block_a];50:b(0.208,-0.260):p0.46:e[pusher_block_a];60:b(0.207,-0.265):p0.46:e[pusher_block_a];63:b(0.206,-0.266):p0.45:e[pusher_block_a]"
topology_world_model,stress_sweep,1,2003,0.80,0,0.51875,0.05469,0.94792,0.24219,0.04688,0.00000,0.00000,0.01562,0.00000,0.01562,0.01562,0.44785,0.22403,12.82276,"0:b(0.020,-0.068):p0.00:e[none];10:b(0.220,-0.387):p0.49:e[pusher_block_a];20:b(0.215,-0.322):p0.47:e[pusher_block_a];30:b(0.210,-0.268):p0.46:e[pusher_block_a];40:b(0.207,-0.249):p0.46:e[pusher_block_a];50:b(0.205,-0.252):p0.45:e[pusher_block_a];60:b(0.204,-0.255):p0.45:e[pusher_block_a];63:b(0.204,-0.255):p0.45:e[pusher_block_a]"
oracle_topology_planner,stress_sweep,1,2003,0.80,0,1.00000,1.00000,1.00000,0.00000,1.00000,1.00000,0.00000,0.03125,0.00000,0.00000,0.04688,0.49792,0.30621,9.86354,"0:b(0.020,-0.068):p0.00:e[none];10:b(0.248,-0.389):p0.56:e[none];20:b(0.242,-0.209):p0.54:e[none];30:b(0.236,-0.059):p0.53:e[none];40:b(0.232,0.065):p0.52:e[none];50:b(0.228,0.168):p0.51:e[none];60:b(0.225,0.253):p0.50:e[none];63:b(0.224,0.275):p0.50:e[none]"
pairwise_contact_classifier,stress_sweep,1,2004,0.80,0,0.43437,0.03125,0.17188,0.34766,0.06250,0.00000,0.82812,0.00000,0.00000,0.92188,0.00000,0.00000,0.03580,51.63633,"0:b(0.031,-0.092):p0.00:e[none];10:b(0.031,-0.092):p0.00:e[pusher_block_a,block_a_fixture];20:b(0.031,-0.092):p0.00:e[pusher_block_a,block_a_fixture];30:b(0.031,-0.092):p0.00:e[pusher_block_a,block_a_fixture];40:b(0.031,-0.092):p0.00:e[pusher_block_a,block_a_fixture];50:b(0.031,-0.092):p0.00:e[pusher_block_a,block_a_fixture];60:b(0.031,-0.092):p0.00:e[pusher_block_a,block_a_fixture];63:b(0.031,-0.092):p0.00:e[pusher_block_a,block_a_fixture]"
ensemble_uncertainty_planner,stress_sweep,1,2004,0.80,0,0.52083,0.03125,0.14062,0.23828,0.96875,1.00000,0.84375,0.00000,0.00000,0.93750,0.00000,0.00000,0.03580,51.73457,"0:b(0.031,-0.092):p0.00:e[none];10:b(0.031,-0.092):p0.00:e[pusher_block_a,block_a_fixture];20:b(0.031,-0.092):p0.00:e[pusher_block_a,block_a_fixture];30:b(0.031,-0.092):p0.00:e[pusher_block_a,block_a_fixture];40:b(0.031,-0.092):p0.00:e[pusher_block_a,block_a_fixture];50:b(0.031,-0.092):p0.00:e[pusher_block_a,block_a_fixture];60:b(0.031,-0.092):p0.00:e[pusher_block_a,block_a_fixture];63:b(0.031,-0.092):p0.00:e[pusher_block_a,block_a_fixture]"
contact_implicit_mpc_baseline,stress_sweep,1,2004,0.80,0,0.66667,0.06250,1.00000,0.12109,0.03125,1.00000,0.00000,0.00000,0.00000,0.00000,0.00000,0.00000,0.03580,50.23191,"0:b(0.031,-0.092):p0.00:e[none];10:b(0.031,-0.092):p0.00:e[pusher_block_a];20:b(0.031,-0.092):p0.00:e[pusher_block_a];30:b(0.031,-0.092):p0.00:e[pusher_block_a];40:b(0.031,-0.092):p0.00:e[pusher_block_a];50:b(0.031,-0.092):p0.00:e[pusher_block_a];60:b(0.031,-0.092):p0.00:e[pusher_block_a];63:b(0.031,-0.092):p0.00:e[pusher_block_a]"
topology_world_model,stress_sweep,1,2004,0.80,0,0.50469,0.04167,0.66146,0.26758,0.12500,0.00000,0.84375,0.01562,0.00000,0.34375,0.03125,0.46550,0.14537,30.25482,"0:b(0.031,-0.092):p0.00:e[none];10:b(0.031,-0.092):p0.00:e[pusher_block_a,block_a_fixture];20:b(0.031,-0.092):p0.00:e[pusher_block_a,block_a_fixture];30:b(0.097,-0.207):p0.17:e[pusher_block_a];40:b(0.223,-0.323):p0.48:e[pusher_block_a];50:b(0.217,-0.201):p0.47:e[pusher_block_a];60:b(0.217,-0.200):p0.47:e[pusher_block_a];63:b(0.217,-0.201):p0.47:e[pusher_block_a]"
oracle_topology_planner,stress_sweep,1,2004,0.80,0,1.00000,1.00000,1.00000,0.00000,1.00000,1.00000,0.00000,0.01562,0.00000,0.01562,0.01562,0.92571,0.26684,97.81766,"0:b(0.031,-0.092):p0.00:e[none];10:b(0.302,-0.398):p0.68:e[none];20:b(0.339,-0.389):p0.77:e[none];30:b(0.358,-0.369):p0.82:e[none];40:b(0.374,-0.352):p0.86:e[none];50:b(0.387,-0.338):p0.89:e[none];60:b(0.397,-0.326):p0.92:e[none];63:b(0.400,-0.323):p0.93:e[none]"
pairwise_contact_classifier,stress_sweep,2,2000,0.80,0,0.51146,0.04167,0.74479,0.24023,0.50000,0.00000,0.71875,0.00000,0.00000,0.46875,0.00000,0.00000,0.06402,42.37273,"0:b(0.015,-0.108):p0.00:e[none];10:b(0.015,-0.108):p0.00:e[pusher_block_a,block_a_fixture];20:b(0.015,-0.108):p0.00:e[pusher_block_a];30:b(0.015,-0.108):p0.00:e[pusher_block_a,block_a_fixture];40:b(0.015,-0.108):p0.00:e[pusher_block_a];50:b(0.015,-0.108):p0.00:e[pusher_block_a,block_a_fixture];60:b(0.015,-0.108):p0.00:e[pusher_block_a];63:b(0.015,-0.108):p0.00:e[pusher_block_a,block_a_fixture]"
ensemble_uncertainty_planner,stress_sweep,2,2000,0.80,0,0.19375,0.16146,0.27812,0.28320,0.23438,0.00000,0.76562,0.03125,0.00000,0.10938,0.01562,0.60452,0.19201,18.65559,"0:b(0.015,-0.108):p0.00:e[none];10:b(0.015,-0.108):p0.00:e[pusher_block_a];20:b(0.271,-0.416):p0.62:e[pusher_block_a,block_b_wall];30:b(0.268,-0.292):p0.61:e[pusher_block_a];40:b(0.266,-0.218):p0.60:e[pusher_block_a];50:b(0.266,-0.227):p0.60:e[pusher_block_a];60:b(0.266,-0.234):p0.60:e[pusher_block_a];63:b(0.266,-0.236):p0.60:e[pusher_block_a]"
contact_implicit_mpc_baseline,stress_sweep,2,2000,0.80,0,0.82292,0.71875,0.78125,0.06250,0.50000,1.00000,0.71875,0.00000,0.00000,0.46875,0.00000,0.00000,0.06402,42.45964,"0:b(0.015,-0.108):p0.00:e[none];10:b(0.015,-0.108):p0.00:e[pusher_block_a,block_a_fixture];20:b(0.015,-0.108):p0.00:e[pusher_block_a];30:b(0.015,-0.108):p0.00:e[pusher_block_a,block_a_fixture];40:b(0.015,-0.108):p0.00:e[pusher_block_a];50:b(0.015,-0.108):p0.00:e[pusher_block_a,block_a_fixture];60:b(0.015,-0.108):p0.00:e[pusher_block_a];63:b(0.015,-0.108):p0.00:e[pusher_block_a,block_a_fixture]"
topology_world_model,stress_sweep,2,2000,0.80,0,0.57396,0.05208,0.95833,0.20312,0.04688,0.00000,0.00000,0.04688,0.00000,0.01562,0.01562,0.59117,0.16151,15.96877,"0:b(0.015,-0.108):p0.00:e[none];10:b(0.136,-0.256):p0.29:e[pusher_block_a];20:b(0.265,-0.364):p0.60:e[pusher_block_a];30:b(0.263,-0.298):p0.60:e[pusher_block_a];40:b(0.262,-0.244):p0.59:e[pusher_block_a];50:b(0.260,-0.204):p0.59:e[pusher_block_a,block_a_block_b];60:b(0.260,-0.205):p0.59:e[pusher_block_a];63:b(0.260,-0.206):p0.59:e[pusher_block_a]"
oracle_topology_planner,stress_sweep,2,2000,0.80,0,1.00000,1.00000,1.00000,0.00000,1.00000,1.00000,0.00000,0.01562,0.00000,0.00000,0.03125,0.59072,0.10583,101.48141,"0:b(0.015,-0.108):p0.00:e[none];10:b(0.271,-0.385):p0.62:e[none];20:b(0.268,-0.264):p0.61:e[none];30:b(0.266,-0.163):p0.60:e[none];40:b(0.264,-0.080):p0.60:e[block_a_wall];50:b(0.262,-0.011):p0.59:e[none];60:b(0.261,0.047):p0.59:e[none];63:b(0.260,0.062):p0.59:e[none]"
pairwise_contact_classifier,stress_sweep,2,2001,0.80,0,0.66406,0.27083,0.78646,0.13086,0.09375,1.00000,0.76562,0.00000,0.00000,0.48438,0.01562,0.78671,0.14662,42.14151,"0:b(0.050,-0.056):p0.00:e[none];10:b(0.343,-0.401):p0.77:e[pusher_block_a];20:b(0.353,-0.355):p0.80:e[pusher_block_a,block_a_fixture];30:b(0.352,-0.304):p0.79:e[pusher_block_a];40:b(0.351,-0.263):p0.79:e[pusher_block_a,block_a_fixture];50:b(0.350,-0.228):p0.79:e[pusher_block_a];60:b(0.349,-0.199):p0.79:e[pusher_block_a,block_a_fixture];63:b(0.349,-0.192):p0.79:e[pusher_block_a,block_a_fixture]"
ensemble_uncertainty_planner,stress_sweep,2,2001,0.80,0,0.21458,0.10417,0.65833,0.19336,0.40625,0.00000,0.00000,0.01562,0.00000,0.03125,0.01562,0.31046,0.18142,55.81851,"0:b(0.050,-0.056):p0.00:e[none];10:b(0.123,-0.259):p0.19:e[pusher_block_a];20:b(0.174,-0.387):p0.33:e[pusher_block_a];30:b(0.172,-0.337):p0.32:e[pusher_block_a];40:b(0.171,-0.296):p0.32:e[pusher_block_a];50:b(0.169,-0.262):p0.31:e[none];60:b(0.168,-0.234):p0.31:e[none];63:b(0.168,-0.227):p0.31:e[none]"
contact_implicit_mpc_baseline,stress_sweep,2,2001,0.80,0,0.79687,0.67448,0.76562,0.08203,0.43750,1.00000,0.75000,0.00000,0.00000,0.46875,0.00000,0.00000,0.17449,42.53094,"0:b(0.050,-0.056):p0.00:e[none];10:b(0.047,-0.086):p0.00:e[pusher_block_a];20:b(0.043,-0.122):p0.00:e[pusher_block_a,block_a_fixture];30:b(0.040,-0.153):p0.00:e[pusher_block_a];40:b(0.038,-0.177):p0.00:e[pusher_block_a,block_a_fixture];50:b(0.035,-0.198):p0.00:e[pusher_block_a];60:b(0.034,-0.215):p0.00:e[pusher_block_a,block_a_fixture];63:b(0.033,-0.220):p0.00:e[pusher_block_a]"
topology_world_model,stress_sweep,2,2001,0.80,0,0.39375,0.04688,0.93229,0.20898,0.04688,0.00000,0.00000,0.00000,0.00000,0.04688,0.01562,0.00000,0.19144,61.63649,"0:b(0.050,-0.056):p0.00:e[none];10:b(-0.010,-0.137):p0.00:e[pusher_block_a];20:b(-0.056,-0.392):p0.00:e[pusher_block_a];30:b(-0.055,-0.344):p0.00:e[pusher_block_a];40:b(-0.054,-0.304):p0.00:e[pusher_block_a];50:b(-0.053,-0.271):p0.00:e[none];60:b(-0.052,-0.244):p0.00:e[none];63:b(-0.052,-0.237):p0.00:e[none]"
oracle_topology_planner,stress_sweep,2,2001,0.80,0,1.00000,1.00000,1.00000,0.00000,1.00000,1.00000,0.00000,0.04688,0.04688,0.00000,0.00000,0.71071,0.14740,107.11290,"0:b(0.050,-0.056):p0.00:e[none];10:b(0.359,-0.193):p0.81:e[block_a_block_b,block_b_pocket];20:b(0.348,-0.193):p0.78:e[none];30:b(0.340,-0.193):p0.76:e[none];40:b(0.332,-0.193):p0.74:e[none];50:b(0.326,-0.193):p0.73:e[none];60:b(0.321,-0.193):p0.71:e[none];63:b(0.320,-0.193):p0.71:e[none]"
pairwise_contact_classifier,stress_sweep,2,2002,0.80,0,0.32396,0.10938,0.63542,0.17969,0.46875,0.00000,0.78125,0.00000,0.00000,0.23438,0.01562,1.05100,0.31788,88.11906,"0:b(0.052,-0.121):p0.00:e[none];10:b(0.052,-0.121):p0.00:e[pusher_block_a,block_a_fixture];20:b(0.052,-0.121):p0.00:e[pusher_block_a,block_a_fixture];30:b(0.052,-0.121):p0.00:e[pusher_block_a];40:b(0.450,-0.247):p1.05:e[none];50:b(0.450,-0.406):p1.05:e[pusher_block_b];60:b(0.449,-0.362):p1.05:e[none];63:b(0.449,-0.351):p1.05:e[none]"
ensemble_uncertainty_planner,stress_sweep,2,2002,0.80,0,0.38542,0.18750,0.40104,0.24414,0.35938,1.00000,0.68750,0.00000,0.39062,0.23438,0.00000,0.80905,0.17110,27.75643,"0:b(0.052,-0.121):p0.00:e[none];10:b(0.052,-0.121):p0.00:e[pusher_block_a,block_a_fixture];20:b(0.052,-0.121):p0.00:e[pusher_block_a,block_a_fixture];30:b(0.052,-0.121):p0.00:e[pusher_block_a];40:b(0.367,-0.204):p0.83:e[pusher_block_b,block_b_pocket];50:b(0.358,-0.204):p0.81:e[pusher_block_b,block_b_pocket];60:b(0.358,-0.204):p0.81:e[pusher_block_b,block_b_pocket];63:b(0.358,-0.204):p0.81:e[pusher_block_b,block_b_pocket]"
contact_implicit_mpc_baseline,stress_sweep,2,2002,0.80,0,0.81771,0.68750,0.81771,0.06445,0.48438,1.00000,0.71875,0.00000,0.00000,0.45312,0.00000,0.00000,0.08751,37.28515,"0:b(0.052,-0.121):p0.00:e[none];10:b(0.052,-0.121):p0.00:e[pusher_block_a,block_a_fixture];20:b(0.052,-0.121):p0.00:e[pusher_block_a,block_a_fixture];30:b(0.052,-0.121):p0.00:e[pusher_block_a,block_a_fixture];40:b(0.052,-0.121):p0.00:e[pusher_block_a,block_a_fixture];50:b(0.052,-0.121):p0.00:e[pusher_block_a,block_a_fixture];60:b(0.052,-0.121):p0.00:e[pusher_block_a];63:b(0.052,-0.121):p0.00:e[pusher_block_a]"
topology_world_model,stress_sweep,2,2002,0.80,0,0.13542,0.07812,0.21094,0.32617,0.07812,0.00000,0.00000,0.00000,0.76562,0.00000,0.00000,0.80904,0.19470,15.86014,"0:b(0.052,-0.121):p0.00:e[none];10:b(0.052,-0.121):p0.00:e[pusher_block_a];20:b(0.358,-0.228):p0.81:e[pusher_block_b,block_b_pocket];30:b(0.358,-0.228):p0.81:e[pusher_block_b,block_b_pocket];40:b(0.358,-0.228):p0.81:e[pusher_block_b,block_b_pocket];50:b(0.358,-0.228):p0.81:e[pusher_block_b,block_b_pocket];60:b(0.358,-0.228):p0.81:e[pusher_block_b,block_b_pocket];63:b(0.358,-0.228):p0.81:e[pusher_block_b,block_b_pocket]"
oracle_topology_planner,stress_sweep,2,2002,0.80,0,1.00000,1.00000,1.00000,0.00000,1.00000,0.44444,0.00000,0.29688,0.00000,0.00000,0.12500,0.88084,0.37370,17.18672,"0:b(0.052,-0.121):p0.00:e[none];10:b(0.300,-0.309):p0.66:e[pusher_block_a];20:b(0.423,-0.405):p0.98:e[none];30:b(0.415,-0.388):p0.96:e[none];40:b(0.408,-0.405):p0.94:e[none];50:b(0.407,-0.407):p0.94:e[pusher_block_a,block_a_block_b];60:b(0.385,-0.407):p0.88:e[block_a_block_b];63:b(0.385,-0.407):p0.88:e[pusher_block_a]"
pairwise_contact_classifier,stress_sweep,2,2003,0.80,0,0.50833,0.03906,0.41667,0.27734,0.06250,0.00000,0.53125,0.00000,0.00000,0.62500,0.00000,0.00000,0.04320,37.59307,"0:b(0.034,-0.081):p0.00:e[none];10:b(0.034,-0.081):p0.00:e[pusher_block_a];20:b(0.034,-0.081):p0.00:e[pusher_block_a];30:b(0.034,-0.081):p0.00:e[pusher_block_a,block_a_fixture];40:b(0.034,-0.081):p0.00:e[pusher_block_a,block_a_fixture];50:b(0.034,-0.081):p0.00:e[pusher_block_a,block_a_fixture];60:b(0.034,-0.081):p0.00:e[pusher_block_a,block_a_fixture];63:b(0.034,-0.081):p0.00:e[pusher_block_a,block_a_fixture]"
ensemble_uncertainty_planner,stress_sweep,2,2003,0.80,0,0.56250,0.04167,0.73646,0.20117,0.35938,0.00000,0.54688,0.00000,0.00000,0.31250,0.00000,0.00000,0.04320,23.54471,"0:b(0.034,-0.081):p0.00:e[none];10:b(0.034,-0.081):p0.00:e[pusher_block_a];20:b(0.034,-0.081):p0.00:e[pusher_block_a];30:b(0.034,-0.081):p0.00:e[pusher_block_a,block_a_fixture];40:b(0.034,-0.081):p0.00:e[pusher_block_a,block_a_fixture];50:b(0.034,-0.081):p0.00:e[pusher_block_a];60:b(0.034,-0.081):p0.00:e[pusher_block_a];63:b(0.034,-0.081):p0.00:e[pusher_block_a]"
contact_implicit_mpc_baseline,stress_sweep,2,2003,0.80,0,0.67188,0.11458,0.95312,0.11914,0.04688,1.00000,0.00000,0.00000,0.00000,0.01562,0.00000,0.00000,0.04320,9.02984,"0:b(0.034,-0.081):p0.00:e[none];10:b(0.034,-0.081):p0.00:e[pusher_block_a];20:b(0.034,-0.081):p0.00:e[pusher_block_a];30:b(0.034,-0.081):p0.00:e[pusher_block_a];40:b(0.034,-0.081):p0.00:e[pusher_block_a];50:b(0.034,-0.081):p0.00:e[pusher_block_a];60:b(0.034,-0.081):p0.00:e[pusher_block_a];63:b(0.034,-0.081):p0.00:e[pusher_block_a]"
topology_world_model,stress_sweep,2,2003,0.80,0,0.43594,0.04167,0.15104,0.34570,0.07812,0.00000,0.82812,0.00000,0.00000,0.92188,0.00000,0.00000,0.04320,51.05871,"0:b(0.034,-0.081):p0.00:e[none];10:b(0.034,-0.081):p0.00:e[pusher_block_a,block_a_fixture];20:b(0.034,-0.081):p0.00:e[pusher_block_a,block_a_fixture];30:b(0.034,-0.081):p0.00:e[pusher_block_a,block_a_fixture];40:b(0.034,-0.081):p0.00:e[pusher_block_a,block_a_fixture];50:b(0.034,-0.081):p0.00:e[pusher_block_a,block_a_fixture];60:b(0.034,-0.081):p0.00:e[pusher_block_a,block_a_fixture];63:b(0.034,-0.081):p0.00:e[pusher_block_a,block_a_fixture]"
oracle_topology_planner,stress_sweep,2,2003,0.80,0,1.00000,1.00000,1.00000,0.00000,1.00000,1.00000,0.00000,0.03125,0.00000,0.00000,0.03125,0.00000,0.21704,94.09423,"0:b(0.034,-0.081):p0.00:e[none];10:b(0.116,-0.284):p0.21:e[pusher_block_a];20:b(0.176,-0.367):p0.36:e[none];30:b(0.172,-0.318):p0.35:e[none];40:b(0.105,-0.290):p0.18:e[none];50:b(0.020,-0.273):p0.00:e[none];60:b(-0.050,-0.259):p0.00:e[none];63:b(-0.068,-0.255):p0.00:e[none]"
pairwise_contact_classifier,stress_sweep,2,2004,0.80,0,0.73698,0.26042,0.96875,0.10156,0.25000,0.00000,0.51562,0.01562,0.00000,0.23438,0.01562,0.07395,0.15654,51.07799,"0:b(0.011,-0.041):p0.00:e[none];10:b(0.036,-0.280):p0.06:e[pusher_block_a];20:b(0.043,-0.377):p0.08:e[pusher_block_a];30:b(0.043,-0.327):p0.08:e[pusher_block_a];40:b(0.043,-0.287):p0.08:e[pusher_block_a];50:b(0.042,-0.253):p0.07:e[pusher_block_a];60:b(0.042,-0.225):p0.07:e[pusher_block_a];63:b(0.042,-0.218):p0.07:e[pusher_block_a,block_a_fixture]"
ensemble_uncertainty_planner,stress_sweep,2,2004,0.80,0,0.64010,0.35417,0.83854,0.11133,0.37500,0.00000,0.56250,0.03125,0.00000,0.20312,0.03125,0.65387,0.24478,49.25252,"0:b(0.011,-0.041):p0.00:e[none];10:b(0.044,-0.293):p0.08:e[pusher_block_a];20:b(0.057,-0.357):p0.11:e[pusher_block_a,block_a_fixture];30:b(0.056,-0.279):p0.11:e[pusher_block_a];40:b(0.056,-0.214):p0.11:e[pusher_block_a,block_a_fixture];50:b(0.055,-0.160):p0.11:e[pusher_block_a];60:b(0.286,-0.350):p0.66:e[pusher_block_a];63:b(0.285,-0.306):p0.65:e[pusher_block_a]"
contact_implicit_mpc_baseline,stress_sweep,2,2004,0.80,0,0.45417,0.11458,0.73438,0.33594,0.01562,0.00000,0.54688,0.00000,0.00000,0.23438,0.00000,0.00000,0.02045,52.34677,"0:b(0.011,-0.041):p0.00:e[none];10:b(0.011,-0.041):p0.00:e[pusher_block_a];20:b(0.011,-0.041):p0.00:e[pusher_block_a];30:b(0.011,-0.041):p0.00:e[pusher_block_a];40:b(0.011,-0.041):p0.00:e[pusher_block_a];50:b(0.011,-0.041):p0.00:e[pusher_block_a];60:b(0.011,-0.041):p0.00:e[pusher_block_a];63:b(0.011,-0.041):p0.00:e[pusher_block_a]"
topology_world_model,stress_sweep,2,2004,0.80,0,0.55469,0.04167,0.95312,0.21680,0.04688,0.00000,0.00000,0.03125,0.00000,0.04688,0.01562,0.70347,0.23672,17.96728,"0:b(0.011,-0.041):p0.00:e[none];10:b(0.126,-0.182):p0.27:e[pusher_block_a,block_a_fixture];20:b(0.309,-0.370):p0.71:e[pusher_block_a];30:b(0.307,-0.312):p0.71:e[pusher_block_a];40:b(0.306,-0.293):p0.70:e[pusher_block_a];50:b(0.306,-0.295):p0.70:e[pusher_block_a];60:b(0.306,-0.297):p0.70:e[pusher_block_a];63:b(0.306,-0.298):p0.70:e[pusher_block_a]"
oracle_topology_planner,stress_sweep,2,2004,0.80,0,1.00000,1.00000,1.00000,0.00000,1.00000,1.00000,0.00000,0.17188,0.12500,0.03125,0.00000,0.38843,0.04266,10.29692,"0:b(0.011,-0.041):p0.00:e[none];10:b(0.357,-0.134):p0.83:e[block_a_block_b,block_b_pocket];20:b(0.319,-0.100):p0.74:e[none];30:b(0.271,-0.074):p0.62:e[none];40:b(0.232,-0.052):p0.53:e[none];50:b(0.199,-0.033):p0.45:e[none];60:b(0.172,-0.018):p0.38:e[block_b_fixture];63:b(0.174,-0.018):p0.39:e[none]"
pairwise_contact_classifier,stress_sweep,3,2000,0.80,0,0.12760,0.07292,0.97396,0.14453,0.14062,0.00000,0.00000,0.00000,0.00000,0.07812,0.01562,1.04997,0.22815,17.96827,"0:b(0.030,-0.112):p0.00:e[none];10:b(0.134,-0.183):p0.26:e[pusher_block_a];20:b(0.316,-0.306):p0.71:e[none];30:b(0.450,-0.408):p1.05:e[block_b_wall];40:b(0.450,-0.372):p1.05:e[none];50:b(0.450,-0.342):p1.05:e[none];60:b(0.450,-0.317):p1.05:e[none];63:b(0.450,-0.310):p1.05:e[none]"
ensemble_uncertainty_planner,stress_sweep,3,2000,0.80,0,0.38542,0.29688,0.95833,0.12891,0.40625,0.00000,0.76562,0.00000,0.00000,0.10938,0.01562,0.00000,0.30067,108.38152,"0:b(0.030,-0.112):p0.00:e[none];10:b(0.002,-0.153):p0.00:e[pusher_block_a];20:b(-0.072,-0.260):p0.00:e[none];30:b(-0.133,-0.348):p0.00:e[none];40:b(-0.174,-0.406):p0.00:e[none];50:b(-0.174,-0.394):p0.00:e[none];60:b(-0.174,-0.385):p0.00:e[none];63:b(-0.174,-0.383):p0.00:e[none]"
contact_implicit_mpc_baseline,stress_sweep,3,2000,0.80,0,0.72188,0.48958,0.52604,0.13672,0.37500,1.00000,0.76562,0.00000,0.00000,0.48438,0.00000,0.00000,0.03040,28.72686,"0:b(0.030,-0.112):p0.00:e[none];10:b(0.030,-0.112):p0.00:e[pusher_block_a];20:b(0.030,-0.112):p0.00:e[pusher_block_a];30:b(0.030,-0.112):p0.00:e[pusher_block_a];40:b(0.030,-0.112):p0.00:e[pusher_block_a];50:b(0.030,-0.112):p0.00:e[pusher_block_a];60:b(0.030,-0.112):p0.00:e[pusher_block_a];63:b(0.030,-0.112):p0.00:e[pusher_block_a,block_a_fixture]"
topology_world_model,stress_sweep,3,2000,0.80,0,0.09167,0.05312,0.96875,0.15039,0.04688,0.00000,0.00000,0.00000,0.00000,0.04688,0.01562,0.34828,0.17069,124.53011,"0:b(0.030,-0.112):p0.00:e[none];10:b(0.044,-0.194):p0.04:e[none];20:b(0.179,-0.376):p0.37:e[none];30:b(0.176,-0.338):p0.37:e[none];40:b(0.174,-0.306):p0.36:e[none];50:b(0.171,-0.280):p0.35:e[none];60:b(0.170,-0.258):p0.35:e[none];63:b(0.169,-0.253):p0.35:e[none]"
oracle_topology_planner,stress_sweep,3,2000,0.80,0,1.00000,1.00000,1.00000,0.00000,1.00000,1.00000,0.00000,0.00000,0.90625,0.00000,0.00000,0.81950,0.00018,7.90777,"0:b(0.030,-0.112):p0.00:e[none];10:b(0.358,-0.082):p0.82:e[pusher_block_b,block_b_pocket];20:b(0.358,-0.082):p0.82:e[pusher_block_b,block_b_pocket];30:b(0.358,-0.082):p0.82:e[pusher_block_b,block_b_pocket];40:b(0.358,-0.082):p0.82:e[pusher_block_b,block_b_pocket];50:b(0.358,-0.082):p0.82:e[pusher_block_b,block_b_pocket];60:b(0.358,-0.082):p0.82:e[pusher_block_b,block_b_pocket];63:b(0.358,-0.082):p0.82:e[pusher_block_b,block_b_pocket]"
pairwise_contact_classifier,stress_sweep,3,2001,0.80,0,0.51562,0.09896,0.82500,0.24023,0.14062,0.00000,0.70312,0.01562,0.00000,0.28125,0.01562,0.47568,0.24333,33.54653,"0:b(0.045,-0.091):p0.00:e[none];10:b(0.045,-0.091):p0.00:e[pusher_block_a,block_a_fixture];20:b(0.045,-0.091):p0.00:e[pusher_block_a];30:b(0.045,-0.091):p0.00:e[pusher_block_a];40:b(0.045,-0.091):p0.00:e[pusher_block_a];50:b(0.164,-0.309):p0.31:e[pusher_block_a];60:b(0.230,-0.327):p0.48:e[pusher_block_a];63:b(0.228,-0.299):p0.48:e[pusher_block_a]"
ensemble_uncertainty_planner,stress_sweep,3,2001,0.80,0,0.33594,0.14323,0.46615,0.22461,0.42188,0.00000,0.59375,0.03125,0.00000,0.10938,0.01562,0.86238,0.29715,25.23247,"0:b(0.045,-0.091):p0.00:e[none];10:b(0.045,-0.091):p0.00:e[pusher_block_a];20:b(0.045,-0.091):p0.00:e[pusher_block_a];30:b(0.247,-0.302):p0.52:e[pusher_block_a];40:b(0.377,-0.265):p0.86:e[pusher_block_a,block_a_block_b];50:b(0.377,-0.308):p0.86:e[pusher_block_a];60:b(0.377,-0.343):p0.86:e[pusher_block_a];63:b(0.377,-0.353):p0.86:e[pusher_block_a]"
contact_implicit_mpc_baseline,stress_sweep,3,2001,0.80,0,0.79167,0.61458,0.83333,0.07422,0.40625,1.00000,0.70312,0.00000,0.00000,0.37500,0.00000,0.00000,0.03508,36.59803,"0:b(0.045,-0.091):p0.00:e[none];10:b(0.045,-0.091):p0.00:e[pusher_block_a,block_a_fixture];20:b(0.045,-0.091):p0.00:e[pusher_block_a,block_a_fixture];30:b(0.045,-0.091):p0.00:e[pusher_block_a,block_a_fixture];40:b(0.045,-0.091):p0.00:e[pusher_block_a,block_a_fixture];50:b(0.045,-0.091):p0.00:e[pusher_block_a,block_a_fixture];60:b(0.045,-0.091):p0.00:e[pusher_block_a,block_a_fixture];63:b(0.045,-0.091):p0.00:e[pusher_block_a]"
topology_world_model,stress_sweep,3,2001,0.80,0,0.54792,0.05208,0.94792,0.22266,0.09375,0.00000,0.04688,0.01562,0.00000,0.10938,0.01562,0.14526,0.00906,18.89053,"0:b(0.045,-0.091):p0.00:e[none];10:b(0.045,-0.091):p0.00:e[pusher_block_a,block_a_block_b,block_a_fixture];20:b(0.116,-0.379):p0.18:e[pusher_block_a];30:b(0.111,-0.270):p0.17:e[pusher_block_a];40:b(0.107,-0.179):p0.16:e[pusher_block_a];50:b(0.104,-0.104):p0.15:e[pusher_block_a];60:b(0.101,-0.042):p0.15:e[pusher_block_a,block_b_fixture];63:b(0.101,-0.046):p0.15:e[pusher_block_a]"
oracle_topology_planner,stress_sweep,3,2001,0.80,0,1.00000,1.00000,1.00000,0.00000,1.00000,1.00000,0.00000,0.04688,0.03125,0.00000,0.00000,0.52744,0.23106,106.75285,"0:b(0.045,-0.091):p0.00:e[none];10:b(0.351,-0.212):p0.80:e[none];20:b(0.323,-0.232):p0.72:e[none];30:b(0.300,-0.249):p0.66:e[none];40:b(0.281,-0.263):p0.61:e[none];50:b(0.265,-0.275):p0.57:e[none];60:b(0.252,-0.284):p0.54:e[none];63:b(0.248,-0.287):p0.53:e[none]"
pairwise_contact_classifier,stress_sweep,3,2002,0.80,0,0.44792,0.09115,0.79167,0.25195,0.04688,0.00000,0.00000,0.01562,0.09375,0.01562,0.00000,0.81085,0.16240,16.99418,"0:b(0.049,-0.043):p0.00:e[none];10:b(0.049,-0.043):p0.00:e[pusher_block_a];20:b(0.049,-0.043):p0.00:e[pusher_block_a];30:b(0.049,-0.043):p0.00:e[pusher_block_a];40:b(0.049,-0.043):p0.00:e[pusher_block_a];50:b(0.049,-0.043):p0.00:e[pusher_block_a];60:b(0.361,-0.225):p0.82:e[pusher_block_b,block_b_pocket];63:b(0.358,-0.225):p0.81:e[pusher_block_b,block_b_pocket]"
ensemble_uncertainty_planner,stress_sweep,3,2002,0.80,0,0.35521,0.08073,0.54688,0.19336,0.50000,0.00000,0.00000,0.01562,0.00000,0.03125,0.01562,0.45720,0.24260,15.85882,"0:b(0.049,-0.043):p0.00:e[none];10:b(0.049,-0.043):p0.00:e[pusher_block_a];20:b(0.049,-0.043):p0.00:e[pusher_block_a];30:b(0.120,-0.198):p0.19:e[pusher_block_a,block_a_fixture];40:b(0.228,-0.391):p0.47:e[pusher_block_a];50:b(0.225,-0.336):p0.46:e[pusher_block_a];60:b(0.223,-0.305):p0.46:e[pusher_block_a];63:b(0.223,-0.306):p0.46:e[pusher_block_a]"
contact_implicit_mpc_baseline,stress_sweep,3,2002,0.80,0,0.41198,0.02448,0.98438,0.34375,0.01562,0.00000,0.00000,0.00000,0.00000,0.01562,0.00000,0.00000,0.02000,9.12462,"0:b(0.049,-0.043):p0.00:e[none];10:b(0.049,-0.043):p0.00:e[pusher_block_a];20:b(0.049,-0.043):p0.00:e[pusher_block_a];30:b(0.049,-0.043):p0.00:e[pusher_block_a];40:b(0.049,-0.043):p0.00:e[pusher_block_a];50:b(0.049,-0.043):p0.00:e[pusher_block_a];60:b(0.049,-0.043):p0.00:e[pusher_block_a];63:b(0.049,-0.043):p0.00:e[pusher_block_a]"
topology_world_model,stress_sweep,3,2002,0.80,0,0.51927,0.06250,0.21354,0.24023,0.93750,0.00000,0.82812,0.00000,0.00000,0.92188,0.01562,0.63143,0.20949,50.89354,"0:b(0.049,-0.043):p0.00:e[none];10:b(0.119,-0.149):p0.18:e[pusher_block_a,block_a_fixture];20:b(0.254,-0.353):p0.54:e[pusher_block_a,block_a_fixture];30:b(0.293,-0.381):p0.64:e[pusher_block_a,block_a_fixture];40:b(0.292,-0.341):p0.64:e[pusher_block_a,block_a_fixture];50:b(0.291,-0.307):p0.63:e[pusher_block_a,block_a_fixture];60:b(0.290,-0.280):p0.63:e[pusher_block_a,block_a_fixture];63:b(0.290,-0.272):p0.63:e[pusher_block_a,block_a_fixture]"
oracle_topology_planner,stress_sweep,3,2002,0.80,0,1.00000,1.00000,1.00000,0.00000,1.00000,1.00000,0.00000,0.21875,0.20312,0.00000,0.03125,0.60696,0.09003,13.81152,"0:b(0.049,-0.043):p0.00:e[none];10:b(0.358,-0.152):p0.81:e[block_a_block_b,block_b_pocket];20:b(0.352,-0.144):p0.79:e[none];30:b(0.330,-0.147):p0.74:e[none];40:b(0.311,-0.149):p0.69:e[none];50:b(0.296,-0.151):p0.65:e[none];60:b(0.284,-0.153):p0.62:e[none];63:b(0.280,-0.153):p0.61:e[none]"
pairwise_contact_classifier,stress_sweep,3,2003,0.80,0,0.52917,0.03125,0.79167,0.24609,0.12500,0.00000,0.62500,0.00000,0.00000,0.37500,0.00000,0.00000,0.02379,34.31517,"0:b(0.033,-0.078):p0.00:e[none];10:b(0.033,-0.078):p0.00:e[pusher_block_a];20:b(0.033,-0.078):p0.00:e[pusher_block_a];30:b(0.033,-0.078):p0.00:e[pusher_block_a,block_a_fixture];40:b(0.033,-0.078):p0.00:e[pusher_block_a];50:b(0.033,-0.078):p0.00:e[pusher_block_a,block_a_fixture];60:b(0.033,-0.078):p0.00:e[pusher_block_a];63:b(0.033,-0.078):p0.00:e[pusher_block_a]"
ensemble_uncertainty_planner,stress_sweep,3,2003,0.80,0,0.70417,0.30729,0.90625,0.11719,0.45312,0.00000,0.53125,0.00000,0.00000,0.12500,0.00000,0.00000,0.34665,25.84613,"0:b(0.033,-0.078):p0.00:e[none];10:b(0.033,-0.078):p0.00:e[pusher_block_a];20:b(0.033,-0.078):p0.00:e[pusher_block_a,block_a_fixture];30:b(-0.038,-0.166):p0.00:e[pusher_block_a,block_a_fixture];40:b(-0.147,-0.300):p0.00:e[pusher_block_a];50:b(-0.234,-0.407):p0.00:e[pusher_block_a];60:b(-0.237,-0.402):p0.00:e[pusher_block_a];63:b(-0.238,-0.401):p0.00:e[pusher_block_a]"
contact_implicit_mpc_baseline,stress_sweep,3,2003,0.80,0,0.80208,0.64062,0.81771,0.07031,0.43750,1.00000,0.75000,0.00000,0.00000,0.40625,0.00000,0.00000,0.02379,38.55678,"0:b(0.033,-0.078):p0.00:e[none];10:b(0.033,-0.078):p0.00:e[pusher_block_a,block_a_fixture];20:b(0.033,-0.078):p0.00:e[pusher_block_a];30:b(0.033,-0.078):p0.00:e[pusher_block_a];40:b(0.033,-0.078):p0.00:e[pusher_block_a];50:b(0.033,-0.078):p0.00:e[pusher_block_a,block_a_fixture];60:b(0.033,-0.078):p0.00:e[pusher_block_a,block_a_fixture];63:b(0.033,-0.078):p0.00:e[pusher_block_a]"
topology_world_model,stress_sweep,3,2003,0.80,0,0.54479,0.08073,0.96354,0.22461,0.07812,0.00000,0.00000,0.03125,0.00000,0.01562,0.01562,0.36749,0.19724,15.04226,"0:b(0.033,-0.078):p0.00:e[none];10:b(0.057,-0.162):p0.06:e[pusher_block_a,block_a_block_b];20:b(0.205,-0.341):p0.43:e[pusher_block_a];30:b(0.199,-0.252):p0.42:e[pusher_block_a,pusher_block_b];40:b(0.192,-0.252):p0.40:e[pusher_block_a];50:b(0.186,-0.252):p0.38:e[pusher_block_a];60:b(0.181,-0.252):p0.37:e[pusher_block_a];63:b(0.179,-0.252):p0.37:e[pusher_block_a]"
oracle_topology_planner,stress_sweep,3,2003,0.80,0,1.00000,1.00000,1.00000,0.00000,1.00000,1.00000,0.00000,0.03125,0.00000,0.00000,0.03125,0.73242,0.28393,89.49194,"0:b(0.033,-0.078):p0.00:e[none];10:b(0.320,-0.375):p0.72:e[pusher_block_a,pusher_block_b];20:b(0.327,-0.400):p0.74:e[none];30:b(0.326,-0.381):p0.74:e[none];40:b(0.325,-0.365):p0.74:e[none];50:b(0.325,-0.352):p0.73:e[none];60:b(0.324,-0.341):p0.73:e[none];63:b(0.324,-0.338):p0.73:e[none]"
pairwise_contact_classifier,stress_sweep,3,2004,0.80,0,0.65000,0.10938,0.94010,0.14258,0.09375,0.00000,0.68750,0.01562,0.00000,0.43750,0.01562,0.08407,0.26084,27.84220,"0:b(0.030,-0.072):p0.00:e[none];10:b(0.030,-0.130):p0.00:e[pusher_block_a,block_a_fixture];20:b(0.062,-0.387):p0.08:e[pusher_block_a,block_a_fixture];30:b(0.065,-0.383):p0.09:e[pusher_block_a,block_a_fixture];40:b(0.064,-0.358):p0.09:e[pusher_block_a,block_a_fixture];50:b(0.064,-0.337):p0.09:e[pusher_block_a,block_a_fixture];60:b(0.063,-0.320):p0.08:e[pusher_block_a,block_a_fixture];63:b(0.063,-0.315):p0.08:e[pusher_block_a]"
ensemble_uncertainty_planner,stress_sweep,3,2004,0.80,0,0.80833,0.57812,0.96354,0.08398,0.70312,0.00000,0.76562,0.00000,0.00000,0.14062,0.01562,0.00000,0.33968,20.43912,"0:b(0.030,-0.072):p0.00:e[none];10:b(-0.013,-0.123):p0.00:e[pusher_block_a];20:b(-0.100,-0.225):p0.00:e[pusher_block_a];30:b(-0.172,-0.309):p0.00:e[pusher_block_a,block_a_fixture];40:b(-0.231,-0.379):p0.00:e[pusher_block_a];50:b(-0.255,-0.403):p0.00:e[pusher_block_a];60:b(-0.255,-0.396):p0.00:e[pusher_block_a];63:b(-0.255,-0.394):p0.00:e[pusher_block_a]"
contact_implicit_mpc_baseline,stress_sweep,3,2004,0.80,0,0.52083,0.23438,0.54688,0.30469,0.01562,0.00000,0.78125,0.00000,0.00000,0.48438,0.00000,0.00000,0.01759,28.67439,"0:b(0.030,-0.072):p0.00:e[none];10:b(0.030,-0.072):p0.00:e[pusher_block_a,block_a_fixture];20:b(0.030,-0.072):p0.00:e[pusher_block_a,block_a_fixture];30:b(0.030,-0.072):p0.00:e[pusher_block_a,block_a_fixture];40:b(0.030,-0.072):p0.00:e[pusher_block_a,block_a_fixture];50:b(0.030,-0.072):p0.00:e[pusher_block_a,block_a_fixture];60:b(0.030,-0.072):p0.00:e[pusher_block_a,block_a_fixture];63:b(0.030,-0.072):p0.00:e[pusher_block_a]"
topology_world_model,stress_sweep,3,2004,0.80,0,0.61667,0.06250,0.96354,0.16211,0.14062,0.00000,0.65625,0.00000,0.00000,0.12500,0.01562,0.00000,0.34838,19.08602,"0:b(0.030,-0.072):p0.00:e[none];10:b(0.007,-0.099):p0.00:e[pusher_block_a];20:b(-0.079,-0.201):p0.00:e[pusher_block_a,block_a_fixture];30:b(-0.151,-0.285):p0.00:e[pusher_block_a];40:b(-0.210,-0.355):p0.00:e[pusher_block_a];50:b(-0.255,-0.407):p0.00:e[pusher_block_a];60:b(-0.256,-0.404):p0.00:e[pusher_block_a];63:b(-0.257,-0.403):p0.00:e[pusher_block_a]"
oracle_topology_planner,stress_sweep,3,2004,0.80,0,1.00000,1.00000,1.00000,0.00000,1.00000,1.00000,0.00000,0.03125,0.01562,0.03125,0.00000,0.78402,0.01355,102.60086,"0:b(0.030,-0.072):p0.00:e[none];10:b(0.292,-0.040):p0.66:e[none];20:b(0.223,-0.041):p0.48:e[none];30:b(0.261,-0.041):p0.58:e[none];40:b(0.291,-0.041):p0.65:e[none];50:b(0.317,-0.041):p0.72:e[none];60:b(0.338,-0.041):p0.77:e[none];63:b(0.344,-0.041):p0.78:e[none]"
pairwise_contact_classifier,stress_sweep,4,2000,0.80,0,0.51042,0.05729,0.95312,0.23438,0.32812,0.00000,0.73438,0.00000,0.00000,0.26562,0.00000,0.00000,0.17348,23.57356,"0:b(0.012,-0.085):p0.00:e[none];10:b(0.005,-0.094):p0.00:e[pusher_block_a];20:b(-0.034,-0.139):p0.00:e[pusher_block_a];30:b(-0.066,-0.176):p0.00:e[pusher_block_a];40:b(-0.093,-0.207):p0.00:e[pusher_block_a];50:b(-0.115,-0.233):p0.00:e[pusher_block_a];60:b(-0.133,-0.254):p0.00:e[pusher_block_a];63:b(-0.138,-0.259):p0.00:e[pusher_block_a]"
ensemble_uncertainty_planner,stress_sweep,4,2000,0.80,0,0.68333,0.33437,0.90625,0.12891,0.60938,0.00000,0.76562,0.00000,0.00000,0.25000,0.01562,0.00000,0.29944,22.40766,"0:b(0.012,-0.085):p0.00:e[none];10:b(0.012,-0.085):p0.00:e[pusher_block_a];20:b(0.012,-0.085):p0.00:e[pusher_block_a];30:b(-0.028,-0.187):p0.00:e[pusher_block_a];40:b(-0.087,-0.344):p0.00:e[pusher_block_a];50:b(-0.110,-0.401):p0.00:e[pusher_block_a];60:b(-0.109,-0.389):p0.00:e[pusher_block_a];63:b(-0.109,-0.385):p0.00:e[pusher_block_a]"
contact_implicit_mpc_baseline,stress_sweep,4,2000,0.80,0,0.82812,0.98438,0.60417,0.06055,0.51562,1.00000,0.76562,0.00000,0.00000,0.48438,0.00000,0.00000,0.00078,27.83890,"0:b(0.012,-0.085):p0.00:e[none];10:b(0.012,-0.085):p0.00:e[pusher_block_a];20:b(0.012,-0.085):p0.00:e[pusher_block_a];30:b(0.012,-0.085):p0.00:e[pusher_block_a];40:b(0.012,-0.085):p0.00:e[pusher_block_a];50:b(0.012,-0.085):p0.00:e[pusher_block_a];60:b(0.012,-0.085):p0.00:e[pusher_block_a];63:b(0.012,-0.085):p0.00:e[pusher_block_a,block_a_fixture]"
topology_world_model,stress_sweep,4,2000,0.80,0,0.54531,0.04688,0.98125,0.22266,0.10938,0.00000,0.00000,0.01562,0.00000,0.07812,0.01562,0.36527,0.13315,14.98754,"0:b(0.012,-0.085):p0.00:e[none];10:b(0.012,-0.085):p0.00:e[pusher_block_a,pusher_block_b,block_a_block_b,block_a_fixture];20:b(0.177,-0.398):p0.39:e[pusher_block_a];30:b(0.173,-0.342):p0.39:e[pusher_block_a];40:b(0.170,-0.297):p0.38:e[pusher_block_a];50:b(0.168,-0.259):p0.37:e[pusher_block_a];60:b(0.165,-0.227):p0.37:e[pusher_block_a];63:b(0.165,-0.219):p0.37:e[pusher_block_a]"
oracle_topology_planner,stress_sweep,4,2000,0.80,0,1.00000,1.00000,1.00000,0.00000,1.00000,1.00000,0.00000,0.01562,0.00000,0.01562,0.03125,0.86603,0.23033,100.68922,"0:b(0.012,-0.085):p0.00:e[none];10:b(0.291,-0.408):p0.67:e[pusher_block_a,block_b_wall];20:b(0.314,-0.383):p0.72:e[none];30:b(0.332,-0.362):p0.77:e[none];40:b(0.348,-0.345):p0.80:e[block_a_fixture];50:b(0.361,-0.331):p0.83:e[none];60:b(0.371,-0.319):p0.86:e[none];63:b(0.374,-0.316):p0.87:e[none]"
pairwise_contact_classifier,stress_sweep,4,2001,0.80,0,0.63802,0.32292,0.41406,0.17578,0.87500,1.00000,0.54688,0.00000,0.00000,0.64062,0.04688,1.04986,0.30981,50.98778,"0:b(0.041,-0.039):p0.00:e[none];10:b(0.450,-0.373):p1.05:e[pusher_block_a];20:b(0.450,-0.260):p1.05:e[pusher_block_a];30:b(0.449,-0.395):p1.05:e[pusher_block_a,block_a_fixture];40:b(0.449,-0.308):p1.05:e[pusher_block_a,block_a_fixture];50:b(0.449,-0.236):p1.05:e[pusher_block_a,block_a_fixture];60:b(0.449,-0.379):p1.05:e[pusher_block_a,block_a_fixture];63:b(0.449,-0.357):p1.05:e[pusher_block_a,block_a_fixture]"
ensemble_uncertainty_planner,stress_sweep,4,2001,0.80,0,0.49635,0.95833,0.05469,0.25195,0.04688,0.12245,0.00000,0.96875,0.92188,0.01562,0.00000,0.81412,0.17393,9.48367,"0:b(0.041,-0.039):p0.00:e[none];10:b(0.358,-0.221):p0.81:e[pusher_block_a,block_a_block_b,block_b_pocket];20:b(0.358,-0.221):p0.81:e[pusher_block_a,block_a_block_b,block_b_pocket];30:b(0.358,-0.221):p0.81:e[pusher_block_a,block_a_block_b,block_b_pocket];40:b(0.358,-0.221):p0.81:e[pusher_block_a,block_a_block_b,block_b_pocket];50:b(0.358,-0.221):p0.81:e[pusher_block_a,block_a_block_b,block_b_pocket];60:b(0.358,-0.221):p0.81:e[pusher_block_a,block_a_block_b,block_b_pocket];63:b(0.358,-0.221):p0.81:e[pusher_block_a,block_a_block_b,block_b_pocket]"
contact_implicit_mpc_baseline,stress_sweep,4,2001,0.80,0,0.62083,0.04688,0.93229,0.15625,0.03125,1.00000,0.00000,0.00000,0.01562,0.00000,0.06250,1.04991,0.30934,50.25841,"0:b(0.041,-0.039):p0.00:e[none];10:b(0.450,-0.372):p1.05:e[pusher_block_a];20:b(0.450,-0.251):p1.05:e[pusher_block_a];30:b(0.449,-0.386):p1.05:e[pusher_block_a];40:b(0.449,-0.303):p1.05:e[pusher_block_a];50:b(0.449,-0.234):p1.05:e[pusher_block_a,block_b_pocket];60:b(0.449,-0.377):p1.05:e[pusher_block_a];63:b(0.449,-0.356):p1.05:e[pusher_block_a]"
topology_world_model,stress_sweep,4,2001,0.80,0,0.57031,0.11719,0.96875,0.21094,0.12500,0.00000,0.00000,0.01562,0.00000,0.00000,0.01562,0.74722,0.31882,17.36338,"0:b(0.041,-0.039):p0.00:e[none];10:b(0.450,-0.371):p1.05:e[pusher_block_a];20:b(0.426,-0.335):p0.99:e[pusher_block_a];30:b(0.397,-0.345):p0.91:e[pusher_block_a];40:b(0.373,-0.352):p0.85:e[pusher_block_a];50:b(0.353,-0.359):p0.80:e[pusher_block_a];60:b(0.336,-0.364):p0.76:e[pusher_block_a];63:b(0.332,-0.366):p0.75:e[pusher_block_a]"
oracle_topology_planner,stress_sweep,4,2001,0.80,0,1.00000,1.00000,1.00000,0.00000,1.00000,0.85714,0.00000,0.31250,0.00000,0.01562,0.07812,1.05143,0.33578,14.81294,"0:b(0.041,-0.039):p0.00:e[none];10:b(0.450,-0.376):p1.05:e[pusher_block_a,block_a_block_b];20:b(0.450,-0.403):p1.05:e[none];30:b(0.450,-0.398):p1.05:e[block_a_block_b];40:b(0.450,-0.402):p1.05:e[none];50:b(0.450,-0.403):p1.05:e[block_a_block_b];60:b(0.450,-0.389):p1.05:e[none];63:b(0.450,-0.383):p1.05:e[none]"
pairwise_contact_classifier,stress_sweep,4,2002,0.80,0,0.51198,0.04167,0.53646,0.23633,0.56250,0.00000,0.85938,0.00000,0.00000,0.57812,0.03125,0.61265,0.25569,40.20339,"0:b(0.044,-0.082):p0.00:e[none];10:b(0.044,-0.082):p0.00:e[pusher_block_a,block_a_fixture];20:b(0.044,-0.082):p0.00:e[pusher_block_a,block_a_fixture];30:b(0.044,-0.082):p0.00:e[pusher_block_a];40:b(0.044,-0.082):p0.00:e[pusher_block_a,block_a_fixture];50:b(0.043,-0.085):p0.00:e[pusher_block_a,pusher_block_b,block_a_fixture];60:b(0.282,-0.379):p0.62:e[pusher_block_a];63:b(0.281,-0.339):p0.61:e[pusher_block_a]"
ensemble_uncertainty_planner,stress_sweep,4,2002,0.80,0,0.52865,0.04688,0.14062,0.23438,0.96875,1.00000,0.82812,0.00000,0.00000,0.92188,0.00000,0.00000,0.00046,43.58261,"0:b(0.044,-0.082):p0.00:e[none];10:b(0.044,-0.082):p0.00:e[pusher_block_a,block_a_fixture];20:b(0.044,-0.082):p0.00:e[pusher_block_a,block_a_fixture];30:b(0.044,-0.082):p0.00:e[pusher_block_a,block_a_fixture];40:b(0.044,-0.082):p0.00:e[pusher_block_a,block_a_fixture];50:b(0.044,-0.082):p0.00:e[pusher_block_a,block_a_fixture];60:b(0.044,-0.082):p0.00:e[pusher_block_a,block_a_fixture];63:b(0.044,-0.082):p0.00:e[pusher_block_a,block_a_fixture]"
contact_implicit_mpc_baseline,stress_sweep,4,2002,0.80,0,0.66667,0.09896,0.95312,0.12109,0.03125,1.00000,0.00000,0.00000,0.00000,0.00000,0.00000,0.00000,0.00046,31.91565,"0:b(0.044,-0.082):p0.00:e[none];10:b(0.044,-0.082):p0.00:e[pusher_block_a];20:b(0.044,-0.082):p0.00:e[pusher_block_a];30:b(0.044,-0.082):p0.00:e[pusher_block_a];40:b(0.044,-0.082):p0.00:e[pusher_block_a];50:b(0.044,-0.082):p0.00:e[pusher_block_a];60:b(0.044,-0.082):p0.00:e[pusher_block_a];63:b(0.044,-0.082):p0.00:e[pusher_block_a]"
topology_world_model,stress_sweep,4,2002,0.80,0,0.23125,0.05208,0.76562,0.26562,0.07812,0.00000,0.75000,0.01562,0.00000,0.23438,0.06250,0.22598,0.25207,85.39100,"0:b(0.044,-0.082):p0.00:e[none];10:b(0.044,-0.082):p0.00:e[pusher_block_a,block_a_fixture];20:b(0.031,-0.117):p0.00:e[pusher_block_a,block_a_fixture];30:b(0.102,-0.350):p0.15:e[none];40:b(0.149,-0.400):p0.27:e[none];50:b(0.141,-0.368):p0.25:e[none];60:b(0.133,-0.342):p0.23:e[none];63:b(0.131,-0.335):p0.23:e[none]"
oracle_topology_planner,stress_sweep,4,2002,0.80,0,1.00000,1.00000,1.00000,0.00000,1.00000,1.00000,0.00000,0.09375,0.00000,0.01562,0.03125,1.05182,0.28423,87.01955,"0:b(0.044,-0.082):p0.00:e[none];10:b(0.450,-0.360):p1.05:e[pusher_block_a];20:b(0.450,-0.341):p1.05:e[none];30:b(0.450,-0.403):p1.05:e[none];40:b(0.450,-0.390):p1.05:e[none];50:b(0.450,-0.379):p1.05:e[block_a_fixture];60:b(0.450,-0.370):p1.05:e[none];63:b(0.450,-0.367):p1.05:e[none]"
pairwise_contact_classifier,stress_sweep,4,2003,0.80,0,0.50260,0.04948,0.92969,0.24023,0.07812,0.00000,0.00000,0.04688,0.00000,0.01562,0.01562,0.57720,0.27444,13.18208,"0:b(0.045,-0.074):p0.00:e[none];10:b(0.273,-0.376):p0.59:e[pusher_block_a];20:b(0.268,-0.279):p0.58:e[pusher_block_a];30:b(0.267,-0.268):p0.58:e[pusher_block_a];40:b(0.267,-0.274):p0.58:e[pusher_block_a];50:b(0.267,-0.279):p0.58:e[pusher_block_a];60:b(0.267,-0.284):p0.58:e[pusher_block_a];63:b(0.267,-0.285):p0.58:e[pusher_block_a]"
ensemble_uncertainty_planner,stress_sweep,4,2003,0.80,0,0.08958,0.08854,0.23423,0.24219,0.78125,0.00000,0.00000,0.03125,0.00000,0.01562,0.01562,0.56325,0.31544,15.21666,"0:b(0.045,-0.074):p0.00:e[none];10:b(0.272,-0.377):p0.59:e[pusher_block_a];20:b(0.267,-0.282):p0.58:e[pusher_block_a];30:b(0.265,-0.284):p0.57:e[pusher_block_a];40:b(0.264,-0.299):p0.57:e[pusher_block_a];50:b(0.263,-0.312):p0.57:e[pusher_block_a];60:b(0.262,-0.323):p0.56:e[pusher_block_a];63:b(0.262,-0.326):p0.56:e[pusher_block_a]"
contact_implicit_mpc_baseline,stress_sweep,4,2003,0.80,0,0.95573,0.93750,0.96875,0.01367,0.90625,1.00000,0.00000,0.03125,0.00000,0.01562,0.01562,0.56381,0.27905,13.05683,"0:b(0.045,-0.074):p0.00:e[none];10:b(0.269,-0.379):p0.58:e[pusher_block_a];20:b(0.264,-0.290):p0.57:e[pusher_block_a];30:b(0.262,-0.268):p0.56:e[pusher_block_a];40:b(0.262,-0.276):p0.56:e[pusher_block_a];50:b(0.262,-0.282):p0.56:e[pusher_block_a];60:b(0.262,-0.288):p0.56:e[pusher_block_a];63:b(0.262,-0.289):p0.56:e[pusher_block_a]"
topology_world_model,stress_sweep,4,2003,0.80,0,0.53385,0.06510,0.95312,0.23242,0.04688,0.00000,0.00000,0.04688,0.00000,0.01562,0.01562,0.58672,0.26027,13.22153,"0:b(0.045,-0.074):p0.00:e[none];10:b(0.276,-0.375):p0.60:e[pusher_block_a];20:b(0.272,-0.272):p0.59:e[pusher_block_a];30:b(0.271,-0.267):p0.59:e[pusher_block_a];40:b(0.271,-0.268):p0.59:e[pusher_block_a];50:b(0.271,-0.269):p0.59:e[pusher_block_a];60:b(0.271,-0.270):p0.59:e[pusher_block_a];63:b(0.271,-0.271):p0.59:e[pusher_block_a]"
oracle_topology_planner,stress_sweep,4,2003,0.80,0,1.00000,1.00000,1.00000,0.00000,1.00000,1.00000,0.00000,0.18750,0.14062,0.00000,0.00000,0.76799,0.09153,12.45441,"0:b(0.045,-0.074):p0.00:e[none];10:b(0.358,-0.102):p0.81:e[pusher_block_a,block_a_block_b,block_b_pocket];20:b(0.354,-0.102):p0.80:e[none];30:b(0.350,-0.102):p0.79:e[none];40:b(0.346,-0.102):p0.78:e[none];50:b(0.344,-0.102):p0.78:e[none];60:b(0.341,-0.102):p0.77:e[none];63:b(0.341,-0.102):p0.77:e[none]"
pairwise_contact_classifier,stress_sweep,4,2004,0.80,0,0.52708,0.04688,0.77604,0.23438,0.46875,0.00000,0.71875,0.00000,0.00000,0.45312,0.00000,0.00000,0.00507,42.31685,"0:b(0.023,-0.060):p0.00:e[none];10:b(0.023,-0.060):p0.00:e[pusher_block_a,block_a_fixture];20:b(0.023,-0.060):p0.00:e[pusher_block_a];30:b(0.023,-0.060):p0.00:e[pusher_block_a,block_a_fixture];40:b(0.023,-0.060):p0.00:e[pusher_block_a];50:b(0.023,-0.060):p0.00:e[pusher_block_a,block_a_fixture];60:b(0.023,-0.060):p0.00:e[pusher_block_a];63:b(0.023,-0.060):p0.00:e[pusher_block_a]"
ensemble_uncertainty_planner,stress_sweep,4,2004,0.80,0,0.79948,0.53125,0.96354,0.08008,0.67188,0.00000,0.64062,0.00000,0.00000,0.10938,0.01562,0.00000,0.30684,21.13972,"0:b(0.023,-0.060):p0.00:e[none];10:b(0.023,-0.060):p0.00:e[pusher_block_a];20:b(-0.074,-0.177):p0.00:e[pusher_block_a];30:b(-0.198,-0.328):p0.00:e[pusher_block_a];40:b(-0.265,-0.401):p0.00:e[pusher_block_a];50:b(-0.265,-0.382):p0.00:e[pusher_block_a];60:b(-0.264,-0.366):p0.00:e[pusher_block_a];63:b(-0.264,-0.362):p0.00:e[pusher_block_a]"
contact_implicit_mpc_baseline,stress_sweep,4,2004,0.80,0,0.82292,0.71875,0.80208,0.06250,0.50000,1.00000,0.71875,0.00000,0.00000,0.46875,0.00000,0.00000,0.00507,42.56704,"0:b(0.023,-0.060):p0.00:e[none];10:b(0.023,-0.060):p0.00:e[pusher_block_a,block_a_fixture];20:b(0.023,-0.060):p0.00:e[pusher_block_a];30:b(0.023,-0.060):p0.00:e[pusher_block_a,block_a_fixture];40:b(0.023,-0.060):p0.00:e[pusher_block_a];50:b(0.023,-0.060):p0.00:e[pusher_block_a,block_a_fixture];60:b(0.023,-0.060):p0.00:e[pusher_block_a];63:b(0.023,-0.060):p0.00:e[pusher_block_a,block_a_fixture]"
topology_world_model,stress_sweep,4,2004,0.80,0,0.24740,0.03906,0.98125,0.19727,0.07812,0.00000,0.00000,0.01562,0.00000,0.06250,0.01562,0.00000,0.27869,94.77183,"0:b(0.023,-0.060):p0.00:e[none];10:b(-0.006,-0.095):p0.00:e[pusher_block_a];20:b(-0.135,-0.251):p0.00:e[pusher_block_a];30:b(-0.241,-0.380):p0.00:e[none];40:b(-0.266,-0.388):p0.00:e[none];50:b(-0.266,-0.362):p0.00:e[none];60:b(-0.265,-0.340):p0.00:e[none];63:b(-0.265,-0.334):p0.00:e[none]"
oracle_topology_planner,stress_sweep,4,2004,0.80,0,1.00000,1.00000,1.00000,0.00000,1.00000,1.00000,0.00000,0.06250,0.03125,0.00000,0.01562,0.39838,0.22812,106.39842,"0:b(0.023,-0.060):p0.00:e[none];10:b(0.349,-0.181):p0.80:e[none];20:b(0.305,-0.209):p0.69:e[none];30:b(0.268,-0.232):p0.60:e[none];40:b(0.237,-0.251):p0.53:e[none];50:b(0.212,-0.267):p0.46:e[none];60:b(0.191,-0.280):p0.41:e[none];63:b(0.185,-0.283):p0.40:e[none]"
pairwise_contact_classifier,stress_sweep,5,2000,0.80,0,0.52240,0.04688,0.49219,0.26367,0.04688,0.00000,0.45312,0.00000,0.00000,0.54688,0.00000,0.00000,0.00839,33.19699,"0:b(0.039,-0.059):p0.00:e[none];10:b(0.039,-0.059):p0.00:e[pusher_block_a];20:b(0.039,-0.059):p0.00:e[pusher_block_a];30:b(0.039,-0.059):p0.00:e[pusher_block_a,block_a_fixture];40:b(0.039,-0.059):p0.00:e[pusher_block_a,block_a_fixture];50:b(0.039,-0.059):p0.00:e[pusher_block_a,block_a_fixture];60:b(0.039,-0.059):p0.00:e[pusher_block_a,block_a_fixture];63:b(0.039,-0.059):p0.00:e[pusher_block_a,block_a_fixture]"
ensemble_uncertainty_planner,stress_sweep,5,2000,0.80,0,0.27604,0.04167,0.45312,0.26367,0.10938,0.00000,0.00000,0.00000,0.50000,0.03125,0.00000,0.81536,0.16580,15.92691,"0:b(0.039,-0.059):p0.00:e[none];10:b(0.039,-0.059):p0.00:e[pusher_block_a];20:b(0.039,-0.059):p0.00:e[pusher_block_a];30:b(0.186,-0.210):p0.38:e[pusher_block_b];40:b(0.358,-0.233):p0.82:e[pusher_block_b,block_b_pocket];50:b(0.358,-0.233):p0.82:e[pusher_block_b,block_b_pocket];60:b(0.358,-0.233):p0.82:e[pusher_block_b,block_b_pocket];63:b(0.358,-0.233):p0.82:e[pusher_block_b,block_b_pocket]"
contact_implicit_mpc_baseline,stress_sweep,5,2000,0.80,0,0.48698,0.00781,1.00000,0.24609,0.01562,1.00000,0.00000,0.00000,0.00000,0.00000,0.00000,0.00000,0.00839,8.02135,"0:b(0.039,-0.059):p0.00:e[none];10:b(0.039,-0.059):p0.00:e[pusher_block_a];20:b(0.039,-0.059):p0.00:e[pusher_block_a];30:b(0.039,-0.059):p0.00:e[pusher_block_a];40:b(0.039,-0.059):p0.00:e[pusher_block_a];50:b(0.039,-0.059):p0.00:e[pusher_block_a];60:b(0.039,-0.059):p0.00:e[pusher_block_a];63:b(0.039,-0.059):p0.00:e[pusher_block_a]"
topology_world_model,stress_sweep,5,2000,0.80,0,0.51771,0.09375,0.18750,0.24609,0.78125,0.00000,0.81250,0.01562,0.00000,0.87500,0.01562,0.41105,0.15461,48.87603,"0:b(0.039,-0.059):p0.00:e[none];10:b(0.039,-0.059):p0.00:e[pusher_block_a,block_a_fixture];20:b(0.165,-0.322):p0.32:e[pusher_block_a,block_a_fixture];30:b(0.208,-0.367):p0.43:e[pusher_block_a,block_a_fixture];40:b(0.205,-0.313):p0.42:e[pusher_block_a,block_a_fixture];50:b(0.202,-0.269):p0.42:e[pusher_block_a,block_a_fixture];60:b(0.200,-0.232):p0.41:e[pusher_block_a,block_a_fixture];63:b(0.200,-0.222):p0.41:e[pusher_block_a,block_a_fixture]"
oracle_topology_planner,stress_sweep,5,2000,0.80,0,1.00000,1.00000,1.00000,0.00000,1.00000,1.00000,0.00000,0.01562,0.00000,0.01562,0.03125,0.00000,0.21166,11.73159,"0:b(0.039,-0.059):p0.00:e[none];10:b(-0.113,-0.239):p0.00:e[none];20:b(-0.259,-0.401):p0.00:e[none];30:b(-0.258,-0.363):p0.00:e[none];40:b(-0.257,-0.332):p0.00:e[none];50:b(-0.256,-0.306):p0.00:e[none];60:b(-0.256,-0.285):p0.00:e[none];63:b(-0.256,-0.279):p0.00:e[none]"
pairwise_contact_classifier,stress_sweep,5,2001,0.80,0,0.52812,0.04688,0.65104,0.25000,0.04688,0.00000,0.26562,0.00000,0.00000,0.35938,0.00000,0.00000,0.07386,35.91824,"0:b(0.048,-0.056):p0.00:e[none];10:b(0.048,-0.056):p0.00:e[pusher_block_a];20:b(0.048,-0.056):p0.00:e[pusher_block_a];30:b(0.048,-0.067):p0.00:e[pusher_block_a];40:b(0.048,-0.088):p0.00:e[pusher_block_a];50:b(0.048,-0.106):p0.00:e[pusher_block_a,block_a_fixture];60:b(0.048,-0.120):p0.00:e[pusher_block_a,block_a_fixture];63:b(0.048,-0.124):p0.00:e[pusher_block_a,block_a_fixture]"
ensemble_uncertainty_planner,stress_sweep,5,2001,0.80,0,0.40208,0.06510,0.43229,0.24805,0.28125,0.00000,0.51562,0.01562,0.00000,0.60938,0.01562,1.05240,0.34388,36.28527,"0:b(0.048,-0.056):p0.00:e[none];10:b(0.048,-0.056):p0.00:e[pusher_block_a];20:b(0.048,-0.056):p0.00:e[pusher_block_a];30:b(0.123,-0.129):p0.20:e[pusher_block_a,block_a_fixture];40:b(0.284,-0.246):p0.62:e[pusher_block_a,block_a_fixture];50:b(0.417,-0.343):p0.97:e[pusher_block_a,block_a_fixture];60:b(0.450,-0.403):p1.05:e[pusher_block_a,block_a_fixture];63:b(0.450,-0.394):p1.05:e[pusher_block_a,block_a_fixture]"
contact_implicit_mpc_baseline,stress_sweep,5,2001,0.80,0,0.48698,0.00781,0.96875,0.24609,0.01562,1.00000,0.00000,0.00000,0.00000,0.00000,0.00000,0.00000,0.00571,8.06835,"0:b(0.048,-0.056):p0.00:e[none];10:b(0.048,-0.056):p0.00:e[pusher_block_a];20:b(0.048,-0.056):p0.00:e[pusher_block_a];30:b(0.048,-0.056):p0.00:e[pusher_block_a];40:b(0.048,-0.056):p0.00:e[pusher_block_a];50:b(0.048,-0.056):p0.00:e[pusher_block_a];60:b(0.048,-0.056):p0.00:e[pusher_block_a];63:b(0.048,-0.056):p0.00:e[pusher_block_a]"
topology_world_model,stress_sweep,5,2001,0.80,0,0.52083,0.08073,0.19792,0.24219,0.92188,0.00000,0.81250,0.01562,0.00000,0.90625,0.00000,0.74349,0.18133,49.96535,"0:b(0.048,-0.056):p0.00:e[none];10:b(0.112,-0.104):p0.17:e[pusher_block_a,block_a_fixture];20:b(0.290,-0.197):p0.63:e[pusher_block_a,block_a_fixture];30:b(0.353,-0.232):p0.80:e[pusher_block_a,block_a_fixture];40:b(0.345,-0.232):p0.78:e[pusher_block_a,block_a_fixture];50:b(0.339,-0.232):p0.76:e[pusher_block_a,block_a_fixture];60:b(0.333,-0.232):p0.75:e[pusher_block_a,block_a_fixture];63:b(0.332,-0.232):p0.74:e[pusher_block_a,block_a_fixture]"
oracle_topology_planner,stress_sweep,5,2001,0.80,0,1.00000,1.00000,1.00000,0.00000,1.00000,1.00000,0.00000,0.01562,0.01562,0.00000,0.00000,0.42487,0.01653,106.75105,"0:b(0.048,-0.056):p0.00:e[none];10:b(0.345,-0.067):p0.78:e[none];20:b(0.309,-0.067):p0.68:e[none];30:b(0.278,-0.067):p0.60:e[none];40:b(0.253,-0.067):p0.54:e[none];50:b(0.232,-0.067):p0.48:e[none];60:b(0.215,-0.067):p0.44:e[none];63:b(0.210,-0.067):p0.42:e[none]"
pairwise_contact_classifier,stress_sweep,5,2002,0.80,0,0.52031,0.04167,0.76562,0.24023,0.45312,0.00000,0.73438,0.00000,0.00000,0.45312,0.00000,0.00000,0.06409,41.41165,"0:b(0.013,-0.067):p0.00:e[none];10:b(0.013,-0.067):p0.00:e[pusher_block_a];20:b(0.013,-0.067):p0.00:e[pusher_block_a,block_a_fixture];30:b(0.013,-0.067):p0.00:e[pusher_block_a];40:b(0.013,-0.067):p0.00:e[pusher_block_a,block_a_fixture];50:b(0.013,-0.067):p0.00:e[pusher_block_a];60:b(0.013,-0.067):p0.00:e[pusher_block_a,block_a_fixture];63:b(0.013,-0.067):p0.00:e[pusher_block_a]"
ensemble_uncertainty_planner,stress_sweep,5,2002,0.80,0,0.23281,0.07656,0.90625,0.16406,0.25000,0.00000,0.00000,0.01562,0.00000,0.09375,0.04688,0.80916,0.26288,87.63184,"0:b(0.013,-0.067):p0.00:e[none];10:b(0.013,-0.067):p0.00:e[pusher_block_a];20:b(0.175,-0.215):p0.39:e[pusher_block_a,block_a_fixture];30:b(0.320,-0.385):p0.74:e[none];40:b(0.354,-0.361):p0.82:e[none];50:b(0.353,-0.306):p0.81:e[none];60:b(0.351,-0.272):p0.81:e[none];63:b(0.350,-0.266):p0.81:e[none]"
contact_implicit_mpc_baseline,stress_sweep,5,2002,0.80,0,0.82292,0.71875,0.78125,0.06250,0.50000,1.00000,0.73438,0.00000,0.00000,0.46875,0.00000,0.00000,0.06409,42.21901,"0:b(0.013,-0.067):p0.00:e[none];10:b(0.013,-0.067):p0.00:e[pusher_block_a,block_a_fixture];20:b(0.013,-0.067):p0.00:e[pusher_block_a];30:b(0.013,-0.067):p0.00:e[pusher_block_a,block_a_fixture];40:b(0.013,-0.067):p0.00:e[pusher_block_a];50:b(0.013,-0.067):p0.00:e[pusher_block_a,block_a_fixture];60:b(0.013,-0.067):p0.00:e[pusher_block_a];63:b(0.013,-0.067):p0.00:e[pusher_block_a]"
topology_world_model,stress_sweep,5,2002,0.80,0,0.55781,0.04688,0.95312,0.21484,0.09375,0.00000,0.00000,0.00000,0.00000,0.06250,0.01562,0.69333,0.28546,20.58454,"0:b(0.013,-0.067):p0.00:e[none];10:b(0.013,-0.067):p0.00:e[pusher_block_a];20:b(0.098,-0.169):p0.20:e[pusher_block_a];30:b(0.305,-0.364):p0.70:e[pusher_block_a];40:b(0.302,-0.267):p0.69:e[pusher_block_a,pusher_block_b];50:b(0.302,-0.278):p0.69:e[pusher_block_a];60:b(0.302,-0.286):p0.69:e[pusher_block_a];63:b(0.302,-0.289):p0.69:e[pusher_block_a]"
oracle_topology_planner,stress_sweep,5,2002,0.80,0,1.00000,1.00000,1.00000,0.00000,1.00000,1.00000,0.00000,0.07812,0.03125,0.00000,0.00000,0.00000,0.11945,13.20066,"0:b(0.013,-0.067):p0.00:e[none];10:b(0.175,-0.119):p0.39:e[pusher_block_b];20:b(0.149,-0.039):p0.32:e[none];30:b(-0.086,-0.057):p0.00:e[none];40:b(-0.217,-0.094):p0.00:e[none];50:b(-0.326,-0.125):p0.00:e[none];60:b(-0.408,-0.135):p0.00:e[none];63:b(-0.432,-0.123):p0.00:e[none]"
pairwise_contact_classifier,stress_sweep,5,2003,0.80,0,0.45521,0.05990,0.28073,0.32812,0.04688,0.00000,0.73438,0.00000,0.00000,0.82812,0.00000,0.00000,0.04105,46.95918,"0:b(0.045,-0.098):p0.00:e[none];10:b(0.045,-0.098):p0.00:e[pusher_block_a];20:b(0.045,-0.098):p0.00:e[pusher_block_a,block_a_fixture];30:b(0.045,-0.098):p0.00:e[pusher_block_a,block_a_fixture];40:b(0.045,-0.098):p0.00:e[pusher_block_a,block_a_fixture];50:b(0.045,-0.098):p0.00:e[pusher_block_a,block_a_fixture];60:b(0.045,-0.098):p0.00:e[pusher_block_a,block_a_fixture];63:b(0.045,-0.098):p0.00:e[pusher_block_a,block_a_fixture]"
ensemble_uncertainty_planner,stress_sweep,5,2003,0.80,0,0.62500,0.26562,0.28646,0.18555,0.95312,1.00000,0.64062,0.00000,0.00000,0.73438,0.00000,0.00000,0.04105,51.41509,"0:b(0.045,-0.098):p0.00:e[none];10:b(0.045,-0.098):p0.00:e[pusher_block_a];20:b(0.045,-0.098):p0.00:e[pusher_block_a,block_a_fixture];30:b(0.045,-0.098):p0.00:e[pusher_block_a,block_a_fixture];40:b(0.045,-0.098):p0.00:e[pusher_block_a,block_a_fixture];50:b(0.045,-0.098):p0.00:e[pusher_block_a,block_a_fixture];60:b(0.045,-0.098):p0.00:e[pusher_block_a,block_a_fixture];63:b(0.045,-0.098):p0.00:e[pusher_block_a,block_a_fixture]"
contact_implicit_mpc_baseline,stress_sweep,5,2003,0.80,0,0.66667,0.04167,1.00000,0.12109,0.03125,1.00000,0.00000,0.00000,0.00000,0.00000,0.00000,0.00000,0.04105,50.35355,"0:b(0.045,-0.098):p0.00:e[none];10:b(0.045,-0.098):p0.00:e[pusher_block_a];20:b(0.045,-0.098):p0.00:e[pusher_block_a];30:b(0.045,-0.098):p0.00:e[pusher_block_a];40:b(0.045,-0.098):p0.00:e[pusher_block_a];50:b(0.045,-0.098):p0.00:e[pusher_block_a];60:b(0.045,-0.098):p0.00:e[pusher_block_a];63:b(0.045,-0.098):p0.00:e[pusher_block_a]"
topology_world_model,stress_sweep,5,2003,0.80,0,0.55260,0.05208,0.91354,0.21680,0.12500,0.00000,0.82812,0.01562,0.00000,0.10938,0.01562,0.76983,0.17455,17.44240,"0:b(0.045,-0.098):p0.00:e[none];10:b(0.045,-0.098):p0.00:e[pusher_block_a];20:b(0.344,-0.362):p0.78:e[pusher_block_a];30:b(0.342,-0.241):p0.77:e[pusher_block_a];40:b(0.341,-0.219):p0.77:e[pusher_block_a];50:b(0.341,-0.225):p0.77:e[pusher_block_a];60:b(0.341,-0.230):p0.77:e[pusher_block_a];63:b(0.341,-0.232):p0.77:e[pusher_block_a]"
oracle_topology_planner,stress_sweep,5,2003,0.80,1,1.00000,1.00000,1.00000,0.00000,1.00000,1.00000,0.00000,0.20000,0.60000,0.00000,0.00000,1.05189,0.02303,23.73339,"0:b(0.045,-0.098):p0.00:e[none];10:b(0.450,-0.061):p1.05:e[pusher_block_b,block_a_block_b,block_b_pocket]"
pairwise_contact_classifier,stress_sweep,5,2004,0.80,0,0.45990,0.03125,0.44271,0.31445,0.04688,0.00000,0.53125,0.00000,0.00000,0.62500,0.00000,0.00000,0.01443,36.87778,"0:b(0.031,-0.080):p0.00:e[none];10:b(0.031,-0.080):p0.00:e[pusher_block_a];20:b(0.031,-0.080):p0.00:e[pusher_block_a];30:b(0.031,-0.080):p0.00:e[pusher_block_a,block_a_fixture];40:b(0.031,-0.080):p0.00:e[pusher_block_a,block_a_fixture];50:b(0.031,-0.080):p0.00:e[pusher_block_a,block_a_fixture];60:b(0.031,-0.080):p0.00:e[pusher_block_a,block_a_fixture];63:b(0.031,-0.080):p0.00:e[pusher_block_a,block_a_fixture]"
ensemble_uncertainty_planner,stress_sweep,5,2004,0.80,0,0.51823,0.05990,0.79167,0.15820,0.25000,0.00000,0.00000,0.01562,0.00000,0.03125,0.01562,0.32477,0.14400,14.47697,"0:b(0.031,-0.080):p0.00:e[none];10:b(0.031,-0.080):p0.00:e[pusher_block_a];20:b(0.031,-0.080):p0.00:e[pusher_block_a];30:b(0.180,-0.400):p0.37:e[pusher_block_a];40:b(0.173,-0.329):p0.36:e[pusher_block_a];50:b(0.167,-0.271):p0.34:e[pusher_block_a];60:b(0.162,-0.222):p0.33:e[pusher_block_a];63:b(0.161,-0.209):p0.32:e[pusher_block_a]"
contact_implicit_mpc_baseline,stress_sweep,5,2004,0.80,0,0.66667,0.10417,0.96875,0.12109,0.03125,1.00000,0.00000,0.00000,0.00000,0.00000,0.00000,0.00000,0.01443,8.29110,"0:b(0.031,-0.080):p0.00:e[none];10:b(0.031,-0.080):p0.00:e[pusher_block_a];20:b(0.031,-0.080):p0.00:e[pusher_block_a];30:b(0.031,-0.080):p0.00:e[pusher_block_a];40:b(0.031,-0.080):p0.00:e[pusher_block_a];50:b(0.031,-0.080):p0.00:e[pusher_block_a];60:b(0.031,-0.080):p0.00:e[pusher_block_a];63:b(0.031,-0.080):p0.00:e[pusher_block_a]"
topology_world_model,stress_sweep,5,2004,0.80,0,0.21979,0.06771,0.82292,0.20117,0.07812,0.00000,0.81250,0.01562,0.00000,0.18750,0.01562,0.00000,0.27390,101.31873,"0:b(0.031,-0.080):p0.00:e[none];10:b(-0.030,-0.157):p0.00:e[pusher_block_a,block_a_fixture];20:b(-0.165,-0.327):p0.00:e[pusher_block_a];30:b(-0.231,-0.399):p0.00:e[none];40:b(-0.230,-0.377):p0.00:e[none];50:b(-0.230,-0.358):p0.00:e[none];60:b(-0.229,-0.343):p0.00:e[none];63:b(-0.229,-0.339):p0.00:e[none]"
oracle_topology_planner,stress_sweep,5,2004,0.80,0,1.00000,1.00000,1.00000,0.00000,1.00000,1.00000,0.00000,0.10938,0.06250,0.01562,0.00000,0.03180,0.33461,99.97914,"0:b(0.031,-0.080):p0.00:e[none];10:b(0.343,-0.187):p0.78:e[none];20:b(0.262,-0.245):p0.58:e[none];30:b(0.194,-0.293):p0.41:e[none];40:b(0.139,-0.333):p0.27:e[none];50:b(0.092,-0.366):p0.15:e[block_a_fixture];60:b(0.054,-0.393):p0.06:e[none];63:b(0.044,-0.400):p0.03:e[none]"
pairwise_contact_classifier,stress_sweep,6,2000,0.80,0,0.60729,0.15625,0.83631,0.19531,0.29688,0.00000,0.65625,0.00000,0.00000,0.35938,0.00000,0.00000,0.06253,36.39745,"0:b(0.041,-0.117):p0.00:e[none];10:b(0.041,-0.117):p0.00:e[pusher_block_a,block_a_fixture];20:b(0.041,-0.117):p0.00:e[pusher_block_a];30:b(0.041,-0.117):p0.00:e[pusher_block_a];40:b(0.041,-0.117):p0.00:e[pusher_block_a,block_a_fixture];50:b(0.041,-0.117):p0.00:e[pusher_block_a,block_a_fixture];60:b(0.041,-0.117):p0.00:e[pusher_block_a,block_a_fixture];63:b(0.041,-0.117):p0.00:e[pusher_block_a]"
ensemble_uncertainty_planner,stress_sweep,6,2000,0.80,0,0.73958,0.41667,0.81250,0.12109,0.78125,1.00000,0.68750,0.00000,0.00000,0.37500,0.00000,0.00000,0.06253,35.70891,"0:b(0.041,-0.117):p0.00:e[none];10:b(0.041,-0.117):p0.00:e[pusher_block_a,block_a_fixture];20:b(0.041,-0.117):p0.00:e[pusher_block_a,block_a_fixture];30:b(0.041,-0.117):p0.00:e[pusher_block_a,block_a_fixture];40:b(0.041,-0.117):p0.00:e[pusher_block_a,block_a_fixture];50:b(0.041,-0.117):p0.00:e[pusher_block_a,block_a_fixture];60:b(0.041,-0.117):p0.00:e[pusher_block_a,block_a_fixture];63:b(0.041,-0.117):p0.00:e[pusher_block_a]"
contact_implicit_mpc_baseline,stress_sweep,6,2000,0.80,0,0.79167,0.59375,0.82292,0.07422,0.40625,1.00000,0.68750,0.00000,0.00000,0.37500,0.00000,0.00000,0.06253,35.69159,"0:b(0.041,-0.117):p0.00:e[none];10:b(0.041,-0.117):p0.00:e[pusher_block_a,block_a_fixture];20:b(0.041,-0.117):p0.00:e[pusher_block_a,block_a_fixture];30:b(0.041,-0.117):p0.00:e[pusher_block_a,block_a_fixture];40:b(0.041,-0.117):p0.00:e[pusher_block_a,block_a_fixture];50:b(0.041,-0.117):p0.00:e[pusher_block_a,block_a_fixture];60:b(0.041,-0.117):p0.00:e[pusher_block_a,block_a_fixture];63:b(0.041,-0.117):p0.00:e[pusher_block_a]"
topology_world_model,stress_sweep,6,2000,0.80,0,0.54844,0.08854,0.91406,0.22461,0.07812,0.00000,0.00000,0.01562,0.00000,0.09375,0.01562,0.83387,0.24181,21.08866,"0:b(0.041,-0.117):p0.00:e[none];10:b(0.041,-0.117):p0.00:e[pusher_block_a];20:b(0.316,-0.407):p0.71:e[pusher_block_a,block_b_wall];30:b(0.338,-0.302):p0.76:e[pusher_block_a];40:b(0.349,-0.287):p0.79:e[pusher_block_a];50:b(0.357,-0.292):p0.81:e[pusher_block_a];60:b(0.364,-0.295):p0.83:e[pusher_block_a];63:b(0.365,-0.296):p0.83:e[pusher_block_a]"
oracle_topology_planner,stress_sweep,6,2000,0.80,0,1.00000,1.00000,1.00000,0.00000,1.00000,1.00000,0.00000,0.01562,0.07812,0.00000,0.00000,0.53526,0.14330,10.23952,"0:b(0.041,-0.117):p0.00:e[none];10:b(0.359,-0.196):p0.82:e[block_b_pocket];20:b(0.329,-0.197):p0.74:e[none];30:b(0.305,-0.197):p0.68:e[none];40:b(0.284,-0.197):p0.62:e[none];50:b(0.267,-0.198):p0.58:e[none];60:b(0.253,-0.198):p0.54:e[none];63:b(0.249,-0.198):p0.54:e[none]"
pairwise_contact_classifier,stress_sweep,6,2001,0.80,0,0.52292,0.03125,0.78125,0.25391,0.15625,0.00000,0.70312,0.00000,0.00000,0.46875,0.00000,0.00000,0.00212,36.56089,"0:b(0.031,-0.067):p0.00:e[none];10:b(0.031,-0.067):p0.00:e[pusher_block_a];20:b(0.031,-0.067):p0.00:e[pusher_block_a];30:b(0.031,-0.067):p0.00:e[pusher_block_a,block_a_fixture];40:b(0.031,-0.067):p0.00:e[pusher_block_a,block_a_fixture];50:b(0.031,-0.067):p0.00:e[pusher_block_a];60:b(0.031,-0.067):p0.00:e[pusher_block_a,block_a_fixture];63:b(0.031,-0.067):p0.00:e[pusher_block_a,block_a_fixture]"
ensemble_uncertainty_planner,stress_sweep,6,2001,0.80,0,0.47656,0.46354,0.60417,0.16016,0.53125,1.00000,0.65625,0.06250,0.07812,0.25000,0.04688,1.03497,0.22092,35.73658,"0:b(0.031,-0.067):p0.00:e[none];10:b(0.178,-0.175):p0.37:e[pusher_block_a];20:b(0.450,-0.413):p1.05:e[pusher_block_a,block_b_wall];30:b(0.450,-0.329):p1.05:e[pusher_block_a];40:b(0.450,-0.260):p1.05:e[pusher_block_a,block_a_fixture];50:b(0.450,-0.249):p1.05:e[pusher_block_a,block_a_block_b];60:b(0.445,-0.300):p1.04:e[pusher_block_a];63:b(0.444,-0.286):p1.03:e[pusher_block_a,block_a_block_b]"
contact_implicit_mpc_baseline,stress_sweep,6,2001,0.80,0,0.82292,0.71875,0.78125,0.06250,0.50000,1.00000,0.76562,0.00000,0.00000,0.46875,0.00000,0.00000,0.00212,39.37868,"0:b(0.031,-0.067):p0.00:e[none];10:b(0.031,-0.067):p0.00:e[pusher_block_a];20:b(0.031,-0.067):p0.00:e[pusher_block_a,block_a_fixture];30:b(0.031,-0.067):p0.00:e[pusher_block_a,block_a_fixture];40:b(0.031,-0.067):p0.00:e[pusher_block_a];50:b(0.031,-0.067):p0.00:e[pusher_block_a,block_a_fixture];60:b(0.031,-0.067):p0.00:e[pusher_block_a];63:b(0.031,-0.067):p0.00:e[pusher_block_a,block_a_fixture]"
topology_world_model,stress_sweep,6,2001,0.80,0,0.56823,0.04948,0.92188,0.20508,0.10938,0.00000,0.78125,0.01562,0.00000,0.12500,0.00000,1.00428,0.21695,21.64139,"0:b(0.031,-0.067):p0.00:e[none];10:b(0.085,-0.111):p0.14:e[pusher_block_a];20:b(0.377,-0.382):p0.87:e[pusher_block_a];30:b(0.413,-0.356):p0.96:e[pusher_block_a];40:b(0.424,-0.311):p0.98:e[pusher_block_a];50:b(0.431,-0.280):p1.00:e[pusher_block_a];60:b(0.432,-0.281):p1.00:e[pusher_block_a];63:b(0.432,-0.282):p1.00:e[pusher_block_a]"
oracle_topology_planner,stress_sweep,6,2001,0.80,0,1.00000,1.00000,1.00000,0.00000,1.00000,1.00000,0.00000,0.01562,0.73438,0.00000,0.01562,1.05007,0.23453,64.85435,"0:b(0.031,-0.067):p0.00:e[none];10:b(0.450,-0.361):p1.05:e[pusher_block_b];20:b(0.450,0.262):p1.05:e[none];30:b(0.450,0.170):p1.05:e[block_b_pocket];40:b(0.450,0.170):p1.05:e[pusher_block_b,block_b_pocket];50:b(0.450,0.170):p1.05:e[pusher_block_b,block_b_pocket];60:b(0.450,0.170):p1.05:e[pusher_block_b,block_b_pocket];63:b(0.450,0.170):p1.05:e[block_b_pocket]"
pairwise_contact_classifier,stress_sweep,6,2002,0.80,0,0.49948,0.05208,0.94792,0.23633,0.04688,0.00000,0.00000,0.01562,0.00000,0.01562,0.00000,0.61675,0.22936,12.03092,"0:b(0.031,-0.082):p0.00:e[none];10:b(0.286,-0.396):p0.64:e[pusher_block_a];20:b(0.283,-0.352):p0.63:e[pusher_block_a];30:b(0.281,-0.316):p0.63:e[pusher_block_a];40:b(0.279,-0.286):p0.62:e[pusher_block_a];50:b(0.278,-0.261):p0.62:e[pusher_block_a];60:b(0.277,-0.252):p0.62:e[pusher_block_a];63:b(0.277,-0.252):p0.62:e[pusher_block_a]"
ensemble_uncertainty_planner,stress_sweep,6,2002,0.80,0,0.08177,0.05312,0.69271,0.18164,0.35938,0.00000,0.00000,0.00000,0.00000,0.01562,0.01562,0.65968,0.19802,87.14182,"0:b(0.031,-0.082):p0.00:e[none];10:b(0.287,-0.395):p0.64:e[pusher_block_a];20:b(0.284,-0.347):p0.63:e[pusher_block_a];30:b(0.305,-0.414):p0.69:e[block_b_wall];40:b(0.301,-0.343):p0.68:e[none];50:b(0.298,-0.283):p0.67:e[none];60:b(0.295,-0.234):p0.66:e[none];63:b(0.294,-0.221):p0.66:e[none]"
contact_implicit_mpc_baseline,stress_sweep,6,2002,0.80,0,0.92292,0.82812,0.97917,0.02734,0.81250,1.00000,0.00000,0.03125,0.00000,0.01562,0.00000,0.62295,0.24132,12.06013,"0:b(0.031,-0.082):p0.00:e[none];10:b(0.287,-0.394):p0.64:e[pusher_block_a];20:b(0.284,-0.340):p0.63:e[pusher_block_a];30:b(0.282,-0.295):p0.63:e[pusher_block_a];40:b(0.280,-0.257):p0.62:e[pusher_block_a];50:b(0.280,-0.256):p0.62:e[pusher_block_a];60:b(0.280,-0.262):p0.62:e[pusher_block_a];63:b(0.280,-0.264):p0.62:e[pusher_block_a]"
topology_world_model,stress_sweep,6,2002,0.80,0,0.51875,0.03125,0.96562,0.24219,0.04688,0.00000,0.00000,0.01562,0.00000,0.01562,0.01562,0.53238,0.21504,11.81713,"0:b(0.031,-0.082):p0.00:e[none];10:b(0.252,-0.383):p0.55:e[pusher_block_a];20:b(0.247,-0.300):p0.54:e[pusher_block_a];30:b(0.243,-0.233):p0.53:e[pusher_block_a,pusher_block_b];40:b(0.243,-0.235):p0.53:e[pusher_block_a];50:b(0.243,-0.236):p0.53:e[pusher_block_a];60:b(0.244,-0.237):p0.53:e[pusher_block_a];63:b(0.244,-0.238):p0.53:e[pusher_block_a]"
oracle_topology_planner,stress_sweep,6,2002,0.80,0,1.00000,1.00000,1.00000,0.00000,1.00000,1.00000,0.00000,0.09375,0.68750,0.00000,0.00000,0.40465,0.37055,11.59617,"0:b(0.031,-0.082):p0.00:e[none];10:b(0.361,-0.161):p0.83:e[pusher_block_a,pusher_block_b,block_b_pocket];20:b(0.357,-0.160):p0.82:e[pusher_block_a,block_b_pocket];30:b(0.357,-0.161):p0.82:e[pusher_block_a,block_b_pocket];40:b(0.357,-0.162):p0.82:e[pusher_block_b];50:b(0.357,-0.180):p0.82:e[pusher_block_a,pusher_block_b,block_b_pocket];60:b(0.245,-0.336):p0.54:e[none];63:b(0.193,-0.393):p0.40:e[none]"
pairwise_contact_classifier,stress_sweep,6,2003,0.80,0,0.48906,0.05208,0.79167,0.25000,0.18750,0.00000,0.70312,0.01562,0.00000,0.21875,0.01562,0.47809,0.21196,39.34809,"0:b(0.039,-0.084):p0.00:e[none];10:b(0.039,-0.084):p0.00:e[pusher_block_a];20:b(0.039,-0.084):p0.00:e[pusher_block_a,block_a_fixture];30:b(0.039,-0.084):p0.00:e[pusher_block_a];40:b(0.237,-0.413):p0.51:e[pusher_block_a,block_b_wall];50:b(0.231,-0.339):p0.49:e[pusher_block_a];60:b(0.226,-0.278):p0.48:e[pusher_block_a];63:b(0.226,-0.276):p0.48:e[pusher_block_a,pusher_block_b]"
ensemble_uncertainty_planner,stress_sweep,6,2003,0.80,0,0.06250,0.10938,0.13490,0.24805,0.87500,0.00000,0.00000,0.03125,0.00000,0.01562,0.03125,0.78985,0.34047,11.43237,"0:b(0.039,-0.084):p0.00:e[none];10:b(0.349,-0.352):p0.79:e[pusher_block_a];20:b(0.348,-0.327):p0.79:e[pusher_block_a];30:b(0.348,-0.359):p0.79:e[pusher_block_a];40:b(0.348,-0.386):p0.79:e[pusher_block_a];50:b(0.348,-0.407):p0.79:e[pusher_block_a,block_b_wall];60:b(0.348,-0.405):p0.79:e[pusher_block_a];63:b(0.348,-0.405):p0.79:e[pusher_block_a]"
contact_implicit_mpc_baseline,stress_sweep,6,2003,0.80,0,0.76562,0.55729,0.77083,0.08789,0.29688,1.00000,0.60938,0.00000,0.00000,0.25000,0.00000,0.00000,0.01923,40.96582,"0:b(0.039,-0.084):p0.00:e[none];10:b(0.039,-0.084):p0.00:e[pusher_block_a];20:b(0.039,-0.084):p0.00:e[pusher_block_a];30:b(0.039,-0.084):p0.00:e[pusher_block_a];40:b(0.039,-0.084):p0.00:e[pusher_block_a];50:b(0.039,-0.084):p0.00:e[pusher_block_a];60:b(0.039,-0.084):p0.00:e[pusher_block_a];63:b(0.039,-0.084):p0.00:e[pusher_block_a]"
topology_world_model,stress_sweep,6,2003,0.80,0,0.54948,0.08073,0.98438,0.22070,0.12500,0.00000,0.00000,0.01562,0.00000,0.06250,0.01562,0.31580,0.18639,20.55958,"0:b(0.039,-0.084):p0.00:e[none];10:b(0.039,-0.084):p0.00:e[pusher_block_a,block_a_fixture];20:b(0.206,-0.383):p0.43:e[pusher_block_a];30:b(0.198,-0.280):p0.41:e[pusher_block_a];40:b(0.185,-0.262):p0.37:e[pusher_block_a];50:b(0.174,-0.256):p0.35:e[pusher_block_a];60:b(0.165,-0.252):p0.32:e[pusher_block_a];63:b(0.162,-0.251):p0.32:e[pusher_block_a]"
oracle_topology_planner,stress_sweep,6,2003,0.80,0,1.00000,1.00000,1.00000,0.00000,1.00000,1.00000,0.00000,0.03125,0.09375,0.01562,0.01562,0.77451,0.02622,11.75652,"0:b(0.039,-0.084):p0.00:e[none];10:b(0.358,-0.156):p0.82:e[block_b_pocket];20:b(0.353,-0.156):p0.80:e[none];30:b(0.349,-0.156):p0.79:e[none];40:b(0.346,-0.142):p0.79:e[none];50:b(0.344,-0.117):p0.78:e[none];60:b(0.342,-0.096):p0.78:e[none];63:b(0.342,-0.091):p0.77:e[none]"
pairwise_contact_classifier,stress_sweep,6,2004,0.80,0,0.49271,0.05417,0.48229,0.27148,0.37500,0.00000,0.51562,0.01562,0.00000,0.60938,0.03125,0.00000,0.33896,36.80625,"0:b(0.033,-0.068):p0.00:e[none];10:b(0.033,-0.068):p0.00:e[pusher_block_a];20:b(0.033,-0.068):p0.00:e[pusher_block_a];30:b(-0.039,-0.155):p0.00:e[pusher_block_a,block_a_fixture];40:b(-0.165,-0.307):p0.00:e[pusher_block_a,block_a_fixture];50:b(-0.249,-0.405):p0.00:e[pusher_block_a,block_a_fixture];60:b(-0.249,-0.382):p0.00:e[pusher_block_a,block_a_fixture];63:b(-0.249,-0.376):p0.00:e[pusher_block_a,block_a_fixture]"
ensemble_uncertainty_planner,stress_sweep,6,2004,0.80,0,0.76719,0.45833,0.90104,0.09375,0.53125,0.00000,0.56250,0.01562,0.00000,0.10938,0.01562,0.00000,0.35525,17.92791,"0:b(0.033,-0.068):p0.00:e[none];10:b(0.033,-0.068):p0.00:e[pusher_block_a];20:b(0.033,-0.068):p0.00:e[pusher_block_a];30:b(-0.119,-0.252):p0.00:e[pusher_block_a];40:b(-0.248,-0.406):p0.00:e[pusher_block_a];50:b(-0.252,-0.400):p0.00:e[pusher_block_a];60:b(-0.256,-0.394):p0.00:e[pusher_block_a];63:b(-0.257,-0.393):p0.00:e[pusher_block_a]"
contact_implicit_mpc_baseline,stress_sweep,6,2004,0.80,0,0.66667,0.04167,1.00000,0.12109,0.03125,1.00000,0.00000,0.00000,0.00000,0.00000,0.00000,0.00000,0.03029,8.37600,"0:b(0.033,-0.068):p0.00:e[none];10:b(0.033,-0.068):p0.00:e[pusher_block_a];20:b(0.033,-0.068):p0.00:e[pusher_block_a];30:b(0.033,-0.068):p0.00:e[pusher_block_a];40:b(0.033,-0.068):p0.00:e[pusher_block_a];50:b(0.033,-0.068):p0.00:e[pusher_block_a];60:b(0.033,-0.068):p0.00:e[pusher_block_a];63:b(0.033,-0.068):p0.00:e[pusher_block_a]"
topology_world_model,stress_sweep,6,2004,0.80,0,0.52187,0.05208,0.18958,0.24609,0.73438,0.00000,0.76562,0.01562,0.00000,0.85938,0.00000,0.00000,0.35524,48.38342,"0:b(0.033,-0.068):p0.00:e[none];10:b(0.019,-0.085):p0.00:e[pusher_block_a,block_a_fixture];20:b(-0.115,-0.246):p0.00:e[pusher_block_a,block_a_fixture];30:b(-0.225,-0.380):p0.00:e[pusher_block_a,block_a_fixture];40:b(-0.250,-0.403):p0.00:e[pusher_block_a,block_a_fixture];50:b(-0.253,-0.398):p0.00:e[pusher_block_a,block_a_fixture];60:b(-0.255,-0.394):p0.00:e[pusher_block_a,block_a_fixture];63:b(-0.256,-0.393):p0.00:e[pusher_block_a,block_a_fixture]"
oracle_topology_planner,stress_sweep,6,2004,0.80,0,1.00000,1.00000,1.00000,0.00000,1.00000,0.00000,0.00000,0.50000,0.43750,0.00000,0.00000,0.78660,0.03938,62.47446,"0:b(0.033,-0.068):p0.00:e[none];10:b(0.361,-0.078):p0.83:e[pusher_block_a,block_a_block_b,block_b_pocket];20:b(0.358,-0.076):p0.82:e[pusher_block_a,block_a_block_b,block_b_pocket];30:b(0.358,-0.075):p0.82:e[pusher_block_a,block_a_block_b,block_b_pocket];40:b(0.354,-0.076):p0.81:e[none];50:b(0.350,-0.076):p0.80:e[none];60:b(0.346,-0.077):p0.79:e[none];63:b(0.345,-0.077):p0.79:e[none]"
pairwise_contact_classifier,stress_sweep,0,2000,1.00,0,0.65885,0.05729,0.95312,0.12695,0.03125,0.00000,0.00000,0.00000,0.00000,0.00000,0.00000,0.00000,0.01161,49.29702,"0:b(0.028,-0.062):p0.00:e[none];10:b(0.028,-0.062):p0.00:e[pusher_block_a];20:b(0.028,-0.062):p0.00:e[pusher_block_a];30:b(0.028,-0.062):p0.00:e[pusher_block_a];40:b(0.028,-0.062):p0.00:e[pusher_block_a];50:b(0.028,-0.062):p0.00:e[pusher_block_a];60:b(0.028,-0.062):p0.00:e[pusher_block_a];63:b(0.028,-0.062):p0.00:e[pusher_block_a]"
ensemble_uncertainty_planner,stress_sweep,0,2000,1.00,0,0.24583,0.09375,0.12240,0.30859,0.40625,1.00000,0.85938,0.00000,0.00000,0.95312,0.01562,0.75081,0.01582,50.18516,"0:b(0.028,-0.062):p0.00:e[none];10:b(0.337,-0.400):p0.77:e[pusher_block_a,block_a_fixture];20:b(0.335,-0.300):p0.76:e[pusher_block_a,block_a_fixture];30:b(0.333,-0.218):p0.76:e[pusher_block_a,block_a_fixture];40:b(0.332,-0.150):p0.76:e[pusher_block_a,block_a_fixture];50:b(0.331,-0.094):p0.75:e[pusher_block_a,block_a_fixture];60:b(0.330,-0.047):p0.75:e[pusher_block_a,block_a_fixture];63:b(0.330,-0.035):p0.75:e[pusher_block_a,block_a_fixture]"
contact_implicit_mpc_baseline,stress_sweep,0,2000,1.00,0,0.49740,0.03385,0.98438,0.24414,0.00000,1.00000,0.00000,0.00000,0.00000,0.00000,0.00000,0.00000,0.01161,49.89814,"0:b(0.028,-0.062):p0.00:e[none];10:b(0.028,-0.062):p0.00:e[pusher_block_a];20:b(0.028,-0.062):p0.00:e[pusher_block_a];30:b(0.028,-0.062):p0.00:e[pusher_block_a];40:b(0.028,-0.062):p0.00:e[pusher_block_a];50:b(0.028,-0.062):p0.00:e[pusher_block_a];60:b(0.028,-0.062):p0.00:e[pusher_block_a];63:b(0.028,-0.062):p0.00:e[pusher_block_a]"
topology_world_model,stress_sweep,0,2000,1.00,0,0.42969,0.04688,0.96875,0.15039,0.10938,0.00000,0.00000,0.00000,0.00000,0.01562,0.04688,0.00000,0.30545,84.11113,"0:b(0.028,-0.062):p0.00:e[none];10:b(0.028,-0.062):p0.00:e[pusher_block_a];20:b(0.015,-0.077):p0.00:e[pusher_block_a];30:b(-0.163,-0.282):p0.00:e[pusher_block_a,block_a_fixture];40:b(-0.274,-0.403):p0.00:e[pusher_block_a];50:b(-0.273,-0.380):p0.00:e[block_a_wall];60:b(-0.273,-0.361):p0.00:e[none];63:b(-0.273,-0.356):p0.00:e[none]"
oracle_topology_planner,stress_sweep,0,2000,1.00,0,1.00000,1.00000,1.00000,0.00000,1.00000,1.00000,0.00000,0.01562,0.00000,0.01562,0.06250,0.74972,0.01185,10.00390,"0:b(0.028,-0.062):p0.00:e[none];10:b(0.336,-0.397):p0.77:e[block_a_wall];20:b(0.334,-0.306):p0.76:e[none];30:b(0.333,-0.230):p0.76:e[none];40:b(0.331,-0.168):p0.75:e[none];50:b(0.330,-0.116):p0.75:e[block_a_wall];60:b(0.330,-0.074):p0.75:e[none];63:b(0.329,-0.062):p0.75:e[none]"
pairwise_contact_classifier,stress_sweep,0,2001,1.00,0,0.21875,0.04688,0.96875,0.13281,0.04688,1.00000,0.00000,0.00000,0.00000,0.00000,0.01562,0.00000,0.02426,137.58766,"0:b(0.036,-0.088):p0.00:e[none];10:b(0.036,-0.088):p0.00:e[pusher_block_a];20:b(0.036,-0.088):p0.00:e[none];30:b(0.036,-0.088):p0.00:e[none];40:b(0.036,-0.088):p0.00:e[none];50:b(0.036,-0.088):p0.00:e[none];60:b(0.036,-0.088):p0.00:e[none];63:b(0.036,-0.088):p0.00:e[none]"
ensemble_uncertainty_planner,stress_sweep,0,2001,1.00,0,0.09375,0.07812,0.76302,0.15625,0.28125,1.00000,0.00000,0.00000,0.00000,0.00000,0.03125,0.00000,0.02426,137.42454,"0:b(0.036,-0.088):p0.00:e[none];10:b(0.036,-0.088):p0.00:e[pusher_block_a];20:b(0.036,-0.088):p0.00:e[pusher_block_a];30:b(0.036,-0.088):p0.00:e[none];40:b(0.036,-0.088):p0.00:e[none];50:b(0.036,-0.088):p0.00:e[none];60:b(0.036,-0.088):p0.00:e[none];63:b(0.036,-0.088):p0.00:e[none]"
contact_implicit_mpc_baseline,stress_sweep,0,2001,1.00,0,0.19010,0.00000,0.95312,0.15039,0.03125,1.00000,0.00000,0.00000,0.00000,0.00000,0.01562,0.00000,0.02426,137.71237,"0:b(0.036,-0.088):p0.00:e[none];10:b(0.036,-0.088):p0.00:e[pusher_block_a];20:b(0.036,-0.088):p0.00:e[pusher_block_a];30:b(0.036,-0.088):p0.00:e[none];40:b(0.036,-0.088):p0.00:e[none];50:b(0.036,-0.088):p0.00:e[none];60:b(0.036,-0.088):p0.00:e[none];63:b(0.036,-0.088):p0.00:e[none]"
topology_world_model,stress_sweep,0,2001,1.00,0,0.21875,0.06250,0.95312,0.13281,0.04688,1.00000,0.00000,0.00000,0.00000,0.00000,0.01562,0.00000,0.02426,137.37754,"0:b(0.036,-0.088):p0.00:e[none];10:b(0.036,-0.088):p0.00:e[pusher_block_a];20:b(0.036,-0.088):p0.00:e[none];30:b(0.036,-0.088):p0.00:e[none];40:b(0.036,-0.088):p0.00:e[none];50:b(0.036,-0.088):p0.00:e[none];60:b(0.036,-0.088):p0.00:e[none];63:b(0.036,-0.088):p0.00:e[none]"
oracle_topology_planner,stress_sweep,0,2001,1.00,0,1.00000,1.00000,1.00000,0.00000,1.00000,1.00000,0.00000,0.00000,0.04688,0.01562,0.01562,0.73427,0.06199,11.84434,"0:b(0.036,-0.088):p0.00:e[none];10:b(0.356,-0.143):p0.81:e[block_a_wall];20:b(0.347,-0.138):p0.79:e[none];30:b(0.341,-0.134):p0.77:e[none];40:b(0.335,-0.131):p0.76:e[none];50:b(0.330,-0.129):p0.75:e[none];60:b(0.326,-0.127):p0.74:e[none];63:b(0.325,-0.126):p0.73:e[none]"
pairwise_contact_classifier,stress_sweep,0,2002,1.00,0,0.51042,0.03125,0.11458,0.25000,0.90625,0.00000,0.85938,0.00000,0.00000,0.95312,0.00000,0.00000,0.00537,51.87778,"0:b(0.030,-0.072):p0.00:e[none];10:b(0.030,-0.072):p0.00:e[pusher_block_a,block_a_fixture];20:b(0.030,-0.072):p0.00:e[pusher_block_a,block_a_fixture];30:b(0.030,-0.072):p0.00:e[pusher_block_a,block_a_fixture];40:b(0.030,-0.072):p0.00:e[pusher_block_a,block_a_fixture];50:b(0.030,-0.072):p0.00:e[pusher_block_a,block_a_fixture];60:b(0.030,-0.072):p0.00:e[pusher_block_a,block_a_fixture];63:b(0.030,-0.072):p0.00:e[pusher_block_a,block_a_fixture]"
ensemble_uncertainty_planner,stress_sweep,0,2002,1.00,0,0.77865,0.53646,0.71354,0.10352,0.79688,0.00000,0.59375,0.01562,0.00000,0.31250,0.01562,0.25016,0.23699,45.00904,"0:b(0.030,-0.072):p0.00:e[none];10:b(0.030,-0.072):p0.00:e[pusher_block_a];20:b(0.030,-0.072):p0.00:e[pusher_block_a];30:b(0.030,-0.072):p0.00:e[pusher_block_a,block_a_fixture];40:b(0.030,-0.072):p0.00:e[pusher_block_a];50:b(0.133,-0.411):p0.26:e[pusher_block_a,block_b_wall];60:b(0.131,-0.326):p0.25:e[pusher_block_a];63:b(0.130,-0.303):p0.25:e[pusher_block_a]"
contact_implicit_mpc_baseline,stress_sweep,0,2002,1.00,0,0.77292,0.04688,0.98438,0.12695,0.01562,1.00000,0.85938,0.00000,0.00000,0.95312,0.00000,0.00000,0.00537,51.87752,"0:b(0.030,-0.072):p0.00:e[none];10:b(0.030,-0.072):p0.00:e[pusher_block_a,block_a_fixture];20:b(0.030,-0.072):p0.00:e[pusher_block_a,block_a_fixture];30:b(0.030,-0.072):p0.00:e[pusher_block_a,block_a_fixture];40:b(0.030,-0.072):p0.00:e[pusher_block_a,block_a_fixture];50:b(0.030,-0.072):p0.00:e[pusher_block_a,block_a_fixture];60:b(0.030,-0.072):p0.00:e[pusher_block_a,block_a_fixture];63:b(0.030,-0.072):p0.00:e[pusher_block_a,block_a_fixture]"
topology_world_model,stress_sweep,0,2002,1.00,0,0.53021,0.04948,0.32292,0.23828,0.62500,0.00000,0.85938,0.01562,0.00000,0.75000,0.01562,0.00000,0.25462,56.06272,"0:b(0.030,-0.072):p0.00:e[none];10:b(0.030,-0.072):p0.00:e[pusher_block_a,block_a_fixture];20:b(0.030,-0.072):p0.00:e[pusher_block_a,block_a_fixture];30:b(0.030,-0.072):p0.00:e[pusher_block_a];40:b(0.030,-0.072):p0.00:e[pusher_block_a,block_a_fixture];50:b(-0.044,-0.150):p0.00:e[pusher_block_a,block_a_fixture];60:b(-0.172,-0.285):p0.00:e[pusher_block_a];63:b(-0.205,-0.321):p0.00:e[pusher_block_a]"
oracle_topology_planner,stress_sweep,0,2002,1.00,1,1.00000,1.00000,1.00000,0.00000,1.00000,1.00000,0.00000,0.30000,0.40000,0.00000,0.05000,1.05000,0.02654,22.46205,"0:b(0.030,-0.072):p0.00:e[none];10:b(0.450,-0.295):p1.05:e[pusher_block_a,pusher_block_b]"
pairwise_contact_classifier,stress_sweep,0,2003,1.00,0,0.22917,0.04688,0.94531,0.18945,0.06250,1.00000,0.00000,0.00000,0.00000,0.00000,0.01562,0.00000,0.02295,137.53703,"0:b(0.016,-0.099):p0.00:e[none];10:b(0.016,-0.099):p0.00:e[pusher_block_a];20:b(0.016,-0.099):p0.00:e[pusher_block_a];30:b(0.016,-0.099):p0.00:e[none];40:b(0.016,-0.099):p0.00:e[none];50:b(0.016,-0.099):p0.00:e[none];60:b(0.016,-0.099):p0.00:e[none];63:b(0.016,-0.099):p0.00:e[none]"
ensemble_uncertainty_planner,stress_sweep,0,2003,1.00,0,0.08333,0.08854,0.77604,0.16406,0.25000,1.00000,0.00000,0.00000,0.00000,0.00000,0.03125,0.00000,0.02295,136.31695,"0:b(0.016,-0.099):p0.00:e[none];10:b(0.016,-0.099):p0.00:e[pusher_block_a];20:b(0.016,-0.099):p0.00:e[none];30:b(0.016,-0.099):p0.00:e[none];40:b(0.016,-0.099):p0.00:e[none];50:b(0.016,-0.099):p0.00:e[none];60:b(0.016,-0.099):p0.00:e[block_a_wall];63:b(0.016,-0.099):p0.00:e[none]"
contact_implicit_mpc_baseline,stress_sweep,0,2003,1.00,0,0.34844,0.05469,0.95312,0.18164,0.01562,1.00000,0.00000,0.00000,0.00000,0.00000,0.01562,0.00000,0.02295,137.87463,"0:b(0.016,-0.099):p0.00:e[none];10:b(0.016,-0.099):p0.00:e[pusher_block_a];20:b(0.016,-0.099):p0.00:e[pusher_block_a];30:b(0.016,-0.099):p0.00:e[pusher_block_a];40:b(0.016,-0.099):p0.00:e[none];50:b(0.016,-0.099):p0.00:e[none];60:b(0.016,-0.099):p0.00:e[none];63:b(0.016,-0.099):p0.00:e[none]"
topology_world_model,stress_sweep,0,2003,1.00,0,0.22917,0.09375,0.92188,0.13086,0.04688,1.00000,0.00000,0.00000,0.00000,0.00000,0.01562,0.00000,0.02295,137.61940,"0:b(0.016,-0.099):p0.00:e[none];10:b(0.016,-0.099):p0.00:e[pusher_block_a];20:b(0.016,-0.099):p0.00:e[pusher_block_a];30:b(0.016,-0.099):p0.00:e[none];40:b(0.016,-0.099):p0.00:e[none];50:b(0.016,-0.099):p0.00:e[none];60:b(0.016,-0.099):p0.00:e[none];63:b(0.016,-0.099):p0.00:e[none]"
oracle_topology_planner,stress_sweep,0,2003,1.00,1,1.00000,1.00000,1.00000,0.00000,1.00000,1.00000,0.00000,0.30000,0.40000,0.00000,0.05000,1.04826,0.08708,25.09818,"0:b(0.016,-0.099):p0.00:e[none];10:b(0.450,-0.283):p1.05:e[pusher_block_a]"
pairwise_contact_classifier,stress_sweep,0,2004,1.00,0,0.13542,0.04167,0.96875,0.19727,0.03125,0.00000,0.00000,0.00000,0.00000,0.00000,0.01562,0.00000,0.03404,135.84742,"0:b(0.032,-0.078):p0.00:e[none];10:b(0.032,-0.078):p0.00:e[none];20:b(0.032,-0.078):p0.00:e[none];30:b(0.032,-0.078):p0.00:e[none];40:b(0.032,-0.078):p0.00:e[none];50:b(0.032,-0.078):p0.00:e[none];60:b(0.032,-0.078):p0.00:e[none];63:b(0.032,-0.078):p0.00:e[none]"
ensemble_uncertainty_planner,stress_sweep,0,2004,1.00,0,0.09375,0.05729,0.91667,0.16406,0.10938,1.00000,0.00000,0.00000,0.00000,0.00000,0.00000,0.00000,0.03404,135.02182,"0:b(0.032,-0.078):p0.00:e[none];10:b(0.032,-0.078):p0.00:e[none];20:b(0.032,-0.078):p0.00:e[none];30:b(0.032,-0.078):p0.00:e[none];40:b(0.032,-0.078):p0.00:e[none];50:b(0.032,-0.078):p0.00:e[none];60:b(0.032,-0.078):p0.00:e[none];63:b(0.032,-0.078):p0.00:e[pusher_block_a]"
contact_implicit_mpc_baseline,stress_sweep,0,2004,1.00,0,0.08333,0.04688,0.93750,0.14062,0.04688,1.00000,0.00000,0.00000,0.00000,0.00000,0.01562,0.00000,0.03404,136.64822,"0:b(0.032,-0.078):p0.00:e[none];10:b(0.032,-0.078):p0.00:e[none];20:b(0.032,-0.078):p0.00:e[none];30:b(0.032,-0.078):p0.00:e[pusher_block_a];40:b(0.032,-0.078):p0.00:e[none];50:b(0.032,-0.078):p0.00:e[none];60:b(0.032,-0.078):p0.00:e[none];63:b(0.032,-0.078):p0.00:e[none]"
topology_world_model,stress_sweep,0,2004,1.00,0,0.18750,0.08333,0.87500,0.21289,0.03125,1.00000,0.00000,0.00000,0.00000,0.00000,0.00000,0.00000,0.03404,135.70833,"0:b(0.032,-0.078):p0.00:e[none];10:b(0.032,-0.078):p0.00:e[none];20:b(0.032,-0.078):p0.00:e[none];30:b(0.032,-0.078):p0.00:e[none];40:b(0.032,-0.078):p0.00:e[none];50:b(0.032,-0.078):p0.00:e[pusher_block_a];60:b(0.032,-0.078):p0.00:e[none];63:b(0.032,-0.078):p0.00:e[none]"
oracle_topology_planner,stress_sweep,0,2004,1.00,0,1.00000,1.00000,1.00000,0.00000,1.00000,1.00000,0.00000,0.01562,0.06250,0.00000,0.00000,0.77482,0.16242,10.60644,"0:b(0.032,-0.078):p0.00:e[none];10:b(0.357,-0.207):p0.82:e[block_b_pocket];20:b(0.353,-0.207):p0.81:e[none];30:b(0.349,-0.207):p0.80:e[none];40:b(0.346,-0.207):p0.79:e[none];50:b(0.343,-0.207):p0.78:e[none];60:b(0.341,-0.207):p0.78:e[none];63:b(0.340,-0.207):p0.77:e[none]"
pairwise_contact_classifier,stress_sweep,1,2000,1.00,0,0.57031,0.04167,0.95312,0.20117,0.03125,0.00000,0.00000,0.00000,0.00000,0.00000,0.00000,0.00000,0.04317,11.62552,"0:b(0.050,-0.089):p0.00:e[none];10:b(0.050,-0.089):p0.00:e[pusher_block_a];20:b(0.050,-0.089):p0.00:e[pusher_block_a];30:b(0.050,-0.089):p0.00:e[pusher_block_a];40:b(0.050,-0.089):p0.00:e[pusher_block_a];50:b(0.050,-0.089):p0.00:e[pusher_block_a];60:b(0.050,-0.089):p0.00:e[pusher_block_a];63:b(0.050,-0.089):p0.00:e[pusher_block_a]"
ensemble_uncertainty_planner,stress_sweep,1,2000,1.00,0,0.65365,0.05208,0.95312,0.12695,0.06250,0.00000,0.00000,0.00000,0.00000,0.00000,0.00000,0.00000,0.04317,11.43017,"0:b(0.050,-0.089):p0.00:e[none];10:b(0.050,-0.089):p0.00:e[pusher_block_a];20:b(0.050,-0.089):p0.00:e[pusher_block_a];30:b(0.050,-0.089):p0.00:e[pusher_block_a];40:b(0.050,-0.089):p0.00:e[pusher_block_a];50:b(0.050,-0.089):p0.00:e[pusher_block_a];60:b(0.050,-0.089):p0.00:e[pusher_block_a];63:b(0.050,-0.089):p0.00:e[pusher_block_a]"
contact_implicit_mpc_baseline,stress_sweep,1,2000,1.00,0,0.97396,0.95312,1.00000,0.00586,0.95312,1.00000,0.00000,0.00000,0.00000,0.00000,0.00000,0.00000,0.04317,11.39339,"0:b(0.050,-0.089):p0.00:e[none];10:b(0.050,-0.089):p0.00:e[pusher_block_a];20:b(0.050,-0.089):p0.00:e[pusher_block_a];30:b(0.050,-0.089):p0.00:e[pusher_block_a];40:b(0.050,-0.089):p0.00:e[pusher_block_a];50:b(0.050,-0.089):p0.00:e[pusher_block_a];60:b(0.050,-0.089):p0.00:e[pusher_block_a];63:b(0.050,-0.089):p0.00:e[pusher_block_a]"
topology_world_model,stress_sweep,1,2000,1.00,0,0.66927,0.04167,0.95312,0.12695,0.04688,0.00000,0.00000,0.00000,0.00000,0.01562,0.00000,0.00000,0.04317,11.18574,"0:b(0.050,-0.089):p0.00:e[none];10:b(0.050,-0.089):p0.00:e[pusher_block_a];20:b(0.050,-0.089):p0.00:e[pusher_block_a];30:b(0.050,-0.089):p0.00:e[pusher_block_a];40:b(0.050,-0.089):p0.00:e[pusher_block_a];50:b(0.050,-0.089):p0.00:e[pusher_block_a];60:b(0.050,-0.089):p0.00:e[pusher_block_a];63:b(0.050,-0.089):p0.00:e[pusher_block_a]"
oracle_topology_planner,stress_sweep,1,2000,1.00,0,1.00000,1.00000,1.00000,0.00000,1.00000,1.00000,0.00000,0.03125,0.07812,0.01562,0.03125,0.51846,0.02328,11.82541,"0:b(0.050,-0.089):p0.00:e[none];10:b(0.359,-0.154):p0.81:e[block_b_pocket];20:b(0.321,-0.156):p0.71:e[none];30:b(0.289,-0.157):p0.63:e[none];40:b(0.271,-0.131):p0.58:e[none];50:b(0.259,-0.101):p0.55:e[none];60:b(0.250,-0.076):p0.53:e[none];63:b(0.247,-0.069):p0.52:e[none]"
pairwise_contact_classifier,stress_sweep,1,2001,1.00,0,0.19375,0.07292,0.92708,0.19531,0.10938,0.00000,0.00000,0.00000,0.00000,0.06250,0.04688,0.00000,0.23962,115.75999,"0:b(0.030,-0.078):p0.00:e[none];10:b(-0.075,-0.196):p0.00:e[pusher_block_a];20:b(-0.265,-0.409):p0.00:e[pusher_block_a,block_b_wall];30:b(-0.265,-0.378):p0.00:e[none];40:b(-0.265,-0.353):p0.00:e[none];50:b(-0.264,-0.332):p0.00:e[none];60:b(-0.264,-0.315):p0.00:e[none];63:b(-0.264,-0.310):p0.00:e[none]"
ensemble_uncertainty_planner,stress_sweep,1,2001,1.00,0,0.29948,0.13542,0.70052,0.18555,0.42188,0.00000,0.00000,0.01562,0.20312,0.09375,0.04688,1.05006,0.16360,112.13151,"0:b(0.030,-0.078):p0.00:e[none];10:b(0.335,-0.399):p0.76:e[pusher_block_a];20:b(0.335,-0.353):p0.76:e[pusher_block_a];30:b(0.450,-0.364):p1.05:e[pusher_block_b];40:b(0.450,-0.295):p1.05:e[none];50:b(0.450,-0.237):p1.05:e[none];60:b(0.450,-0.234):p1.05:e[pusher_block_a,block_b_pocket];63:b(0.450,-0.234):p1.05:e[pusher_block_a,block_b_pocket]"
contact_implicit_mpc_baseline,stress_sweep,1,2001,1.00,0,0.59948,0.26042,0.68229,0.19922,0.01562,1.00000,0.68750,0.00000,0.00000,0.37500,0.00000,0.00000,0.00746,55.06585,"0:b(0.030,-0.078):p0.00:e[none];10:b(0.030,-0.078):p0.00:e[pusher_block_a,block_a_fixture];20:b(0.030,-0.078):p0.00:e[pusher_block_a,block_a_fixture];30:b(0.030,-0.078):p0.00:e[pusher_block_a,block_a_fixture];40:b(0.030,-0.078):p0.00:e[pusher_block_a,block_a_fixture];50:b(0.030,-0.078):p0.00:e[pusher_block_a,block_a_fixture];60:b(0.030,-0.078):p0.00:e[pusher_block_a,block_a_fixture];63:b(0.030,-0.078):p0.00:e[pusher_block_a,block_a_fixture]"
topology_world_model,stress_sweep,1,2001,1.00,0,0.33177,0.06510,0.94531,0.16406,0.07812,0.00000,0.00000,0.00000,0.00000,0.04688,0.01562,0.00000,0.20809,108.78924,"0:b(0.030,-0.078):p0.00:e[none];10:b(0.002,-0.109):p0.00:e[pusher_block_a];20:b(-0.188,-0.317):p0.00:e[pusher_block_a];30:b(-0.276,-0.390):p0.00:e[pusher_block_a];40:b(-0.275,-0.349):p0.00:e[none];50:b(-0.275,-0.315):p0.00:e[none];60:b(-0.274,-0.286):p0.00:e[pusher_block_a];63:b(-0.274,-0.279):p0.00:e[none]"
oracle_topology_planner,stress_sweep,1,2001,1.00,0,1.00000,1.00000,1.00000,0.00000,1.00000,1.00000,0.00000,0.15625,0.10938,0.00000,0.00000,0.64742,0.05086,15.65617,"0:b(0.030,-0.078):p0.00:e[none];10:b(0.364,-0.197):p0.84:e[block_a_block_b,block_b_pocket];20:b(0.342,-0.167):p0.78:e[none];30:b(0.326,-0.153):p0.74:e[none];40:b(0.312,-0.141):p0.71:e[none];50:b(0.301,-0.132):p0.68:e[none];60:b(0.292,-0.124):p0.65:e[none];63:b(0.289,-0.121):p0.65:e[none]"
pairwise_contact_classifier,stress_sweep,1,2002,1.00,0,0.52812,0.05208,0.95312,0.23438,0.03125,0.00000,0.00000,0.00000,0.00000,0.03125,0.00000,0.00000,0.03862,14.77941,"0:b(0.032,-0.061):p0.00:e[none];10:b(0.032,-0.061):p0.00:e[pusher_block_a];20:b(0.032,-0.061):p0.00:e[pusher_block_a];30:b(0.032,-0.061):p0.00:e[pusher_block_a];40:b(0.032,-0.061):p0.00:e[pusher_block_a];50:b(0.032,-0.061):p0.00:e[pusher_block_a];60:b(0.032,-0.061):p0.00:e[pusher_block_a];63:b(0.032,-0.061):p0.00:e[pusher_block_a]"
ensemble_uncertainty_planner,stress_sweep,1,2002,1.00,0,0.59896,0.04688,0.89583,0.13867,0.17188,1.00000,0.00000,0.01562,0.00000,0.01562,0.00000,0.51272,0.17597,13.67367,"0:b(0.032,-0.061):p0.00:e[none];10:b(0.060,-0.090):p0.07:e[pusher_block_a];20:b(0.108,-0.141):p0.19:e[pusher_block_a];30:b(0.147,-0.183):p0.29:e[pusher_block_a];40:b(0.180,-0.217):p0.37:e[pusher_block_a];50:b(0.208,-0.246):p0.44:e[pusher_block_a];60:b(0.230,-0.270):p0.50:e[pusher_block_a];63:b(0.236,-0.276):p0.51:e[pusher_block_a]"
contact_implicit_mpc_baseline,stress_sweep,1,2002,1.00,0,0.64531,0.01042,1.00000,0.12891,0.01562,1.00000,0.00000,0.00000,0.00000,0.01562,0.00000,0.00000,0.03862,13.49642,"0:b(0.032,-0.061):p0.00:e[none];10:b(0.032,-0.061):p0.00:e[pusher_block_a];20:b(0.032,-0.061):p0.00:e[pusher_block_a];30:b(0.032,-0.061):p0.00:e[pusher_block_a];40:b(0.032,-0.061):p0.00:e[pusher_block_a];50:b(0.032,-0.061):p0.00:e[pusher_block_a];60:b(0.032,-0.061):p0.00:e[pusher_block_a];63:b(0.032,-0.061):p0.00:e[pusher_block_a]"
topology_world_model,stress_sweep,1,2002,1.00,0,0.52969,0.03125,0.99479,0.23242,0.04688,0.00000,0.00000,0.01562,0.00000,0.01562,0.01562,0.31064,0.14376,15.35598,"0:b(0.032,-0.061):p0.00:e[none];10:b(0.185,-0.408):p0.39:e[pusher_block_a,block_b_wall];20:b(0.177,-0.363):p0.37:e[pusher_block_a];30:b(0.171,-0.326):p0.35:e[pusher_block_a];40:b(0.165,-0.296):p0.33:e[pusher_block_a];50:b(0.160,-0.270):p0.32:e[pusher_block_a];60:b(0.157,-0.249):p0.31:e[pusher_block_a];63:b(0.156,-0.244):p0.31:e[pusher_block_a]"
oracle_topology_planner,stress_sweep,1,2002,1.00,0,1.00000,1.00000,1.00000,0.00000,1.00000,0.00000,0.00000,0.06250,0.03125,0.01562,0.03125,0.00000,0.13565,9.49865,"0:b(0.032,-0.061):p0.00:e[none];10:b(0.361,-0.402):p0.83:e[none];20:b(0.376,-0.327):p0.86:e[none];30:b(0.388,-0.265):p0.89:e[none];40:b(0.283,-0.234):p0.63:e[none];50:b(0.039,-0.235):p0.02:e[none];60:b(-0.163,-0.235):p0.00:e[none];63:b(-0.217,-0.236):p0.00:e[none]"
pairwise_contact_classifier,stress_sweep,1,2003,1.00,0,0.25677,0.07812,0.45312,0.30273,0.12500,0.00000,0.60938,0.00000,0.46875,0.14062,0.00000,0.81921,0.07677,32.60363,"0:b(0.031,-0.055):p0.00:e[none];10:b(0.031,-0.055):p0.00:e[pusher_block_a];20:b(0.031,-0.055):p0.00:e[pusher_block_a];30:b(0.070,-0.078):p0.10:e[pusher_block_a,pusher_block_b,block_a_fixture];40:b(0.358,-0.131):p0.82:e[pusher_block_b,block_b_pocket];50:b(0.358,-0.131):p0.82:e[pusher_block_b,block_b_pocket];60:b(0.358,-0.131):p0.82:e[pusher_block_b,block_b_pocket];63:b(0.358,-0.131):p0.82:e[pusher_block_b,block_b_pocket]"
ensemble_uncertainty_planner,stress_sweep,1,2003,1.00,0,0.63542,0.04167,0.93229,0.13281,0.07812,0.00000,0.00000,0.00000,0.00000,0.01562,0.00000,0.00000,0.00066,12.78363,"0:b(0.031,-0.055):p0.00:e[none];10:b(0.031,-0.055):p0.00:e[pusher_block_a];20:b(0.031,-0.055):p0.00:e[pusher_block_a];30:b(0.031,-0.055):p0.00:e[pusher_block_a];40:b(0.031,-0.055):p0.00:e[pusher_block_a];50:b(0.031,-0.055):p0.00:e[pusher_block_a];60:b(0.031,-0.055):p0.00:e[pusher_block_a];63:b(0.031,-0.055):p0.00:e[pusher_block_a]"
contact_implicit_mpc_baseline,stress_sweep,1,2003,1.00,0,0.57135,0.13542,0.84375,0.21094,0.01562,1.00000,0.57812,0.00000,0.00000,0.28125,0.00000,0.00000,0.00066,48.62815,"0:b(0.031,-0.055):p0.00:e[none];10:b(0.031,-0.055):p0.00:e[pusher_block_a];20:b(0.031,-0.055):p0.00:e[pusher_block_a,block_a_fixture];30:b(0.031,-0.055):p0.00:e[pusher_block_a];40:b(0.031,-0.055):p0.00:e[pusher_block_a];50:b(0.031,-0.055):p0.00:e[pusher_block_a];60:b(0.031,-0.055):p0.00:e[pusher_block_a];63:b(0.031,-0.055):p0.00:e[pusher_block_a,block_a_fixture]"
topology_world_model,stress_sweep,1,2003,1.00,0,0.26667,0.05469,0.92188,0.16992,0.06250,0.00000,0.00000,0.00000,0.00000,0.04688,0.03125,0.00000,0.33373,115.93190,"0:b(0.031,-0.055):p0.00:e[none];10:b(-0.034,-0.127):p0.00:e[pusher_block_a];20:b(-0.207,-0.319):p0.00:e[pusher_block_a];30:b(-0.289,-0.404):p0.00:e[none];40:b(-0.294,-0.398):p0.00:e[none];50:b(-0.299,-0.393):p0.00:e[none];60:b(-0.302,-0.389):p0.00:e[none];63:b(-0.303,-0.388):p0.00:e[block_a_wall]"
oracle_topology_planner,stress_sweep,1,2003,1.00,0,1.00000,1.00000,1.00000,0.00000,1.00000,1.00000,0.00000,0.01562,0.78125,0.00000,0.03125,1.05016,0.23435,64.30766,"0:b(0.031,-0.055):p0.00:e[none];10:b(0.450,-0.308):p1.05:e[pusher_block_b];20:b(0.450,0.251):p1.05:e[pusher_block_b];30:b(0.450,0.180):p1.05:e[pusher_block_b,block_b_pocket];40:b(0.450,0.180):p1.05:e[block_b_pocket];50:b(0.450,0.180):p1.05:e[block_b_pocket];60:b(0.450,0.180):p1.05:e[pusher_block_b,block_b_pocket];63:b(0.450,0.180):p1.05:e[block_b_pocket]"
pairwise_contact_classifier,stress_sweep,1,2004,1.00,0,0.65365,0.05208,0.97917,0.13672,0.01562,0.00000,0.00000,0.00000,0.00000,0.00000,0.00000,0.00000,0.01921,12.02039,"0:b(0.035,-0.106):p0.00:e[none];10:b(0.035,-0.106):p0.00:e[pusher_block_a];20:b(0.035,-0.106):p0.00:e[pusher_block_a];30:b(0.035,-0.106):p0.00:e[pusher_block_a];40:b(0.035,-0.106):p0.00:e[pusher_block_a];50:b(0.035,-0.106):p0.00:e[pusher_block_a];60:b(0.035,-0.106):p0.00:e[pusher_block_a];63:b(0.035,-0.106):p0.00:e[pusher_block_a]"
ensemble_uncertainty_planner,stress_sweep,1,2004,1.00,0,0.65104,0.03125,0.94792,0.12891,0.06250,0.00000,0.00000,0.00000,0.00000,0.00000,0.00000,0.00000,0.01921,11.47041,"0:b(0.035,-0.106):p0.00:e[none];10:b(0.035,-0.106):p0.00:e[pusher_block_a];20:b(0.035,-0.106):p0.00:e[pusher_block_a];30:b(0.035,-0.106):p0.00:e[pusher_block_a];40:b(0.035,-0.106):p0.00:e[pusher_block_a];50:b(0.035,-0.106):p0.00:e[pusher_block_a];60:b(0.035,-0.106):p0.00:e[pusher_block_a];63:b(0.035,-0.106):p0.00:e[pusher_block_a]"
contact_implicit_mpc_baseline,stress_sweep,1,2004,1.00,0,0.98958,0.96875,1.00000,0.00391,0.96875,1.00000,0.00000,0.00000,0.00000,0.00000,0.00000,0.00000,0.01921,11.48688,"0:b(0.035,-0.106):p0.00:e[none];10:b(0.035,-0.106):p0.00:e[pusher_block_a];20:b(0.035,-0.106):p0.00:e[pusher_block_a];30:b(0.035,-0.106):p0.00:e[pusher_block_a];40:b(0.035,-0.106):p0.00:e[pusher_block_a];50:b(0.035,-0.106):p0.00:e[pusher_block_a];60:b(0.035,-0.106):p0.00:e[pusher_block_a];63:b(0.035,-0.106):p0.00:e[pusher_block_a]"
topology_world_model,stress_sweep,1,2004,1.00,0,0.27083,0.03125,0.96875,0.26367,0.03125,0.00000,0.00000,0.00000,0.00000,0.00000,0.00000,0.00000,0.01921,14.12110,"0:b(0.035,-0.106):p0.00:e[none];10:b(0.035,-0.106):p0.00:e[pusher_block_a];20:b(0.035,-0.106):p0.00:e[pusher_block_a];30:b(0.035,-0.106):p0.00:e[none];40:b(0.035,-0.106):p0.00:e[none];50:b(0.035,-0.106):p0.00:e[none];60:b(0.035,-0.106):p0.00:e[none];63:b(0.035,-0.106):p0.00:e[none]"
oracle_topology_planner,stress_sweep,1,2004,1.00,0,1.00000,1.00000,1.00000,0.00000,1.00000,1.00000,0.00000,0.17391,0.04348,0.00000,0.04348,1.05058,0.10934,29.05213,"0:b(0.035,-0.106):p0.00:e[none];10:b(0.450,-0.341):p1.05:e[pusher_block_a];20:b(0.450,-0.244):p1.05:e[none]"
pairwise_contact_classifier,stress_sweep,2,2000,1.00,0,0.46615,0.03906,0.27344,0.31836,0.04688,0.00000,0.70312,0.00000,0.00000,0.79688,0.00000,0.00000,0.00403,50.76512,"0:b(0.020,-0.066):p0.00:e[none];10:b(0.020,-0.066):p0.00:e[pusher_block_a];20:b(0.020,-0.066):p0.00:e[pusher_block_a,block_a_fixture];30:b(0.020,-0.066):p0.00:e[pusher_block_a,block_a_fixture];40:b(0.020,-0.066):p0.00:e[pusher_block_a,block_a_fixture];50:b(0.020,-0.066):p0.00:e[pusher_block_a,block_a_fixture];60:b(0.020,-0.066):p0.00:e[pusher_block_a,block_a_fixture];63:b(0.020,-0.066):p0.00:e[pusher_block_a,block_a_fixture]"
ensemble_uncertainty_planner,stress_sweep,2,2000,1.00,0,0.58698,0.50000,0.83854,0.10352,0.42188,0.00000,0.57812,0.00000,0.00000,0.10938,0.01562,0.00000,0.26447,91.82259,"0:b(0.020,-0.066):p0.00:e[none];10:b(-0.023,-0.112):p0.00:e[pusher_block_a];20:b(-0.167,-0.265):p0.00:e[pusher_block_a];30:b(-0.286,-0.392):p0.00:e[pusher_block_a];40:b(-0.303,-0.386):p0.00:e[none];50:b(-0.303,-0.361):p0.00:e[none];60:b(-0.302,-0.340):p0.00:e[pusher_block_a];63:b(-0.302,-0.335):p0.00:e[pusher_block_a]"
contact_implicit_mpc_baseline,stress_sweep,2,2000,1.00,0,0.49740,0.01823,0.95312,0.24414,0.00000,1.00000,0.00000,0.00000,0.00000,0.00000,0.00000,0.00000,0.00403,49.14793,"0:b(0.020,-0.066):p0.00:e[none];10:b(0.020,-0.066):p0.00:e[pusher_block_a];20:b(0.020,-0.066):p0.00:e[pusher_block_a];30:b(0.020,-0.066):p0.00:e[pusher_block_a];40:b(0.020,-0.066):p0.00:e[pusher_block_a];50:b(0.020,-0.066):p0.00:e[pusher_block_a];60:b(0.020,-0.066):p0.00:e[pusher_block_a];63:b(0.020,-0.066):p0.00:e[pusher_block_a]"
topology_world_model,stress_sweep,2,2000,1.00,0,0.49583,0.04167,0.29167,0.28516,0.26562,0.00000,0.84375,0.01562,0.00000,0.78125,0.01562,0.78466,0.32498,44.81766,"0:b(0.020,-0.066):p0.00:e[none];10:b(0.020,-0.066):p0.00:e[pusher_block_a,block_a_fixture];20:b(0.020,-0.066):p0.00:e[pusher_block_a,block_a_fixture];30:b(0.020,-0.066):p0.00:e[pusher_block_a,block_a_fixture];40:b(0.040,-0.087):p0.05:e[pusher_block_a,block_a_fixture];50:b(0.246,-0.307):p0.55:e[pusher_block_a,block_a_fixture];60:b(0.342,-0.400):p0.78:e[pusher_block_a,block_a_fixture];63:b(0.342,-0.395):p0.78:e[pusher_block_a,block_a_fixture]"
oracle_topology_planner,stress_sweep,2,2000,1.00,1,1.00000,1.00000,1.00000,0.00000,1.00000,0.00000,0.00000,0.30000,0.20000,0.00000,0.05000,1.04880,0.07108,18.64964,"0:b(0.020,-0.066):p0.00:e[none];10:b(0.386,-0.416):p0.89:e[pusher_block_b,block_a_block_b,block_b_wall]"
pairwise_contact_classifier,stress_sweep,2,2001,1.00,0,0.64062,0.05990,0.96562,0.14453,0.04688,0.00000,0.00000,0.00000,0.00000,0.01562,0.00000,0.00000,0.00876,14.02405,"0:b(0.024,-0.076):p0.00:e[none];10:b(0.024,-0.076):p0.00:e[pusher_block_a];20:b(0.024,-0.076):p0.00:e[pusher_block_a];30:b(0.024,-0.076):p0.00:e[pusher_block_a];40:b(0.024,-0.076):p0.00:e[pusher_block_a];50:b(0.024,-0.076):p0.00:e[pusher_block_a];60:b(0.024,-0.076):p0.00:e[pusher_block_a];63:b(0.024,-0.076):p0.00:e[pusher_block_a]"
ensemble_uncertainty_planner,stress_sweep,2,2001,1.00,0,0.10156,0.03906,0.91354,0.16797,0.15625,1.00000,0.00000,0.00000,0.00000,0.01562,0.04688,0.00000,0.00876,137.79356,"0:b(0.024,-0.076):p0.00:e[none];10:b(0.024,-0.076):p0.00:e[pusher_block_a];20:b(0.024,-0.076):p0.00:e[none];30:b(0.024,-0.076):p0.00:e[none];40:b(0.024,-0.076):p0.00:e[none];50:b(0.024,-0.076):p0.00:e[none];60:b(0.024,-0.076):p0.00:e[none];63:b(0.024,-0.076):p0.00:e[none]"
contact_implicit_mpc_baseline,stress_sweep,2,2001,1.00,0,0.12969,0.02604,0.92188,0.14648,0.04688,1.00000,0.00000,0.00000,0.00000,0.01562,0.03125,0.00000,0.00876,138.88757,"0:b(0.024,-0.076):p0.00:e[none];10:b(0.024,-0.076):p0.00:e[pusher_block_a];20:b(0.024,-0.076):p0.00:e[none];30:b(0.024,-0.076):p0.00:e[none];40:b(0.024,-0.076):p0.00:e[none];50:b(0.024,-0.076):p0.00:e[none];60:b(0.024,-0.076):p0.00:e[none];63:b(0.024,-0.076):p0.00:e[none]"
topology_world_model,stress_sweep,2,2001,1.00,0,0.59740,0.09375,0.94271,0.17383,0.07812,0.00000,0.00000,0.00000,0.00000,0.04688,0.01562,0.01075,0.28701,20.51912,"0:b(0.024,-0.076):p0.00:e[none];10:b(0.024,-0.076):p0.00:e[pusher_block_a];20:b(0.041,-0.376):p0.04:e[pusher_block_a];30:b(0.037,-0.197):p0.03:e[pusher_block_a];40:b(0.034,-0.049):p0.02:e[pusher_block_a];50:b(0.031,0.073):p0.02:e[pusher_block_a];60:b(0.029,0.175):p0.01:e[pusher_block_a];63:b(0.029,0.202):p0.01:e[pusher_block_a]"
oracle_topology_planner,stress_sweep,2,2001,1.00,0,1.00000,1.00000,1.00000,0.00000,1.00000,1.00000,0.00000,0.06250,0.10938,0.00000,0.01562,1.02619,0.31620,100.30758,"0:b(0.024,-0.076):p0.00:e[none];10:b(0.450,-0.303):p1.05:e[pusher_block_b];20:b(0.450,0.315):p1.05:e[none];30:b(0.445,0.267):p1.04:e[none];40:b(0.440,0.155):p1.03:e[none];50:b(0.441,0.192):p1.03:e[none];60:b(0.441,0.223):p1.03:e[none];63:b(0.441,0.231):p1.03:e[none]"
pairwise_contact_classifier,stress_sweep,2,2002,1.00,0,0.35625,0.04167,0.68750,0.23828,0.34375,0.00000,0.70312,0.00000,0.14062,0.23438,0.03125,1.05100,0.16671,80.27958,"0:b(0.038,-0.121):p0.00:e[none];10:b(0.038,-0.121):p0.00:e[pusher_block_a,block_a_fixture];20:b(0.038,-0.121):p0.00:e[pusher_block_a];30:b(0.038,-0.121):p0.00:e[pusher_block_a];40:b(0.038,-0.121):p0.00:e[none];50:b(0.449,-0.330):p1.05:e[pusher_block_b];60:b(0.450,-0.234):p1.05:e[block_b_pocket];63:b(0.450,-0.234):p1.05:e[block_b_pocket]"
ensemble_uncertainty_planner,stress_sweep,2,2002,1.00,0,0.48802,0.19531,0.69740,0.16797,0.45312,0.00000,0.65625,0.01562,0.00000,0.15625,0.03125,0.41910,0.24884,33.76449,"0:b(0.038,-0.121):p0.00:e[none];10:b(0.038,-0.121):p0.00:e[pusher_block_a];20:b(0.038,-0.121):p0.00:e[pusher_block_a];30:b(0.114,-0.254):p0.19:e[pusher_block_a];40:b(0.208,-0.312):p0.43:e[pusher_block_a,pusher_block_b];50:b(0.205,-0.313):p0.43:e[pusher_block_a];60:b(0.203,-0.315):p0.42:e[pusher_block_a];63:b(0.202,-0.316):p0.42:e[pusher_block_a]"
contact_implicit_mpc_baseline,stress_sweep,2,2002,1.00,0,0.82292,0.75000,0.76042,0.06250,0.50000,1.00000,0.75000,0.00000,0.00000,0.46875,0.00000,0.00000,0.05357,57.53852,"0:b(0.038,-0.121):p0.00:e[none];10:b(0.038,-0.121):p0.00:e[pusher_block_a];20:b(0.038,-0.121):p0.00:e[pusher_block_a,block_a_fixture];30:b(0.038,-0.121):p0.00:e[pusher_block_a];40:b(0.038,-0.121):p0.00:e[pusher_block_a,block_a_fixture];50:b(0.038,-0.121):p0.00:e[pusher_block_a];60:b(0.038,-0.121):p0.00:e[pusher_block_a,block_a_fixture];63:b(0.038,-0.121):p0.00:e[pusher_block_a]"
topology_world_model,stress_sweep,2,2002,1.00,0,0.54226,0.07135,0.95312,0.22852,0.10938,0.00000,0.00000,0.01562,0.00000,0.03125,0.03125,0.47307,0.26396,15.23380,"0:b(0.038,-0.121):p0.00:e[none];10:b(0.053,-0.147):p0.04:e[pusher_block_a,pusher_block_b,block_a_block_b,block_a_fixture];20:b(0.223,-0.315):p0.47:e[pusher_block_a];30:b(0.222,-0.302):p0.47:e[pusher_block_a];40:b(0.223,-0.313):p0.47:e[pusher_block_a];50:b(0.223,-0.322):p0.47:e[pusher_block_a];60:b(0.223,-0.329):p0.47:e[pusher_block_a];63:b(0.223,-0.331):p0.47:e[pusher_block_a]"
oracle_topology_planner,stress_sweep,2,2002,1.00,0,1.00000,1.00000,1.00000,0.00000,1.00000,1.00000,0.00000,0.00000,0.07812,0.00000,0.00000,0.43503,0.10820,9.91967,"0:b(0.038,-0.121):p0.00:e[none];10:b(0.357,-0.169):p0.81:e[block_b_pocket];20:b(0.317,-0.171):p0.71:e[none];30:b(0.283,-0.172):p0.63:e[none];40:b(0.256,-0.173):p0.56:e[none];50:b(0.233,-0.174):p0.50:e[none];60:b(0.213,-0.175):p0.45:e[none];63:b(0.208,-0.175):p0.44:e[none]"
pairwise_contact_classifier,stress_sweep,2,2003,1.00,0,0.57812,0.05208,0.96875,0.19531,0.03125,0.00000,0.00000,0.00000,0.00000,0.00000,0.00000,0.00000,0.00010,11.91463,"0:b(0.045,-0.051):p0.00:e[none];10:b(0.045,-0.051):p0.00:e[pusher_block_a];20:b(0.045,-0.051):p0.00:e[pusher_block_a];30:b(0.045,-0.051):p0.00:e[pusher_block_a];40:b(0.045,-0.051):p0.00:e[pusher_block_a];50:b(0.045,-0.051):p0.00:e[pusher_block_a];60:b(0.045,-0.051):p0.00:e[pusher_block_a];63:b(0.045,-0.051):p0.00:e[pusher_block_a]"
ensemble_uncertainty_planner,stress_sweep,2,2003,1.00,0,0.65365,0.04167,0.96354,0.12695,0.06250,0.00000,0.00000,0.00000,0.00000,0.00000,0.00000,0.00000,0.00010,11.52615,"0:b(0.045,-0.051):p0.00:e[none];10:b(0.045,-0.051):p0.00:e[pusher_block_a];20:b(0.045,-0.051):p0.00:e[pusher_block_a];30:b(0.045,-0.051):p0.00:e[pusher_block_a];40:b(0.045,-0.051):p0.00:e[pusher_block_a];50:b(0.045,-0.051):p0.00:e[pusher_block_a];60:b(0.045,-0.051):p0.00:e[pusher_block_a];63:b(0.045,-0.051):p0.00:e[pusher_block_a]"
contact_implicit_mpc_baseline,stress_sweep,2,2003,1.00,0,0.64062,0.03646,0.98438,0.13086,0.01562,1.00000,0.00000,0.00000,0.00000,0.00000,0.00000,0.00000,0.00010,11.36688,"0:b(0.045,-0.051):p0.00:e[none];10:b(0.045,-0.051):p0.00:e[pusher_block_a];20:b(0.045,-0.051):p0.00:e[pusher_block_a];30:b(0.045,-0.051):p0.00:e[pusher_block_a];40:b(0.045,-0.051):p0.00:e[pusher_block_a];50:b(0.045,-0.051):p0.00:e[pusher_block_a];60:b(0.045,-0.051):p0.00:e[pusher_block_a];63:b(0.045,-0.051):p0.00:e[pusher_block_a]"
topology_world_model,stress_sweep,2,2003,1.00,0,0.66667,0.04167,0.95312,0.12891,0.03125,0.00000,0.00000,0.00000,0.00000,0.00000,0.00000,0.00000,0.00010,11.99174,"0:b(0.045,-0.051):p0.00:e[none];10:b(0.045,-0.051):p0.00:e[pusher_block_a];20:b(0.045,-0.051):p0.00:e[pusher_block_a];30:b(0.045,-0.051):p0.00:e[pusher_block_a];40:b(0.045,-0.051):p0.00:e[pusher_block_a];50:b(0.045,-0.051):p0.00:e[pusher_block_a];60:b(0.045,-0.051):p0.00:e[pusher_block_a];63:b(0.045,-0.051):p0.00:e[pusher_block_a]"
oracle_topology_planner,stress_sweep,2,2003,1.00,0,1.00000,1.00000,1.00000,0.00000,1.00000,1.00000,0.00000,0.21875,0.20312,0.00000,0.00000,0.75585,0.09766,13.31036,"0:b(0.045,-0.051):p0.00:e[none];10:b(0.357,-0.163):p0.81:e[pusher_block_a,block_a_block_b,block_b_pocket];20:b(0.356,-0.148):p0.81:e[none];30:b(0.350,-0.148):p0.79:e[none];40:b(0.344,-0.148):p0.78:e[none];50:b(0.340,-0.148):p0.77:e[none];60:b(0.337,-0.148):p0.76:e[none];63:b(0.336,-0.148):p0.76:e[none]"
pairwise_contact_classifier,stress_sweep,2,2004,1.00,0,0.52344,0.04167,1.00000,0.23633,0.03125,0.00000,0.00000,0.00000,0.00000,0.00000,0.00000,0.00000,0.03386,8.46471,"0:b(0.036,-0.074):p0.00:e[none];10:b(0.036,-0.074):p0.00:e[pusher_block_a];20:b(0.036,-0.074):p0.00:e[pusher_block_a];30:b(0.036,-0.074):p0.00:e[pusher_block_a];40:b(0.036,-0.074):p0.00:e[pusher_block_a];50:b(0.036,-0.074):p0.00:e[pusher_block_a];60:b(0.036,-0.074):p0.00:e[pusher_block_a];63:b(0.036,-0.074):p0.00:e[pusher_block_a]"
ensemble_uncertainty_planner,stress_sweep,2,2004,1.00,0,0.58333,0.08333,0.96094,0.18555,0.04688,0.00000,0.00000,0.00000,0.00000,0.00000,0.00000,0.00000,0.03386,14.06539,"0:b(0.036,-0.074):p0.00:e[none];10:b(0.036,-0.074):p0.00:e[pusher_block_a];20:b(0.036,-0.074):p0.00:e[pusher_block_a];30:b(0.036,-0.074):p0.00:e[pusher_block_a];40:b(0.036,-0.074):p0.00:e[pusher_block_a];50:b(0.036,-0.074):p0.00:e[pusher_block_a];60:b(0.036,-0.074):p0.00:e[pusher_block_a];63:b(0.036,-0.074):p0.00:e[pusher_block_a]"
contact_implicit_mpc_baseline,stress_sweep,2,2004,1.00,0,0.39167,0.00625,0.92188,0.36523,0.01562,0.00000,0.00000,0.00000,0.00000,0.00000,0.00000,0.00000,0.03386,8.50375,"0:b(0.036,-0.074):p0.00:e[none];10:b(0.036,-0.074):p0.00:e[pusher_block_a];20:b(0.036,-0.074):p0.00:e[pusher_block_a];30:b(0.036,-0.074):p0.00:e[pusher_block_a];40:b(0.036,-0.074):p0.00:e[pusher_block_a];50:b(0.036,-0.074):p0.00:e[pusher_block_a];60:b(0.036,-0.074):p0.00:e[pusher_block_a];63:b(0.036,-0.074):p0.00:e[pusher_block_a]"
topology_world_model,stress_sweep,2,2004,1.00,0,0.51615,0.04688,0.20312,0.24414,0.90625,0.00000,0.82812,0.00000,0.00000,0.92188,0.01562,0.76162,0.18158,50.19023,"0:b(0.036,-0.074):p0.00:e[none];10:b(0.175,-0.229):p0.35:e[pusher_block_a,block_a_fixture];20:b(0.338,-0.399):p0.77:e[pusher_block_a,block_a_fixture];30:b(0.337,-0.365):p0.76:e[pusher_block_a,block_a_fixture];40:b(0.337,-0.337):p0.76:e[pusher_block_a,block_a_fixture];50:b(0.336,-0.314):p0.76:e[pusher_block_a,block_a_fixture];60:b(0.336,-0.294):p0.76:e[pusher_block_a,block_a_fixture];63:b(0.336,-0.289):p0.76:e[pusher_block_a,block_a_fixture]"
oracle_topology_planner,stress_sweep,2,2004,1.00,0,1.00000,1.00000,1.00000,0.00000,1.00000,1.00000,0.00000,0.14062,0.12500,0.00000,0.00000,0.77535,0.02970,11.34352,"0:b(0.036,-0.074):p0.00:e[none];10:b(0.357,-0.139):p0.81:e[pusher_block_a,block_a_block_b,block_b_pocket];20:b(0.354,-0.138):p0.81:e[none];30:b(0.350,-0.137):p0.80:e[none];40:b(0.347,-0.137):p0.79:e[none];50:b(0.344,-0.137):p0.78:e[none];60:b(0.342,-0.137):p0.78:e[none];63:b(0.341,-0.137):p0.78:e[none]"
pairwise_contact_classifier,stress_sweep,3,2000,1.00,0,0.45104,0.10625,0.79948,0.23242,0.21875,0.00000,0.54688,0.01562,0.00000,0.15625,0.06250,0.21154,0.08371,76.40985,"0:b(0.023,-0.068):p0.00:e[none];10:b(0.023,-0.068):p0.00:e[pusher_block_a];20:b(0.023,-0.068):p0.00:e[pusher_block_a];30:b(0.023,-0.068):p0.00:e[pusher_block_a];40:b(0.064,-0.182):p0.10:e[pusher_block_a];50:b(0.111,-0.369):p0.22:e[pusher_block_a];60:b(0.109,-0.236):p0.21:e[block_a_wall];63:b(0.109,-0.201):p0.21:e[none]"
ensemble_uncertainty_planner,stress_sweep,3,2000,1.00,0,0.48802,0.36198,0.86667,0.11523,0.39062,0.00000,0.00000,0.01562,0.00000,0.09375,0.03125,0.00000,0.16208,100.25994,"0:b(0.023,-0.068):p0.00:e[none];10:b(0.023,-0.068):p0.00:e[pusher_block_a];20:b(-0.143,-0.250):p0.00:e[pusher_block_a,block_a_fixture];30:b(-0.291,-0.404):p0.00:e[pusher_block_a];40:b(-0.290,-0.358):p0.00:e[pusher_block_a];50:b(-0.290,-0.319):p0.00:e[none];60:b(-0.289,-0.288):p0.00:e[none];63:b(-0.289,-0.279):p0.00:e[none]"
contact_implicit_mpc_baseline,stress_sweep,3,2000,1.00,0,0.55729,0.17188,0.74479,0.21680,0.01562,1.00000,0.56250,0.00000,0.00000,0.23438,0.00000,0.00000,0.04964,52.08762,"0:b(0.023,-0.068):p0.00:e[none];10:b(0.023,-0.068):p0.00:e[pusher_block_a];20:b(0.023,-0.068):p0.00:e[pusher_block_a,block_a_fixture];30:b(0.023,-0.068):p0.00:e[pusher_block_a];40:b(0.023,-0.068):p0.00:e[pusher_block_a,block_a_fixture];50:b(0.023,-0.068):p0.00:e[pusher_block_a];60:b(0.023,-0.068):p0.00:e[pusher_block_a,block_a_fixture];63:b(0.023,-0.068):p0.00:e[pusher_block_a]"
topology_world_model,stress_sweep,3,2000,1.00,0,0.23438,0.04688,0.96354,0.18555,0.12500,0.00000,0.00000,0.00000,0.00000,0.04688,0.06250,0.00000,0.16076,117.46525,"0:b(0.023,-0.068):p0.00:e[none];10:b(-0.075,-0.175):p0.00:e[pusher_block_a];20:b(-0.258,-0.376):p0.00:e[pusher_block_a,block_a_wall];30:b(-0.290,-0.377):p0.00:e[none];40:b(-0.290,-0.340):p0.00:e[none];50:b(-0.289,-0.310):p0.00:e[none];60:b(-0.289,-0.285):p0.00:e[none];63:b(-0.289,-0.278):p0.00:e[none]"
oracle_topology_planner,stress_sweep,3,2000,1.00,0,1.00000,1.00000,1.00000,0.00000,1.00000,1.00000,0.00000,0.23438,0.17188,0.00000,0.00000,0.78006,0.04170,13.91127,"0:b(0.023,-0.068):p0.00:e[none];10:b(0.357,-0.171):p0.82:e[pusher_block_a,block_a_block_b,block_b_pocket];20:b(0.355,-0.159):p0.82:e[none];30:b(0.351,-0.159):p0.81:e[none];40:b(0.347,-0.159):p0.80:e[none];50:b(0.344,-0.159):p0.79:e[none];60:b(0.341,-0.159):p0.78:e[none];63:b(0.340,-0.159):p0.78:e[none]"
pairwise_contact_classifier,stress_sweep,3,2001,1.00,0,0.53958,0.05729,0.93229,0.23438,0.18750,0.00000,0.65625,0.00000,0.00000,0.35938,0.00000,0.00000,0.00162,54.13822,"0:b(0.040,-0.088):p0.00:e[none];10:b(0.040,-0.088):p0.00:e[pusher_block_a,block_a_fixture];20:b(0.040,-0.088):p0.00:e[pusher_block_a];30:b(0.040,-0.088):p0.00:e[pusher_block_a];40:b(0.040,-0.088):p0.00:e[pusher_block_a];50:b(0.040,-0.088):p0.00:e[pusher_block_a,block_a_fixture];60:b(0.040,-0.088):p0.00:e[pusher_block_a,block_a_fixture];63:b(0.040,-0.088):p0.00:e[pusher_block_a]"
ensemble_uncertainty_planner,stress_sweep,3,2001,1.00,0,0.60208,0.14062,0.91146,0.15625,0.35938,0.00000,0.71875,0.00000,0.00000,0.32812,0.01562,0.00000,0.31851,58.64796,"0:b(0.040,-0.088):p0.00:e[none];10:b(0.040,-0.088):p0.00:e[pusher_block_a,block_a_fixture];20:b(0.040,-0.088):p0.00:e[pusher_block_a];30:b(0.040,-0.088):p0.00:e[pusher_block_a];40:b(-0.018,-0.151):p0.00:e[pusher_block_a];50:b(-0.145,-0.288):p0.00:e[pusher_block_a,block_a_fixture];60:b(-0.251,-0.402):p0.00:e[pusher_block_a];63:b(-0.257,-0.405):p0.00:e[pusher_block_a]"
contact_implicit_mpc_baseline,stress_sweep,3,2001,1.00,0,0.59948,0.26927,0.63542,0.19922,0.01562,1.00000,0.68750,0.00000,0.00000,0.37500,0.00000,0.00000,0.00162,54.75210,"0:b(0.040,-0.088):p0.00:e[none];10:b(0.040,-0.088):p0.00:e[pusher_block_a,block_a_fixture];20:b(0.040,-0.088):p0.00:e[pusher_block_a,block_a_fixture];30:b(0.040,-0.088):p0.00:e[pusher_block_a,block_a_fixture];40:b(0.040,-0.088):p0.00:e[pusher_block_a,block_a_fixture];50:b(0.040,-0.088):p0.00:e[pusher_block_a,block_a_fixture];60:b(0.040,-0.088):p0.00:e[pusher_block_a,block_a_fixture];63:b(0.040,-0.088):p0.00:e[pusher_block_a,block_a_fixture]"
topology_world_model,stress_sweep,3,2001,1.00,0,0.27039,0.06250,0.95312,0.24609,0.10938,0.00000,0.00000,0.09375,0.00000,0.07812,0.06250,0.58733,0.15230,109.20152,"0:b(0.040,-0.088):p0.00:e[none];10:b(0.087,-0.139):p0.12:e[pusher_block_a];20:b(0.342,-0.414):p0.78:e[pusher_block_a,block_b_wall];30:b(0.332,-0.369):p0.75:e[none];40:b(0.309,-0.321):p0.69:e[none];50:b(0.289,-0.281):p0.64:e[none];60:b(0.273,-0.247):p0.60:e[none];63:b(0.269,-0.239):p0.59:e[none]"
oracle_topology_planner,stress_sweep,3,2001,1.00,0,1.00000,1.00000,1.00000,0.00000,1.00000,1.00000,0.00000,0.04688,0.12500,0.01562,0.00000,0.18372,0.06132,12.63101,"0:b(0.040,-0.088):p0.00:e[none];10:b(0.366,-0.109):p0.84:e[pusher_block_b,block_b_pocket];20:b(0.300,-0.103):p0.67:e[none];30:b(0.226,-0.105):p0.48:e[none];40:b(0.180,-0.118):p0.36:e[none];50:b(0.146,-0.132):p0.27:e[none];60:b(0.119,-0.144):p0.20:e[none];63:b(0.112,-0.148):p0.18:e[none]"
pairwise_contact_classifier,stress_sweep,3,2002,1.00,0,0.54271,0.04948,0.89583,0.23047,0.20312,0.00000,0.62500,0.00000,0.00000,0.34375,0.00000,0.00000,0.02915,51.78729,"0:b(0.055,-0.082):p0.00:e[none];10:b(0.055,-0.082):p0.00:e[pusher_block_a];20:b(0.055,-0.082):p0.00:e[pusher_block_a];30:b(0.055,-0.082):p0.00:e[pusher_block_a];40:b(0.055,-0.082):p0.00:e[pusher_block_a];50:b(0.055,-0.082):p0.00:e[pusher_block_a];60:b(0.055,-0.082):p0.00:e[pusher_block_a];63:b(0.055,-0.082):p0.00:e[pusher_block_a]"
ensemble_uncertainty_planner,stress_sweep,3,2002,1.00,0,0.65104,0.15104,0.96354,0.14062,0.35938,1.00000,0.68750,0.00000,0.00000,0.32812,0.00000,0.00000,0.13925,52.87729,"0:b(0.055,-0.082):p0.00:e[none];10:b(0.055,-0.082):p0.00:e[pusher_block_a,block_a_fixture];20:b(0.055,-0.082):p0.00:e[pusher_block_a,block_a_fixture];30:b(0.055,-0.082):p0.00:e[pusher_block_a,block_a_fixture];40:b(0.055,-0.082):p0.00:e[pusher_block_a,block_a_fixture];50:b(0.055,-0.082):p0.00:e[pusher_block_a,block_a_fixture];60:b(0.049,-0.153):p0.00:e[pusher_block_a];63:b(0.029,-0.251):p0.00:e[pusher_block_a]"
contact_implicit_mpc_baseline,stress_sweep,3,2002,1.00,0,0.59948,0.27552,0.66146,0.19922,0.01562,1.00000,0.68750,0.00000,0.00000,0.37500,0.00000,0.00000,0.02915,54.77560,"0:b(0.055,-0.082):p0.00:e[none];10:b(0.055,-0.082):p0.00:e[pusher_block_a,block_a_fixture];20:b(0.055,-0.082):p0.00:e[pusher_block_a,block_a_fixture];30:b(0.055,-0.082):p0.00:e[pusher_block_a,block_a_fixture];40:b(0.055,-0.082):p0.00:e[pusher_block_a,block_a_fixture];50:b(0.055,-0.082):p0.00:e[pusher_block_a,block_a_fixture];60:b(0.055,-0.082):p0.00:e[pusher_block_a,block_a_fixture];63:b(0.055,-0.082):p0.00:e[pusher_block_a,block_a_fixture]"
topology_world_model,stress_sweep,3,2002,1.00,0,0.24740,0.10417,0.88490,0.19336,0.12500,0.00000,0.00000,0.01562,0.00000,0.01562,0.12500,0.20113,0.04686,116.24659,"0:b(0.055,-0.082):p0.00:e[none];10:b(0.071,-0.125):p0.04:e[pusher_block_a];20:b(0.136,-0.386):p0.22:e[pusher_block_a];30:b(0.134,-0.316):p0.21:e[none];40:b(0.133,-0.257):p0.21:e[none];50:b(0.131,-0.209):p0.20:e[none];60:b(0.130,-0.169):p0.20:e[none];63:b(0.130,-0.158):p0.20:e[none]"
oracle_topology_planner,stress_sweep,3,2002,1.00,0,1.00000,1.00000,1.00000,0.00000,1.00000,1.00000,0.00000,0.15625,0.10938,0.01562,0.01562,0.11239,0.26773,11.51612,"0:b(0.055,-0.082):p0.00:e[none];10:b(0.360,-0.197):p0.81:e[block_a_block_b,block_b_pocket];20:b(0.272,-0.285):p0.58:e[none];30:b(0.174,-0.363):p0.32:e[block_a_wall];40:b(0.114,-0.403):p0.16:e[none];50:b(0.106,-0.391):p0.14:e[none];60:b(0.099,-0.382):p0.12:e[none];63:b(0.097,-0.379):p0.11:e[none]"
pairwise_contact_classifier,stress_sweep,3,2003,1.00,0,0.25000,0.04167,0.98438,0.12891,0.03125,1.00000,0.00000,0.00000,0.00000,0.00000,0.00000,0.00000,0.01586,137.56849,"0:b(0.032,-0.108):p0.00:e[none];10:b(0.032,-0.108):p0.00:e[pusher_block_a];20:b(0.032,-0.108):p0.00:e[pusher_block_a];30:b(0.032,-0.108):p0.00:e[none];40:b(0.032,-0.108):p0.00:e[none];50:b(0.032,-0.108):p0.00:e[none];60:b(0.032,-0.108):p0.00:e[none];63:b(0.032,-0.108):p0.00:e[none]"
ensemble_uncertainty_planner,stress_sweep,3,2003,1.00,0,0.61719,0.07292,0.92188,0.16211,0.03125,0.00000,0.00000,0.00000,0.00000,0.01562,0.00000,0.00000,0.01586,8.05548,"0:b(0.032,-0.108):p0.00:e[none];10:b(0.032,-0.108):p0.00:e[pusher_block_a];20:b(0.032,-0.108):p0.00:e[pusher_block_a];30:b(0.032,-0.108):p0.00:e[pusher_block_a];40:b(0.032,-0.108):p0.00:e[pusher_block_a];50:b(0.032,-0.108):p0.00:e[pusher_block_a];60:b(0.032,-0.108):p0.00:e[pusher_block_a];63:b(0.032,-0.108):p0.00:e[pusher_block_a]"
contact_implicit_mpc_baseline,stress_sweep,3,2003,1.00,0,0.23177,0.06771,0.94792,0.14453,0.00000,1.00000,0.00000,0.00000,0.00000,0.00000,0.01562,0.00000,0.01586,137.21154,"0:b(0.032,-0.108):p0.00:e[none];10:b(0.032,-0.108):p0.00:e[pusher_block_a];20:b(0.032,-0.108):p0.00:e[pusher_block_a];30:b(0.032,-0.108):p0.00:e[block_a_wall];40:b(0.032,-0.108):p0.00:e[none];50:b(0.032,-0.108):p0.00:e[none];60:b(0.032,-0.108):p0.00:e[none];63:b(0.032,-0.108):p0.00:e[none]"
topology_world_model,stress_sweep,3,2003,1.00,0,0.25000,0.04688,0.96875,0.13281,0.04688,1.00000,0.00000,0.00000,0.00000,0.00000,0.01562,0.00000,0.01586,137.56430,"0:b(0.032,-0.108):p0.00:e[none];10:b(0.032,-0.108):p0.00:e[pusher_block_a];20:b(0.032,-0.108):p0.00:e[pusher_block_a];30:b(0.032,-0.108):p0.00:e[block_a_wall];40:b(0.032,-0.108):p0.00:e[none];50:b(0.032,-0.108):p0.00:e[none];60:b(0.032,-0.108):p0.00:e[none];63:b(0.032,-0.108):p0.00:e[none]"
oracle_topology_planner,stress_sweep,3,2003,1.00,0,1.00000,1.00000,1.00000,0.00000,1.00000,1.00000,0.00000,0.01562,0.06250,0.01562,0.00000,0.47387,0.01660,11.66083,"0:b(0.032,-0.108):p0.00:e[none];10:b(0.350,-0.140):p0.80:e[none];20:b(0.268,-0.108):p0.59:e[none];30:b(0.200,-0.081):p0.42:e[none];40:b(0.195,-0.075):p0.41:e[none];50:b(0.207,-0.075):p0.44:e[none];60:b(0.218,-0.075):p0.47:e[none];63:b(0.221,-0.075):p0.47:e[none]"
pairwise_contact_classifier,stress_sweep,3,2004,1.00,0,0.53490,0.03125,0.84375,0.23633,0.12500,0.00000,0.37500,0.00000,0.00000,0.26562,0.00000,0.00000,0.04943,35.60422,"0:b(0.024,-0.031):p0.00:e[none];10:b(0.024,-0.031):p0.00:e[pusher_block_a];20:b(0.024,-0.031):p0.00:e[pusher_block_a,block_a_fixture];30:b(0.024,-0.031):p0.00:e[pusher_block_a];40:b(0.024,-0.031):p0.00:e[pusher_block_a,block_a_fixture];50:b(0.024,-0.031):p0.00:e[pusher_block_a];60:b(0.024,-0.031):p0.00:e[pusher_block_a];63:b(0.024,-0.031):p0.00:e[pusher_block_a,block_a_fixture]"
ensemble_uncertainty_planner,stress_sweep,3,2004,1.00,0,0.66250,0.26823,0.79167,0.15430,0.53125,0.00000,0.60938,0.00000,0.00000,0.28125,0.01562,0.82301,0.25351,36.35338,"0:b(0.024,-0.031):p0.00:e[none];10:b(0.024,-0.031):p0.00:e[pusher_block_a,block_a_fixture];20:b(0.024,-0.031):p0.00:e[pusher_block_a,block_a_fixture];30:b(0.024,-0.031):p0.00:e[pusher_block_a];40:b(0.143,-0.176):p0.29:e[pusher_block_a,block_a_fixture];50:b(0.359,-0.388):p0.82:e[pusher_block_a,block_a_fixture];60:b(0.358,-0.345):p0.82:e[pusher_block_a];63:b(0.358,-0.334):p0.82:e[pusher_block_a]"
contact_implicit_mpc_baseline,stress_sweep,3,2004,1.00,0,0.52448,0.03125,0.90625,0.23047,0.01562,1.00000,0.70312,0.00000,0.00000,0.12500,0.00000,0.00000,0.04943,48.18092,"0:b(0.024,-0.031):p0.00:e[none];10:b(0.024,-0.031):p0.00:e[pusher_block_a];20:b(0.024,-0.031):p0.00:e[pusher_block_a];30:b(0.024,-0.031):p0.00:e[pusher_block_a];40:b(0.024,-0.031):p0.00:e[pusher_block_a];50:b(0.024,-0.031):p0.00:e[pusher_block_a];60:b(0.024,-0.031):p0.00:e[pusher_block_a,block_a_fixture];63:b(0.024,-0.031):p0.00:e[pusher_block_a]"
topology_world_model,stress_sweep,3,2004,1.00,0,0.73438,0.52083,0.87500,0.09961,0.50000,0.00000,0.00000,0.00000,0.00000,0.06250,0.01562,1.04921,0.20082,59.31397,"0:b(0.024,-0.031):p0.00:e[none];10:b(0.088,-0.093):p0.16:e[pusher_block_a];20:b(0.371,-0.382):p0.86:e[pusher_block_a];30:b(0.408,-0.384):p0.95:e[pusher_block_a];40:b(0.419,-0.361):p0.97:e[pusher_block_a];50:b(0.428,-0.343):p0.99:e[pusher_block_a];60:b(0.450,-0.387):p1.05:e[pusher_block_b];63:b(0.450,-0.281):p1.05:e[pusher_block_b]"
oracle_topology_planner,stress_sweep,3,2004,1.00,0,1.00000,1.00000,1.00000,0.00000,1.00000,0.85714,0.00000,0.20312,0.00000,0.00000,0.06250,1.04921,0.30584,92.33889,"0:b(0.024,-0.031):p0.00:e[none];10:b(0.450,-0.393):p1.05:e[pusher_block_a];20:b(0.450,-0.385):p1.05:e[pusher_block_a,block_a_block_b];30:b(0.450,-0.388):p1.05:e[none];40:b(0.450,-0.364):p1.05:e[none];50:b(0.450,-0.396):p1.05:e[block_a_block_b];60:b(0.450,-0.391):p1.05:e[none];63:b(0.450,-0.386):p1.05:e[none]"
pairwise_contact_classifier,stress_sweep,4,2000,1.00,0,0.07292,0.05208,0.90104,0.22656,0.06250,1.00000,0.00000,0.00000,0.00000,0.00000,0.00000,0.00000,0.02371,137.60172,"0:b(0.035,-0.092):p0.00:e[none];10:b(0.035,-0.092):p0.00:e[pusher_block_a];20:b(0.035,-0.092):p0.00:e[none];30:b(0.035,-0.092):p0.00:e[none];40:b(0.035,-0.092):p0.00:e[none];50:b(0.035,-0.092):p0.00:e[none];60:b(0.035,-0.092):p0.00:e[none];63:b(0.035,-0.092):p0.00:e[none]"
ensemble_uncertainty_planner,stress_sweep,4,2000,1.00,0,0.47760,0.51562,0.84375,0.10742,0.62500,0.00000,0.00000,0.00000,0.00000,0.03125,0.07812,0.00000,0.19833,124.94477,"0:b(0.035,-0.092):p0.00:e[none];10:b(-0.126,-0.269):p0.00:e[pusher_block_a];20:b(-0.255,-0.401):p0.00:e[none];30:b(-0.254,-0.374):p0.00:e[block_a_wall];40:b(-0.254,-0.352):p0.00:e[none];50:b(-0.254,-0.334):p0.00:e[none];60:b(-0.254,-0.318):p0.00:e[none];63:b(-0.254,-0.314):p0.00:e[none]"
contact_implicit_mpc_baseline,stress_sweep,4,2000,1.00,0,0.09115,0.07292,0.89062,0.14258,0.04688,1.00000,0.00000,0.00000,0.00000,0.00000,0.00000,0.00000,0.02371,137.86020,"0:b(0.035,-0.092):p0.00:e[none];10:b(0.035,-0.092):p0.00:e[pusher_block_a];20:b(0.035,-0.092):p0.00:e[none];30:b(0.035,-0.092):p0.00:e[none];40:b(0.035,-0.092):p0.00:e[none];50:b(0.035,-0.092):p0.00:e[none];60:b(0.035,-0.092):p0.00:e[none];63:b(0.035,-0.092):p0.00:e[none]"
topology_world_model,stress_sweep,4,2000,1.00,0,0.28906,0.04167,0.95312,0.17578,0.04688,1.00000,0.00000,0.00000,0.00000,0.01562,0.03125,0.00000,0.02371,135.71240,"0:b(0.035,-0.092):p0.00:e[none];10:b(0.035,-0.092):p0.00:e[pusher_block_a];20:b(0.035,-0.092):p0.00:e[pusher_block_a];30:b(0.035,-0.092):p0.00:e[none];40:b(0.035,-0.092):p0.00:e[none];50:b(0.035,-0.092):p0.00:e[none];60:b(0.035,-0.092):p0.00:e[none];63:b(0.035,-0.092):p0.00:e[none]"
oracle_topology_planner,stress_sweep,4,2000,1.00,0,1.00000,1.00000,1.00000,0.00000,1.00000,1.00000,0.00000,0.03125,0.14062,0.01562,0.01562,1.04894,0.26970,100.34191,"0:b(0.035,-0.092):p0.00:e[none];10:b(0.450,-0.142):p1.05:e[block_b_pocket];20:b(0.450,0.188):p1.05:e[pusher_block_b];30:b(0.450,0.128):p1.05:e[none];40:b(0.450,0.137):p1.05:e[none];50:b(0.449,0.145):p1.05:e[none];60:b(0.449,0.152):p1.05:e[none];63:b(0.449,0.154):p1.05:e[none]"
pairwise_contact_classifier,stress_sweep,4,2001,1.00,0,0.44948,0.03906,0.20833,0.33398,0.04688,0.00000,0.76562,0.00000,0.00000,0.85938,0.00000,0.00000,0.04369,51.59156,"0:b(0.035,-0.008):p0.00:e[none];10:b(0.035,-0.008):p0.00:e[pusher_block_a,block_a_fixture];20:b(0.035,-0.008):p0.00:e[pusher_block_a,block_a_fixture];30:b(0.035,-0.008):p0.00:e[pusher_block_a,block_a_fixture];40:b(0.035,-0.008):p0.00:e[pusher_block_a,block_a_fixture];50:b(0.035,-0.008):p0.00:e[pusher_block_a,block_a_fixture];60:b(0.035,-0.008):p0.00:e[pusher_block_a,block_a_fixture];63:b(0.035,-0.008):p0.00:e[pusher_block_a,block_a_fixture]"
ensemble_uncertainty_planner,stress_sweep,4,2001,1.00,0,0.08073,0.06250,0.68750,0.16406,0.34375,1.00000,0.00000,0.00000,0.00000,0.01562,0.01562,0.00000,0.04369,137.95014,"0:b(0.035,-0.008):p0.00:e[none];10:b(0.035,-0.008):p0.00:e[pusher_block_a];20:b(0.035,-0.008):p0.00:e[pusher_block_a];30:b(0.035,-0.008):p0.00:e[none];40:b(0.035,-0.008):p0.00:e[none];50:b(0.035,-0.008):p0.00:e[none];60:b(0.035,-0.008):p0.00:e[none];63:b(0.035,-0.008):p0.00:e[none]"
contact_implicit_mpc_baseline,stress_sweep,4,2001,1.00,0,0.39167,0.00000,0.93229,0.36523,0.01562,0.00000,0.00000,0.00000,0.00000,0.00000,0.00000,0.00000,0.04369,49.96663,"0:b(0.035,-0.008):p0.00:e[none];10:b(0.035,-0.008):p0.00:e[pusher_block_a];20:b(0.035,-0.008):p0.00:e[pusher_block_a];30:b(0.035,-0.008):p0.00:e[pusher_block_a];40:b(0.035,-0.008):p0.00:e[pusher_block_a];50:b(0.035,-0.008):p0.00:e[pusher_block_a];60:b(0.035,-0.008):p0.00:e[pusher_block_a];63:b(0.035,-0.008):p0.00:e[pusher_block_a]"
topology_world_model,stress_sweep,4,2001,1.00,0,0.28906,0.03125,0.96354,0.19531,0.04688,1.00000,0.00000,0.00000,0.00000,0.01562,0.00000,0.00000,0.04369,137.94658,"0:b(0.035,-0.008):p0.00:e[none];10:b(0.035,-0.008):p0.00:e[pusher_block_a];20:b(0.035,-0.008):p0.00:e[pusher_block_a];30:b(0.035,-0.008):p0.00:e[none];40:b(0.035,-0.008):p0.00:e[none];50:b(0.035,-0.008):p0.00:e[none];60:b(0.035,-0.008):p0.00:e[none];63:b(0.035,-0.008):p0.00:e[none]"
oracle_topology_planner,stress_sweep,4,2001,1.00,0,1.00000,1.00000,1.00000,0.00000,1.00000,1.00000,0.00000,0.03125,0.12500,0.00000,0.01562,0.74034,0.05323,13.66149,"0:b(0.035,-0.008):p0.00:e[none];10:b(0.370,-0.101):p0.85:e[pusher_block_b,block_b_pocket];20:b(0.352,-0.102):p0.80:e[none];30:b(0.344,-0.103):p0.78:e[none];40:b(0.338,-0.104):p0.77:e[none];50:b(0.333,-0.104):p0.75:e[none];60:b(0.329,-0.105):p0.74:e[none];63:b(0.327,-0.105):p0.74:e[none]"
pairwise_contact_classifier,stress_sweep,4,2002,1.00,0,0.51354,0.06250,0.87500,0.24219,0.14062,0.00000,0.64062,0.01562,0.00000,0.12500,0.01562,0.64558,0.23394,27.32932,"0:b(0.046,-0.099):p0.00:e[none];10:b(0.046,-0.099):p0.00:e[pusher_block_a,block_a_fixture];20:b(0.046,-0.099):p0.00:e[pusher_block_a];30:b(0.295,-0.411):p0.65:e[pusher_block_a,block_b_wall];40:b(0.294,-0.352):p0.65:e[pusher_block_a];50:b(0.294,-0.303):p0.65:e[pusher_block_a];60:b(0.294,-0.292):p0.65:e[pusher_block_a];63:b(0.294,-0.293):p0.65:e[pusher_block_a]"
ensemble_uncertainty_planner,stress_sweep,4,2002,1.00,0,0.55208,0.08854,0.89271,0.17188,0.20312,0.00000,0.00000,0.01562,0.00000,0.04688,0.01562,0.17996,0.06432,20.07107,"0:b(0.046,-0.099):p0.00:e[none];10:b(0.046,-0.099):p0.00:e[pusher_block_a];20:b(0.141,-0.384):p0.25:e[pusher_block_a];30:b(0.133,-0.304):p0.23:e[pusher_block_a];40:b(0.126,-0.237):p0.21:e[pusher_block_a];50:b(0.121,-0.181):p0.19:e[pusher_block_a];60:b(0.116,-0.135):p0.18:e[pusher_block_a];63:b(0.115,-0.123):p0.18:e[pusher_block_a]"
contact_implicit_mpc_baseline,stress_sweep,4,2002,1.00,0,0.75521,0.44792,0.88021,0.08789,0.29688,1.00000,0.64062,0.00000,0.00000,0.26562,0.00000,0.00000,0.04054,48.67611,"0:b(0.046,-0.099):p0.00:e[none];10:b(0.046,-0.099):p0.00:e[pusher_block_a];20:b(0.046,-0.099):p0.00:e[pusher_block_a];30:b(0.046,-0.099):p0.00:e[pusher_block_a,block_a_fixture];40:b(0.046,-0.099):p0.00:e[pusher_block_a];50:b(0.046,-0.099):p0.00:e[pusher_block_a,block_a_fixture];60:b(0.046,-0.099):p0.00:e[pusher_block_a];63:b(0.046,-0.099):p0.00:e[pusher_block_a,block_a_fixture]"
topology_world_model,stress_sweep,4,2002,1.00,0,0.52664,0.09896,0.91443,0.23828,0.12500,0.00000,0.00000,0.01562,0.00000,0.06250,0.03125,0.35529,0.27350,17.91989,"0:b(0.046,-0.099):p0.00:e[none];10:b(0.070,-0.152):p0.06:e[pusher_block_a,pusher_block_b,block_a_block_b,block_a_fixture];20:b(0.207,-0.308):p0.42:e[pusher_block_a];30:b(0.199,-0.311):p0.40:e[pusher_block_a];40:b(0.193,-0.319):p0.38:e[pusher_block_a];50:b(0.188,-0.325):p0.37:e[pusher_block_a];60:b(0.183,-0.331):p0.36:e[pusher_block_a];63:b(0.182,-0.332):p0.36:e[pusher_block_a]"
oracle_topology_planner,stress_sweep,4,2002,1.00,0,1.00000,1.00000,1.00000,0.00000,1.00000,1.00000,0.00000,0.01562,0.15625,0.00000,0.00000,0.76176,0.10623,10.57171,"0:b(0.046,-0.099):p0.00:e[none];10:b(0.364,-0.168):p0.83:e[block_b_pocket];20:b(0.354,-0.165):p0.80:e[none];30:b(0.349,-0.165):p0.79:e[none];40:b(0.345,-0.165):p0.78:e[none];50:b(0.342,-0.165):p0.77:e[none];60:b(0.339,-0.165):p0.76:e[none];63:b(0.338,-0.165):p0.76:e[none]"
pairwise_contact_classifier,stress_sweep,4,2003,1.00,0,0.39375,0.03125,0.96875,0.21680,0.20312,0.00000,0.70312,0.00000,0.00000,0.26562,0.01562,0.32263,0.25967,73.29857,"0:b(0.033,-0.075):p0.00:e[none];10:b(0.033,-0.075):p0.00:e[pusher_block_a];20:b(0.033,-0.075):p0.00:e[pusher_block_a];30:b(0.033,-0.075):p0.00:e[pusher_block_a];40:b(0.033,-0.075):p0.00:e[pusher_block_a];50:b(0.094,-0.283):p0.15:e[none];60:b(0.163,-0.358):p0.33:e[none];63:b(0.161,-0.338):p0.32:e[none]"
ensemble_uncertainty_planner,stress_sweep,4,2003,1.00,0,0.71615,0.35938,0.91667,0.11133,0.54688,1.00000,0.71875,0.00000,0.00000,0.15625,0.01562,0.00000,0.31840,36.04209,"0:b(0.033,-0.075):p0.00:e[none];10:b(0.033,-0.075):p0.00:e[pusher_block_a];20:b(0.033,-0.075):p0.00:e[pusher_block_a,block_a_fixture];30:b(-0.043,-0.202):p0.00:e[pusher_block_a,block_a_fixture];40:b(-0.141,-0.364):p0.00:e[pusher_block_a];50:b(-0.168,-0.403):p0.00:e[pusher_block_a];60:b(-0.170,-0.398):p0.00:e[pusher_block_a];63:b(-0.170,-0.397):p0.00:e[pusher_block_a]"
contact_implicit_mpc_baseline,stress_sweep,4,2003,1.00,0,0.59948,0.26042,0.67188,0.19922,0.01562,1.00000,0.70312,0.00000,0.00000,0.37500,0.00000,0.00000,0.00301,56.56025,"0:b(0.033,-0.075):p0.00:e[none];10:b(0.033,-0.075):p0.00:e[pusher_block_a];20:b(0.033,-0.075):p0.00:e[pusher_block_a];30:b(0.033,-0.075):p0.00:e[pusher_block_a];40:b(0.033,-0.075):p0.00:e[pusher_block_a];50:b(0.033,-0.075):p0.00:e[pusher_block_a];60:b(0.033,-0.075):p0.00:e[pusher_block_a];63:b(0.033,-0.075):p0.00:e[pusher_block_a]"
topology_world_model,stress_sweep,4,2003,1.00,0,0.64583,0.07292,0.98438,0.14844,0.10938,0.00000,0.00000,0.00000,0.00000,0.03125,0.01562,0.00000,0.27765,20.53115,"0:b(0.033,-0.075):p0.00:e[none];10:b(-0.042,-0.175):p0.00:e[pusher_block_a];20:b(-0.158,-0.327):p0.00:e[pusher_block_a];30:b(-0.220,-0.402):p0.00:e[pusher_block_a];40:b(-0.220,-0.385):p0.00:e[pusher_block_a];50:b(-0.219,-0.371):p0.00:e[pusher_block_a];60:b(-0.219,-0.359):p0.00:e[pusher_block_a];63:b(-0.219,-0.356):p0.00:e[pusher_block_a]"
oracle_topology_planner,stress_sweep,4,2003,1.00,0,1.00000,1.00000,1.00000,0.00000,1.00000,1.00000,0.00000,0.18750,0.15625,0.00000,0.00000,0.78494,0.06729,12.28554,"0:b(0.033,-0.075):p0.00:e[none];10:b(0.359,-0.158):p0.82:e[block_a_block_b,block_b_pocket];20:b(0.355,-0.146):p0.81:e[none];30:b(0.352,-0.146):p0.80:e[none];40:b(0.349,-0.146):p0.80:e[none];50:b(0.347,-0.146):p0.79:e[none];60:b(0.345,-0.145):p0.79:e[none];63:b(0.345,-0.145):p0.78:e[none]"
pairwise_contact_classifier,stress_sweep,4,2004,1.00,0,0.60365,0.18229,0.58333,0.19727,0.34375,0.00000,0.45312,0.01562,0.00000,0.45312,0.01562,0.00000,0.33692,31.71835,"0:b(0.055,-0.061):p0.00:e[none];10:b(0.055,-0.061):p0.00:e[pusher_block_a];20:b(0.055,-0.061):p0.00:e[pusher_block_a];30:b(0.038,-0.078):p0.00:e[pusher_block_a,block_a_fixture];40:b(-0.111,-0.232):p0.00:e[pusher_block_a,block_a_fixture];50:b(-0.234,-0.360):p0.00:e[pusher_block_a,block_a_fixture];60:b(-0.281,-0.402):p0.00:e[pusher_block_a];63:b(-0.281,-0.399):p0.00:e[pusher_block_a]"
ensemble_uncertainty_planner,stress_sweep,4,2004,1.00,0,0.08333,0.11719,0.15625,0.23828,0.87500,0.00000,0.00000,0.04688,0.00000,0.01562,0.01562,0.94236,0.31816,10.96883,"0:b(0.055,-0.061):p0.00:e[none];10:b(0.408,-0.368):p0.94:e[pusher_block_a];20:b(0.408,-0.314):p0.94:e[pusher_block_a];30:b(0.408,-0.334):p0.94:e[pusher_block_a];40:b(0.408,-0.351):p0.94:e[pusher_block_a];50:b(0.408,-0.366):p0.94:e[pusher_block_a];60:b(0.408,-0.377):p0.94:e[pusher_block_a];63:b(0.408,-0.380):p0.94:e[pusher_block_a]"
contact_implicit_mpc_baseline,stress_sweep,4,2004,1.00,0,0.49740,0.02604,0.97917,0.24414,0.00000,1.00000,0.00000,0.00000,0.00000,0.00000,0.00000,0.00000,0.00079,49.09445,"0:b(0.055,-0.061):p0.00:e[none];10:b(0.055,-0.061):p0.00:e[pusher_block_a];20:b(0.055,-0.061):p0.00:e[pusher_block_a];30:b(0.055,-0.061):p0.00:e[pusher_block_a];40:b(0.055,-0.061):p0.00:e[pusher_block_a];50:b(0.055,-0.061):p0.00:e[pusher_block_a];60:b(0.055,-0.061):p0.00:e[pusher_block_a];63:b(0.055,-0.061):p0.00:e[pusher_block_a]"
topology_world_model,stress_sweep,4,2004,1.00,0,0.54271,0.05469,0.98438,0.22461,0.06250,0.00000,0.00000,0.00000,0.00000,0.01562,0.01562,0.00000,0.22151,15.91943,"0:b(0.055,-0.061):p0.00:e[none];10:b(0.062,-0.134):p0.02:e[pusher_block_a];20:b(0.045,-0.404):p0.00:e[pusher_block_a];30:b(0.046,-0.367):p0.00:e[pusher_block_a];40:b(0.046,-0.336):p0.00:e[pusher_block_a];50:b(0.046,-0.310):p0.00:e[pusher_block_a];60:b(0.046,-0.289):p0.00:e[pusher_block_a];63:b(0.047,-0.284):p0.00:e[pusher_block_a]"
oracle_topology_planner,stress_sweep,4,2004,1.00,0,1.00000,1.00000,1.00000,0.00000,1.00000,1.00000,0.00000,0.25000,0.20312,0.00000,0.00000,0.76264,0.13064,89.94434,"0:b(0.055,-0.061):p0.00:e[none];10:b(0.358,-0.199):p0.81:e[pusher_block_a,block_a_block_b,block_b_pocket];20:b(0.356,-0.192):p0.80:e[none];30:b(0.351,-0.192):p0.79:e[none];40:b(0.347,-0.192):p0.78:e[none];50:b(0.344,-0.193):p0.77:e[none];60:b(0.342,-0.193):p0.76:e[none];63:b(0.341,-0.193):p0.76:e[none]"
pairwise_contact_classifier,stress_sweep,5,2000,1.00,0,0.54583,0.04688,0.91771,0.22266,0.14062,0.00000,0.59375,0.00000,0.00000,0.25000,0.00000,0.00000,0.02045,44.53442,"0:b(0.037,-0.075):p0.00:e[none];10:b(0.037,-0.075):p0.00:e[pusher_block_a];20:b(0.037,-0.075):p0.00:e[pusher_block_a];30:b(0.037,-0.075):p0.00:e[pusher_block_a];40:b(0.037,-0.075):p0.00:e[pusher_block_a];50:b(0.037,-0.075):p0.00:e[pusher_block_a];60:b(0.037,-0.075):p0.00:e[pusher_block_a];63:b(0.037,-0.075):p0.00:e[pusher_block_a]"
ensemble_uncertainty_planner,stress_sweep,5,2000,1.00,0,0.80990,0.58854,0.92188,0.07031,0.68750,0.00000,0.12500,0.00000,0.00000,0.14062,0.01562,0.78136,0.25959,46.47073,"0:b(0.037,-0.075):p0.00:e[none];10:b(0.037,-0.075):p0.00:e[pusher_block_a,block_a_fixture];20:b(0.037,-0.075):p0.00:e[pusher_block_a];30:b(0.134,-0.180):p0.25:e[pusher_block_a];40:b(0.345,-0.395):p0.78:e[pusher_block_a];50:b(0.344,-0.355):p0.78:e[pusher_block_a];60:b(0.344,-0.322):p0.78:e[pusher_block_a,block_a_fixture];63:b(0.344,-0.314):p0.78:e[pusher_block_a]"
contact_implicit_mpc_baseline,stress_sweep,5,2000,1.00,0,0.52448,0.01823,0.97917,0.23047,0.01562,1.00000,0.28125,0.00000,0.00000,0.12500,0.00000,0.00000,0.02045,25.36073,"0:b(0.037,-0.075):p0.00:e[none];10:b(0.037,-0.075):p0.00:e[pusher_block_a];20:b(0.037,-0.075):p0.00:e[pusher_block_a];30:b(0.037,-0.075):p0.00:e[pusher_block_a];40:b(0.037,-0.075):p0.00:e[pusher_block_a,block_a_fixture];50:b(0.037,-0.075):p0.00:e[pusher_block_a];60:b(0.037,-0.075):p0.00:e[pusher_block_a];63:b(0.037,-0.075):p0.00:e[pusher_block_a]"
topology_world_model,stress_sweep,5,2000,1.00,0,0.26615,0.07031,0.96875,0.21289,0.07812,0.00000,0.00000,0.01562,0.00000,0.03125,0.04688,0.57192,0.01523,110.85968,"0:b(0.037,-0.075):p0.00:e[none];10:b(0.037,-0.075):p0.00:e[pusher_block_a,block_a_fixture];20:b(0.274,-0.400):p0.60:e[pusher_block_a];30:b(0.270,-0.298):p0.59:e[none];40:b(0.267,-0.213):p0.59:e[none];50:b(0.264,-0.143):p0.58:e[none];60:b(0.262,-0.085):p0.57:e[none];63:b(0.262,-0.069):p0.57:e[pusher_block_a]"
oracle_topology_planner,stress_sweep,5,2000,1.00,0,1.00000,1.00000,1.00000,0.00000,1.00000,1.00000,0.00000,0.07812,0.01562,0.00000,0.01562,0.00000,0.09293,104.71085,"0:b(0.037,-0.075):p0.00:e[none];10:b(0.311,-0.146):p0.70:e[block_a_wall];20:b(0.191,-0.099):p0.39:e[none];30:b(0.115,-0.086):p0.20:e[none];40:b(0.090,-0.115):p0.13:e[none];50:b(0.046,-0.134):p0.02:e[none];60:b(-0.010,-0.144):p0.00:e[none];63:b(-0.025,-0.147):p0.00:e[none]"
pairwise_contact_classifier,stress_sweep,5,2001,1.00,0,0.18229,0.04167,0.93750,0.16602,0.07812,1.00000,0.00000,0.00000,0.00000,0.01562,0.07812,0.00000,0.03198,137.74164,"0:b(0.041,-0.096):p0.00:e[none];10:b(0.041,-0.096):p0.00:e[pusher_block_a];20:b(0.041,-0.096):p0.00:e[none];30:b(0.041,-0.096):p0.00:e[none];40:b(0.041,-0.096):p0.00:e[none];50:b(0.041,-0.096):p0.00:e[none];60:b(0.041,-0.096):p0.00:e[none];63:b(0.041,-0.096):p0.00:e[none]"
ensemble_uncertainty_planner,stress_sweep,5,2001,1.00,0,0.08854,0.08854,0.85938,0.16797,0.18750,1.00000,0.00000,0.00000,0.00000,0.01562,0.06250,0.00000,0.03198,136.23099,"0:b(0.041,-0.096):p0.00:e[none];10:b(0.041,-0.096):p0.00:e[pusher_block_a];20:b(0.041,-0.096):p0.00:e[none];30:b(0.041,-0.096):p0.00:e[none];40:b(0.041,-0.096):p0.00:e[block_a_wall];50:b(0.041,-0.096):p0.00:e[none];60:b(0.041,-0.096):p0.00:e[none];63:b(0.041,-0.096):p0.00:e[none]"
contact_implicit_mpc_baseline,stress_sweep,5,2001,1.00,0,0.15781,0.02083,0.88542,0.17383,0.06250,1.00000,0.00000,0.00000,0.00000,0.01562,0.04688,0.00000,0.03198,137.32461,"0:b(0.041,-0.096):p0.00:e[none];10:b(0.041,-0.096):p0.00:e[pusher_block_a];20:b(0.041,-0.096):p0.00:e[none];30:b(0.041,-0.096):p0.00:e[none];40:b(0.041,-0.096):p0.00:e[none];50:b(0.041,-0.096):p0.00:e[pusher_block_a];60:b(0.041,-0.096):p0.00:e[none];63:b(0.041,-0.096):p0.00:e[none]"
topology_world_model,stress_sweep,5,2001,1.00,0,0.15104,0.06250,0.94271,0.17188,0.06250,1.00000,0.00000,0.00000,0.00000,0.01562,0.06250,0.00000,0.03198,136.76009,"0:b(0.041,-0.096):p0.00:e[none];10:b(0.041,-0.096):p0.00:e[pusher_block_a];20:b(0.041,-0.096):p0.00:e[none];30:b(0.041,-0.096):p0.00:e[none];40:b(0.041,-0.096):p0.00:e[none];50:b(0.041,-0.096):p0.00:e[none];60:b(0.041,-0.096):p0.00:e[none];63:b(0.041,-0.096):p0.00:e[none]"
oracle_topology_planner,stress_sweep,5,2001,1.00,0,1.00000,1.00000,1.00000,0.00000,1.00000,1.00000,0.00000,0.00000,0.89062,0.01562,0.01562,1.05137,0.12552,97.72088,"0:b(0.041,-0.096):p0.00:e[none];10:b(0.450,-0.076):p1.05:e[pusher_block_b,block_b_pocket];20:b(0.450,-0.012):p1.05:e[block_b_pocket];30:b(0.450,0.004):p1.05:e[block_b_pocket];40:b(0.450,0.053):p1.05:e[block_b_pocket];50:b(0.450,0.062):p1.05:e[block_b_pocket];60:b(0.450,0.062):p1.05:e[block_b_pocket];63:b(0.450,0.062):p1.05:e[block_b_pocket]"
pairwise_contact_classifier,stress_sweep,5,2002,1.00,0,0.20208,0.02344,0.37500,0.31641,0.06250,0.00000,0.00000,0.00000,0.56250,0.07812,0.00000,0.81871,0.12681,26.59262,"0:b(0.033,-0.081):p0.00:e[none];10:b(0.033,-0.081):p0.00:e[pusher_block_a];20:b(0.033,-0.081):p0.00:e[pusher_block_a,block_a_fixture];30:b(0.359,-0.178):p0.82:e[pusher_block_b,block_b_pocket];40:b(0.358,-0.178):p0.82:e[pusher_block_b,block_b_pocket];50:b(0.358,-0.178):p0.82:e[pusher_block_b,block_b_pocket];60:b(0.358,-0.178):p0.82:e[pusher_block_b,block_b_pocket];63:b(0.358,-0.178):p0.82:e[pusher_block_b,block_b_pocket]"
ensemble_uncertainty_planner,stress_sweep,5,2002,1.00,0,0.37760,0.19792,0.55156,0.18555,0.51562,1.00000,0.65625,0.03125,0.01562,0.15625,0.01562,0.94600,0.31059,34.06339,"0:b(0.033,-0.081):p0.00:e[none];10:b(0.329,-0.192):p0.74:e[pusher_block_a];20:b(0.219,-0.187):p0.47:e[pusher_block_a];30:b(0.128,-0.183):p0.24:e[pusher_block_a];40:b(0.386,-0.408):p0.89:e[pusher_block_a,block_b_wall];50:b(0.410,-0.335):p0.95:e[pusher_block_a];60:b(0.409,-0.356):p0.95:e[pusher_block_a];63:b(0.409,-0.362):p0.95:e[pusher_block_a]"
contact_implicit_mpc_baseline,stress_sweep,5,2002,1.00,0,0.57708,0.09375,0.87500,0.21094,0.00000,1.00000,0.56250,0.00000,0.00000,0.26562,0.00000,0.00000,0.03003,47.95022,"0:b(0.033,-0.081):p0.00:e[none];10:b(0.033,-0.081):p0.00:e[pusher_block_a];20:b(0.033,-0.081):p0.00:e[pusher_block_a];30:b(0.033,-0.081):p0.00:e[pusher_block_a];40:b(0.033,-0.081):p0.00:e[pusher_block_a];50:b(0.033,-0.081):p0.00:e[pusher_block_a,block_a_fixture];60:b(0.033,-0.081):p0.00:e[pusher_block_a];63:b(0.033,-0.081):p0.00:e[pusher_block_a,block_a_fixture]"
topology_world_model,stress_sweep,5,2002,1.00,0,0.14583,0.02604,0.96875,0.18164,0.06250,1.00000,0.00000,0.00000,0.00000,0.01562,0.06250,0.00000,0.03003,137.29465,"0:b(0.033,-0.081):p0.00:e[none];10:b(0.033,-0.081):p0.00:e[pusher_block_a];20:b(0.033,-0.081):p0.00:e[block_a_wall];30:b(0.033,-0.081):p0.00:e[none];40:b(0.033,-0.081):p0.00:e[none];50:b(0.033,-0.081):p0.00:e[none];60:b(0.033,-0.081):p0.00:e[none];63:b(0.033,-0.081):p0.00:e[none]"
oracle_topology_planner,stress_sweep,5,2002,1.00,0,1.00000,1.00000,1.00000,0.00000,1.00000,1.00000,0.00000,0.07812,0.01562,0.01562,0.07812,1.03926,0.31059,98.92731,"0:b(0.033,-0.081):p0.00:e[none];10:b(0.450,-0.341):p1.05:e[pusher_block_a];20:b(0.450,-0.399):p1.05:e[none];30:b(0.448,-0.345):p1.05:e[none];40:b(0.447,-0.284):p1.04:e[none];50:b(0.446,-0.235):p1.04:e[block_b_pocket];60:b(0.446,-0.379):p1.04:e[none];63:b(0.446,-0.362):p1.04:e[none]"
pairwise_contact_classifier,stress_sweep,5,2003,1.00,0,0.43281,0.05729,0.19740,0.34961,0.04688,0.00000,0.82812,0.00000,0.00000,0.92188,0.00000,0.00000,0.01877,51.54943,"0:b(0.037,-0.058):p0.00:e[none];10:b(0.037,-0.058):p0.00:e[pusher_block_a,block_a_fixture];20:b(0.037,-0.058):p0.00:e[pusher_block_a,block_a_fixture];30:b(0.037,-0.058):p0.00:e[pusher_block_a,block_a_fixture];40:b(0.037,-0.058):p0.00:e[pusher_block_a,block_a_fixture];50:b(0.037,-0.058):p0.00:e[pusher_block_a,block_a_fixture];60:b(0.037,-0.058):p0.00:e[pusher_block_a,block_a_fixture];63:b(0.037,-0.058):p0.00:e[pusher_block_a,block_a_fixture]"
ensemble_uncertainty_planner,stress_sweep,5,2003,1.00,0,0.05990,0.06250,0.14583,0.24414,0.90625,0.00000,0.00000,0.01562,0.00000,0.01562,0.03125,0.84508,0.32915,11.14806,"0:b(0.037,-0.058):p0.00:e[none];10:b(0.371,-0.352):p0.85:e[pusher_block_a];20:b(0.370,-0.329):p0.85:e[pusher_block_a];30:b(0.370,-0.356):p0.85:e[pusher_block_a];40:b(0.369,-0.378):p0.85:e[pusher_block_a];50:b(0.369,-0.397):p0.85:e[pusher_block_a];60:b(0.369,-0.407):p0.85:e[pusher_block_a];63:b(0.369,-0.406):p0.85:e[pusher_block_a]"
contact_implicit_mpc_baseline,stress_sweep,5,2003,1.00,0,0.49740,0.03385,0.96875,0.24414,0.00000,1.00000,0.00000,0.00000,0.00000,0.00000,0.00000,0.00000,0.01877,49.89916,"0:b(0.037,-0.058):p0.00:e[none];10:b(0.037,-0.058):p0.00:e[pusher_block_a];20:b(0.037,-0.058):p0.00:e[pusher_block_a];30:b(0.037,-0.058):p0.00:e[pusher_block_a];40:b(0.037,-0.058):p0.00:e[pusher_block_a];50:b(0.037,-0.058):p0.00:e[pusher_block_a];60:b(0.037,-0.058):p0.00:e[pusher_block_a];63:b(0.037,-0.058):p0.00:e[pusher_block_a]"
topology_world_model,stress_sweep,5,2003,1.00,0,0.50417,0.06771,0.21652,0.26562,0.64062,0.00000,0.84375,0.01562,0.00000,0.89062,0.01562,0.78216,0.24830,49.87873,"0:b(0.037,-0.058):p0.00:e[none];10:b(0.037,-0.058):p0.00:e[pusher_block_a,block_a_fixture];20:b(0.037,-0.058):p0.00:e[pusher_block_a,block_a_fixture];30:b(0.154,-0.192):p0.30:e[pusher_block_a,block_a_fixture];40:b(0.325,-0.389):p0.73:e[pusher_block_a,block_a_fixture];50:b(0.345,-0.373):p0.78:e[pusher_block_a,block_a_fixture];60:b(0.345,-0.335):p0.78:e[pusher_block_a,block_a_fixture];63:b(0.344,-0.325):p0.78:e[pusher_block_a,block_a_fixture]"
oracle_topology_planner,stress_sweep,5,2003,1.00,0,1.00000,1.00000,1.00000,0.00000,1.00000,1.00000,0.00000,0.20312,0.17188,0.00000,0.00000,0.78073,0.01926,92.81967,"0:b(0.037,-0.058):p0.00:e[none];10:b(0.366,-0.111):p0.84:e[block_a_block_b,block_b_pocket];20:b(0.355,-0.096):p0.81:e[none];30:b(0.352,-0.096):p0.80:e[none];40:b(0.349,-0.096):p0.79:e[none];50:b(0.346,-0.096):p0.79:e[none];60:b(0.344,-0.096):p0.78:e[none];63:b(0.344,-0.096):p0.78:e[none]"
pairwise_contact_classifier,stress_sweep,5,2004,1.00,0,0.13281,0.04688,0.95312,0.16797,0.06250,1.00000,0.00000,0.00000,0.00000,0.00000,0.03125,0.00000,0.02171,137.68419,"0:b(0.047,-0.116):p0.00:e[none];10:b(0.047,-0.116):p0.00:e[pusher_block_a];20:b(0.047,-0.116):p0.00:e[none];30:b(0.047,-0.116):p0.00:e[none];40:b(0.047,-0.116):p0.00:e[none];50:b(0.047,-0.116):p0.00:e[none];60:b(0.047,-0.116):p0.00:e[none];63:b(0.047,-0.116):p0.00:e[none]"
ensemble_uncertainty_planner,stress_sweep,5,2004,1.00,0,0.14062,0.13542,0.85417,0.15039,0.07812,1.00000,0.00000,0.00000,0.00000,0.00000,0.04688,0.00000,0.02171,137.07563,"0:b(0.047,-0.116):p0.00:e[none];10:b(0.047,-0.116):p0.00:e[pusher_block_a];20:b(0.047,-0.116):p0.00:e[none];30:b(0.047,-0.116):p0.00:e[none];40:b(0.047,-0.116):p0.00:e[none];50:b(0.047,-0.116):p0.00:e[none];60:b(0.047,-0.116):p0.00:e[none];63:b(0.047,-0.116):p0.00:e[none]"
contact_implicit_mpc_baseline,stress_sweep,5,2004,1.00,0,0.10156,0.01042,0.94792,0.14844,0.03125,1.00000,0.00000,0.00000,0.00000,0.00000,0.03125,0.00000,0.02171,138.00004,"0:b(0.047,-0.116):p0.00:e[none];10:b(0.047,-0.116):p0.00:e[pusher_block_a];20:b(0.047,-0.116):p0.00:e[none];30:b(0.047,-0.116):p0.00:e[none];40:b(0.047,-0.116):p0.00:e[none];50:b(0.047,-0.116):p0.00:e[none];60:b(0.047,-0.116):p0.00:e[none];63:b(0.047,-0.116):p0.00:e[none]"
topology_world_model,stress_sweep,5,2004,1.00,0,0.14062,0.05208,0.90625,0.20703,0.06250,0.00000,0.00000,0.00000,0.00000,0.01562,0.07812,0.00000,0.02171,135.62589,"0:b(0.047,-0.116):p0.00:e[none];10:b(0.047,-0.116):p0.00:e[pusher_block_a];20:b(0.047,-0.116):p0.00:e[none];30:b(0.047,-0.116):p0.00:e[none];40:b(0.047,-0.116):p0.00:e[block_a_wall];50:b(0.047,-0.116):p0.00:e[pusher_block_a];60:b(0.047,-0.116):p0.00:e[none];63:b(0.047,-0.116):p0.00:e[none]"
oracle_topology_planner,stress_sweep,5,2004,1.00,0,1.00000,1.00000,1.00000,0.00000,1.00000,1.00000,0.00000,0.01562,0.10938,0.00000,0.01562,1.01259,0.38932,11.62451,"0:b(0.047,-0.116):p0.00:e[none];10:b(0.450,-0.118):p1.05:e[pusher_block_b,block_b_pocket];20:b(0.449,0.403):p1.05:e[none];30:b(0.445,0.356):p1.04:e[none];40:b(0.441,0.317):p1.03:e[none];50:b(0.438,0.285):p1.02:e[none];60:b(0.435,0.259):p1.01:e[none];63:b(0.435,0.252):p1.01:e[none]"
pairwise_contact_classifier,stress_sweep,6,2000,1.00,0,0.35052,0.04167,0.97917,0.21680,0.12500,0.00000,0.62500,0.00000,0.00000,0.17188,0.03125,0.00000,0.24758,82.39059,"0:b(0.029,-0.071):p0.00:e[none];10:b(0.029,-0.071):p0.00:e[pusher_block_a];20:b(0.029,-0.071):p0.00:e[pusher_block_a];30:b(-0.030,-0.138):p0.00:e[pusher_block_a,block_a_fixture];40:b(-0.229,-0.364):p0.00:e[none];50:b(-0.270,-0.385):p0.00:e[none];60:b(-0.269,-0.356):p0.00:e[none];63:b(-0.269,-0.349):p0.00:e[none]"
ensemble_uncertainty_planner,stress_sweep,6,2000,1.00,0,0.57344,0.29167,0.93229,0.12891,0.45312,0.00000,0.68750,0.01562,0.00000,0.23438,0.03125,0.00000,0.26703,78.07961,"0:b(0.029,-0.071):p0.00:e[none];10:b(0.029,-0.071):p0.00:e[pusher_block_a,block_a_fixture];20:b(0.029,-0.071):p0.00:e[pusher_block_a,block_a_fixture];30:b(-0.056,-0.168):p0.00:e[pusher_block_a];40:b(-0.205,-0.337):p0.00:e[none];50:b(-0.269,-0.397):p0.00:e[none];60:b(-0.269,-0.374):p0.00:e[none];63:b(-0.269,-0.368):p0.00:e[pusher_block_a]"
contact_implicit_mpc_baseline,stress_sweep,6,2000,1.00,0,0.59948,0.27552,0.66146,0.19922,0.01562,1.00000,0.68750,0.00000,0.00000,0.37500,0.00000,0.00000,0.03061,54.54733,"0:b(0.029,-0.071):p0.00:e[none];10:b(0.029,-0.071):p0.00:e[pusher_block_a,block_a_fixture];20:b(0.029,-0.071):p0.00:e[pusher_block_a,block_a_fixture];30:b(0.029,-0.071):p0.00:e[pusher_block_a,block_a_fixture];40:b(0.029,-0.071):p0.00:e[pusher_block_a,block_a_fixture];50:b(0.029,-0.071):p0.00:e[pusher_block_a,block_a_fixture];60:b(0.029,-0.071):p0.00:e[pusher_block_a,block_a_fixture];63:b(0.029,-0.071):p0.00:e[pusher_block_a,block_a_fixture]"
topology_world_model,stress_sweep,6,2000,1.00,0,0.31458,0.10417,0.86458,0.18945,0.09375,0.00000,0.00000,0.01562,0.00000,0.07812,0.07812,0.20673,0.15317,105.51171,"0:b(0.029,-0.071):p0.00:e[none];10:b(0.069,-0.210):p0.10:e[pusher_block_a,block_a_fixture];20:b(0.118,-0.388):p0.22:e[pusher_block_a,block_a_fixture];30:b(0.116,-0.347):p0.22:e[none];40:b(0.115,-0.312):p0.21:e[none];50:b(0.113,-0.284):p0.21:e[none];60:b(0.112,-0.261):p0.21:e[none];63:b(0.112,-0.255):p0.21:e[none]"
oracle_topology_planner,stress_sweep,6,2000,1.00,0,1.00000,1.00000,1.00000,0.00000,1.00000,1.00000,0.00000,0.00000,0.12500,0.00000,0.00000,0.00000,0.30427,11.20862,"0:b(0.029,-0.071):p0.00:e[none];10:b(0.359,-0.122):p0.82:e[pusher_block_b,block_b_pocket];20:b(0.281,-0.194):p0.63:e[none];30:b(0.183,-0.259):p0.38:e[none];40:b(0.102,-0.314):p0.18:e[none];50:b(0.035,-0.359):p0.01:e[none];60:b(-0.021,-0.396):p0.00:e[none];63:b(-0.036,-0.406):p0.00:e[none]"
pairwise_contact_classifier,stress_sweep,6,2001,1.00,0,0.51510,0.04167,0.92969,0.23242,0.14062,0.00000,0.60938,0.01562,0.00000,0.12500,0.03125,0.26666,0.16279,27.44385,"0:b(0.029,-0.100):p0.00:e[none];10:b(0.029,-0.100):p0.00:e[pusher_block_a,block_a_fixture];20:b(0.029,-0.100):p0.00:e[pusher_block_a];30:b(0.201,-0.409):p0.43:e[pusher_block_a,block_b_wall];40:b(0.185,-0.280):p0.39:e[pusher_block_a];50:b(0.161,-0.274):p0.33:e[pusher_block_a];60:b(0.142,-0.269):p0.28:e[pusher_block_a];63:b(0.136,-0.268):p0.27:e[pusher_block_a]"
ensemble_uncertainty_planner,stress_sweep,6,2001,1.00,0,0.58177,0.06250,0.86667,0.15430,0.14062,0.00000,0.00000,0.01562,0.00000,0.07812,0.03125,0.12710,0.16756,18.31978,"0:b(0.029,-0.100):p0.00:e[none];10:b(0.029,-0.100):p0.00:e[pusher_block_a,block_a_fixture];20:b(0.199,-0.368):p0.42:e[pusher_block_a];30:b(0.172,-0.281):p0.36:e[pusher_block_a];40:b(0.138,-0.278):p0.27:e[pusher_block_a];50:b(0.110,-0.275):p0.20:e[pusher_block_a];60:b(0.087,-0.273):p0.14:e[pusher_block_a];63:b(0.080,-0.272):p0.13:e[pusher_block_a]"
contact_implicit_mpc_baseline,stress_sweep,6,2001,1.00,0,0.74479,0.50000,0.78646,0.09180,0.26562,1.00000,0.54688,0.00000,0.00000,0.23438,0.00000,0.00000,0.00461,51.41800,"0:b(0.029,-0.100):p0.00:e[none];10:b(0.029,-0.100):p0.00:e[pusher_block_a];20:b(0.029,-0.100):p0.00:e[pusher_block_a];30:b(0.029,-0.100):p0.00:e[pusher_block_a];40:b(0.029,-0.100):p0.00:e[pusher_block_a];50:b(0.029,-0.100):p0.00:e[pusher_block_a];60:b(0.029,-0.100):p0.00:e[pusher_block_a];63:b(0.029,-0.100):p0.00:e[pusher_block_a]"
topology_world_model,stress_sweep,6,2001,1.00,0,0.54271,0.04688,0.96354,0.22266,0.03125,0.00000,0.00000,0.01562,0.00000,0.04688,0.00000,0.36617,0.22026,15.40607,"0:b(0.029,-0.100):p0.00:e[none];10:b(0.029,-0.100):p0.00:e[pusher_block_a];20:b(0.175,-0.394):p0.36:e[pusher_block_a];30:b(0.176,-0.373):p0.36:e[pusher_block_a];40:b(0.176,-0.355):p0.37:e[pusher_block_a];50:b(0.176,-0.340):p0.37:e[pusher_block_a];60:b(0.176,-0.328):p0.37:e[pusher_block_a];63:b(0.176,-0.325):p0.37:e[pusher_block_a]"
oracle_topology_planner,stress_sweep,6,2001,1.00,0,1.00000,1.00000,1.00000,0.00000,1.00000,1.00000,0.00000,0.03125,0.07812,0.01562,0.00000,0.72295,0.16966,11.80598,"0:b(0.029,-0.100):p0.00:e[none];10:b(0.357,-0.153):p0.82:e[block_b_pocket];20:b(0.346,-0.188):p0.79:e[none];30:b(0.357,-0.231):p0.82:e[none];40:b(0.343,-0.248):p0.78:e[none];50:b(0.331,-0.261):p0.75:e[none];60:b(0.322,-0.272):p0.73:e[none];63:b(0.319,-0.274):p0.72:e[none]"
pairwise_contact_classifier,stress_sweep,6,2002,1.00,0,0.19271,0.03646,0.92708,0.18555,0.18750,0.00000,0.00000,0.00000,0.00000,0.09375,0.04688,1.05128,0.26578,31.56127,"0:b(0.040,-0.076):p0.00:e[none];10:b(0.040,-0.076):p0.00:e[pusher_block_a];20:b(0.040,-0.076):p0.00:e[pusher_block_a,block_a_fixture];30:b(0.450,-0.381):p1.05:e[none];40:b(0.450,-0.257):p1.05:e[none];50:b(0.450,-0.282):p1.05:e[block_a_wall];60:b(0.450,-0.302):p1.05:e[none];63:b(0.450,-0.308):p1.05:e[none]"
ensemble_uncertainty_planner,stress_sweep,6,2002,1.00,0,0.72917,0.35417,0.94792,0.09961,0.43750,0.00000,0.57812,0.00000,0.00000,0.17188,0.01562,0.00000,0.31411,44.75130,"0:b(0.040,-0.076):p0.00:e[none];10:b(0.040,-0.076):p0.00:e[pusher_block_a];20:b(0.040,-0.076):p0.00:e[pusher_block_a,block_a_fixture];30:b(0.040,-0.076):p0.00:e[pusher_block_a];40:b(-0.138,-0.287):p0.00:e[pusher_block_a];50:b(-0.243,-0.398):p0.00:e[pusher_block_a];60:b(-0.242,-0.365):p0.00:e[pusher_block_a];63:b(-0.242,-0.356):p0.00:e[pusher_block_a]"
contact_implicit_mpc_baseline,stress_sweep,6,2002,1.00,0,0.55729,0.16146,0.75000,0.21680,0.01562,1.00000,0.56250,0.00000,0.00000,0.23438,0.00000,0.00000,0.03426,52.21645,"0:b(0.040,-0.076):p0.00:e[none];10:b(0.040,-0.076):p0.00:e[pusher_block_a];20:b(0.040,-0.076):p0.00:e[pusher_block_a,block_a_fixture];30:b(0.040,-0.076):p0.00:e[pusher_block_a];40:b(0.040,-0.076):p0.00:e[pusher_block_a,block_a_fixture];50:b(0.040,-0.076):p0.00:e[pusher_block_a];60:b(0.040,-0.076):p0.00:e[pusher_block_a,block_a_fixture];63:b(0.040,-0.076):p0.00:e[pusher_block_a]"
topology_world_model,stress_sweep,6,2002,1.00,0,0.64583,0.04167,0.99479,0.14453,0.09375,0.00000,0.00000,0.00000,0.00000,0.04688,0.01562,0.00000,0.28147,23.06609,"0:b(0.040,-0.076):p0.00:e[none];10:b(-0.034,-0.163):p0.00:e[pusher_block_a];20:b(-0.182,-0.339):p0.00:e[pusher_block_a];30:b(-0.242,-0.394):p0.00:e[pusher_block_a];40:b(-0.241,-0.368):p0.00:e[pusher_block_a];50:b(-0.241,-0.346):p0.00:e[pusher_block_a];60:b(-0.240,-0.328):p0.00:e[pusher_block_a];63:b(-0.240,-0.323):p0.00:e[pusher_block_a]"
oracle_topology_planner,stress_sweep,6,2002,1.00,0,1.00000,1.00000,1.00000,0.00000,1.00000,1.00000,0.00000,0.15625,0.15625,0.01562,0.00000,0.76901,0.05731,11.03534,"0:b(0.040,-0.076):p0.00:e[none];10:b(0.358,-0.100):p0.82:e[block_a_block_b,block_b_pocket];20:b(0.354,-0.099):p0.81:e[none];30:b(0.350,-0.099):p0.79:e[none];40:b(0.346,-0.099):p0.79:e[none];50:b(0.343,-0.099):p0.78:e[none];60:b(0.341,-0.099):p0.77:e[none];63:b(0.340,-0.099):p0.77:e[none]"
pairwise_contact_classifier,stress_sweep,6,2003,1.00,0,0.26823,0.04167,0.96875,0.15430,0.04688,1.00000,0.00000,0.00000,0.00000,0.01562,0.01562,0.00000,0.06432,137.46274,"0:b(0.023,-0.112):p0.00:e[none];10:b(0.023,-0.112):p0.00:e[pusher_block_a];20:b(0.023,-0.112):p0.00:e[pusher_block_a];30:b(0.023,-0.112):p0.00:e[none];40:b(0.023,-0.112):p0.00:e[none];50:b(0.023,-0.112):p0.00:e[none];60:b(0.023,-0.112):p0.00:e[none];63:b(0.023,-0.112):p0.00:e[none]"
ensemble_uncertainty_planner,stress_sweep,6,2003,1.00,0,0.10156,0.07812,0.71875,0.15820,0.31250,1.00000,0.00000,0.00000,0.00000,0.01562,0.01562,0.00000,0.06432,137.35005,"0:b(0.023,-0.112):p0.00:e[none];10:b(0.023,-0.112):p0.00:e[pusher_block_a];20:b(0.023,-0.112):p0.00:e[pusher_block_a];30:b(0.023,-0.112):p0.00:e[block_a_wall];40:b(0.023,-0.112):p0.00:e[none];50:b(0.023,-0.112):p0.00:e[none];60:b(0.023,-0.112):p0.00:e[none];63:b(0.023,-0.112):p0.00:e[none]"
contact_implicit_mpc_baseline,stress_sweep,6,2003,1.00,0,0.16094,0.04687,0.92188,0.14844,0.03125,1.00000,0.00000,0.00000,0.00000,0.01562,0.03125,0.00000,0.06432,134.03584,"0:b(0.023,-0.112):p0.00:e[none];10:b(0.023,-0.112):p0.00:e[pusher_block_a];20:b(0.023,-0.112):p0.00:e[none];30:b(0.023,-0.112):p0.00:e[none];40:b(0.023,-0.112):p0.00:e[none];50:b(0.023,-0.112):p0.00:e[none];60:b(0.023,-0.112):p0.00:e[none];63:b(0.023,-0.112):p0.00:e[none]"
topology_world_model,stress_sweep,6,2003,1.00,0,0.27865,0.06250,0.91667,0.19727,0.04688,1.00000,0.00000,0.00000,0.00000,0.01562,0.00000,0.00000,0.06432,136.79737,"0:b(0.023,-0.112):p0.00:e[none];10:b(0.023,-0.112):p0.00:e[pusher_block_a];20:b(0.023,-0.112):p0.00:e[pusher_block_a];30:b(0.023,-0.112):p0.00:e[none];40:b(0.023,-0.112):p0.00:e[pusher_block_a];50:b(0.023,-0.112):p0.00:e[none];60:b(0.023,-0.112):p0.00:e[none];63:b(0.023,-0.112):p0.00:e[none]"
oracle_topology_planner,stress_sweep,6,2003,1.00,0,1.00000,1.00000,1.00000,0.00000,1.00000,1.00000,0.00000,0.03125,0.28125,0.01562,0.04688,1.03022,0.27161,102.81878,"0:b(0.023,-0.112):p0.00:e[none];10:b(0.450,-0.141):p1.05:e[pusher_block_b,block_a_block_b,block_b_pocket];20:b(0.450,-0.143):p1.05:e[block_b_pocket];30:b(0.450,-0.413):p1.05:e[block_b_wall];40:b(0.444,-0.286):p1.04:e[none];50:b(0.442,-0.413):p1.03:e[block_b_wall];60:b(0.442,-0.339):p1.03:e[none];63:b(0.442,-0.319):p1.03:e[none]"
pairwise_contact_classifier,stress_sweep,6,2004,1.00,0,0.53281,0.08854,0.90625,0.22266,0.12500,0.00000,0.00000,0.04688,0.00000,0.09375,0.01562,0.71455,0.34820,29.50975,"0:b(0.042,-0.087):p0.00:e[none];10:b(0.042,-0.087):p0.00:e[pusher_block_a];20:b(0.042,-0.087):p0.00:e[pusher_block_a];30:b(0.266,-0.360):p0.58:e[pusher_block_a];40:b(0.320,-0.325):p0.72:e[pusher_block_a];50:b(0.319,-0.351):p0.71:e[pusher_block_a];60:b(0.319,-0.372):p0.71:e[pusher_block_a];63:b(0.319,-0.378):p0.71:e[pusher_block_a]"
ensemble_uncertainty_planner,stress_sweep,6,2004,1.00,0,0.37604,0.16667,0.52292,0.18750,0.57812,0.00000,0.60938,0.04688,0.00000,0.14062,0.03125,0.61466,0.34724,31.15984,"0:b(0.042,-0.087):p0.00:e[none];10:b(0.042,-0.087):p0.00:e[pusher_block_a];20:b(0.042,-0.087):p0.00:e[pusher_block_a];30:b(0.042,-0.087):p0.00:e[pusher_block_a];40:b(0.282,-0.328):p0.62:e[pusher_block_a];50:b(0.281,-0.344):p0.62:e[pusher_block_a];60:b(0.281,-0.370):p0.61:e[pusher_block_a];63:b(0.281,-0.377):p0.61:e[pusher_block_a]"
contact_implicit_mpc_baseline,stress_sweep,6,2004,1.00,0,0.57135,0.11719,0.85938,0.21094,0.01562,1.00000,0.57812,0.00000,0.00000,0.28125,0.00000,0.00000,0.05745,48.51293,"0:b(0.042,-0.087):p0.00:e[none];10:b(0.042,-0.087):p0.00:e[pusher_block_a];20:b(0.042,-0.087):p0.00:e[pusher_block_a,block_a_fixture];30:b(0.042,-0.087):p0.00:e[pusher_block_a];40:b(0.042,-0.087):p0.00:e[pusher_block_a];50:b(0.042,-0.087):p0.00:e[pusher_block_a];60:b(0.042,-0.087):p0.00:e[pusher_block_a];63:b(0.042,-0.087):p0.00:e[pusher_block_a,block_a_fixture]"
topology_world_model,stress_sweep,6,2004,1.00,0,0.27448,0.05469,0.95312,0.18164,0.10938,0.00000,0.00000,0.00000,0.00000,0.06250,0.04688,0.00000,0.26209,115.41036,"0:b(0.042,-0.087):p0.00:e[none];10:b(0.036,-0.094):p0.00:e[pusher_block_a];20:b(-0.148,-0.290):p0.00:e[pusher_block_a];30:b(-0.262,-0.400):p0.00:e[none];40:b(-0.261,-0.360):p0.00:e[none];50:b(-0.261,-0.327):p0.00:e[none];60:b(-0.260,-0.299):p0.00:e[none];63:b(-0.260,-0.292):p0.00:e[none]"
oracle_topology_planner,stress_sweep,6,2004,1.00,0,1.00000,1.00000,1.00000,0.00000,1.00000,1.00000,0.00000,0.04688,0.12500,0.00000,0.03125,0.60402,0.18966,11.68547,"0:b(0.042,-0.087):p0.00:e[none];10:b(0.357,-0.219):p0.81:e[pusher_block_b,block_b_pocket];20:b(0.342,-0.214):p0.77:e[none];30:b(0.321,-0.216):p0.72:e[none];40:b(0.305,-0.217):p0.68:e[none];50:b(0.291,-0.218):p0.64:e[none];60:b(0.280,-0.219):p0.61:e[none];63:b(0.277,-0.219):p0.60:e[none]"
