method,split,seed,episode,stress_level,success,edge_f1,birth_f1,death_f1,graph_edit,component_accuracy,jam_f1,safety_violation_rate,chain_contact_rate,pocket_contact_rate,fixture_contact_rate,wall_contact_rate,final_progress,final_y_error,energy,trajectory_samples
topology_full,combined_stress,0,1000,,0,0.51354,0.03125,0.15104,0.24805,0.95312,0.00000,0.85938,0.04688,0.03125,0.95312,0.00000,0.64454,0.02963,28.59982,"0:b(0.035,-0.035):p0.00:e[none];10:b(0.303,-0.035):p0.68:e[pusher_block_a,block_a_fixture];20:b(0.196,-0.035):p0.41:e[pusher_block_a,block_a_fixture];30:b(0.241,-0.035):p0.52:e[pusher_block_a,block_a_fixture];40:b(0.355,-0.035):p0.81:e[pusher_block_a,block_a_fixture];50:b(0.323,-0.035):p0.73:e[pusher_block_a,block_a_fixture];60:b(0.297,-0.035):p0.66:e[pusher_block_a,block_a_fixture];63:b(0.290,-0.035):p0.64:e[pusher_block_a,block_a_fixture]"
topology_no_birth_death,combined_stress,0,1000,,0,0.51771,0.06771,0.13542,0.24609,0.96875,0.00000,0.85938,0.04688,0.03125,0.95312,0.00000,0.67601,0.03094,28.61331,"0:b(0.035,-0.035):p0.00:e[none];10:b(0.303,-0.036):p0.68:e[pusher_block_a,block_a_fixture];20:b(0.196,-0.036):p0.41:e[pusher_block_a,block_a_fixture];30:b(0.239,-0.035):p0.52:e[pusher_block_a,block_a_fixture];40:b(0.356,-0.034):p0.81:e[pusher_block_a,block_a_fixture];50:b(0.330,-0.034):p0.75:e[pusher_block_a,block_a_fixture];60:b(0.308,-0.034):p0.69:e[pusher_block_a,block_a_fixture];63:b(0.302,-0.034):p0.68:e[pusher_block_a,block_a_fixture]"
topology_no_component_head,combined_stress,0,1000,,0,0.60052,0.05729,0.12500,0.25000,0.93750,0.92308,0.85938,0.64062,0.56250,0.37500,0.00000,0.81696,0.03866,24.07667,"0:b(0.035,-0.035):p0.00:e[none];10:b(0.303,-0.035):p0.68:e[pusher_block_a,block_a_fixture];20:b(0.197,-0.035):p0.41:e[pusher_block_a,block_a_fixture];30:b(0.366,-0.103):p0.84:e[pusher_block_a,block_a_block_b,block_b_pocket];40:b(0.358,-0.103):p0.82:e[pusher_block_a,block_a_block_b,block_b_pocket];50:b(0.358,-0.103):p0.82:e[pusher_block_a,block_a_block_b,block_b_pocket];60:b(0.358,-0.103):p0.82:e[pusher_block_a,block_a_block_b,block_b_pocket];63:b(0.358,-0.103):p0.82:e[pusher_block_a,block_a_block_b,block_b_pocket]"
topology_no_jam_slip,combined_stress,0,1000,,0,0.64271,0.03125,0.14062,0.24414,0.95312,0.94624,0.85938,0.81250,0.79688,0.14062,0.00000,0.81696,0.00293,16.13507,"0:b(0.035,-0.035):p0.00:e[none];10:b(0.304,-0.037):p0.68:e[pusher_block_a,block_a_fixture];20:b(0.358,-0.067):p0.82:e[pusher_block_a,block_a_block_b,block_b_pocket];30:b(0.358,-0.067):p0.82:e[pusher_block_a,block_a_block_b,block_b_pocket];40:b(0.358,-0.068):p0.82:e[pusher_block_a,block_a_block_b,block_b_pocket];50:b(0.358,-0.068):p0.82:e[pusher_block_a,block_a_block_b,block_b_pocket];60:b(0.358,-0.068):p0.82:e[pusher_block_a,block_a_block_b,block_b_pocket];63:b(0.358,-0.068):p0.82:e[pusher_block_a,block_a_block_b,block_b_pocket]"
topology_no_topology_planner,combined_stress,0,1000,,0,0.51354,0.04688,0.14271,0.24805,0.95312,0.00000,0.85938,0.04688,0.03125,0.95312,0.00000,0.78517,0.02947,28.54696,"0:b(0.035,-0.035):p0.00:e[none];10:b(0.304,-0.035):p0.68:e[pusher_block_a,block_a_fixture];20:b(0.199,-0.035):p0.41:e[pusher_block_a,block_a_fixture];30:b(0.233,-0.035):p0.50:e[pusher_block_a,block_a_fixture];40:b(0.357,-0.035):p0.82:e[pusher_block_a,block_a_fixture,block_b_pocket];50:b(0.351,-0.035):p0.80:e[pusher_block_a,block_a_fixture];60:b(0.347,-0.035):p0.79:e[pusher_block_a,block_a_fixture];63:b(0.345,-0.035):p0.79:e[pusher_block_a,block_a_fixture]"
topology_no_uncertainty_penalty,combined_stress,0,1000,,0,0.51354,0.05208,0.19271,0.24805,0.95312,0.00000,0.85938,0.04688,0.03125,0.95312,0.00000,0.72152,0.02764,28.58059,"0:b(0.035,-0.035):p0.00:e[none];10:b(0.304,-0.035):p0.68:e[pusher_block_a,block_a_fixture];20:b(0.197,-0.035):p0.41:e[pusher_block_a,block_a_fixture];30:b(0.237,-0.036):p0.51:e[pusher_block_a,block_a_fixture];40:b(0.357,-0.037):p0.81:e[pusher_block_a,block_a_fixture];50:b(0.339,-0.037):p0.77:e[pusher_block_a,block_a_fixture];60:b(0.324,-0.037):p0.73:e[pusher_block_a,block_a_fixture];63:b(0.320,-0.037):p0.72:e[pusher_block_a,block_a_fixture]"
topology_full,combined_stress,0,1001,,1,0.67000,0.10000,0.30000,0.22500,0.90000,0.25000,0.00000,0.85000,0.75000,0.00000,0.00000,0.82586,0.06636,10.71154,"0:b(0.015,-0.037):p0.00:e[none];10:b(0.358,-0.091):p0.83:e[pusher_block_a,block_a_block_b,block_b_pocket]"
topology_no_birth_death,combined_stress,0,1001,,1,0.62333,0.18333,0.32500,0.24375,0.80000,0.25000,0.00000,0.85000,0.75000,0.00000,0.00000,0.82586,0.06519,10.68368,"0:b(0.015,-0.037):p0.00:e[none];10:b(0.358,-0.089):p0.83:e[pusher_block_a,block_a_block_b,block_b_pocket]"
topology_no_component_head,combined_stress,0,1001,,1,0.67000,0.10000,0.30000,0.22500,0.90000,0.25000,0.00000,0.85000,0.75000,0.00000,0.00000,0.82586,0.06814,10.75828,"0:b(0.015,-0.037):p0.00:e[none];10:b(0.358,-0.092):p0.83:e[pusher_block_a,block_a_block_b,block_b_pocket]"
topology_no_jam_slip,combined_stress,0,1001,,1,0.67000,0.10000,0.25000,0.22500,0.90000,0.25000,0.00000,0.85000,0.75000,0.00000,0.00000,0.82586,0.06690,10.68787,"0:b(0.015,-0.037):p0.00:e[none];10:b(0.358,-0.091):p0.83:e[pusher_block_a,block_a_block_b,block_b_pocket]"
topology_no_topology_planner,combined_stress,0,1001,,1,0.67000,0.16667,0.25000,0.22500,0.90000,0.25000,0.00000,0.85000,0.75000,0.00000,0.00000,0.82586,0.06549,10.64033,"0:b(0.015,-0.037):p0.00:e[none];10:b(0.358,-0.090):p0.83:e[pusher_block_a,block_a_block_b,block_b_pocket]"
topology_no_uncertainty_penalty,combined_stress,0,1001,,1,0.67000,0.10000,0.33333,0.22500,0.90000,0.25000,0.00000,0.85000,0.75000,0.00000,0.00000,0.82586,0.06854,10.74861,"0:b(0.015,-0.037):p0.00:e[none];10:b(0.358,-0.093):p0.83:e[pusher_block_a,block_a_block_b,block_b_pocket]"
topology_full,combined_stress,0,1002,,1,0.65667,0.13333,0.23333,0.23750,0.90000,0.25000,0.00000,0.90000,0.75000,0.05000,0.00000,0.82229,0.01509,10.35038,"0:b(0.023,-0.023):p0.00:e[none];10:b(0.358,-0.068):p0.82:e[pusher_block_a,block_a_block_b,block_b_pocket]"
topology_no_birth_death,combined_stress,0,1002,,1,0.61000,0.10000,0.26667,0.25625,0.80000,0.25000,0.00000,0.90000,0.75000,0.05000,0.00000,0.82229,0.01705,10.30495,"0:b(0.023,-0.023):p0.00:e[none];10:b(0.358,-0.070):p0.82:e[pusher_block_a,block_a_block_b,block_b_pocket]"
topology_no_component_head,combined_stress,0,1002,,1,0.64333,0.10000,0.23333,0.24375,0.85000,0.26667,0.00000,0.90000,0.75000,0.05000,0.00000,0.82229,0.01565,10.28535,"0:b(0.023,-0.023):p0.00:e[none];10:b(0.358,-0.068):p0.82:e[pusher_block_a,block_a_block_b,block_b_pocket]"
topology_no_jam_slip,combined_stress,0,1002,,1,0.65667,0.10000,0.21667,0.23750,0.90000,0.25000,0.00000,0.90000,0.75000,0.05000,0.00000,0.82229,0.01361,10.30910,"0:b(0.023,-0.023):p0.00:e[none];10:b(0.358,-0.066):p0.82:e[pusher_block_a,block_a_block_b,block_b_pocket]"
topology_no_topology_planner,combined_stress,0,1002,,1,0.65667,0.10000,0.18333,0.23750,0.90000,0.25000,0.00000,0.90000,0.75000,0.05000,0.00000,0.82230,0.01550,10.32106,"0:b(0.023,-0.023):p0.00:e[none];10:b(0.358,-0.068):p0.82:e[pusher_block_a,block_a_block_b,block_b_pocket]"
topology_no_uncertainty_penalty,combined_stress,0,1002,,1,0.65667,0.10000,0.26667,0.23750,0.90000,0.25000,0.00000,0.90000,0.75000,0.05000,0.00000,0.82229,0.01391,10.32709,"0:b(0.023,-0.023):p0.00:e[none];10:b(0.358,-0.067):p0.82:e[pusher_block_a,block_a_block_b,block_b_pocket]"
topology_full,combined_stress,0,1003,,0,0.53698,0.03906,0.96875,0.22852,0.04688,0.00000,0.00000,0.00000,0.00000,0.01562,0.01562,0.68197,0.19496,14.37020,"0:b(0.018,-0.041):p0.00:e[none];10:b(0.290,-0.405):p0.66:e[pusher_block_a];20:b(0.301,-0.286):p0.69:e[pusher_block_a];30:b(0.299,-0.223):p0.68:e[pusher_block_a];40:b(0.299,-0.230):p0.68:e[pusher_block_a];50:b(0.299,-0.235):p0.68:e[pusher_block_a];60:b(0.299,-0.240):p0.68:e[pusher_block_a];63:b(0.299,-0.241):p0.68:e[pusher_block_a]"
topology_no_birth_death,combined_stress,0,1003,,0,0.51927,0.03125,0.76562,0.24023,0.48438,0.00000,0.75000,0.00000,0.00000,0.46875,0.00000,0.00000,0.00517,42.56127,"0:b(0.018,-0.041):p0.00:e[none];10:b(0.018,-0.041):p0.00:e[pusher_block_a];20:b(0.018,-0.041):p0.00:e[pusher_block_a,block_a_fixture];30:b(0.018,-0.041):p0.00:e[pusher_block_a];40:b(0.018,-0.041):p0.00:e[pusher_block_a,block_a_fixture];50:b(0.018,-0.041):p0.00:e[pusher_block_a];60:b(0.018,-0.041):p0.00:e[pusher_block_a,block_a_fixture];63:b(0.018,-0.041):p0.00:e[pusher_block_a]"
topology_no_component_head,combined_stress,0,1003,,0,0.53698,0.03125,0.95312,0.22852,0.04688,0.00000,0.00000,0.00000,0.00000,0.01562,0.01562,0.66696,0.19746,14.42700,"0:b(0.018,-0.041):p0.00:e[none];10:b(0.285,-0.399):p0.65:e[pusher_block_a];20:b(0.296,-0.322):p0.68:e[pusher_block_a];30:b(0.293,-0.240):p0.67:e[pusher_block_a];40:b(0.293,-0.228):p0.67:e[pusher_block_a];50:b(0.293,-0.235):p0.67:e[pusher_block_a];60:b(0.293,-0.242):p0.67:e[pusher_block_a];63:b(0.293,-0.244):p0.67:e[pusher_block_a]"
topology_no_jam_slip,combined_stress,0,1003,,0,0.53854,0.03125,0.95312,0.22656,0.07812,0.00000,0.00000,0.00000,0.00000,0.01562,0.01562,0.74238,0.18127,14.30720,"0:b(0.018,-0.041):p0.00:e[none];10:b(0.329,-0.422):p0.75:e[pusher_block_a,block_b_wall];20:b(0.325,-0.245):p0.74:e[pusher_block_a];30:b(0.324,-0.213):p0.74:e[pusher_block_a];40:b(0.324,-0.218):p0.74:e[pusher_block_a];50:b(0.324,-0.223):p0.74:e[pusher_block_a];60:b(0.324,-0.226):p0.74:e[pusher_block_a];63:b(0.324,-0.227):p0.74:e[pusher_block_a]"
topology_no_topology_planner,combined_stress,0,1003,,0,0.52812,0.03125,0.83854,0.24219,0.18750,0.00000,0.75000,0.01562,0.00000,0.26562,0.01562,0.69016,0.16277,33.82721,"0:b(0.018,-0.041):p0.00:e[none];10:b(0.018,-0.041):p0.00:e[pusher_block_a];20:b(0.018,-0.041):p0.00:e[pusher_block_a,block_a_fixture];30:b(0.018,-0.041):p0.00:e[pusher_block_a];40:b(0.234,-0.322):p0.52:e[pusher_block_a];50:b(0.306,-0.319):p0.70:e[pusher_block_a];60:b(0.303,-0.223):p0.69:e[pusher_block_a];63:b(0.302,-0.209):p0.69:e[pusher_block_a,pusher_block_b]"
topology_no_uncertainty_penalty,combined_stress,0,1003,,0,0.54062,0.03125,0.94271,0.22852,0.09375,0.00000,0.00000,0.00000,0.00000,0.06250,0.01562,0.78521,0.17255,15.83201,"0:b(0.018,-0.041):p0.00:e[none];10:b(0.051,-0.079):p0.08:e[pusher_block_a,pusher_block_b,block_a_fixture];20:b(0.341,-0.359):p0.78:e[pusher_block_a];30:b(0.339,-0.227):p0.78:e[pusher_block_a];40:b(0.339,-0.214):p0.78:e[pusher_block_a];50:b(0.340,-0.216):p0.78:e[pusher_block_a];60:b(0.341,-0.218):p0.78:e[pusher_block_a];63:b(0.342,-0.219):p0.79:e[pusher_block_a]"
topology_full,combined_stress,0,1004,,0,0.42448,0.03125,0.10417,0.35742,0.04688,0.00000,0.85938,0.00000,0.00000,0.95312,0.00000,0.00000,0.03550,37.82588,"0:b(0.045,-0.045):p0.00:e[none];10:b(0.045,-0.045):p0.00:e[pusher_block_a,block_a_fixture];20:b(0.045,-0.045):p0.00:e[pusher_block_a,block_a_fixture];30:b(0.045,-0.045):p0.00:e[pusher_block_a,block_a_fixture];40:b(0.045,-0.045):p0.00:e[pusher_block_a,block_a_fixture];50:b(0.045,-0.045):p0.00:e[pusher_block_a,block_a_fixture];60:b(0.045,-0.045):p0.00:e[pusher_block_a,block_a_fixture];63:b(0.045,-0.045):p0.00:e[pusher_block_a,block_a_fixture]"
topology_no_birth_death,combined_stress,0,1004,,0,0.42448,0.03125,0.10417,0.35742,0.04688,0.00000,0.85938,0.00000,0.00000,0.95312,0.00000,0.00000,0.03550,37.81635,"0:b(0.045,-0.045):p0.00:e[none];10:b(0.045,-0.045):p0.00:e[pusher_block_a,block_a_fixture];20:b(0.045,-0.045):p0.00:e[pusher_block_a,block_a_fixture];30:b(0.045,-0.045):p0.00:e[pusher_block_a,block_a_fixture];40:b(0.045,-0.045):p0.00:e[pusher_block_a,block_a_fixture];50:b(0.045,-0.045):p0.00:e[pusher_block_a,block_a_fixture];60:b(0.045,-0.045):p0.00:e[pusher_block_a,block_a_fixture];63:b(0.045,-0.045):p0.00:e[pusher_block_a,block_a_fixture]"
topology_no_component_head,combined_stress,0,1004,,0,0.35104,0.03906,0.27604,0.34961,0.04688,0.00000,0.85938,0.00000,0.00000,0.75000,0.03125,1.05194,0.30922,48.27658,"0:b(0.045,-0.045):p0.00:e[none];10:b(0.045,-0.045):p0.00:e[pusher_block_a,block_a_fixture];20:b(0.045,-0.045):p0.00:e[pusher_block_a,block_a_fixture];30:b(0.045,-0.045):p0.00:e[pusher_block_a,block_a_fixture];40:b(0.045,-0.045):p0.00:e[pusher_block_a,block_a_fixture];50:b(0.045,-0.045):p0.00:e[pusher_block_a,block_a_fixture];60:b(0.450,-0.411):p1.05:e[block_b_wall];63:b(0.450,-0.389):p1.05:e[none]"
topology_no_jam_slip,combined_stress,0,1004,,0,0.47396,0.04167,0.31771,0.31250,0.04688,0.00000,0.85938,0.01562,0.00000,0.76562,0.00000,0.53345,0.32137,26.96228,"0:b(0.045,-0.045):p0.00:e[none];10:b(0.045,-0.045):p0.00:e[pusher_block_a];20:b(0.045,-0.045):p0.00:e[pusher_block_a,block_a_fixture];30:b(0.045,-0.045):p0.00:e[pusher_block_a,block_a_fixture];40:b(0.045,-0.045):p0.00:e[pusher_block_a,block_a_fixture];50:b(0.045,-0.045):p0.00:e[pusher_block_a,block_a_fixture];60:b(0.239,-0.390):p0.50:e[pusher_block_a];63:b(0.250,-0.402):p0.53:e[pusher_block_a]"
topology_no_topology_planner,combined_stress,0,1004,,0,0.42604,0.07292,0.09896,0.35547,0.06250,0.00000,0.85938,0.00000,0.00000,0.95312,0.00000,0.00000,0.03550,37.76605,"0:b(0.045,-0.045):p0.00:e[none];10:b(0.045,-0.045):p0.00:e[pusher_block_a,block_a_fixture];20:b(0.045,-0.045):p0.00:e[pusher_block_a,block_a_fixture];30:b(0.045,-0.045):p0.00:e[pusher_block_a,block_a_fixture];40:b(0.045,-0.045):p0.00:e[pusher_block_a,block_a_fixture];50:b(0.045,-0.045):p0.00:e[pusher_block_a,block_a_fixture];60:b(0.045,-0.045):p0.00:e[pusher_block_a,block_a_fixture];63:b(0.045,-0.045):p0.00:e[pusher_block_a,block_a_fixture]"
topology_no_uncertainty_penalty,combined_stress,0,1004,,0,0.42448,0.03125,0.09115,0.35742,0.04688,0.00000,0.85938,0.00000,0.00000,0.95312,0.00000,0.00000,0.03550,31.80521,"0:b(0.045,-0.045):p0.00:e[none];10:b(0.045,-0.045):p0.00:e[pusher_block_a,block_a_fixture];20:b(0.045,-0.045):p0.00:e[pusher_block_a,block_a_fixture];30:b(0.045,-0.045):p0.00:e[pusher_block_a,block_a_fixture];40:b(0.045,-0.045):p0.00:e[pusher_block_a,block_a_fixture];50:b(0.045,-0.045):p0.00:e[pusher_block_a,block_a_fixture];60:b(0.045,-0.045):p0.00:e[pusher_block_a,block_a_fixture];63:b(0.045,-0.045):p0.00:e[pusher_block_a,block_a_fixture]"
topology_full,combined_stress,0,1005,,0,0.58021,0.09635,0.94792,0.20117,0.10938,0.00000,0.00000,0.01562,0.00000,0.06250,0.01562,0.81222,0.19022,14.53854,"0:b(0.035,-0.027):p0.00:e[none];10:b(0.338,-0.392):p0.77:e[pusher_block_a,block_a_fixture];20:b(0.358,-0.324):p0.82:e[pusher_block_a];30:b(0.357,-0.239):p0.81:e[pusher_block_a];40:b(0.356,-0.220):p0.81:e[pusher_block_a];50:b(0.356,-0.233):p0.81:e[pusher_block_a];60:b(0.356,-0.243):p0.81:e[pusher_block_a];63:b(0.356,-0.245):p0.81:e[pusher_block_a]"
topology_no_birth_death,combined_stress,0,1005,,0,0.55677,0.09635,0.92188,0.20898,0.10938,0.00000,0.00000,0.01562,0.00000,0.03125,0.01562,0.80974,0.18446,13.22848,"0:b(0.035,-0.027):p0.00:e[none];10:b(0.348,-0.404):p0.79:e[pusher_block_a];20:b(0.358,-0.326):p0.82:e[pusher_block_a];30:b(0.356,-0.247):p0.81:e[pusher_block_a];40:b(0.355,-0.214):p0.81:e[pusher_block_a];50:b(0.355,-0.227):p0.81:e[pusher_block_a];60:b(0.355,-0.237):p0.81:e[pusher_block_a];63:b(0.355,-0.240):p0.81:e[pusher_block_a]"
topology_no_component_head,combined_stress,0,1005,,0,0.64062,0.10417,0.96354,0.15625,0.12500,0.00000,0.00000,0.00000,0.00000,0.07812,0.00000,0.79226,0.26415,15.85371,"0:b(0.035,-0.027):p0.00:e[none];10:b(0.340,-0.395):p0.77:e[pusher_block_a,block_a_fixture];20:b(0.351,-0.385):p0.80:e[pusher_block_a];30:b(0.350,-0.364):p0.80:e[pusher_block_a];40:b(0.349,-0.348):p0.80:e[pusher_block_a];50:b(0.349,-0.334):p0.79:e[pusher_block_a];60:b(0.348,-0.322):p0.79:e[pusher_block_a];63:b(0.348,-0.319):p0.79:e[pusher_block_a]"
topology_no_jam_slip,combined_stress,0,1005,,0,0.58177,0.10156,0.97917,0.19922,0.10938,0.00000,0.00000,0.00000,0.00000,0.06250,0.01562,0.79619,0.16038,14.70434,"0:b(0.035,-0.027):p0.00:e[none];10:b(0.344,-0.399):p0.78:e[pusher_block_a,block_a_fixture];20:b(0.354,-0.360):p0.81:e[pusher_block_a];30:b(0.352,-0.315):p0.80:e[pusher_block_a];40:b(0.351,-0.278):p0.80:e[pusher_block_a];50:b(0.350,-0.248):p0.80:e[pusher_block_a];60:b(0.350,-0.222):p0.80:e[pusher_block_a];63:b(0.350,-0.215):p0.80:e[pusher_block_a,pusher_block_b]"
topology_no_topology_planner,combined_stress,0,1005,,0,0.67708,0.06771,0.98438,0.12305,0.07812,1.00000,0.76562,0.00000,0.00000,0.48438,0.00000,0.90975,0.29095,28.70743,"0:b(0.035,-0.027):p0.00:e[none];10:b(0.339,-0.394):p0.77:e[pusher_block_a];20:b(0.362,-0.391):p0.83:e[pusher_block_a];30:b(0.372,-0.377):p0.85:e[pusher_block_a];40:b(0.380,-0.366):p0.87:e[pusher_block_a];50:b(0.387,-0.356):p0.89:e[pusher_block_a];60:b(0.393,-0.348):p0.91:e[pusher_block_a];63:b(0.394,-0.346):p0.91:e[pusher_block_a,block_a_fixture]"
topology_no_uncertainty_penalty,combined_stress,0,1005,,0,0.57240,0.08854,0.94792,0.20508,0.10938,0.00000,0.00000,0.01562,0.00000,0.07812,0.01562,0.80925,0.17762,15.32075,"0:b(0.035,-0.027):p0.00:e[none];10:b(0.337,-0.391):p0.77:e[pusher_block_a,block_a_fixture];20:b(0.357,-0.332):p0.82:e[pusher_block_a];30:b(0.356,-0.255):p0.81:e[pusher_block_a];40:b(0.355,-0.214):p0.81:e[pusher_block_a];50:b(0.355,-0.223):p0.81:e[pusher_block_a];60:b(0.355,-0.231):p0.81:e[pusher_block_a];63:b(0.355,-0.233):p0.81:e[pusher_block_a]"
topology_full,combined_stress,1,1000,,0,0.58594,0.04167,0.95312,0.18945,0.04688,0.00000,0.00000,0.01562,0.00000,0.00000,0.00000,0.66303,0.20685,13.82861,"0:b(0.047,-0.104):p0.00:e[none];10:b(0.306,-0.397):p0.67:e[pusher_block_a];20:b(0.304,-0.357):p0.67:e[pusher_block_a];30:b(0.303,-0.324):p0.67:e[pusher_block_a];40:b(0.302,-0.297):p0.67:e[pusher_block_a];50:b(0.302,-0.275):p0.66:e[pusher_block_a];60:b(0.301,-0.256):p0.66:e[pusher_block_a];63:b(0.301,-0.251):p0.66:e[pusher_block_a]"
topology_no_birth_death,combined_stress,1,1000,,0,0.56250,0.04688,0.93750,0.19727,0.07812,0.00000,0.00000,0.01562,0.00000,0.00000,0.01562,0.66221,0.22200,13.49055,"0:b(0.047,-0.104):p0.00:e[none];10:b(0.305,-0.396):p0.67:e[pusher_block_a];20:b(0.304,-0.361):p0.67:e[pusher_block_a];30:b(0.303,-0.331):p0.67:e[pusher_block_a];40:b(0.302,-0.307):p0.67:e[pusher_block_a];50:b(0.301,-0.287):p0.66:e[pusher_block_a];60:b(0.301,-0.271):p0.66:e[pusher_block_a];63:b(0.301,-0.266):p0.66:e[pusher_block_a]"
topology_no_component_head,combined_stress,1,1000,,0,0.54896,0.07552,0.96354,0.21875,0.06250,0.00000,0.00000,0.03125,0.00000,0.00000,0.01562,0.70818,0.23388,13.47584,"0:b(0.047,-0.104):p0.00:e[none];10:b(0.323,-0.375):p0.72:e[pusher_block_a];20:b(0.319,-0.192):p0.71:e[pusher_block_a];30:b(0.318,-0.200):p0.71:e[pusher_block_a];40:b(0.318,-0.229):p0.71:e[pusher_block_a];50:b(0.318,-0.253):p0.71:e[pusher_block_a];60:b(0.318,-0.273):p0.71:e[pusher_block_a];63:b(0.318,-0.278):p0.71:e[pusher_block_a]"
topology_no_jam_slip,combined_stress,1,1000,,0,0.57812,0.04167,0.98438,0.19531,0.06250,0.00000,0.00000,0.01562,0.00000,0.00000,0.01562,0.66181,0.20203,13.85826,"0:b(0.047,-0.104):p0.00:e[none];10:b(0.305,-0.395):p0.67:e[pusher_block_a];20:b(0.304,-0.355):p0.67:e[pusher_block_a];30:b(0.303,-0.321):p0.67:e[pusher_block_a];40:b(0.302,-0.293):p0.67:e[pusher_block_a];50:b(0.301,-0.270):p0.66:e[pusher_block_a];60:b(0.301,-0.251):p0.66:e[pusher_block_a];63:b(0.301,-0.246):p0.66:e[pusher_block_a]"
topology_no_topology_planner,combined_stress,1,1000,,0,0.54896,0.04948,0.96875,0.21875,0.06250,0.00000,0.00000,0.03125,0.00000,0.00000,0.01562,0.70891,0.23584,13.54217,"0:b(0.047,-0.104):p0.00:e[none];10:b(0.323,-0.375):p0.72:e[pusher_block_a];20:b(0.319,-0.192):p0.71:e[pusher_block_a];30:b(0.319,-0.201):p0.71:e[pusher_block_a];40:b(0.319,-0.230):p0.71:e[pusher_block_a];50:b(0.319,-0.255):p0.71:e[pusher_block_a];60:b(0.319,-0.275):p0.71:e[pusher_block_a];63:b(0.319,-0.280):p0.71:e[pusher_block_a]"
topology_no_uncertainty_penalty,combined_stress,1,1000,,0,0.54896,0.05729,0.95312,0.21875,0.06250,0.00000,0.00000,0.03125,0.00000,0.00000,0.01562,0.70780,0.19706,13.44683,"0:b(0.047,-0.104):p0.00:e[none];10:b(0.323,-0.375):p0.72:e[pusher_block_a];20:b(0.319,-0.193):p0.71:e[pusher_block_a];30:b(0.318,-0.191):p0.71:e[pusher_block_a];40:b(0.318,-0.209):p0.71:e[pusher_block_a];50:b(0.318,-0.225):p0.71:e[pusher_block_a];60:b(0.318,-0.238):p0.71:e[pusher_block_a];63:b(0.318,-0.241):p0.71:e[pusher_block_a]"
topology_full,combined_stress,1,1001,,0,0.63906,0.05729,0.93750,0.15039,0.12500,0.00000,0.00000,0.00000,0.00000,0.09375,0.01562,0.00000,0.36710,16.73596,"0:b(0.015,-0.030):p0.00:e[none];10:b(-0.041,-0.092):p0.00:e[pusher_block_a,block_a_fixture];20:b(-0.130,-0.191):p0.00:e[pusher_block_a];30:b(-0.205,-0.274):p0.00:e[pusher_block_a];40:b(-0.266,-0.342):p0.00:e[pusher_block_a];50:b(-0.317,-0.399):p0.00:e[pusher_block_a];60:b(-0.326,-0.403):p0.00:e[pusher_block_a];63:b(-0.326,-0.402):p0.00:e[pusher_block_a]"
topology_no_birth_death,combined_stress,1,1001,,0,0.61406,0.05469,0.94792,0.16992,0.17188,0.00000,0.78125,0.01562,0.00000,0.14062,0.01562,0.00000,0.37257,18.09480,"0:b(0.015,-0.030):p0.00:e[none];10:b(-0.040,-0.090):p0.00:e[pusher_block_a,block_a_fixture];20:b(-0.117,-0.177):p0.00:e[pusher_block_a,block_a_fixture];30:b(-0.182,-0.249):p0.00:e[pusher_block_a];40:b(-0.235,-0.308):p0.00:e[pusher_block_a];50:b(-0.279,-0.357):p0.00:e[pusher_block_a];60:b(-0.316,-0.398):p0.00:e[pusher_block_a];63:b(-0.325,-0.407):p0.00:e[pusher_block_a,block_b_wall]"
topology_no_component_head,combined_stress,1,1001,,0,0.54896,0.05729,0.93229,0.21875,0.06250,0.00000,0.00000,0.01562,0.00000,0.03125,0.01562,0.31636,0.03844,15.54430,"0:b(0.015,-0.030):p0.00:e[none];10:b(0.063,-0.211):p0.12:e[pusher_block_a];20:b(0.158,-0.364):p0.34:e[pusher_block_a];30:b(0.154,-0.274):p0.34:e[pusher_block_a];40:b(0.151,-0.199):p0.33:e[pusher_block_a];50:b(0.149,-0.138):p0.32:e[pusher_block_a];60:b(0.147,-0.087):p0.32:e[pusher_block_a];63:b(0.146,-0.073):p0.32:e[pusher_block_a]"
topology_no_jam_slip,combined_stress,1,1001,,0,0.56250,0.03125,0.96875,0.20703,0.07812,0.00000,0.00000,0.00000,0.00000,0.03125,0.01562,0.33635,0.15639,16.49552,"0:b(0.015,-0.030):p0.00:e[none];10:b(0.045,-0.189):p0.07:e[pusher_block_a];20:b(0.168,-0.374):p0.37:e[pusher_block_a];30:b(0.164,-0.317):p0.36:e[pusher_block_a];40:b(0.160,-0.270):p0.35:e[pusher_block_a];50:b(0.157,-0.232):p0.34:e[pusher_block_a];60:b(0.155,-0.199):p0.34:e[pusher_block_a];63:b(0.154,-0.191):p0.34:e[pusher_block_a]"
topology_no_topology_planner,combined_stress,1,1001,,0,0.65625,0.06250,0.98438,0.14062,0.17188,0.00000,0.73438,0.01562,0.00000,0.46875,0.01562,0.00000,0.35651,28.17911,"0:b(0.015,-0.030):p0.00:e[none];10:b(-0.010,-0.084):p0.00:e[pusher_block_a,block_a_fixture];20:b(-0.071,-0.230):p0.00:e[pusher_block_a];30:b(-0.121,-0.352):p0.00:e[pusher_block_a];40:b(-0.144,-0.404):p0.00:e[pusher_block_a];50:b(-0.144,-0.398):p0.00:e[pusher_block_a];60:b(-0.143,-0.392):p0.00:e[pusher_block_a];63:b(-0.143,-0.391):p0.00:e[pusher_block_a,block_a_fixture]"
topology_no_uncertainty_penalty,combined_stress,1,1001,,0,0.63802,0.04167,0.98438,0.15039,0.15625,0.00000,0.71875,0.00000,0.00000,0.10938,0.01562,0.00000,0.36599,17.40020,"0:b(0.015,-0.030):p0.00:e[none];10:b(-0.019,-0.068):p0.00:e[pusher_block_a,block_a_fixture];20:b(-0.111,-0.170):p0.00:e[pusher_block_a];30:b(-0.187,-0.254):p0.00:e[pusher_block_a];40:b(-0.250,-0.324):p0.00:e[pusher_block_a];50:b(-0.302,-0.381):p0.00:e[pusher_block_a];60:b(-0.325,-0.403):p0.00:e[pusher_block_a];63:b(-0.325,-0.401):p0.00:e[pusher_block_a]"
topology_full,combined_stress,1,1002,,0,0.56406,0.04948,0.93750,0.20898,0.04688,0.00000,0.00000,0.03125,0.00000,0.00000,0.01562,0.69810,0.20325,12.16264,"0:b(0.028,-0.065):p0.00:e[none];10:b(0.314,-0.411):p0.71:e[pusher_block_a,block_b_wall];20:b(0.312,-0.316):p0.71:e[pusher_block_a];30:b(0.310,-0.238):p0.70:e[pusher_block_a];40:b(0.309,-0.195):p0.70:e[pusher_block_a];50:b(0.309,-0.207):p0.70:e[pusher_block_a];60:b(0.309,-0.217):p0.70:e[pusher_block_a];63:b(0.309,-0.220):p0.70:e[pusher_block_a]"
topology_no_birth_death,combined_stress,1,1002,,0,0.51042,0.03906,0.96875,0.23438,0.07812,0.00000,0.00000,0.00000,0.00000,0.01562,0.00000,0.68251,0.26856,12.94941,"0:b(0.028,-0.065):p0.00:e[none];10:b(0.307,-0.407):p0.69:e[pusher_block_a];20:b(0.306,-0.374):p0.69:e[pusher_block_a];30:b(0.305,-0.346):p0.69:e[pusher_block_a];40:b(0.304,-0.323):p0.69:e[pusher_block_a];50:b(0.303,-0.305):p0.68:e[pusher_block_a];60:b(0.302,-0.289):p0.68:e[pusher_block_a];63:b(0.302,-0.285):p0.68:e[pusher_block_a]"
topology_no_component_head,combined_stress,1,1002,,0,0.54427,0.03906,0.98438,0.22070,0.04688,0.00000,0.00000,0.00000,0.00000,0.01562,0.00000,0.68219,0.27754,12.94451,"0:b(0.028,-0.065):p0.00:e[none];10:b(0.307,-0.407):p0.69:e[pusher_block_a];20:b(0.306,-0.376):p0.69:e[pusher_block_a];30:b(0.305,-0.351):p0.69:e[pusher_block_a];40:b(0.304,-0.330):p0.69:e[pusher_block_a];50:b(0.303,-0.312):p0.68:e[pusher_block_a];60:b(0.302,-0.298):p0.68:e[pusher_block_a];63:b(0.302,-0.294):p0.68:e[pusher_block_a]"
topology_no_jam_slip,combined_stress,1,1002,,0,0.56250,0.03125,0.99479,0.20703,0.04688,0.00000,0.00000,0.00000,0.00000,0.00000,0.01562,0.68351,0.24063,12.33632,"0:b(0.028,-0.065):p0.00:e[none];10:b(0.308,-0.407):p0.70:e[pusher_block_a,block_b_wall];20:b(0.307,-0.366):p0.69:e[pusher_block_a];30:b(0.305,-0.333):p0.69:e[pusher_block_a];40:b(0.304,-0.305):p0.69:e[pusher_block_a];50:b(0.304,-0.281):p0.69:e[pusher_block_a];60:b(0.303,-0.262):p0.68:e[pusher_block_a];63:b(0.303,-0.257):p0.68:e[pusher_block_a]"
topology_no_topology_planner,combined_stress,1,1002,,0,0.53854,0.04948,0.95833,0.22656,0.06250,0.00000,0.00000,0.01562,0.00000,0.01562,0.01562,0.70594,0.24476,12.91235,"0:b(0.028,-0.065):p0.00:e[none];10:b(0.316,-0.416):p0.72:e[pusher_block_a,block_b_wall];20:b(0.313,-0.306):p0.71:e[pusher_block_a];30:b(0.312,-0.237):p0.71:e[pusher_block_a];40:b(0.312,-0.246):p0.71:e[pusher_block_a];50:b(0.312,-0.253):p0.71:e[pusher_block_a];60:b(0.312,-0.259):p0.71:e[pusher_block_a];63:b(0.312,-0.261):p0.71:e[pusher_block_a]"
topology_no_uncertainty_penalty,combined_stress,1,1002,,0,0.56458,0.04167,0.95312,0.20703,0.04688,0.00000,0.00000,0.01562,0.00000,0.00000,0.01562,0.69211,0.18561,12.24433,"0:b(0.028,-0.065):p0.00:e[none];10:b(0.312,-0.410):p0.71:e[pusher_block_a,block_b_wall];20:b(0.310,-0.334):p0.70:e[pusher_block_a];30:b(0.308,-0.271):p0.70:e[pusher_block_a];40:b(0.307,-0.219):p0.69:e[pusher_block_a];50:b(0.306,-0.196):p0.69:e[pusher_block_a];60:b(0.306,-0.201):p0.69:e[pusher_block_a];63:b(0.306,-0.202):p0.69:e[pusher_block_a]"
topology_full,combined_stress,1,1003,,0,0.54948,0.04167,0.98438,0.21094,0.04688,0.00000,0.00000,0.00000,0.00000,0.00000,0.01562,0.66591,0.19879,14.12495,"0:b(0.041,-0.078):p0.00:e[none];10:b(0.306,-0.410):p0.68:e[pusher_block_a,block_b_wall];20:b(0.304,-0.362):p0.68:e[pusher_block_a];30:b(0.303,-0.322):p0.67:e[pusher_block_a];40:b(0.302,-0.289):p0.67:e[pusher_block_a];50:b(0.301,-0.262):p0.67:e[pusher_block_a];60:b(0.300,-0.239):p0.67:e[pusher_block_a];63:b(0.300,-0.233):p0.67:e[pusher_block_a]"
topology_no_birth_death,combined_stress,1,1003,,0,0.55729,0.03125,0.96875,0.19922,0.07812,0.00000,0.00000,0.00000,0.00000,0.00000,0.01562,0.66254,0.28992,13.79679,"0:b(0.041,-0.078):p0.00:e[none];10:b(0.303,-0.407):p0.67:e[pusher_block_a,block_b_wall];20:b(0.302,-0.385):p0.67:e[pusher_block_a];30:b(0.301,-0.366):p0.67:e[pusher_block_a];40:b(0.300,-0.351):p0.67:e[pusher_block_a];50:b(0.299,-0.338):p0.66:e[pusher_block_a];60:b(0.299,-0.327):p0.66:e[pusher_block_a];63:b(0.299,-0.324):p0.66:e[pusher_block_a]"
topology_no_component_head,combined_stress,1,1003,,0,0.56406,0.04948,0.95312,0.20898,0.04688,0.00000,0.00000,0.03125,0.00000,0.00000,0.01562,0.67709,0.18424,13.73251,"0:b(0.041,-0.078):p0.00:e[none];10:b(0.310,-0.414):p0.69:e[pusher_block_a,block_b_wall];20:b(0.308,-0.331):p0.69:e[pusher_block_a];30:b(0.306,-0.262):p0.68:e[pusher_block_a];40:b(0.304,-0.205):p0.68:e[pusher_block_a,block_a_block_b];50:b(0.304,-0.212):p0.68:e[pusher_block_a];60:b(0.304,-0.217):p0.68:e[pusher_block_a];63:b(0.304,-0.219):p0.68:e[pusher_block_a]"
topology_no_jam_slip,combined_stress,1,1003,,0,0.53594,0.04688,0.96875,0.22461,0.04688,0.00000,0.00000,0.00000,0.00000,0.00000,0.01562,0.67765,0.20129,14.76801,"0:b(0.041,-0.078):p0.00:e[none];10:b(0.310,-0.413):p0.69:e[pusher_block_a,block_b_wall];20:b(0.307,-0.333):p0.68:e[pusher_block_a];30:b(0.306,-0.266):p0.68:e[pusher_block_a];40:b(0.305,-0.224):p0.68:e[pusher_block_a];50:b(0.305,-0.230):p0.68:e[pusher_block_a];60:b(0.305,-0.235):p0.68:e[pusher_block_a];63:b(0.305,-0.236):p0.68:e[pusher_block_a]"
topology_no_topology_planner,combined_stress,1,1003,,0,0.56458,0.04167,0.96875,0.20703,0.04688,0.00000,0.00000,0.01562,0.00000,0.00000,0.01562,0.67147,0.17325,13.82218,"0:b(0.041,-0.078):p0.00:e[none];10:b(0.308,-0.412):p0.69:e[pusher_block_a,block_b_wall];20:b(0.306,-0.344):p0.68:e[pusher_block_a];30:b(0.305,-0.288):p0.68:e[pusher_block_a];40:b(0.303,-0.241):p0.67:e[pusher_block_a];50:b(0.302,-0.205):p0.67:e[pusher_block_a,block_a_block_b];60:b(0.302,-0.207):p0.67:e[pusher_block_a];63:b(0.302,-0.208):p0.67:e[pusher_block_a]"
topology_no_uncertainty_penalty,combined_stress,1,1003,,0,0.56510,0.03125,1.00000,0.20508,0.04688,0.00000,0.00000,0.00000,0.00000,0.00000,0.01562,0.66677,0.17554,13.72500,"0:b(0.041,-0.078):p0.00:e[none];10:b(0.307,-0.411):p0.68:e[pusher_block_a,block_b_wall];20:b(0.305,-0.356):p0.68:e[pusher_block_a];30:b(0.304,-0.311):p0.67:e[pusher_block_a];40:b(0.302,-0.273):p0.67:e[pusher_block_a];50:b(0.301,-0.242):p0.67:e[pusher_block_a];60:b(0.301,-0.217):p0.67:e[pusher_block_a];63:b(0.300,-0.210):p0.67:e[pusher_block_a]"
topology_full,combined_stress,1,1004,,0,0.60417,0.06250,0.96875,0.17773,0.07812,0.00000,0.00000,0.00000,0.00000,0.03125,0.01562,0.70808,0.23838,13.73374,"0:b(0.042,-0.025):p0.00:e[none];10:b(0.324,-0.409):p0.73:e[pusher_block_a,block_b_wall];20:b(0.322,-0.376):p0.72:e[pusher_block_a];30:b(0.321,-0.349):p0.72:e[pusher_block_a];40:b(0.319,-0.327):p0.71:e[pusher_block_a];50:b(0.318,-0.309):p0.71:e[pusher_block_a];60:b(0.317,-0.293):p0.71:e[pusher_block_a];63:b(0.317,-0.289):p0.71:e[pusher_block_a]"
topology_no_birth_death,combined_stress,1,1004,,0,0.54115,0.05729,0.91667,0.20898,0.10938,0.00000,0.73438,0.00000,0.00000,0.14062,0.01562,0.72227,0.13405,17.67982,"0:b(0.042,-0.025):p0.00:e[none];10:b(0.320,-0.403):p0.72:e[pusher_block_a];20:b(0.327,-0.333):p0.73:e[pusher_block_a];30:b(0.325,-0.262):p0.73:e[pusher_block_a];40:b(0.323,-0.202):p0.72:e[pusher_block_a];50:b(0.322,-0.183):p0.72:e[pusher_block_a];60:b(0.322,-0.184):p0.72:e[pusher_block_a];63:b(0.322,-0.185):p0.72:e[pusher_block_a]"
topology_no_component_head,combined_stress,1,1004,,0,0.55937,0.05469,0.96875,0.21289,0.07812,0.00000,0.00000,0.00000,0.00000,0.03125,0.01562,0.72693,0.18645,13.46923,"0:b(0.042,-0.025):p0.00:e[none];10:b(0.320,-0.403):p0.72:e[pusher_block_a];20:b(0.327,-0.331):p0.74:e[pusher_block_a];30:b(0.325,-0.257):p0.73:e[pusher_block_a];40:b(0.324,-0.224):p0.73:e[pusher_block_a];50:b(0.324,-0.230):p0.73:e[pusher_block_a];60:b(0.324,-0.236):p0.73:e[pusher_block_a];63:b(0.324,-0.237):p0.73:e[pusher_block_a]"
topology_no_jam_slip,combined_stress,1,1004,,0,0.05990,0.04688,0.98438,0.14844,0.06250,1.00000,0.00000,0.00000,0.00000,0.03125,0.00000,0.66813,0.10334,131.55320,"0:b(0.042,-0.025):p0.00:e[none];10:b(0.320,-0.407):p0.72:e[none];20:b(0.315,-0.338):p0.70:e[none];30:b(0.311,-0.281):p0.69:e[none];40:b(0.307,-0.234):p0.68:e[none];50:b(0.304,-0.195):p0.68:e[none];60:b(0.302,-0.163):p0.67:e[none];63:b(0.301,-0.154):p0.67:e[none]"
topology_no_topology_planner,combined_stress,1,1004,,0,0.66667,0.03125,0.98438,0.12891,0.09375,1.00000,0.76562,0.00000,0.00000,0.48438,0.01562,0.70859,0.22404,28.75566,"0:b(0.042,-0.025):p0.00:e[none];10:b(0.325,-0.410):p0.73:e[pusher_block_a,block_b_wall];20:b(0.323,-0.373):p0.72:e[pusher_block_a];30:b(0.321,-0.343):p0.72:e[pusher_block_a];40:b(0.319,-0.317):p0.71:e[pusher_block_a];50:b(0.318,-0.297):p0.71:e[pusher_block_a];60:b(0.317,-0.279):p0.71:e[pusher_block_a];63:b(0.317,-0.275):p0.71:e[pusher_block_a,block_a_fixture]"
topology_no_uncertainty_penalty,combined_stress,1,1004,,0,0.57188,0.06771,0.96875,0.20508,0.07812,0.00000,0.00000,0.03125,0.00000,0.03125,0.01562,0.72967,0.15146,13.57306,"0:b(0.042,-0.025):p0.00:e[none];10:b(0.321,-0.405):p0.72:e[pusher_block_a];20:b(0.329,-0.317):p0.74:e[pusher_block_a];30:b(0.326,-0.230):p0.73:e[pusher_block_a];40:b(0.325,-0.194):p0.73:e[pusher_block_a];50:b(0.325,-0.198):p0.73:e[pusher_block_a];60:b(0.325,-0.201):p0.73:e[pusher_block_a];63:b(0.325,-0.202):p0.73:e[pusher_block_a]"
topology_full,combined_stress,1,1005,,0,0.55990,0.04167,0.93229,0.21289,0.06250,0.00000,0.00000,0.04688,0.00000,0.00000,0.01562,0.74004,0.16169,13.49014,"0:b(0.040,-0.060):p0.00:e[none];10:b(0.335,-0.381):p0.76:e[pusher_block_a];20:b(0.331,-0.239):p0.75:e[pusher_block_a];30:b(0.329,-0.160):p0.74:e[pusher_block_a];40:b(0.329,-0.176):p0.74:e[pusher_block_a];50:b(0.329,-0.190):p0.74:e[pusher_block_a];60:b(0.329,-0.201):p0.74:e[pusher_block_a];63:b(0.329,-0.204):p0.74:e[pusher_block_a]"
topology_no_birth_death,combined_stress,1,1005,,0,0.54323,0.04167,0.95312,0.21484,0.07812,0.00000,0.00000,0.04688,0.00000,0.00000,0.01562,0.73282,0.11472,13.41891,"0:b(0.040,-0.060):p0.00:e[none];10:b(0.333,-0.384):p0.75:e[pusher_block_a];20:b(0.329,-0.262):p0.74:e[pusher_block_a];30:b(0.326,-0.161):p0.73:e[pusher_block_a];40:b(0.326,-0.156):p0.73:e[pusher_block_a];50:b(0.326,-0.157):p0.73:e[pusher_block_a];60:b(0.326,-0.157):p0.73:e[pusher_block_a];63:b(0.326,-0.157):p0.73:e[pusher_block_a]"
topology_no_component_head,combined_stress,1,1005,,0,0.55781,0.04167,0.97917,0.21289,0.06250,0.00000,0.00000,0.03125,0.00000,0.00000,0.01562,0.73532,0.15980,13.42064,"0:b(0.040,-0.060):p0.00:e[none];10:b(0.333,-0.383):p0.75:e[pusher_block_a];20:b(0.330,-0.255):p0.74:e[pusher_block_a];30:b(0.327,-0.153):p0.74:e[pusher_block_a,block_a_block_b];40:b(0.327,-0.171):p0.74:e[pusher_block_a];50:b(0.327,-0.186):p0.74:e[pusher_block_a];60:b(0.327,-0.199):p0.74:e[pusher_block_a];63:b(0.327,-0.202):p0.74:e[pusher_block_a]"
topology_no_jam_slip,combined_stress,1,1005,,0,0.55000,0.05208,0.93229,0.21875,0.06250,0.00000,0.00000,0.03125,0.00000,0.00000,0.01562,0.73488,0.12591,13.49524,"0:b(0.040,-0.060):p0.00:e[none];10:b(0.333,-0.383):p0.75:e[pusher_block_a];20:b(0.330,-0.256):p0.74:e[pusher_block_a];30:b(0.327,-0.154):p0.74:e[pusher_block_a,block_a_block_b];40:b(0.327,-0.160):p0.74:e[pusher_block_a];50:b(0.327,-0.164):p0.73:e[pusher_block_a];60:b(0.327,-0.168):p0.73:e[pusher_block_a];63:b(0.327,-0.169):p0.73:e[pusher_block_a]"
topology_no_topology_planner,combined_stress,1,1005,,0,0.56927,0.05208,0.95312,0.20508,0.06250,0.00000,0.00000,0.04688,0.00000,0.00000,0.01562,0.72747,0.11439,13.38313,"0:b(0.040,-0.060):p0.00:e[none];10:b(0.331,-0.386):p0.75:e[pusher_block_a];20:b(0.328,-0.279):p0.74:e[pusher_block_a];30:b(0.325,-0.191):p0.73:e[pusher_block_a];40:b(0.324,-0.153):p0.73:e[pusher_block_a];50:b(0.324,-0.155):p0.73:e[pusher_block_a];60:b(0.324,-0.157):p0.73:e[pusher_block_a];63:b(0.324,-0.157):p0.73:e[pusher_block_a]"
topology_no_uncertainty_penalty,combined_stress,1,1005,,0,0.56667,0.05729,0.96354,0.20703,0.06250,0.00000,0.00000,0.04688,0.00000,0.00000,0.01562,0.73183,0.14548,13.44606,"0:b(0.040,-0.060):p0.00:e[none];10:b(0.332,-0.384):p0.75:e[pusher_block_a];20:b(0.329,-0.267):p0.74:e[pusher_block_a];30:b(0.326,-0.169):p0.73:e[pusher_block_a];40:b(0.326,-0.163):p0.73:e[pusher_block_a];50:b(0.326,-0.175):p0.73:e[pusher_block_a];60:b(0.326,-0.185):p0.73:e[pusher_block_a];63:b(0.326,-0.188):p0.73:e[pusher_block_a]"
topology_full,combined_stress,2,1000,,0,0.65521,0.04167,0.13021,0.24805,0.92188,0.85149,0.00000,0.95312,0.92188,0.00000,0.00000,0.81852,0.01025,10.11099,"0:b(0.032,-0.023):p0.00:e[none];10:b(0.358,-0.062):p0.82:e[pusher_block_a,block_a_block_b,block_b_pocket];20:b(0.358,-0.063):p0.82:e[pusher_block_a,block_a_block_b,block_b_pocket];30:b(0.358,-0.063):p0.82:e[pusher_block_a,block_a_block_b,block_b_pocket];40:b(0.358,-0.063):p0.82:e[pusher_block_a,block_a_block_b,block_b_pocket];50:b(0.358,-0.063):p0.82:e[pusher_block_a,block_a_block_b,block_b_pocket];60:b(0.358,-0.063):p0.82:e[pusher_block_a,block_a_block_b,block_b_pocket];63:b(0.358,-0.063):p0.82:e[pusher_block_a,block_a_block_b,block_b_pocket]"
topology_no_birth_death,combined_stress,2,1000,,0,0.65312,0.05208,0.11979,0.24805,0.93750,0.88462,0.00000,0.95312,0.92188,0.00000,0.00000,0.81851,0.01214,10.17351,"0:b(0.032,-0.023):p0.00:e[none];10:b(0.358,-0.064):p0.82:e[pusher_block_a,block_a_block_b,block_b_pocket];20:b(0.358,-0.064):p0.82:e[pusher_block_a,block_a_block_b,block_b_pocket];30:b(0.358,-0.064):p0.82:e[pusher_block_a,block_a_block_b,block_b_pocket];40:b(0.358,-0.064):p0.82:e[pusher_block_a,block_a_block_b,block_b_pocket];50:b(0.358,-0.064):p0.82:e[pusher_block_a,block_a_block_b,block_b_pocket];60:b(0.358,-0.064):p0.82:e[pusher_block_a,block_a_block_b,block_b_pocket];63:b(0.358,-0.064):p0.82:e[pusher_block_a,block_a_block_b,block_b_pocket]"
topology_no_component_head,combined_stress,2,1000,,0,0.66250,0.04167,0.12500,0.24414,0.95312,0.88462,0.00000,0.95312,0.92188,0.00000,0.00000,0.81852,0.01056,10.18392,"0:b(0.032,-0.023):p0.00:e[none];10:b(0.358,-0.063):p0.82:e[pusher_block_a,block_a_block_b,block_b_pocket];20:b(0.358,-0.063):p0.82:e[pusher_block_a,block_a_block_b,block_b_pocket];30:b(0.358,-0.063):p0.82:e[pusher_block_a,block_a_block_b,block_b_pocket];40:b(0.358,-0.063):p0.82:e[pusher_block_a,block_a_block_b,block_b_pocket];50:b(0.358,-0.063):p0.82:e[pusher_block_a,block_a_block_b,block_b_pocket];60:b(0.358,-0.063):p0.82:e[pusher_block_a,block_a_block_b,block_b_pocket];63:b(0.358,-0.063):p0.82:e[pusher_block_a,block_a_block_b,block_b_pocket]"
topology_no_jam_slip,combined_stress,2,1000,,0,0.66771,0.04167,0.15625,0.24219,0.96875,0.88462,0.00000,0.95312,0.92188,0.00000,0.00000,0.81852,0.00921,10.24191,"0:b(0.032,-0.023):p0.00:e[none];10:b(0.358,-0.061):p0.82:e[pusher_block_a,block_a_block_b,block_b_pocket];20:b(0.358,-0.061):p0.82:e[pusher_block_a,block_a_block_b,block_b_pocket];30:b(0.358,-0.061):p0.82:e[pusher_block_a,block_a_block_b,block_b_pocket];40:b(0.358,-0.061):p0.82:e[pusher_block_a,block_a_block_b,block_b_pocket];50:b(0.358,-0.061):p0.82:e[pusher_block_a,block_a_block_b,block_b_pocket];60:b(0.358,-0.061):p0.82:e[pusher_block_a,block_a_block_b,block_b_pocket];63:b(0.358,-0.061):p0.82:e[pusher_block_a,block_a_block_b,block_b_pocket]"
topology_no_topology_planner,combined_stress,2,1000,,0,0.66354,0.03125,0.13021,0.24414,0.95312,0.89320,0.00000,0.95312,0.92188,0.00000,0.00000,0.81851,0.00879,10.13000,"0:b(0.032,-0.023):p0.00:e[none];10:b(0.358,-0.061):p0.82:e[pusher_block_a,block_a_block_b,block_b_pocket];20:b(0.358,-0.061):p0.82:e[pusher_block_a,block_a_block_b,block_b_pocket];30:b(0.358,-0.061):p0.82:e[pusher_block_a,block_a_block_b,block_b_pocket];40:b(0.358,-0.061):p0.82:e[pusher_block_a,block_a_block_b,block_b_pocket];50:b(0.358,-0.061):p0.82:e[pusher_block_a,block_a_block_b,block_b_pocket];60:b(0.358,-0.061):p0.82:e[pusher_block_a,block_a_block_b,block_b_pocket];63:b(0.358,-0.061):p0.82:e[pusher_block_a,block_a_block_b,block_b_pocket]"
topology_no_uncertainty_penalty,combined_stress,2,1000,,0,0.66354,0.07812,0.10417,0.24414,0.95312,0.89320,0.00000,0.95312,0.92188,0.00000,0.00000,0.81853,0.00915,10.19411,"0:b(0.032,-0.023):p0.00:e[none];10:b(0.358,-0.061):p0.82:e[pusher_block_a,block_a_block_b,block_b_pocket];20:b(0.358,-0.061):p0.82:e[pusher_block_a,block_a_block_b,block_b_pocket];30:b(0.358,-0.061):p0.82:e[pusher_block_a,block_a_block_b,block_b_pocket];40:b(0.358,-0.061):p0.82:e[pusher_block_a,block_a_block_b,block_b_pocket];50:b(0.358,-0.061):p0.82:e[pusher_block_a,block_a_block_b,block_b_pocket];60:b(0.358,-0.061):p0.82:e[pusher_block_a,block_a_block_b,block_b_pocket];63:b(0.358,-0.061):p0.82:e[pusher_block_a,block_a_block_b,block_b_pocket]"
topology_full,combined_stress,2,1001,,0,0.56667,0.05729,0.96354,0.20703,0.06250,0.00000,0.00000,0.04688,0.00000,0.00000,0.01562,0.67039,0.14318,12.76736,"0:b(0.037,-0.040):p0.00:e[none];10:b(0.310,-0.383):p0.69:e[pusher_block_a];20:b(0.306,-0.285):p0.68:e[pusher_block_a];30:b(0.302,-0.204):p0.67:e[pusher_block_a];40:b(0.301,-0.176):p0.67:e[pusher_block_a];50:b(0.301,-0.189):p0.67:e[pusher_block_a];60:b(0.301,-0.199):p0.67:e[pusher_block_a];63:b(0.301,-0.202):p0.67:e[pusher_block_a]"
topology_no_birth_death,combined_stress,2,1001,,0,0.54062,0.04167,0.94792,0.21484,0.09375,0.00000,0.00000,0.04688,0.00000,0.00000,0.01562,0.66566,0.12812,12.71224,"0:b(0.037,-0.040):p0.00:e[none];10:b(0.309,-0.385):p0.69:e[pusher_block_a];20:b(0.305,-0.297):p0.68:e[pusher_block_a];30:b(0.301,-0.224):p0.67:e[pusher_block_a];40:b(0.299,-0.170):p0.67:e[pusher_block_a,block_a_block_b];50:b(0.299,-0.179):p0.67:e[pusher_block_a];60:b(0.299,-0.185):p0.67:e[pusher_block_a];63:b(0.299,-0.187):p0.67:e[pusher_block_a]"
topology_no_component_head,combined_stress,2,1001,,0,0.55521,0.03125,0.98438,0.21484,0.06250,0.00000,0.00000,0.03125,0.00000,0.00000,0.01562,0.67558,0.15033,12.76044,"0:b(0.037,-0.040):p0.00:e[none];10:b(0.311,-0.381):p0.70:e[pusher_block_a];20:b(0.307,-0.272):p0.69:e[pusher_block_a];30:b(0.303,-0.181):p0.68:e[pusher_block_a];40:b(0.303,-0.183):p0.68:e[pusher_block_a];50:b(0.303,-0.196):p0.68:e[pusher_block_a];60:b(0.303,-0.206):p0.68:e[pusher_block_a];63:b(0.303,-0.209):p0.68:e[pusher_block_a]"
topology_no_jam_slip,combined_stress,2,1001,,0,0.55260,0.05729,0.98438,0.21680,0.06250,0.00000,0.00000,0.03125,0.00000,0.00000,0.01562,0.67541,0.14766,12.92476,"0:b(0.037,-0.040):p0.00:e[none];10:b(0.311,-0.381):p0.70:e[pusher_block_a];20:b(0.307,-0.272):p0.69:e[pusher_block_a];30:b(0.303,-0.181):p0.68:e[pusher_block_a];40:b(0.303,-0.182):p0.68:e[pusher_block_a];50:b(0.303,-0.194):p0.68:e[pusher_block_a];60:b(0.303,-0.204):p0.68:e[pusher_block_a];63:b(0.303,-0.207):p0.68:e[pusher_block_a]"
topology_no_topology_planner,combined_stress,2,1001,,0,0.56719,0.04948,0.96875,0.20508,0.06250,0.00000,0.00000,0.03125,0.00000,0.00000,0.01562,0.66352,0.12451,12.71298,"0:b(0.037,-0.040):p0.00:e[none];10:b(0.309,-0.386):p0.69:e[pusher_block_a];20:b(0.305,-0.302):p0.68:e[pusher_block_a];30:b(0.301,-0.233):p0.67:e[pusher_block_a];40:b(0.298,-0.175):p0.66:e[pusher_block_a];50:b(0.298,-0.175):p0.66:e[pusher_block_a];60:b(0.298,-0.182):p0.66:e[pusher_block_a];63:b(0.298,-0.183):p0.66:e[pusher_block_a]"
topology_no_uncertainty_penalty,combined_stress,2,1001,,0,0.56406,0.04167,0.96875,0.20898,0.06250,0.00000,0.00000,0.04688,0.00000,0.00000,0.01562,0.67267,0.14858,12.74777,"0:b(0.037,-0.040):p0.00:e[none];10:b(0.311,-0.382):p0.70:e[pusher_block_a];20:b(0.306,-0.279):p0.68:e[pusher_block_a];30:b(0.303,-0.193):p0.68:e[pusher_block_a];40:b(0.302,-0.181):p0.67:e[pusher_block_a];50:b(0.302,-0.194):p0.67:e[pusher_block_a];60:b(0.302,-0.205):p0.67:e[pusher_block_a];63:b(0.302,-0.207):p0.67:e[pusher_block_a]"
topology_full,combined_stress,2,1002,,0,0.66354,0.08333,0.08854,0.24414,0.95312,0.87379,0.00000,0.95312,0.92188,0.00000,0.00000,0.81501,0.04624,10.81773,"0:b(0.039,-0.048):p0.00:e[none];10:b(0.358,-0.091):p0.82:e[pusher_block_a,block_a_block_b,block_b_pocket];20:b(0.358,-0.091):p0.82:e[pusher_block_a,block_a_block_b,block_b_pocket];30:b(0.358,-0.091):p0.82:e[pusher_block_a,block_a_block_b,block_b_pocket];40:b(0.358,-0.091):p0.81:e[pusher_block_a,block_a_block_b,block_b_pocket];50:b(0.358,-0.091):p0.82:e[pusher_block_a,block_a_block_b,block_b_pocket];60:b(0.358,-0.091):p0.82:e[pusher_block_a,block_a_block_b,block_b_pocket];63:b(0.358,-0.091):p0.82:e[pusher_block_a,block_a_block_b,block_b_pocket]"
topology_no_birth_death,combined_stress,2,1002,,0,0.63906,0.04167,0.13542,0.25391,0.85938,0.88462,0.00000,0.93750,0.92188,0.00000,0.00000,0.81501,0.04246,10.79015,"0:b(0.039,-0.048):p0.00:e[none];10:b(0.358,-0.087):p0.82:e[pusher_block_a,block_a_block_b,block_b_pocket];20:b(0.358,-0.087):p0.82:e[pusher_block_a,block_a_block_b,block_b_pocket];30:b(0.358,-0.087):p0.82:e[pusher_block_a,block_a_block_b,block_b_pocket];40:b(0.358,-0.087):p0.82:e[pusher_block_a,block_a_block_b,block_b_pocket];50:b(0.358,-0.087):p0.82:e[pusher_block_a,block_a_block_b,block_b_pocket];60:b(0.358,-0.087):p0.82:e[pusher_block_a,block_a_block_b,block_b_pocket];63:b(0.358,-0.087):p0.82:e[pusher_block_a,block_a_block_b,block_b_pocket]"
topology_no_component_head,combined_stress,2,1002,,0,0.66198,0.05729,0.13021,0.24414,0.92188,0.86275,0.00000,0.93750,0.92188,0.00000,0.00000,0.81501,0.04333,10.86203,"0:b(0.039,-0.048):p0.00:e[none];10:b(0.358,-0.088):p0.82:e[pusher_block_a,block_a_block_b,block_b_pocket];20:b(0.358,-0.088):p0.82:e[pusher_block_a,block_a_block_b,block_b_pocket];30:b(0.358,-0.088):p0.82:e[pusher_block_a,block_a_block_b,block_b_pocket];40:b(0.358,-0.088):p0.82:e[pusher_block_a,block_a_block_b,block_b_pocket];50:b(0.358,-0.088):p0.82:e[pusher_block_a,block_a_block_b,block_b_pocket];60:b(0.358,-0.088):p0.82:e[pusher_block_a,block_a_block_b,block_b_pocket];63:b(0.358,-0.088):p0.82:e[pusher_block_a,block_a_block_b,block_b_pocket]"
topology_no_jam_slip,combined_stress,2,1002,,0,0.66771,0.04167,0.13542,0.24219,0.96875,0.88462,0.00000,0.95312,0.92188,0.00000,0.00000,0.81500,0.04541,10.84506,"0:b(0.039,-0.048):p0.00:e[none];10:b(0.358,-0.090):p0.82:e[pusher_block_a,block_a_block_b,block_b_pocket];20:b(0.358,-0.090):p0.82:e[pusher_block_a,block_a_block_b,block_b_pocket];30:b(0.358,-0.090):p0.82:e[pusher_block_a,block_a_block_b,block_b_pocket];40:b(0.358,-0.090):p0.82:e[pusher_block_a,block_a_block_b,block_b_pocket];50:b(0.358,-0.090):p0.82:e[pusher_block_a,block_a_block_b,block_b_pocket];60:b(0.358,-0.090):p0.82:e[pusher_block_a,block_a_block_b,block_b_pocket];63:b(0.358,-0.090):p0.81:e[pusher_block_a,block_a_block_b,block_b_pocket]"
topology_no_topology_planner,combined_stress,2,1002,,0,0.67031,0.10938,0.14323,0.24023,0.95312,0.88462,0.00000,0.93750,0.92188,0.00000,0.00000,0.81501,0.04310,10.80896,"0:b(0.039,-0.048):p0.00:e[none];10:b(0.358,-0.088):p0.82:e[pusher_block_a,block_a_block_b,block_b_pocket];20:b(0.358,-0.088):p0.82:e[pusher_block_a,block_a_block_b,block_b_pocket];30:b(0.358,-0.088):p0.82:e[pusher_block_a,block_a_block_b,block_b_pocket];40:b(0.358,-0.088):p0.82:e[pusher_block_a,block_a_block_b,block_b_pocket];50:b(0.358,-0.088):p0.82:e[pusher_block_a,block_a_block_b,block_b_pocket];60:b(0.358,-0.087):p0.82:e[pusher_block_a,block_a_block_b,block_b_pocket];63:b(0.358,-0.087):p0.82:e[pusher_block_a,block_a_block_b,block_b_pocket]"
topology_no_uncertainty_penalty,combined_stress,2,1002,,0,0.65417,0.05208,0.11979,0.24805,0.92188,0.86275,0.00000,0.95312,0.92188,0.00000,0.00000,0.81500,0.04553,10.78706,"0:b(0.039,-0.048):p0.00:e[none];10:b(0.358,-0.090):p0.82:e[pusher_block_a,block_a_block_b,block_b_pocket];20:b(0.358,-0.090):p0.82:e[pusher_block_a,block_a_block_b,block_b_pocket];30:b(0.358,-0.090):p0.82:e[pusher_block_a,block_a_block_b,block_b_pocket];40:b(0.358,-0.090):p0.81:e[pusher_block_a,block_a_block_b,block_b_pocket];50:b(0.358,-0.090):p0.82:e[pusher_block_a,block_a_block_b,block_b_pocket];60:b(0.358,-0.090):p0.82:e[pusher_block_a,block_a_block_b,block_b_pocket];63:b(0.358,-0.090):p0.82:e[pusher_block_a,block_a_block_b,block_b_pocket]"
topology_full,combined_stress,2,1003,,0,0.66771,0.03125,0.12500,0.24219,0.96875,0.88462,0.00000,0.95312,0.92188,0.00000,0.00000,0.81869,0.02177,10.70704,"0:b(0.031,-0.028):p0.00:e[none];10:b(0.358,-0.071):p0.82:e[pusher_block_a,block_a_block_b,block_b_pocket];20:b(0.358,-0.072):p0.82:e[pusher_block_a,block_a_block_b,block_b_pocket];30:b(0.358,-0.071):p0.82:e[pusher_block_a,block_a_block_b,block_b_pocket];40:b(0.358,-0.072):p0.82:e[pusher_block_a,block_a_block_b,block_b_pocket];50:b(0.358,-0.072):p0.82:e[pusher_block_a,block_a_block_b,block_b_pocket];60:b(0.358,-0.072):p0.82:e[pusher_block_a,block_a_block_b,block_b_pocket];63:b(0.358,-0.071):p0.82:e[pusher_block_a,block_a_block_b,block_b_pocket]"
topology_no_birth_death,combined_stress,2,1003,,0,0.65729,0.05208,0.10156,0.24609,0.95312,0.88462,0.00000,0.95312,0.92188,0.00000,0.00000,0.81869,0.01971,10.75014,"0:b(0.031,-0.028):p0.00:e[none];10:b(0.358,-0.069):p0.82:e[pusher_block_a,block_a_block_b,block_b_pocket];20:b(0.358,-0.069):p0.82:e[pusher_block_a,block_a_block_b,block_b_pocket];30:b(0.358,-0.069):p0.82:e[pusher_block_a,block_a_block_b,block_b_pocket];40:b(0.358,-0.069):p0.82:e[pusher_block_a,block_a_block_b,block_b_pocket];50:b(0.358,-0.069):p0.82:e[pusher_block_a,block_a_block_b,block_b_pocket];60:b(0.358,-0.069):p0.82:e[pusher_block_a,block_a_block_b,block_b_pocket];63:b(0.358,-0.069):p0.82:e[pusher_block_a,block_a_block_b,block_b_pocket]"
topology_no_component_head,combined_stress,2,1003,,0,0.66771,0.07292,0.13021,0.24219,0.96875,0.88462,0.00000,0.95312,0.92188,0.00000,0.00000,0.81869,0.02022,10.75822,"0:b(0.031,-0.028):p0.00:e[none];10:b(0.358,-0.070):p0.82:e[pusher_block_a,block_a_block_b,block_b_pocket];20:b(0.358,-0.070):p0.82:e[pusher_block_a,block_a_block_b,block_b_pocket];30:b(0.358,-0.070):p0.82:e[pusher_block_a,block_a_block_b,block_b_pocket];40:b(0.358,-0.070):p0.82:e[pusher_block_a,block_a_block_b,block_b_pocket];50:b(0.358,-0.070):p0.82:e[pusher_block_a,block_a_block_b,block_b_pocket];60:b(0.358,-0.070):p0.82:e[pusher_block_a,block_a_block_b,block_b_pocket];63:b(0.358,-0.070):p0.82:e[pusher_block_a,block_a_block_b,block_b_pocket]"
topology_no_jam_slip,combined_stress,2,1003,,0,0.66771,0.04688,0.11458,0.24219,0.96875,0.88462,0.00000,0.95312,0.92188,0.00000,0.00000,0.81869,0.02065,10.75152,"0:b(0.031,-0.028):p0.00:e[none];10:b(0.358,-0.070):p0.82:e[pusher_block_a,block_a_block_b,block_b_pocket];20:b(0.358,-0.070):p0.82:e[pusher_block_a,block_a_block_b,block_b_pocket];30:b(0.358,-0.070):p0.82:e[pusher_block_a,block_a_block_b,block_b_pocket];40:b(0.358,-0.070):p0.82:e[pusher_block_a,block_a_block_b,block_b_pocket];50:b(0.358,-0.070):p0.82:e[pusher_block_a,block_a_block_b,block_b_pocket];60:b(0.358,-0.070):p0.82:e[pusher_block_a,block_a_block_b,block_b_pocket];63:b(0.358,-0.070):p0.82:e[pusher_block_a,block_a_block_b,block_b_pocket]"
topology_no_topology_planner,combined_stress,2,1003,,0,0.66771,0.09896,0.14323,0.24219,0.96875,0.88462,0.00000,0.95312,0.92188,0.00000,0.00000,0.81870,0.02123,10.76714,"0:b(0.031,-0.028):p0.00:e[none];10:b(0.358,-0.071):p0.82:e[pusher_block_a,block_a_block_b,block_b_pocket];20:b(0.358,-0.071):p0.82:e[pusher_block_a,block_a_block_b,block_b_pocket];30:b(0.358,-0.071):p0.82:e[pusher_block_a,block_a_block_b,block_b_pocket];40:b(0.358,-0.071):p0.82:e[pusher_block_a,block_a_block_b,block_b_pocket];50:b(0.358,-0.071):p0.82:e[pusher_block_a,block_a_block_b,block_b_pocket];60:b(0.358,-0.071):p0.82:e[pusher_block_a,block_a_block_b,block_b_pocket];63:b(0.358,-0.071):p0.82:e[pusher_block_a,block_a_block_b,block_b_pocket]"
topology_no_uncertainty_penalty,combined_stress,2,1003,,0,0.66771,0.07292,0.09896,0.24219,0.96875,0.88462,0.00000,0.95312,0.92188,0.00000,0.00000,0.81869,0.01883,10.69016,"0:b(0.031,-0.028):p0.00:e[none];10:b(0.358,-0.069):p0.82:e[pusher_block_a,block_a_block_b,block_b_pocket];20:b(0.358,-0.069):p0.82:e[pusher_block_a,block_a_block_b,block_b_pocket];30:b(0.358,-0.069):p0.82:e[pusher_block_a,block_a_block_b,block_b_pocket];40:b(0.358,-0.069):p0.82:e[pusher_block_a,block_a_block_b,block_b_pocket];50:b(0.358,-0.069):p0.82:e[pusher_block_a,block_a_block_b,block_b_pocket];60:b(0.358,-0.069):p0.82:e[pusher_block_a,block_a_block_b,block_b_pocket];63:b(0.358,-0.069):p0.82:e[pusher_block_a,block_a_block_b,block_b_pocket]"
topology_full,combined_stress,2,1004,,0,0.66615,0.04688,0.20312,0.24219,0.93750,0.87379,0.00000,0.93750,0.92188,0.00000,0.00000,0.81775,0.04642,11.64451,"0:b(0.033,-0.042):p0.00:e[none];10:b(0.358,-0.097):p0.82:e[pusher_block_a,block_a_block_b,block_b_pocket];20:b(0.358,-0.097):p0.82:e[pusher_block_a,block_a_block_b,block_b_pocket];30:b(0.358,-0.097):p0.82:e[pusher_block_a,block_a_block_b,block_b_pocket];40:b(0.358,-0.097):p0.82:e[pusher_block_a,block_a_block_b,block_b_pocket];50:b(0.358,-0.097):p0.82:e[pusher_block_a,block_a_block_b,block_b_pocket];60:b(0.358,-0.097):p0.82:e[pusher_block_a,block_a_block_b,block_b_pocket];63:b(0.358,-0.097):p0.82:e[pusher_block_a,block_a_block_b,block_b_pocket]"
topology_no_birth_death,combined_stress,2,1004,,0,0.64219,0.04167,0.10938,0.25391,0.92188,0.88462,0.00000,0.95312,0.92188,0.01562,0.00000,0.81775,0.02350,10.44731,"0:b(0.033,-0.042):p0.00:e[none];10:b(0.358,-0.074):p0.82:e[pusher_block_a,block_a_block_b,block_b_pocket];20:b(0.358,-0.074):p0.82:e[pusher_block_a,block_a_block_b,block_b_pocket];30:b(0.358,-0.074):p0.82:e[pusher_block_a,block_a_block_b,block_b_pocket];40:b(0.358,-0.074):p0.82:e[pusher_block_a,block_a_block_b,block_b_pocket];50:b(0.358,-0.074):p0.82:e[pusher_block_a,block_a_block_b,block_b_pocket];60:b(0.358,-0.074):p0.82:e[pusher_block_a,block_a_block_b,block_b_pocket];63:b(0.358,-0.074):p0.82:e[pusher_block_a,block_a_block_b,block_b_pocket]"
topology_no_component_head,combined_stress,2,1004,,0,0.66615,0.07396,0.14062,0.24219,0.93750,0.87379,0.00000,0.93750,0.92188,0.00000,0.00000,0.81776,0.04394,11.60565,"0:b(0.033,-0.042):p0.00:e[none];10:b(0.358,-0.095):p0.82:e[pusher_block_a,block_a_block_b,block_b_pocket];20:b(0.358,-0.095):p0.82:e[pusher_block_a,block_a_block_b,block_b_pocket];30:b(0.358,-0.095):p0.82:e[pusher_block_a,block_a_block_b,block_b_pocket];40:b(0.358,-0.095):p0.82:e[pusher_block_a,block_a_block_b,block_b_pocket];50:b(0.358,-0.095):p0.82:e[pusher_block_a,block_a_block_b,block_b_pocket];60:b(0.358,-0.095):p0.82:e[pusher_block_a,block_a_block_b,block_b_pocket];63:b(0.358,-0.095):p0.82:e[pusher_block_a,block_a_block_b,block_b_pocket]"
topology_no_jam_slip,combined_stress,2,1004,,0,0.67031,0.07812,0.10417,0.24023,0.95312,0.88462,0.00000,0.93750,0.92188,0.00000,0.00000,0.81775,0.04394,11.60080,"0:b(0.033,-0.042):p0.00:e[none];10:b(0.358,-0.095):p0.82:e[pusher_block_a,block_a_block_b,block_b_pocket];20:b(0.358,-0.095):p0.82:e[pusher_block_a,block_a_block_b,block_b_pocket];30:b(0.358,-0.095):p0.82:e[pusher_block_a,block_a_block_b,block_b_pocket];40:b(0.358,-0.095):p0.82:e[pusher_block_a,block_a_block_b,block_b_pocket];50:b(0.358,-0.095):p0.82:e[pusher_block_a,block_a_block_b,block_b_pocket];60:b(0.358,-0.095):p0.82:e[pusher_block_a,block_a_block_b,block_b_pocket];63:b(0.358,-0.095):p0.82:e[pusher_block_a,block_a_block_b,block_b_pocket]"
topology_no_topology_planner,combined_stress,2,1004,,0,0.52917,0.05729,0.37187,0.23633,0.85938,0.00000,0.85938,0.04688,0.03125,0.85938,0.00000,0.67591,0.01138,18.12088,"0:b(0.033,-0.042):p0.00:e[none];10:b(0.302,-0.040):p0.68:e[pusher_block_a,block_a_fixture];20:b(0.192,-0.040):p0.40:e[pusher_block_a,block_a_fixture];30:b(0.277,-0.040):p0.62:e[pusher_block_a,block_a_fixture];40:b(0.345,-0.040):p0.79:e[pusher_block_a];50:b(0.324,-0.040):p0.73:e[pusher_block_a,block_a_fixture];60:b(0.306,-0.040):p0.69:e[pusher_block_a,block_a_fixture];63:b(0.301,-0.040):p0.68:e[pusher_block_a,block_a_fixture]"
topology_no_uncertainty_penalty,combined_stress,2,1004,,0,0.66615,0.07812,0.11458,0.24219,0.93750,0.87379,0.00000,0.93750,0.92188,0.00000,0.00000,0.81776,0.04447,11.59090,"0:b(0.033,-0.042):p0.00:e[none];10:b(0.358,-0.095):p0.82:e[pusher_block_a,block_a_block_b,block_b_pocket];20:b(0.358,-0.095):p0.82:e[pusher_block_a,block_a_block_b,block_b_pocket];30:b(0.358,-0.095):p0.82:e[pusher_block_a,block_a_block_b,block_b_pocket];40:b(0.358,-0.095):p0.82:e[pusher_block_a,block_a_block_b,block_b_pocket];50:b(0.358,-0.095):p0.82:e[pusher_block_a,block_a_block_b,block_b_pocket];60:b(0.358,-0.095):p0.82:e[pusher_block_a,block_a_block_b,block_b_pocket];63:b(0.358,-0.095):p0.82:e[pusher_block_a,block_a_block_b,block_b_pocket]"
topology_full,combined_stress,2,1005,,0,0.65937,0.04167,0.12500,0.24609,0.93750,0.86275,0.00000,0.93750,0.92188,0.01562,0.00000,0.81833,0.02715,10.81192,"0:b(0.031,-0.037):p0.00:e[none];10:b(0.358,-0.078):p0.82:e[pusher_block_a,block_a_block_b,block_b_pocket];20:b(0.358,-0.078):p0.82:e[pusher_block_a,block_a_block_b,block_b_pocket];30:b(0.358,-0.078):p0.82:e[pusher_block_a,block_a_block_b,block_b_pocket];40:b(0.358,-0.078):p0.82:e[pusher_block_a,block_a_block_b,block_b_pocket];50:b(0.358,-0.078):p0.82:e[pusher_block_a,block_a_block_b,block_b_pocket];60:b(0.358,-0.078):p0.82:e[pusher_block_a,block_a_block_b,block_b_pocket];63:b(0.358,-0.078):p0.82:e[pusher_block_a,block_a_block_b,block_b_pocket]"
topology_no_birth_death,combined_stress,2,1005,,0,0.64896,0.05208,0.10938,0.25000,0.92188,0.88462,0.00000,0.93750,0.92188,0.01562,0.00000,0.81833,0.02760,10.80341,"0:b(0.031,-0.037):p0.00:e[none];10:b(0.358,-0.079):p0.82:e[pusher_block_a,block_a_block_b,block_b_pocket];20:b(0.358,-0.079):p0.82:e[pusher_block_a,block_a_block_b,block_b_pocket];30:b(0.358,-0.079):p0.82:e[pusher_block_a,block_a_block_b,block_b_pocket];40:b(0.358,-0.079):p0.82:e[pusher_block_a,block_a_block_b,block_b_pocket];50:b(0.358,-0.079):p0.82:e[pusher_block_a,block_a_block_b,block_b_pocket];60:b(0.358,-0.079):p0.82:e[pusher_block_a,block_a_block_b,block_b_pocket];63:b(0.358,-0.079):p0.82:e[pusher_block_a,block_a_block_b,block_b_pocket]"
topology_no_component_head,combined_stress,2,1005,,0,0.66771,0.10938,0.11146,0.24219,0.96875,0.88462,0.00000,0.93750,0.92188,0.01562,0.00000,0.81833,0.02605,10.75465,"0:b(0.031,-0.037):p0.00:e[none];10:b(0.358,-0.077):p0.82:e[pusher_block_a,block_a_block_b,block_b_pocket];20:b(0.358,-0.077):p0.82:e[pusher_block_a,block_a_block_b,block_b_pocket];30:b(0.358,-0.077):p0.82:e[pusher_block_a,block_a_block_b,block_b_pocket];40:b(0.358,-0.077):p0.82:e[pusher_block_a,block_a_block_b,block_b_pocket];50:b(0.358,-0.077):p0.82:e[pusher_block_a,block_a_block_b,block_b_pocket];60:b(0.358,-0.077):p0.82:e[pusher_block_a,block_a_block_b,block_b_pocket];63:b(0.358,-0.077):p0.82:e[pusher_block_a,block_a_block_b,block_b_pocket]"
topology_no_jam_slip,combined_stress,2,1005,,0,0.65677,0.05729,0.08333,0.24805,0.95312,0.86275,0.00000,0.96875,0.92188,0.00000,0.00000,0.81833,0.03886,10.58567,"0:b(0.031,-0.037):p0.00:e[none];10:b(0.358,-0.090):p0.82:e[pusher_block_a,block_a_block_b,block_b_pocket];20:b(0.358,-0.090):p0.82:e[pusher_block_a,block_a_block_b,block_b_pocket];30:b(0.358,-0.090):p0.82:e[pusher_block_a,block_a_block_b,block_b_pocket];40:b(0.358,-0.090):p0.82:e[pusher_block_a,block_a_block_b,block_b_pocket];50:b(0.358,-0.090):p0.82:e[pusher_block_a,block_a_block_b,block_b_pocket];60:b(0.358,-0.090):p0.82:e[pusher_block_a,block_a_block_b,block_b_pocket];63:b(0.358,-0.090):p0.82:e[pusher_block_a,block_a_block_b,block_b_pocket]"
topology_no_topology_planner,combined_stress,2,1005,,0,0.66354,0.03125,0.16146,0.24414,0.95312,0.87379,0.00000,0.93750,0.92188,0.01562,0.00000,0.81833,0.02700,10.78658,"0:b(0.031,-0.037):p0.00:e[none];10:b(0.358,-0.078):p0.82:e[pusher_block_a,block_a_block_b,block_b_pocket];20:b(0.358,-0.078):p0.82:e[pusher_block_a,block_a_block_b,block_b_pocket];30:b(0.358,-0.078):p0.82:e[pusher_block_a,block_a_block_b,block_b_pocket];40:b(0.358,-0.078):p0.82:e[pusher_block_a,block_a_block_b,block_b_pocket];50:b(0.358,-0.078):p0.82:e[pusher_block_a,block_a_block_b,block_b_pocket];60:b(0.358,-0.078):p0.82:e[pusher_block_a,block_a_block_b,block_b_pocket];63:b(0.358,-0.078):p0.82:e[pusher_block_a,block_a_block_b,block_b_pocket]"
topology_no_uncertainty_penalty,combined_stress,2,1005,,0,0.66354,0.05729,0.13021,0.24414,0.95312,0.87379,0.00000,0.93750,0.92188,0.01562,0.00000,0.81832,0.02778,10.80985,"0:b(0.031,-0.037):p0.00:e[none];10:b(0.358,-0.079):p0.82:e[pusher_block_a,block_a_block_b,block_b_pocket];20:b(0.358,-0.079):p0.82:e[pusher_block_a,block_a_block_b,block_b_pocket];30:b(0.358,-0.079):p0.82:e[pusher_block_a,block_a_block_b,block_b_pocket];40:b(0.358,-0.079):p0.82:e[pusher_block_a,block_a_block_b,block_b_pocket];50:b(0.358,-0.079):p0.82:e[pusher_block_a,block_a_block_b,block_b_pocket];60:b(0.358,-0.079):p0.82:e[pusher_block_a,block_a_block_b,block_b_pocket];63:b(0.358,-0.079):p0.82:e[pusher_block_a,block_a_block_b,block_b_pocket]"
topology_full,combined_stress,3,1000,,0,0.55990,0.04167,0.70833,0.22852,0.06250,0.00000,0.84375,0.01562,0.00000,0.37500,0.01562,0.47290,0.27237,15.56501,"0:b(0.019,-0.061):p0.00:e[none];10:b(0.019,-0.061):p0.00:e[pusher_block_a,block_a_fixture];20:b(0.019,-0.061):p0.00:e[pusher_block_a,block_a_fixture];30:b(0.017,-0.063):p0.00:e[pusher_block_a,block_a_fixture];40:b(0.211,-0.397):p0.47:e[pusher_block_a];50:b(0.216,-0.375):p0.48:e[pusher_block_a];60:b(0.214,-0.344):p0.47:e[pusher_block_a];63:b(0.214,-0.336):p0.47:e[pusher_block_a]"
topology_no_birth_death,combined_stress,3,1000,,0,0.51927,0.06198,0.77604,0.24023,0.06250,0.00000,0.84375,0.01562,0.00000,0.21875,0.01562,0.61649,0.07586,16.31267,"0:b(0.019,-0.061):p0.00:e[none];10:b(0.019,-0.061):p0.00:e[pusher_block_a,block_a_fixture];20:b(0.067,-0.125):p0.12:e[pusher_block_a];30:b(0.280,-0.358):p0.64:e[pusher_block_a];40:b(0.277,-0.258):p0.63:e[none];50:b(0.274,-0.176):p0.62:e[pusher_block_a];60:b(0.272,-0.137):p0.62:e[pusher_block_a];63:b(0.272,-0.140):p0.62:e[pusher_block_a]"
topology_no_component_head,combined_stress,3,1000,,0,0.55000,0.06250,0.67708,0.23828,0.06250,0.00000,0.84375,0.01562,0.00000,0.42188,0.01562,0.49298,0.28325,16.51509,"0:b(0.019,-0.061):p0.00:e[none];10:b(0.019,-0.061):p0.00:e[pusher_block_a,block_a_fixture];20:b(0.019,-0.061):p0.00:e[pusher_block_a,block_a_fixture];30:b(0.019,-0.061):p0.00:e[pusher_block_a,block_a_fixture];40:b(0.145,-0.280):p0.31:e[pusher_block_a];50:b(0.224,-0.386):p0.50:e[pusher_block_a];60:b(0.222,-0.355):p0.49:e[pusher_block_a];63:b(0.222,-0.347):p0.49:e[pusher_block_a]"
topology_no_jam_slip,combined_stress,3,1000,,0,0.57135,0.05990,0.82292,0.21289,0.06250,0.00000,0.82812,0.01562,0.00000,0.23438,0.01562,0.49278,0.12906,14.17997,"0:b(0.019,-0.061):p0.00:e[none];10:b(0.019,-0.061):p0.00:e[pusher_block_a,block_a_fixture];20:b(0.018,-0.063):p0.00:e[pusher_block_a,block_a_fixture];30:b(0.214,-0.392):p0.47:e[pusher_block_a];40:b(0.227,-0.338):p0.51:e[pusher_block_a];50:b(0.224,-0.267):p0.50:e[pusher_block_a];60:b(0.222,-0.209):p0.49:e[pusher_block_a];63:b(0.222,-0.193):p0.49:e[pusher_block_a]"
topology_no_topology_planner,combined_stress,3,1000,,0,0.43698,0.03906,0.28385,0.34180,0.06250,0.00000,0.84375,0.00000,0.00000,0.84375,0.00000,0.00000,0.00317,17.21129,"0:b(0.019,-0.061):p0.00:e[none];10:b(0.019,-0.061):p0.00:e[pusher_block_a,block_a_fixture];20:b(0.019,-0.061):p0.00:e[pusher_block_a,block_a_fixture];30:b(0.019,-0.061):p0.00:e[pusher_block_a,block_a_fixture];40:b(0.019,-0.061):p0.00:e[pusher_block_a,block_a_fixture];50:b(0.019,-0.061):p0.00:e[pusher_block_a,block_a_fixture];60:b(0.019,-0.061):p0.00:e[pusher_block_a,block_a_fixture];63:b(0.019,-0.061):p0.00:e[pusher_block_a,block_a_fixture]"
topology_no_uncertainty_penalty,combined_stress,3,1000,,0,0.51979,0.05990,0.52083,0.26562,0.09375,0.00000,0.84375,0.01562,0.00000,0.54688,0.01562,0.45977,0.30858,18.61288,"0:b(0.019,-0.061):p0.00:e[none];10:b(0.019,-0.061):p0.00:e[pusher_block_a,block_a_fixture];20:b(0.019,-0.061):p0.00:e[pusher_block_a,block_a_fixture];30:b(0.019,-0.061):p0.00:e[pusher_block_a];40:b(0.019,-0.061):p0.00:e[pusher_block_a];50:b(0.181,-0.359):p0.39:e[pusher_block_a];60:b(0.209,-0.381):p0.46:e[pusher_block_a];63:b(0.208,-0.373):p0.46:e[pusher_block_a]"
topology_full,combined_stress,3,1001,,0,0.59375,0.03125,0.96875,0.18359,0.04688,0.00000,0.00000,0.01562,0.00000,0.00000,0.00000,0.70494,0.17979,13.56487,"0:b(0.042,-0.071):p0.00:e[none];10:b(0.322,-0.395):p0.72:e[pusher_block_a];20:b(0.320,-0.341):p0.72:e[pusher_block_a];30:b(0.319,-0.297):p0.71:e[pusher_block_a];40:b(0.318,-0.260):p0.71:e[pusher_block_a];50:b(0.317,-0.230):p0.71:e[pusher_block_a];60:b(0.316,-0.204):p0.71:e[pusher_block_a];63:b(0.315,-0.198):p0.70:e[pusher_block_a]"
topology_no_birth_death,combined_stress,3,1001,,0,0.58333,0.04167,0.96875,0.19141,0.04688,0.00000,0.00000,0.01562,0.00000,0.00000,0.00000,0.70520,0.17252,13.31578,"0:b(0.042,-0.071):p0.00:e[none];10:b(0.322,-0.394):p0.72:e[pusher_block_a];20:b(0.321,-0.339):p0.72:e[pusher_block_a];30:b(0.319,-0.293):p0.71:e[pusher_block_a];40:b(0.318,-0.255):p0.71:e[pusher_block_a];50:b(0.317,-0.223):p0.71:e[pusher_block_a];60:b(0.316,-0.197):p0.71:e[pusher_block_a];63:b(0.316,-0.190):p0.71:e[pusher_block_a]"
topology_no_component_head,combined_stress,3,1001,,0,0.56146,0.04948,0.96875,0.21094,0.06250,0.00000,0.00000,0.04688,0.00000,0.00000,0.01562,0.74734,0.16136,13.21703,"0:b(0.042,-0.071):p0.00:e[none];10:b(0.337,-0.383):p0.76:e[pusher_block_a];20:b(0.333,-0.204):p0.75:e[pusher_block_a];30:b(0.332,-0.162):p0.75:e[pusher_block_a];40:b(0.332,-0.168):p0.75:e[pusher_block_a];50:b(0.332,-0.174):p0.75:e[pusher_block_a];60:b(0.332,-0.178):p0.75:e[pusher_block_a];63:b(0.332,-0.179):p0.75:e[pusher_block_a]"
topology_no_jam_slip,combined_stress,3,1001,,0,0.55885,0.04167,0.96875,0.21289,0.06250,0.00000,0.00000,0.04688,0.00000,0.00000,0.01562,0.74239,0.13960,13.28172,"0:b(0.042,-0.071):p0.00:e[none];10:b(0.335,-0.385):p0.76:e[pusher_block_a];20:b(0.331,-0.223):p0.75:e[pusher_block_a];30:b(0.330,-0.157):p0.74:e[pusher_block_a];40:b(0.330,-0.157):p0.74:e[pusher_block_a];50:b(0.330,-0.157):p0.74:e[pusher_block_a];60:b(0.330,-0.158):p0.74:e[pusher_block_a];63:b(0.330,-0.158):p0.74:e[pusher_block_a]"
topology_no_topology_planner,combined_stress,3,1001,,0,0.67188,0.05729,0.96875,0.12500,0.04688,0.00000,0.00000,0.01562,0.00000,0.00000,0.00000,0.79904,0.26840,13.25900,"0:b(0.042,-0.071):p0.00:e[none];10:b(0.322,-0.398):p0.72:e[pusher_block_a];20:b(0.331,-0.368):p0.74:e[pusher_block_a];30:b(0.337,-0.343):p0.76:e[pusher_block_a];40:b(0.343,-0.322):p0.78:e[pusher_block_a];50:b(0.347,-0.304):p0.79:e[pusher_block_a];60:b(0.351,-0.290):p0.80:e[pusher_block_a];63:b(0.352,-0.286):p0.80:e[pusher_block_a]"
topology_no_uncertainty_penalty,combined_stress,3,1001,,0,0.55417,0.05729,0.96875,0.21484,0.06250,0.00000,0.00000,0.03125,0.00000,0.00000,0.01562,0.74648,0.16092,13.27486,"0:b(0.042,-0.071):p0.00:e[none];10:b(0.337,-0.383):p0.76:e[pusher_block_a];20:b(0.333,-0.207):p0.75:e[pusher_block_a];30:b(0.332,-0.160):p0.75:e[pusher_block_a];40:b(0.332,-0.167):p0.75:e[pusher_block_a];50:b(0.332,-0.173):p0.75:e[pusher_block_a];60:b(0.332,-0.178):p0.75:e[pusher_block_a];63:b(0.332,-0.179):p0.75:e[pusher_block_a]"
topology_full,combined_stress,3,1002,,0,0.66771,0.05208,0.10938,0.24219,0.96875,0.88462,0.00000,0.95312,0.92188,0.00000,0.00000,0.81563,0.02207,10.86750,"0:b(0.037,-0.033):p0.00:e[none];10:b(0.358,-0.074):p0.82:e[pusher_block_a,block_a_block_b,block_b_pocket];20:b(0.358,-0.074):p0.82:e[pusher_block_a,block_a_block_b,block_b_pocket];30:b(0.358,-0.074):p0.82:e[pusher_block_a,block_a_block_b,block_b_pocket];40:b(0.358,-0.074):p0.82:e[pusher_block_a,block_a_block_b,block_b_pocket];50:b(0.358,-0.074):p0.82:e[pusher_block_a,block_a_block_b,block_b_pocket];60:b(0.358,-0.074):p0.82:e[pusher_block_a,block_a_block_b,block_b_pocket];63:b(0.358,-0.074):p0.82:e[pusher_block_a,block_a_block_b,block_b_pocket]"
topology_no_birth_death,combined_stress,3,1002,,0,0.64479,0.05729,0.12760,0.25195,0.90625,0.88462,0.00000,0.95312,0.92188,0.00000,0.00000,0.81563,0.02171,10.80125,"0:b(0.037,-0.033):p0.00:e[none];10:b(0.358,-0.074):p0.82:e[pusher_block_a,block_a_block_b,block_b_pocket];20:b(0.358,-0.074):p0.82:e[pusher_block_a,block_a_block_b,block_b_pocket];30:b(0.358,-0.074):p0.82:e[pusher_block_a,block_a_block_b,block_b_pocket];40:b(0.358,-0.074):p0.82:e[pusher_block_a,block_a_block_b,block_b_pocket];50:b(0.358,-0.074):p0.82:e[pusher_block_a,block_a_block_b,block_b_pocket];60:b(0.358,-0.074):p0.82:e[pusher_block_a,block_a_block_b,block_b_pocket];63:b(0.358,-0.074):p0.82:e[pusher_block_a,block_a_block_b,block_b_pocket]"
topology_no_component_head,combined_stress,3,1002,,0,0.66771,0.05208,0.12500,0.24219,0.96875,0.88462,0.00000,0.95312,0.92188,0.00000,0.00000,0.81563,0.02360,10.90444,"0:b(0.037,-0.033):p0.00:e[none];10:b(0.358,-0.076):p0.82:e[pusher_block_a,block_a_block_b,block_b_pocket];20:b(0.358,-0.076):p0.82:e[pusher_block_a,block_a_block_b,block_b_pocket];30:b(0.358,-0.076):p0.82:e[pusher_block_a,block_a_block_b,block_b_pocket];40:b(0.358,-0.076):p0.82:e[pusher_block_a,block_a_block_b,block_b_pocket];50:b(0.358,-0.076):p0.82:e[pusher_block_a,block_a_block_b,block_b_pocket];60:b(0.358,-0.076):p0.82:e[pusher_block_a,block_a_block_b,block_b_pocket];63:b(0.358,-0.076):p0.82:e[pusher_block_a,block_a_block_b,block_b_pocket]"
topology_no_jam_slip,combined_stress,3,1002,,0,0.65208,0.06771,0.14583,0.24414,0.95312,0.88462,0.00000,0.95312,0.92188,0.00000,0.00000,0.81563,0.02411,10.84003,"0:b(0.037,-0.033):p0.00:e[none];10:b(0.358,-0.076):p0.82:e[pusher_block_a,block_a_block_b,block_b_pocket];20:b(0.358,-0.076):p0.82:e[pusher_block_a,block_a_block_b,block_b_pocket];30:b(0.358,-0.076):p0.82:e[pusher_block_a,block_a_block_b,block_b_pocket];40:b(0.358,-0.076):p0.82:e[pusher_block_a,block_a_block_b,block_b_pocket];50:b(0.358,-0.076):p0.82:e[pusher_block_a,block_a_block_b,block_b_pocket];60:b(0.358,-0.076):p0.82:e[pusher_block_a,block_a_block_b,block_b_pocket];63:b(0.358,-0.076):p0.82:e[pusher_block_a,block_a_block_b,block_b_pocket]"
topology_no_topology_planner,combined_stress,3,1002,,0,0.66354,0.06250,0.10104,0.24414,0.95312,0.87379,0.00000,0.95312,0.92188,0.00000,0.00000,0.81563,0.02092,10.80426,"0:b(0.037,-0.033):p0.00:e[none];10:b(0.358,-0.073):p0.82:e[pusher_block_a,block_a_block_b,block_b_pocket];20:b(0.358,-0.073):p0.82:e[pusher_block_a,block_a_block_b,block_b_pocket];30:b(0.358,-0.073):p0.82:e[pusher_block_a,block_a_block_b,block_b_pocket];40:b(0.358,-0.073):p0.82:e[pusher_block_a,block_a_block_b,block_b_pocket];50:b(0.358,-0.073):p0.82:e[pusher_block_a,block_a_block_b,block_b_pocket];60:b(0.358,-0.073):p0.82:e[pusher_block_a,block_a_block_b,block_b_pocket];63:b(0.358,-0.073):p0.82:e[pusher_block_a,block_a_block_b,block_b_pocket]"
topology_no_uncertainty_penalty,combined_stress,3,1002,,0,0.66615,0.04688,0.18490,0.24219,0.93750,0.87379,0.00000,0.93750,0.92188,0.00000,0.00000,0.81564,0.01667,10.77516,"0:b(0.037,-0.033):p0.00:e[none];10:b(0.358,-0.069):p0.82:e[pusher_block_a,block_a_block_b,block_b_pocket];20:b(0.358,-0.069):p0.82:e[pusher_block_a,block_a_block_b,block_b_pocket];30:b(0.358,-0.069):p0.82:e[pusher_block_a,block_a_block_b,block_b_pocket];40:b(0.358,-0.069):p0.82:e[pusher_block_a,block_a_block_b,block_b_pocket];50:b(0.358,-0.069):p0.82:e[pusher_block_a,block_a_block_b,block_b_pocket];60:b(0.358,-0.069):p0.82:e[pusher_block_a,block_a_block_b,block_b_pocket];63:b(0.358,-0.069):p0.82:e[pusher_block_a,block_a_block_b,block_b_pocket]"
topology_full,combined_stress,3,1003,,0,0.65469,0.04167,0.05729,0.24805,0.98438,0.87379,0.00000,0.96875,0.92188,0.00000,0.00000,0.81631,0.04149,12.43674,"0:b(0.036,-0.022):p0.00:e[none];10:b(0.358,-0.024):p0.82:e[pusher_block_a,block_a_block_b,block_b_pocket];20:b(0.358,-0.024):p0.82:e[pusher_block_a,block_a_block_b,block_b_pocket];30:b(0.358,-0.026):p0.82:e[pusher_block_a,block_a_block_b,block_b_pocket];40:b(0.358,-0.026):p0.82:e[pusher_block_a,block_a_block_b,block_b_pocket];50:b(0.358,-0.026):p0.82:e[pusher_block_a,block_a_block_b,block_b_pocket];60:b(0.358,-0.026):p0.82:e[pusher_block_a,block_a_block_b,block_b_pocket];63:b(0.358,-0.026):p0.82:e[pusher_block_a,block_a_block_b,block_b_pocket]"
topology_no_birth_death,combined_stress,3,1003,,0,0.66510,0.04167,0.11458,0.24414,0.98438,0.88462,0.00000,0.96875,0.92188,0.00000,0.00000,0.81633,0.04655,11.96132,"0:b(0.036,-0.022):p0.00:e[none];10:b(0.358,-0.021):p0.82:e[pusher_block_a,block_a_block_b,block_b_pocket];20:b(0.358,-0.021):p0.82:e[pusher_block_a,block_a_block_b,block_b_pocket];30:b(0.358,-0.021):p0.82:e[pusher_block_a,block_a_block_b,block_b_pocket];40:b(0.358,-0.020):p0.82:e[pusher_block_a,block_a_block_b,block_b_pocket];50:b(0.358,-0.021):p0.82:e[pusher_block_a,block_a_block_b,block_b_pocket];60:b(0.358,-0.020):p0.82:e[pusher_block_a,block_a_block_b,block_b_pocket];63:b(0.358,-0.020):p0.82:e[pusher_block_a,block_a_block_b,block_b_pocket]"
topology_no_component_head,combined_stress,3,1003,,0,0.66510,0.08333,0.10417,0.24414,0.98438,0.88462,0.00000,0.96875,0.92188,0.00000,0.00000,0.81631,0.00090,9.02477,"0:b(0.036,-0.022):p0.00:e[none];10:b(0.358,-0.068):p0.82:e[pusher_block_a,block_a_block_b,block_b_pocket];20:b(0.358,-0.068):p0.82:e[pusher_block_a,block_a_block_b,block_b_pocket];30:b(0.358,-0.068):p0.82:e[pusher_block_a,block_a_block_b,block_b_pocket];40:b(0.358,-0.068):p0.82:e[pusher_block_a,block_a_block_b,block_b_pocket];50:b(0.358,-0.068):p0.82:e[pusher_block_a,block_a_block_b,block_b_pocket];60:b(0.358,-0.068):p0.82:e[pusher_block_a,block_a_block_b,block_b_pocket];63:b(0.358,-0.068):p0.82:e[pusher_block_a,block_a_block_b,block_b_pocket]"
topology_no_jam_slip,combined_stress,3,1003,,0,0.66510,0.04688,0.06771,0.24414,0.98438,0.88462,0.00000,0.96875,0.92188,0.00000,0.00000,0.81631,0.04315,11.92813,"0:b(0.036,-0.022):p0.00:e[none];10:b(0.358,-0.024):p0.82:e[pusher_block_a,block_a_block_b,block_b_pocket];20:b(0.358,-0.024):p0.82:e[pusher_block_a,block_a_block_b,block_b_pocket];30:b(0.358,-0.024):p0.82:e[pusher_block_a,block_a_block_b,block_b_pocket];40:b(0.358,-0.024):p0.82:e[pusher_block_a,block_a_block_b,block_b_pocket];50:b(0.358,-0.024):p0.82:e[pusher_block_a,block_a_block_b,block_b_pocket];60:b(0.358,-0.024):p0.82:e[pusher_block_a,block_a_block_b,block_b_pocket];63:b(0.358,-0.024):p0.82:e[pusher_block_a,block_a_block_b,block_b_pocket]"
topology_no_topology_planner,combined_stress,3,1003,,0,0.66094,0.03125,0.11979,0.24609,0.96875,0.89320,0.00000,0.96875,0.92188,0.00000,0.00000,0.81631,0.04467,11.96571,"0:b(0.036,-0.022):p0.00:e[none];10:b(0.358,-0.022):p0.82:e[pusher_block_a,block_a_block_b,block_b_pocket];20:b(0.358,-0.022):p0.82:e[pusher_block_a,block_a_block_b,block_b_pocket];30:b(0.358,-0.022):p0.82:e[pusher_block_a,block_a_block_b,block_b_pocket];40:b(0.358,-0.022):p0.82:e[pusher_block_a,block_a_block_b,block_b_pocket];50:b(0.358,-0.022):p0.82:e[pusher_block_a,block_a_block_b,block_b_pocket];60:b(0.358,-0.022):p0.82:e[pusher_block_a,block_a_block_b,block_b_pocket];63:b(0.358,-0.022):p0.82:e[pusher_block_a,block_a_block_b,block_b_pocket]"
topology_no_uncertainty_penalty,combined_stress,3,1003,,1,0.64214,0.10063,0.06918,0.25236,0.94340,0.81013,0.00000,0.96226,0.90566,0.00000,0.00000,0.88312,0.03791,12.27350,"0:b(0.036,-0.022):p0.00:e[none];10:b(0.358,-0.022):p0.82:e[pusher_block_a,block_a_block_b,block_b_pocket];20:b(0.358,-0.022):p0.82:e[pusher_block_a,block_a_block_b,block_b_pocket];30:b(0.358,-0.023):p0.82:e[pusher_block_a,block_a_block_b,block_b_pocket];40:b(0.358,-0.023):p0.82:e[pusher_block_a,block_a_block_b,block_b_pocket];50:b(0.358,-0.024):p0.82:e[pusher_block_a,block_a_block_b,block_b_pocket]"
topology_full,combined_stress,3,1004,,0,0.66094,0.04688,0.10938,0.24609,0.96875,0.87379,0.00000,0.95312,0.92188,0.01562,0.00000,0.81496,0.00960,11.56638,"0:b(0.039,0.004):p0.00:e[none];10:b(0.358,-0.029):p0.81:e[pusher_block_a,block_a_block_b,block_b_pocket];20:b(0.358,-0.029):p0.81:e[pusher_block_a,block_a_block_b,block_b_pocket];30:b(0.358,-0.029):p0.81:e[pusher_block_a,block_a_block_b,block_b_pocket];40:b(0.358,-0.029):p0.81:e[pusher_block_a,block_a_block_b,block_b_pocket];50:b(0.358,-0.029):p0.81:e[pusher_block_a,block_a_block_b,block_b_pocket];60:b(0.358,-0.029):p0.81:e[pusher_block_a,block_a_block_b,block_b_pocket];63:b(0.358,-0.029):p0.81:e[pusher_block_a,block_a_block_b,block_b_pocket]"
topology_no_birth_death,combined_stress,3,1004,,0,0.64635,0.09375,0.09635,0.25195,0.93750,0.88462,0.00000,0.95312,0.92188,0.01562,0.00000,0.81496,0.00931,11.58645,"0:b(0.039,0.004):p0.00:e[none];10:b(0.358,-0.030):p0.81:e[pusher_block_a,block_a_block_b,block_b_pocket];20:b(0.358,-0.030):p0.81:e[pusher_block_a,block_a_block_b,block_b_pocket];30:b(0.358,-0.030):p0.81:e[pusher_block_a,block_a_block_b,block_b_pocket];40:b(0.358,-0.030):p0.81:e[pusher_block_a,block_a_block_b,block_b_pocket];50:b(0.358,-0.030):p0.81:e[pusher_block_a,block_a_block_b,block_b_pocket];60:b(0.358,-0.030):p0.81:e[pusher_block_a,block_a_block_b,block_b_pocket];63:b(0.358,-0.030):p0.81:e[pusher_block_a,block_a_block_b,block_b_pocket]"
topology_no_component_head,combined_stress,3,1004,,0,0.66094,0.03125,0.13542,0.24609,0.96875,0.87379,0.00000,0.95312,0.92188,0.01562,0.00000,0.81496,0.00747,11.64761,"0:b(0.039,0.004):p0.00:e[none];10:b(0.358,-0.032):p0.81:e[pusher_block_a,block_a_block_b,block_b_pocket];20:b(0.358,-0.032):p0.81:e[pusher_block_a,block_a_block_b,block_b_pocket];30:b(0.358,-0.032):p0.81:e[pusher_block_a,block_a_block_b,block_b_pocket];40:b(0.358,-0.032):p0.81:e[pusher_block_a,block_a_block_b,block_b_pocket];50:b(0.358,-0.032):p0.81:e[pusher_block_a,block_a_block_b,block_b_pocket];60:b(0.358,-0.032):p0.81:e[pusher_block_a,block_a_block_b,block_b_pocket];63:b(0.358,-0.032):p0.81:e[pusher_block_a,block_a_block_b,block_b_pocket]"
topology_no_jam_slip,combined_stress,3,1004,,0,0.66510,0.04688,0.11979,0.24414,0.98438,0.88462,0.00000,0.95312,0.92188,0.01562,0.00000,0.81497,0.00803,11.58515,"0:b(0.039,0.004):p0.00:e[none];10:b(0.358,-0.031):p0.81:e[pusher_block_a,block_a_block_b,block_b_pocket];20:b(0.358,-0.031):p0.81:e[pusher_block_a,block_a_block_b,block_b_pocket];30:b(0.358,-0.031):p0.81:e[pusher_block_a,block_a_block_b,block_b_pocket];40:b(0.358,-0.031):p0.81:e[pusher_block_a,block_a_block_b,block_b_pocket];50:b(0.358,-0.031):p0.81:e[pusher_block_a,block_a_block_b,block_b_pocket];60:b(0.358,-0.031):p0.81:e[pusher_block_a,block_a_block_b,block_b_pocket];63:b(0.358,-0.031):p0.81:e[pusher_block_a,block_a_block_b,block_b_pocket]"
topology_no_topology_planner,combined_stress,3,1004,,0,0.66094,0.04688,0.09896,0.24609,0.96875,0.87379,0.00000,0.95312,0.92188,0.01562,0.00000,0.81496,0.00834,11.64786,"0:b(0.039,0.004):p0.00:e[none];10:b(0.358,-0.031):p0.81:e[pusher_block_a,block_a_block_b,block_b_pocket];20:b(0.358,-0.031):p0.81:e[pusher_block_a,block_a_block_b,block_b_pocket];30:b(0.358,-0.031):p0.81:e[pusher_block_a,block_a_block_b,block_b_pocket];40:b(0.358,-0.031):p0.81:e[pusher_block_a,block_a_block_b,block_b_pocket];50:b(0.358,-0.031):p0.81:e[pusher_block_a,block_a_block_b,block_b_pocket];60:b(0.358,-0.031):p0.81:e[pusher_block_a,block_a_block_b,block_b_pocket];63:b(0.358,-0.031):p0.81:e[pusher_block_a,block_a_block_b,block_b_pocket]"
topology_no_uncertainty_penalty,combined_stress,3,1004,,0,0.66510,0.04167,0.14062,0.24414,0.98438,0.88462,0.00000,0.95312,0.92188,0.01562,0.00000,0.81496,0.00647,10.50479,"0:b(0.039,0.004):p0.00:e[none];10:b(0.358,-0.033):p0.81:e[pusher_block_a,block_a_block_b,block_b_pocket];20:b(0.358,-0.033):p0.81:e[pusher_block_a,block_a_block_b,block_b_pocket];30:b(0.358,-0.033):p0.81:e[pusher_block_a,block_a_block_b,block_b_pocket];40:b(0.358,-0.033):p0.81:e[pusher_block_a,block_a_block_b,block_b_pocket];50:b(0.358,-0.033):p0.81:e[pusher_block_a,block_a_block_b,block_b_pocket];60:b(0.358,-0.033):p0.81:e[pusher_block_a,block_a_block_b,block_b_pocket];63:b(0.358,-0.033):p0.81:e[pusher_block_a,block_a_block_b,block_b_pocket]"
topology_full,combined_stress,3,1005,,0,0.54635,0.04948,0.95312,0.22070,0.07812,0.00000,0.00000,0.03125,0.00000,0.00000,0.03125,0.71295,0.17876,12.72491,"0:b(0.032,-0.051):p0.00:e[none];10:b(0.321,-0.367):p0.73:e[pusher_block_a];20:b(0.316,-0.186):p0.71:e[pusher_block_a,block_a_block_b];30:b(0.316,-0.208):p0.71:e[pusher_block_a];40:b(0.316,-0.227):p0.71:e[pusher_block_a];50:b(0.316,-0.242):p0.71:e[pusher_block_a];60:b(0.316,-0.255):p0.71:e[pusher_block_a];63:b(0.316,-0.259):p0.71:e[pusher_block_a]"
topology_no_birth_death,combined_stress,3,1005,,0,0.51719,0.06250,0.91667,0.22656,0.10938,0.00000,0.00000,0.03125,0.00000,0.00000,0.03125,0.71686,0.17483,12.72595,"0:b(0.032,-0.051):p0.00:e[none];10:b(0.323,-0.367):p0.73:e[pusher_block_a];20:b(0.317,-0.186):p0.72:e[pusher_block_a,block_a_block_b];30:b(0.317,-0.207):p0.72:e[pusher_block_a];40:b(0.317,-0.225):p0.72:e[pusher_block_a];50:b(0.317,-0.239):p0.72:e[pusher_block_a];60:b(0.317,-0.252):p0.72:e[pusher_block_a];63:b(0.317,-0.255):p0.72:e[pusher_block_a]"
topology_no_component_head,combined_stress,3,1005,,0,0.54635,0.04167,0.96875,0.22070,0.07812,0.00000,0.00000,0.03125,0.00000,0.00000,0.03125,0.71675,0.20195,12.72815,"0:b(0.032,-0.051):p0.00:e[none];10:b(0.323,-0.367):p0.73:e[pusher_block_a];20:b(0.317,-0.186):p0.72:e[pusher_block_a,block_a_block_b];30:b(0.317,-0.216):p0.72:e[pusher_block_a];40:b(0.317,-0.240):p0.72:e[pusher_block_a];50:b(0.317,-0.261):p0.72:e[pusher_block_a];60:b(0.317,-0.277):p0.72:e[pusher_block_a];63:b(0.317,-0.282):p0.72:e[pusher_block_a]"
topology_no_jam_slip,combined_stress,3,1005,,0,0.57031,0.03906,0.96875,0.20117,0.04688,0.00000,0.00000,0.01562,0.00000,0.00000,0.00000,0.65985,0.15331,13.06400,"0:b(0.032,-0.051):p0.00:e[none];10:b(0.305,-0.392):p0.69:e[pusher_block_a];20:b(0.303,-0.349):p0.68:e[pusher_block_a];30:b(0.300,-0.313):p0.67:e[pusher_block_a];40:b(0.298,-0.283):p0.67:e[pusher_block_a];50:b(0.296,-0.259):p0.66:e[pusher_block_a];60:b(0.295,-0.239):p0.66:e[pusher_block_a];63:b(0.295,-0.233):p0.66:e[pusher_block_a]"
topology_no_topology_planner,combined_stress,3,1005,,0,0.54375,0.04948,0.95312,0.22266,0.07812,0.00000,0.00000,0.03125,0.00000,0.00000,0.03125,0.70959,0.18133,12.63405,"0:b(0.032,-0.051):p0.00:e[none];10:b(0.320,-0.367):p0.72:e[pusher_block_a];20:b(0.315,-0.186):p0.71:e[pusher_block_a,block_a_block_b];30:b(0.315,-0.209):p0.71:e[pusher_block_a];40:b(0.315,-0.229):p0.71:e[pusher_block_a];50:b(0.315,-0.245):p0.71:e[pusher_block_a];60:b(0.314,-0.258):p0.71:e[pusher_block_a];63:b(0.314,-0.261):p0.71:e[pusher_block_a]"
topology_no_uncertainty_penalty,combined_stress,3,1005,,0,0.54635,0.04167,0.95312,0.22070,0.07812,0.00000,0.00000,0.03125,0.00000,0.00000,0.03125,0.71205,0.15791,12.75936,"0:b(0.032,-0.051):p0.00:e[none];10:b(0.321,-0.367):p0.73:e[pusher_block_a];20:b(0.316,-0.186):p0.71:e[pusher_block_a,block_a_block_b];30:b(0.316,-0.202):p0.71:e[pusher_block_a];40:b(0.316,-0.215):p0.71:e[pusher_block_a];50:b(0.315,-0.226):p0.71:e[pusher_block_a];60:b(0.315,-0.235):p0.71:e[pusher_block_a];63:b(0.315,-0.238):p0.71:e[pusher_block_a]"
topology_full,combined_stress,4,1000,,0,0.54896,0.03125,0.93750,0.21875,0.04688,0.00000,0.00000,0.00000,0.00000,0.01562,0.00000,0.74680,0.17594,12.45456,"0:b(0.046,-0.058):p0.00:e[none];10:b(0.339,-0.395):p0.76:e[pusher_block_a];20:b(0.337,-0.348):p0.76:e[pusher_block_a];30:b(0.336,-0.309):p0.75:e[pusher_block_a];40:b(0.334,-0.277):p0.75:e[pusher_block_a];50:b(0.333,-0.250):p0.75:e[pusher_block_a];60:b(0.333,-0.232):p0.75:e[pusher_block_a];63:b(0.333,-0.233):p0.75:e[pusher_block_a]"
topology_no_birth_death,combined_stress,4,1000,,0,0.49792,0.03125,0.90104,0.24023,0.10938,0.00000,0.00000,0.00000,0.00000,0.01562,0.01562,0.76311,0.18006,12.49426,"0:b(0.046,-0.058):p0.00:e[none];10:b(0.342,-0.391):p0.77:e[pusher_block_a];20:b(0.340,-0.319):p0.76:e[pusher_block_a];30:b(0.338,-0.259):p0.76:e[pusher_block_a];40:b(0.338,-0.235):p0.76:e[pusher_block_a];50:b(0.338,-0.236):p0.76:e[pusher_block_a];60:b(0.339,-0.236):p0.76:e[pusher_block_a];63:b(0.339,-0.237):p0.76:e[pusher_block_a]"
topology_no_component_head,combined_stress,4,1000,,0,0.55729,0.03125,0.98438,0.21094,0.04688,0.00000,0.00000,0.00000,0.00000,0.01562,0.00000,0.74303,0.18620,12.39472,"0:b(0.046,-0.058):p0.00:e[none];10:b(0.338,-0.396):p0.76:e[pusher_block_a];20:b(0.336,-0.354):p0.75:e[pusher_block_a];30:b(0.334,-0.320):p0.75:e[pusher_block_a];40:b(0.333,-0.291):p0.75:e[pusher_block_a];50:b(0.332,-0.268):p0.75:e[pusher_block_a];60:b(0.332,-0.248):p0.74:e[pusher_block_a];63:b(0.331,-0.243):p0.74:e[pusher_block_a]"
topology_no_jam_slip,combined_stress,4,1000,,0,0.53594,0.04688,0.93750,0.22852,0.06250,0.00000,0.00000,0.00000,0.00000,0.01562,0.01562,0.75612,0.18526,12.48866,"0:b(0.046,-0.058):p0.00:e[none];10:b(0.341,-0.393):p0.77:e[pusher_block_a];20:b(0.339,-0.328):p0.76:e[pusher_block_a];30:b(0.337,-0.274):p0.76:e[pusher_block_a];40:b(0.336,-0.238):p0.76:e[pusher_block_a];50:b(0.336,-0.240):p0.76:e[pusher_block_a];60:b(0.336,-0.241):p0.76:e[pusher_block_a];63:b(0.336,-0.242):p0.76:e[pusher_block_a]"
topology_no_topology_planner,combined_stress,4,1000,,0,0.54635,0.03125,0.97917,0.22070,0.04688,0.00000,0.00000,0.00000,0.00000,0.01562,0.00000,0.75004,0.17782,12.36030,"0:b(0.046,-0.058):p0.00:e[none];10:b(0.339,-0.394):p0.76:e[pusher_block_a];20:b(0.338,-0.342):p0.76:e[pusher_block_a];30:b(0.336,-0.298):p0.76:e[pusher_block_a];40:b(0.335,-0.262):p0.75:e[pusher_block_a];50:b(0.334,-0.233):p0.75:e[pusher_block_a,pusher_block_b];60:b(0.334,-0.234):p0.75:e[pusher_block_a];63:b(0.334,-0.234):p0.75:e[pusher_block_a]"
topology_no_uncertainty_penalty,combined_stress,4,1000,,0,0.53854,0.03125,0.94271,0.22656,0.06250,0.00000,0.00000,0.00000,0.00000,0.01562,0.01562,0.77265,0.18851,12.44176,"0:b(0.046,-0.058):p0.00:e[none];10:b(0.342,-0.391):p0.77:e[pusher_block_a];20:b(0.340,-0.315):p0.77:e[pusher_block_a];30:b(0.338,-0.252):p0.76:e[pusher_block_a];40:b(0.339,-0.237):p0.76:e[pusher_block_a];50:b(0.341,-0.241):p0.77:e[pusher_block_a];60:b(0.342,-0.244):p0.77:e[pusher_block_a];63:b(0.343,-0.245):p0.77:e[pusher_block_a]"
topology_full,combined_stress,4,1001,,0,0.59479,0.06250,0.54688,0.18750,0.59375,0.00000,0.00000,0.01562,0.48438,0.04688,0.00000,1.05288,0.18034,16.18485,"0:b(0.052,-0.038):p0.00:e[none];10:b(0.450,-0.396):p1.05:e[pusher_block_a];20:b(0.450,-0.317):p1.05:e[pusher_block_a];30:b(0.450,-0.252):p1.05:e[pusher_block_a];40:b(0.450,-0.235):p1.05:e[pusher_block_a,block_b_pocket];50:b(0.450,-0.235):p1.05:e[pusher_block_a,block_b_pocket];60:b(0.450,-0.235):p1.05:e[pusher_block_a,block_b_pocket];63:b(0.450,-0.235):p1.05:e[pusher_block_a,block_b_pocket]"
topology_no_birth_death,combined_stress,4,1001,,0,0.65365,0.06250,0.94792,0.13086,0.09375,0.00000,0.00000,0.00000,0.00000,0.01562,0.00000,0.82426,0.29383,13.07599,"0:b(0.052,-0.038):p0.00:e[none];10:b(0.320,-0.394):p0.71:e[pusher_block_a];20:b(0.339,-0.391):p0.76:e[pusher_block_a];30:b(0.346,-0.378):p0.78:e[pusher_block_a];40:b(0.353,-0.367):p0.80:e[pusher_block_a];50:b(0.358,-0.358):p0.81:e[pusher_block_a];60:b(0.362,-0.350):p0.82:e[pusher_block_a];63:b(0.364,-0.348):p0.82:e[pusher_block_a]"
topology_no_component_head,combined_stress,4,1001,,0,0.59062,0.07292,0.93750,0.19141,0.07812,0.00000,0.00000,0.01562,0.00000,0.01562,0.01562,0.72827,0.15194,13.14290,"0:b(0.052,-0.038):p0.00:e[none];10:b(0.315,-0.388):p0.70:e[pusher_block_a];20:b(0.333,-0.356):p0.74:e[pusher_block_a];30:b(0.331,-0.305):p0.74:e[pusher_block_a];40:b(0.329,-0.262):p0.73:e[pusher_block_a];50:b(0.328,-0.227):p0.73:e[pusher_block_a];60:b(0.327,-0.206):p0.73:e[pusher_block_a];63:b(0.327,-0.206):p0.73:e[pusher_block_a]"
topology_no_jam_slip,combined_stress,4,1001,,0,0.55417,0.05729,0.90625,0.20898,0.12500,0.00000,0.00000,0.03125,0.00000,0.06250,0.01562,1.05288,0.20478,15.93179,"0:b(0.052,-0.038):p0.00:e[none];10:b(0.450,-0.400):p1.05:e[pusher_block_a];20:b(0.450,-0.299):p1.05:e[pusher_block_a];30:b(0.450,-0.244):p1.05:e[pusher_block_a];40:b(0.450,-0.249):p1.05:e[pusher_block_a];50:b(0.450,-0.254):p1.05:e[pusher_block_a];60:b(0.450,-0.258):p1.05:e[pusher_block_a];63:b(0.450,-0.259):p1.05:e[pusher_block_a]"
topology_no_topology_planner,combined_stress,4,1001,,0,0.63281,0.10417,0.74479,0.16016,0.43750,1.00000,0.78125,0.00000,0.00000,0.48438,0.01562,0.73021,0.05039,36.93877,"0:b(0.052,-0.038):p0.00:e[none];10:b(0.318,-0.391):p0.70:e[pusher_block_a];20:b(0.335,-0.336):p0.75:e[pusher_block_a,block_a_fixture];30:b(0.333,-0.265):p0.74:e[pusher_block_a,block_a_fixture];40:b(0.331,-0.205):p0.74:e[pusher_block_a,block_a_fixture];50:b(0.329,-0.156):p0.73:e[pusher_block_a];60:b(0.328,-0.116):p0.73:e[pusher_block_a,block_a_fixture];63:b(0.328,-0.105):p0.73:e[pusher_block_a]"
topology_no_uncertainty_penalty,combined_stress,4,1001,,0,0.58594,0.08854,0.46354,0.19336,0.67188,1.00000,0.00000,0.01562,0.53125,0.04688,0.01562,1.05288,0.17962,16.29538,"0:b(0.052,-0.038):p0.00:e[none];10:b(0.450,-0.397):p1.05:e[pusher_block_a];20:b(0.450,-0.305):p1.05:e[pusher_block_a];30:b(0.450,-0.234):p1.05:e[pusher_block_a,block_b_pocket];40:b(0.450,-0.234):p1.05:e[pusher_block_a,block_b_pocket];50:b(0.450,-0.234):p1.05:e[pusher_block_a,block_b_pocket];60:b(0.450,-0.234):p1.05:e[pusher_block_a,block_b_pocket];63:b(0.450,-0.234):p1.05:e[pusher_block_a,block_b_pocket]"
topology_full,combined_stress,4,1002,,0,0.55104,0.04167,0.84375,0.21875,0.12500,0.00000,0.82812,0.00000,0.00000,0.15625,0.01562,0.75181,0.14870,19.02240,"0:b(0.046,-0.041):p0.00:e[none];10:b(0.320,-0.390):p0.71:e[pusher_block_a,block_a_fixture];20:b(0.338,-0.350):p0.76:e[pusher_block_a];30:b(0.336,-0.292):p0.76:e[pusher_block_a];40:b(0.335,-0.244):p0.75:e[pusher_block_a];50:b(0.334,-0.204):p0.75:e[pusher_block_a];60:b(0.334,-0.204):p0.75:e[pusher_block_a];63:b(0.335,-0.205):p0.75:e[pusher_block_a]"
topology_no_birth_death,combined_stress,4,1002,,0,0.39062,0.21354,0.83854,0.15625,0.37500,1.00000,0.81250,0.00000,0.00000,0.31250,0.00000,0.74046,0.27104,24.65423,"0:b(0.046,-0.041):p0.00:e[none];10:b(0.325,-0.395):p0.73:e[pusher_block_a];20:b(0.333,-0.386):p0.75:e[pusher_block_a,block_a_fixture];30:b(0.332,-0.368):p0.75:e[pusher_block_a,block_a_fixture];40:b(0.332,-0.353):p0.74:e[none];50:b(0.331,-0.340):p0.74:e[none];60:b(0.330,-0.330):p0.74:e[none];63:b(0.330,-0.327):p0.74:e[none]"
topology_no_component_head,combined_stress,4,1002,,0,0.57656,0.04688,0.87500,0.19922,0.14062,0.00000,0.82812,0.00000,0.00000,0.17188,0.01562,0.74303,0.18125,19.19796,"0:b(0.046,-0.041):p0.00:e[none];10:b(0.318,-0.387):p0.71:e[pusher_block_a,block_a_fixture];20:b(0.336,-0.367):p0.75:e[pusher_block_a];30:b(0.334,-0.327):p0.75:e[pusher_block_a];40:b(0.333,-0.293):p0.75:e[pusher_block_a];50:b(0.332,-0.266):p0.75:e[pusher_block_a];60:b(0.331,-0.243):p0.74:e[pusher_block_a];63:b(0.331,-0.237):p0.74:e[pusher_block_a]"
topology_no_jam_slip,combined_stress,4,1002,,0,0.32656,0.04167,0.96875,0.19922,0.06250,1.00000,0.00000,0.01562,0.00000,0.00000,0.03125,1.05203,0.23242,17.04007,"0:b(0.046,-0.041):p0.00:e[none];10:b(0.337,-0.396):p0.76:e[pusher_block_a];20:b(0.334,-0.332):p0.75:e[pusher_block_a];30:b(0.332,-0.279):p0.75:e[none];40:b(0.448,-0.353):p1.05:e[none];50:b(0.448,-0.283):p1.05:e[none];60:b(0.450,-0.287):p1.05:e[none];63:b(0.450,-0.288):p1.05:e[none]"
topology_no_topology_planner,combined_stress,4,1002,,0,0.61458,0.03125,0.69792,0.16797,0.39062,1.00000,0.81250,0.00000,0.00000,0.64062,0.01562,0.74084,0.23835,27.98583,"0:b(0.046,-0.041):p0.00:e[none];10:b(0.316,-0.385):p0.70:e[pusher_block_a];20:b(0.334,-0.380):p0.75:e[pusher_block_a,block_a_fixture];30:b(0.333,-0.353):p0.75:e[pusher_block_a,block_a_fixture];40:b(0.332,-0.331):p0.75:e[pusher_block_a];50:b(0.331,-0.313):p0.74:e[pusher_block_a,block_a_fixture];60:b(0.331,-0.298):p0.74:e[pusher_block_a,block_a_fixture];63:b(0.330,-0.294):p0.74:e[pusher_block_a,block_a_fixture]"
topology_no_uncertainty_penalty,combined_stress,4,1002,,0,0.63281,0.06250,0.73958,0.15625,0.34375,1.00000,0.82812,0.00000,0.00000,0.54688,0.00000,0.83739,0.29214,34.00131,"0:b(0.046,-0.041):p0.00:e[none];10:b(0.324,-0.395):p0.72:e[pusher_block_a,block_a_fixture];20:b(0.343,-0.392):p0.77:e[pusher_block_a,block_a_fixture];30:b(0.350,-0.378):p0.79:e[pusher_block_a];40:b(0.357,-0.367):p0.81:e[pusher_block_a,block_a_fixture];50:b(0.362,-0.358):p0.82:e[pusher_block_a,block_a_fixture];60:b(0.366,-0.350):p0.83:e[pusher_block_a];63:b(0.367,-0.348):p0.84:e[pusher_block_a]"
topology_full,combined_stress,4,1003,,0,0.35677,0.16667,0.95312,0.15430,0.20312,1.00000,0.00000,0.00000,0.00000,0.04688,0.00000,0.71507,0.26995,86.15746,"0:b(0.034,-0.047):p0.00:e[none];10:b(0.312,-0.397):p0.70:e[pusher_block_a];20:b(0.321,-0.380):p0.72:e[pusher_block_a];30:b(0.320,-0.355):p0.72:e[none];40:b(0.319,-0.334):p0.72:e[none];50:b(0.318,-0.316):p0.72:e[none];60:b(0.317,-0.302):p0.72:e[none];63:b(0.317,-0.298):p0.72:e[none]"
topology_no_birth_death,combined_stress,4,1003,,0,0.56615,0.04167,0.57812,0.20508,0.67188,1.00000,0.78125,0.00000,0.00000,0.65625,0.01562,0.71567,0.25395,23.36664,"0:b(0.034,-0.047):p0.00:e[none];10:b(0.313,-0.397):p0.70:e[pusher_block_a,block_a_fixture];20:b(0.321,-0.376):p0.73:e[pusher_block_a,block_a_fixture];30:b(0.320,-0.347):p0.72:e[pusher_block_a];40:b(0.319,-0.323):p0.72:e[pusher_block_a];50:b(0.318,-0.303):p0.72:e[pusher_block_a,block_a_fixture];60:b(0.318,-0.287):p0.72:e[pusher_block_a];63:b(0.318,-0.282):p0.72:e[pusher_block_a,block_a_fixture]"
topology_no_component_head,combined_stress,4,1003,,0,0.41146,0.26042,0.88542,0.14844,0.29688,0.00000,0.00000,0.00000,0.00000,0.09375,0.00000,0.71455,0.29879,72.48635,"0:b(0.034,-0.047):p0.00:e[none];10:b(0.311,-0.396):p0.70:e[pusher_block_a];20:b(0.320,-0.387):p0.72:e[pusher_block_a];30:b(0.319,-0.368):p0.72:e[none];40:b(0.318,-0.353):p0.72:e[none];50:b(0.318,-0.340):p0.72:e[none];60:b(0.317,-0.330):p0.71:e[none];63:b(0.317,-0.327):p0.71:e[none]"
topology_no_jam_slip,combined_stress,4,1003,,0,0.56719,0.05729,0.90625,0.20703,0.15625,0.00000,0.00000,0.00000,0.00000,0.09375,0.01562,0.73190,0.19074,16.10085,"0:b(0.034,-0.047):p0.00:e[none];10:b(0.310,-0.394):p0.70:e[pusher_block_a,block_a_fixture];20:b(0.327,-0.330):p0.74:e[pusher_block_a];30:b(0.325,-0.252):p0.73:e[pusher_block_a];40:b(0.324,-0.216):p0.73:e[pusher_block_a];50:b(0.324,-0.218):p0.73:e[pusher_block_a];60:b(0.324,-0.219):p0.73:e[pusher_block_a];63:b(0.324,-0.219):p0.73:e[pusher_block_a]"
topology_no_topology_planner,combined_stress,4,1003,,0,0.55990,0.03125,0.58854,0.20898,0.71875,1.00000,0.82812,0.00000,0.00000,0.71875,0.01562,0.72422,0.02374,24.74100,"0:b(0.034,-0.047):p0.00:e[none];10:b(0.320,-0.406):p0.72:e[pusher_block_a];20:b(0.328,-0.322):p0.74:e[pusher_block_a,block_a_fixture];30:b(0.325,-0.238):p0.74:e[pusher_block_a];40:b(0.324,-0.169):p0.73:e[pusher_block_a,block_a_fixture];50:b(0.322,-0.112):p0.73:e[pusher_block_a];60:b(0.321,-0.065):p0.72:e[pusher_block_a,block_a_fixture];63:b(0.321,-0.052):p0.72:e[pusher_block_a,block_a_fixture]"
topology_no_uncertainty_penalty,combined_stress,4,1003,,0,0.58385,0.09375,0.84375,0.20117,0.23438,0.00000,0.75000,0.00000,0.00000,0.14062,0.01562,0.73087,0.17367,18.27607,"0:b(0.034,-0.047):p0.00:e[none];10:b(0.319,-0.405):p0.72:e[pusher_block_a];20:b(0.327,-0.328):p0.74:e[pusher_block_a];30:b(0.325,-0.251):p0.73:e[pusher_block_a];40:b(0.323,-0.196):p0.73:e[pusher_block_a,pusher_block_b];50:b(0.323,-0.199):p0.73:e[pusher_block_a];60:b(0.324,-0.201):p0.73:e[pusher_block_a];63:b(0.324,-0.202):p0.73:e[pusher_block_a]"
topology_full,combined_stress,4,1004,,0,0.54375,0.04167,0.90104,0.22266,0.06250,0.00000,0.00000,0.01562,0.00000,0.00000,0.03125,0.72525,0.21833,13.25129,"0:b(0.030,-0.062):p0.00:e[none];10:b(0.324,-0.419):p0.74:e[pusher_block_a,block_b_wall];20:b(0.322,-0.320):p0.73:e[pusher_block_a];30:b(0.320,-0.239):p0.73:e[pusher_block_a];40:b(0.320,-0.245):p0.73:e[pusher_block_a];50:b(0.320,-0.253):p0.73:e[pusher_block_a];60:b(0.320,-0.259):p0.73:e[pusher_block_a];63:b(0.320,-0.261):p0.73:e[pusher_block_a]"
topology_no_birth_death,combined_stress,4,1004,,0,0.51719,0.05208,0.87500,0.23438,0.07812,0.00000,0.00000,0.03125,0.00000,0.00000,0.03125,0.71947,0.21292,13.17397,"0:b(0.030,-0.062):p0.00:e[none];10:b(0.322,-0.416):p0.73:e[pusher_block_a,block_b_wall];20:b(0.320,-0.337):p0.73:e[pusher_block_a];30:b(0.318,-0.272):p0.72:e[pusher_block_a];40:b(0.318,-0.242):p0.72:e[pusher_block_a];50:b(0.318,-0.248):p0.72:e[pusher_block_a];60:b(0.318,-0.254):p0.72:e[pusher_block_a];63:b(0.318,-0.255):p0.72:e[pusher_block_a]"
topology_no_component_head,combined_stress,4,1004,,0,0.55208,0.05469,0.98438,0.21484,0.04688,0.00000,0.00000,0.00000,0.00000,0.00000,0.01562,0.70792,0.21014,13.12848,"0:b(0.030,-0.062):p0.00:e[none];10:b(0.318,-0.411):p0.72:e[pusher_block_a,block_b_wall];20:b(0.317,-0.368):p0.72:e[pusher_block_a];30:b(0.315,-0.332):p0.71:e[pusher_block_a];40:b(0.315,-0.302):p0.71:e[pusher_block_a];50:b(0.314,-0.278):p0.71:e[pusher_block_a];60:b(0.313,-0.258):p0.71:e[pusher_block_a];63:b(0.313,-0.252):p0.71:e[pusher_block_a]"
topology_no_jam_slip,combined_stress,4,1004,,0,0.52604,0.03906,0.95312,0.23047,0.04688,0.00000,0.00000,0.00000,0.00000,0.00000,0.01562,0.70617,0.25744,13.97323,"0:b(0.030,-0.062):p0.00:e[none];10:b(0.316,-0.409):p0.72:e[pusher_block_a,block_b_wall];20:b(0.315,-0.379):p0.71:e[pusher_block_a];30:b(0.314,-0.355):p0.71:e[pusher_block_a];40:b(0.314,-0.334):p0.71:e[pusher_block_a];50:b(0.313,-0.317):p0.71:e[pusher_block_a];60:b(0.313,-0.303):p0.71:e[pusher_block_a];63:b(0.312,-0.300):p0.71:e[pusher_block_a]"
topology_no_topology_planner,combined_stress,4,1004,,0,0.55365,0.04167,0.98438,0.21680,0.04688,0.00000,0.00000,0.03125,0.00000,0.00000,0.01562,0.71357,0.20120,13.14930,"0:b(0.030,-0.062):p0.00:e[none];10:b(0.320,-0.413):p0.72:e[pusher_block_a,block_b_wall];20:b(0.318,-0.352):p0.72:e[pusher_block_a];30:b(0.317,-0.301):p0.72:e[pusher_block_a];40:b(0.316,-0.259):p0.71:e[pusher_block_a];50:b(0.315,-0.240):p0.71:e[pusher_block_a];60:b(0.315,-0.243):p0.71:e[pusher_block_a];63:b(0.315,-0.243):p0.71:e[pusher_block_a]"
topology_no_uncertainty_penalty,combined_stress,4,1004,,0,0.55990,0.07812,1.00000,0.19922,0.04688,0.00000,0.00000,0.00000,0.00000,0.09375,0.01562,0.70566,0.27129,17.19724,"0:b(0.030,-0.062):p0.00:e[none];10:b(0.316,-0.408):p0.71:e[pusher_block_a,block_a_fixture,block_b_wall];20:b(0.315,-0.383):p0.71:e[pusher_block_a];30:b(0.314,-0.361):p0.71:e[pusher_block_a];40:b(0.313,-0.344):p0.71:e[pusher_block_a];50:b(0.313,-0.329):p0.71:e[pusher_block_a];60:b(0.312,-0.317):p0.71:e[pusher_block_a];63:b(0.312,-0.313):p0.71:e[pusher_block_a]"
topology_full,combined_stress,4,1005,,0,0.55885,0.05729,0.98438,0.21289,0.06250,0.00000,0.00000,0.04688,0.00000,0.00000,0.01562,0.74337,0.16097,13.55012,"0:b(0.036,-0.043):p0.00:e[none];10:b(0.335,-0.382):p0.76:e[pusher_block_a];20:b(0.330,-0.200):p0.75:e[pusher_block_a];30:b(0.329,-0.165):p0.74:e[pusher_block_a];40:b(0.329,-0.181):p0.74:e[pusher_block_a];50:b(0.329,-0.194):p0.74:e[pusher_block_a];60:b(0.329,-0.205):p0.74:e[pusher_block_a];63:b(0.329,-0.208):p0.74:e[pusher_block_a]"
topology_no_birth_death,combined_stress,4,1005,,0,0.54375,0.05729,0.93229,0.21680,0.07812,0.00000,0.00000,0.03125,0.00000,0.00000,0.01562,0.73068,0.17575,13.53517,"0:b(0.036,-0.043):p0.00:e[none];10:b(0.330,-0.384):p0.75:e[pusher_block_a];20:b(0.326,-0.218):p0.74:e[pusher_block_a];30:b(0.324,-0.164):p0.73:e[pusher_block_a];40:b(0.324,-0.186):p0.73:e[pusher_block_a];50:b(0.324,-0.204):p0.73:e[pusher_block_a];60:b(0.324,-0.218):p0.73:e[pusher_block_a];63:b(0.324,-0.222):p0.73:e[pusher_block_a]"
topology_no_component_head,combined_stress,4,1005,,0,0.55417,0.04167,0.95312,0.21484,0.06250,0.00000,0.00000,0.03125,0.00000,0.00000,0.01562,0.73750,0.14936,13.53525,"0:b(0.036,-0.043):p0.00:e[none];10:b(0.333,-0.383):p0.75:e[pusher_block_a];20:b(0.328,-0.205):p0.74:e[pusher_block_a];30:b(0.327,-0.163):p0.74:e[pusher_block_a];40:b(0.327,-0.175):p0.74:e[pusher_block_a];50:b(0.327,-0.185):p0.74:e[pusher_block_a];60:b(0.327,-0.194):p0.74:e[pusher_block_a];63:b(0.327,-0.196):p0.74:e[pusher_block_a]"
topology_no_jam_slip,combined_stress,4,1005,,0,0.55156,0.04167,0.98438,0.21680,0.06250,0.00000,0.00000,0.03125,0.00000,0.00000,0.01562,0.73596,0.17862,13.62588,"0:b(0.036,-0.043):p0.00:e[none];10:b(0.332,-0.383):p0.75:e[pusher_block_a];20:b(0.327,-0.206):p0.74:e[pusher_block_a];30:b(0.326,-0.170):p0.74:e[pusher_block_a];40:b(0.326,-0.190):p0.74:e[pusher_block_a];50:b(0.326,-0.207):p0.74:e[pusher_block_a];60:b(0.326,-0.222):p0.74:e[pusher_block_a];63:b(0.326,-0.225):p0.74:e[pusher_block_a]"
topology_no_topology_planner,combined_stress,4,1005,,0,0.66146,0.04167,0.96875,0.13281,0.04688,0.00000,0.00000,0.01562,0.00000,0.00000,0.00000,0.71212,0.22650,13.53147,"0:b(0.036,-0.043):p0.00:e[none];10:b(0.320,-0.398):p0.72:e[pusher_block_a];20:b(0.319,-0.364):p0.72:e[pusher_block_a];30:b(0.318,-0.336):p0.72:e[pusher_block_a];40:b(0.318,-0.312):p0.71:e[pusher_block_a];50:b(0.317,-0.293):p0.71:e[pusher_block_a];60:b(0.317,-0.277):p0.71:e[pusher_block_a];63:b(0.317,-0.273):p0.71:e[pusher_block_a]"
topology_no_uncertainty_penalty,combined_stress,4,1005,,0,0.55677,0.04948,0.98438,0.21289,0.06250,0.00000,0.00000,0.03125,0.00000,0.00000,0.01562,0.73260,0.15979,13.50964,"0:b(0.036,-0.043):p0.00:e[none];10:b(0.331,-0.384):p0.75:e[pusher_block_a];20:b(0.326,-0.215):p0.74:e[pusher_block_a];30:b(0.325,-0.163):p0.73:e[pusher_block_a];40:b(0.325,-0.179):p0.73:e[pusher_block_a];50:b(0.325,-0.192):p0.73:e[pusher_block_a];60:b(0.325,-0.203):p0.73:e[pusher_block_a];63:b(0.325,-0.206):p0.73:e[pusher_block_a]"
topology_full,combined_stress,5,1000,,0,0.57604,0.03125,0.96875,0.19922,0.04688,0.00000,0.00000,0.00000,0.00000,0.00000,0.01562,0.65287,0.13105,13.70790,"0:b(0.042,-0.081):p0.00:e[none];10:b(0.303,-0.401):p0.67:e[pusher_block_a];20:b(0.301,-0.321):p0.67:e[pusher_block_a];30:b(0.299,-0.255):p0.66:e[pusher_block_a];40:b(0.297,-0.200):p0.66:e[pusher_block_a];50:b(0.295,-0.156):p0.65:e[pusher_block_a,pusher_block_b];60:b(0.295,-0.156):p0.65:e[pusher_block_a];63:b(0.295,-0.157):p0.65:e[pusher_block_a]"
topology_no_birth_death,combined_stress,5,1000,,0,0.57448,0.05208,0.96875,0.20117,0.04688,0.00000,0.00000,0.03125,0.00000,0.00000,0.01562,0.65746,0.12069,13.63571,"0:b(0.042,-0.081):p0.00:e[none];10:b(0.305,-0.400):p0.68:e[pusher_block_a];20:b(0.302,-0.305):p0.67:e[pusher_block_a];30:b(0.300,-0.227):p0.66:e[pusher_block_a];40:b(0.298,-0.162):p0.66:e[pusher_block_a];50:b(0.297,-0.142):p0.66:e[pusher_block_a];60:b(0.297,-0.145):p0.66:e[pusher_block_a];63:b(0.297,-0.146):p0.66:e[pusher_block_a]"
topology_no_component_head,combined_stress,5,1000,,0,0.55521,0.03125,0.97917,0.21484,0.06250,0.00000,0.00000,0.01562,0.00000,0.00000,0.01562,0.66224,0.13942,13.63066,"0:b(0.042,-0.081):p0.00:e[none];10:b(0.306,-0.390):p0.68:e[pusher_block_a];20:b(0.303,-0.275):p0.67:e[pusher_block_a];30:b(0.300,-0.180):p0.67:e[pusher_block_a];40:b(0.299,-0.149):p0.66:e[pusher_block_a];50:b(0.299,-0.157):p0.66:e[pusher_block_a];60:b(0.299,-0.163):p0.66:e[pusher_block_a];63:b(0.299,-0.165):p0.66:e[pusher_block_a]"
topology_no_jam_slip,combined_stress,5,1000,,0,0.25781,0.03125,0.99479,0.29883,0.03125,0.00000,0.00000,0.00000,0.00000,0.00000,0.00000,0.00000,0.05593,15.44044,"0:b(0.042,-0.081):p0.00:e[none];10:b(0.042,-0.081):p0.00:e[pusher_block_a];20:b(0.042,-0.081):p0.00:e[pusher_block_a];30:b(0.042,-0.081):p0.00:e[none];40:b(0.042,-0.081):p0.00:e[none];50:b(0.042,-0.081):p0.00:e[none];60:b(0.042,-0.081):p0.00:e[none];63:b(0.042,-0.081):p0.00:e[none]"
topology_no_topology_planner,combined_stress,5,1000,,0,0.56250,0.05208,0.96354,0.20898,0.04688,0.00000,0.00000,0.04688,0.00000,0.00000,0.01562,0.66559,0.12115,13.60600,"0:b(0.042,-0.081):p0.00:e[none];10:b(0.308,-0.389):p0.68:e[pusher_block_a];20:b(0.304,-0.264):p0.68:e[pusher_block_a];30:b(0.301,-0.161):p0.67:e[pusher_block_a];40:b(0.300,-0.144):p0.67:e[pusher_block_a];50:b(0.300,-0.145):p0.67:e[pusher_block_a];60:b(0.300,-0.146):p0.67:e[pusher_block_a];63:b(0.300,-0.147):p0.67:e[pusher_block_a]"
topology_no_uncertainty_penalty,combined_stress,5,1000,,0,0.57760,0.04688,0.95312,0.19727,0.04688,0.00000,0.00000,0.00000,0.00000,0.00000,0.01562,0.65219,0.13201,13.71831,"0:b(0.042,-0.081):p0.00:e[none];10:b(0.303,-0.401):p0.67:e[pusher_block_a];20:b(0.301,-0.323):p0.67:e[pusher_block_a];30:b(0.298,-0.260):p0.66:e[pusher_block_a];40:b(0.297,-0.207):p0.66:e[pusher_block_a];50:b(0.295,-0.163):p0.65:e[pusher_block_a];60:b(0.295,-0.157):p0.65:e[pusher_block_a];63:b(0.295,-0.158):p0.65:e[pusher_block_a]"
topology_full,combined_stress,5,1001,,0,0.57344,0.08854,0.96354,0.20508,0.10938,0.00000,0.00000,0.01562,0.01562,0.07812,0.01562,0.67583,0.21062,13.92174,"0:b(0.024,-0.024):p0.00:e[none];10:b(0.352,-0.403):p0.81:e[pusher_block_a,block_a_fixture];20:b(0.363,-0.331):p0.83:e[pusher_block_a];30:b(0.361,-0.257):p0.83:e[pusher_block_a];40:b(0.330,-0.221):p0.75:e[pusher_block_a];50:b(0.311,-0.229):p0.71:e[pusher_block_a];60:b(0.301,-0.240):p0.68:e[pusher_block_a];63:b(0.298,-0.243):p0.68:e[pusher_block_a]"
topology_no_birth_death,combined_stress,5,1001,,0,0.59687,0.19792,0.93437,0.18359,0.23438,0.00000,0.73438,0.01562,0.01562,0.15625,0.01562,0.66219,0.20097,21.02402,"0:b(0.024,-0.024):p0.00:e[none];10:b(0.352,-0.403):p0.81:e[pusher_block_a];20:b(0.363,-0.332):p0.83:e[pusher_block_a];30:b(0.361,-0.258):p0.83:e[pusher_block_a];40:b(0.332,-0.222):p0.76:e[pusher_block_a];50:b(0.307,-0.221):p0.70:e[pusher_block_a];60:b(0.296,-0.231):p0.67:e[pusher_block_a];63:b(0.293,-0.233):p0.66:e[pusher_block_a]"
topology_no_component_head,combined_stress,5,1001,,0,0.65104,0.10417,0.98438,0.14844,0.12500,0.00000,0.00000,0.00000,0.00000,0.01562,0.01562,0.81408,0.28345,13.24464,"0:b(0.024,-0.024):p0.00:e[none];10:b(0.356,-0.408):p0.82:e[pusher_block_a,block_b_wall];20:b(0.356,-0.383):p0.82:e[pusher_block_a];30:b(0.355,-0.362):p0.82:e[pusher_block_a];40:b(0.355,-0.345):p0.82:e[pusher_block_a];50:b(0.355,-0.331):p0.81:e[pusher_block_a];60:b(0.355,-0.319):p0.81:e[pusher_block_a];63:b(0.354,-0.316):p0.81:e[pusher_block_a]"
topology_no_jam_slip,combined_stress,5,1001,,0,0.58125,0.10417,0.96875,0.20312,0.12500,0.00000,0.00000,0.01562,0.01562,0.01562,0.01562,0.70662,0.19744,13.03409,"0:b(0.024,-0.024):p0.00:e[none];10:b(0.351,-0.402):p0.81:e[pusher_block_a];20:b(0.362,-0.339):p0.83:e[pusher_block_a];30:b(0.360,-0.273):p0.83:e[pusher_block_a];40:b(0.347,-0.228):p0.80:e[pusher_block_a];50:b(0.321,-0.220):p0.73:e[pusher_block_a];60:b(0.313,-0.228):p0.71:e[pusher_block_a];63:b(0.311,-0.230):p0.71:e[pusher_block_a]"
topology_no_topology_planner,combined_stress,5,1001,,0,0.66927,0.07812,0.93750,0.12891,0.10938,1.00000,0.78125,0.00000,0.01562,0.48438,0.01562,0.49169,0.14649,37.29690,"0:b(0.024,-0.024):p0.00:e[none];10:b(0.353,-0.404):p0.81:e[pusher_block_a,block_a_fixture];20:b(0.364,-0.324):p0.84:e[pusher_block_a,block_a_fixture];30:b(0.362,-0.243):p0.83:e[pusher_block_a,block_a_fixture];40:b(0.315,-0.215):p0.72:e[pusher_block_a,block_a_fixture];50:b(0.270,-0.197):p0.61:e[pusher_block_a,block_a_fixture];60:b(0.233,-0.183):p0.52:e[pusher_block_a,block_a_fixture];63:b(0.223,-0.179):p0.49:e[pusher_block_a]"
topology_no_uncertainty_penalty,combined_stress,5,1001,,0,0.61979,0.08854,0.98438,0.16992,0.10938,0.00000,0.00000,0.00000,0.00000,0.09375,0.01562,0.81471,0.26657,15.58553,"0:b(0.024,-0.024):p0.00:e[none];10:b(0.357,-0.409):p0.82:e[pusher_block_a,block_a_fixture,block_b_wall];20:b(0.356,-0.379):p0.82:e[pusher_block_a];30:b(0.356,-0.354):p0.82:e[pusher_block_a];40:b(0.355,-0.334):p0.82:e[pusher_block_a];50:b(0.355,-0.317):p0.82:e[pusher_block_a];60:b(0.355,-0.303):p0.81:e[pusher_block_a];63:b(0.355,-0.299):p0.81:e[pusher_block_a]"
topology_full,combined_stress,5,1002,,0,0.56406,0.04167,0.95312,0.20898,0.06250,0.00000,0.00000,0.04688,0.00000,0.00000,0.01562,0.72131,0.16427,12.54557,"0:b(0.049,-0.065):p0.00:e[none];10:b(0.330,-0.384):p0.74:e[pusher_block_a];20:b(0.326,-0.217):p0.73:e[pusher_block_a];30:b(0.324,-0.161):p0.72:e[pusher_block_a];40:b(0.324,-0.190):p0.72:e[pusher_block_a];50:b(0.324,-0.213):p0.72:e[pusher_block_a];60:b(0.324,-0.233):p0.72:e[pusher_block_a];63:b(0.324,-0.238):p0.72:e[pusher_block_a]"
topology_no_birth_death,combined_stress,5,1002,,0,0.56667,0.04167,0.96875,0.20117,0.06250,0.00000,0.00000,0.03125,0.00000,0.00000,0.01562,0.69497,0.09886,12.60360,"0:b(0.049,-0.065):p0.00:e[none];10:b(0.322,-0.396):p0.72:e[pusher_block_a];20:b(0.319,-0.306):p0.71:e[pusher_block_a];30:b(0.316,-0.231):p0.70:e[pusher_block_a];40:b(0.314,-0.169):p0.70:e[pusher_block_a];50:b(0.314,-0.160):p0.70:e[pusher_block_a];60:b(0.314,-0.170):p0.69:e[pusher_block_a];63:b(0.314,-0.173):p0.69:e[pusher_block_a]"
topology_no_component_head,combined_stress,5,1002,,0,0.56406,0.06771,0.98438,0.20898,0.06250,0.00000,0.00000,0.04688,0.00000,0.00000,0.01562,0.71797,0.09404,12.60315,"0:b(0.049,-0.065):p0.00:e[none];10:b(0.329,-0.385):p0.73:e[pusher_block_a];20:b(0.325,-0.228):p0.72:e[pusher_block_a];30:b(0.322,-0.151):p0.72:e[pusher_block_a];40:b(0.322,-0.157):p0.72:e[pusher_block_a];50:b(0.322,-0.162):p0.72:e[pusher_block_a];60:b(0.323,-0.167):p0.72:e[pusher_block_a];63:b(0.323,-0.168):p0.72:e[pusher_block_a]"
topology_no_jam_slip,combined_stress,5,1002,,0,0.56875,0.03906,0.97917,0.20508,0.04688,0.00000,0.00000,0.01562,0.00000,0.00000,0.01562,0.69606,0.09420,12.65645,"0:b(0.049,-0.065):p0.00:e[none];10:b(0.322,-0.396):p0.72:e[pusher_block_a];20:b(0.319,-0.306):p0.71:e[pusher_block_a];30:b(0.316,-0.231):p0.70:e[pusher_block_a];40:b(0.314,-0.170):p0.70:e[pusher_block_a];50:b(0.314,-0.162):p0.70:e[pusher_block_a];60:b(0.314,-0.167):p0.70:e[pusher_block_a];63:b(0.314,-0.168):p0.70:e[pusher_block_a]"
topology_no_topology_planner,combined_stress,5,1002,,0,0.60417,0.06250,0.96875,0.17578,0.04688,0.00000,0.00000,0.00000,0.00000,0.00000,0.01562,0.68299,0.11339,12.55908,"0:b(0.049,-0.065):p0.00:e[none];10:b(0.318,-0.399):p0.71:e[pusher_block_a];20:b(0.316,-0.341):p0.70:e[pusher_block_a];30:b(0.314,-0.294):p0.70:e[pusher_block_a];40:b(0.312,-0.254):p0.69:e[pusher_block_a];50:b(0.311,-0.221):p0.69:e[pusher_block_a];60:b(0.309,-0.194):p0.68:e[pusher_block_a];63:b(0.309,-0.187):p0.68:e[pusher_block_a]"
topology_no_uncertainty_penalty,combined_stress,5,1002,,0,0.55937,0.06771,0.98438,0.21094,0.06250,0.00000,0.00000,0.03125,0.00000,0.00000,0.01562,0.71870,0.11396,12.58035,"0:b(0.049,-0.065):p0.00:e[none];10:b(0.329,-0.385):p0.74:e[pusher_block_a];20:b(0.325,-0.226):p0.72:e[pusher_block_a];30:b(0.323,-0.154):p0.72:e[pusher_block_a];40:b(0.323,-0.167):p0.72:e[pusher_block_a];50:b(0.323,-0.177):p0.72:e[pusher_block_a];60:b(0.323,-0.185):p0.72:e[pusher_block_a];63:b(0.323,-0.188):p0.72:e[pusher_block_a]"
topology_full,combined_stress,5,1003,,0,0.53906,0.04167,0.93750,0.22852,0.04688,0.00000,0.00000,0.04688,0.00000,0.01562,0.01562,0.64598,0.18764,14.00944,"0:b(0.022,-0.052):p0.00:e[none];10:b(0.290,-0.359):p0.66:e[pusher_block_a];20:b(0.286,-0.236):p0.65:e[pusher_block_a,block_a_block_b];30:b(0.286,-0.236):p0.65:e[pusher_block_a];40:b(0.286,-0.236):p0.65:e[pusher_block_a];50:b(0.286,-0.236):p0.65:e[pusher_block_a];60:b(0.286,-0.236):p0.65:e[pusher_block_a];63:b(0.286,-0.236):p0.65:e[pusher_block_a]"
topology_no_birth_death,combined_stress,5,1003,,0,0.52917,0.05208,0.95312,0.23438,0.04688,0.00000,0.00000,0.03125,0.00000,0.01562,0.01562,0.64694,0.32417,14.03176,"0:b(0.022,-0.052):p0.00:e[none];10:b(0.290,-0.359):p0.66:e[pusher_block_a];20:b(0.286,-0.245):p0.65:e[pusher_block_a];30:b(0.286,-0.285):p0.65:e[pusher_block_a];40:b(0.286,-0.317):p0.65:e[pusher_block_a];50:b(0.286,-0.345):p0.65:e[pusher_block_a];60:b(0.286,-0.367):p0.65:e[pusher_block_a];63:b(0.286,-0.373):p0.65:e[pusher_block_a]"
topology_no_component_head,combined_stress,5,1003,,0,0.53438,0.04167,0.96875,0.23047,0.04688,0.00000,0.00000,0.03125,0.00000,0.01562,0.01562,0.64342,0.31258,13.99615,"0:b(0.022,-0.052):p0.00:e[none];10:b(0.289,-0.359):p0.65:e[pusher_block_a];20:b(0.285,-0.244):p0.64:e[pusher_block_a];30:b(0.285,-0.280):p0.64:e[pusher_block_a];40:b(0.285,-0.310):p0.64:e[pusher_block_a];50:b(0.285,-0.335):p0.64:e[pusher_block_a];60:b(0.284,-0.356):p0.64:e[pusher_block_a];63:b(0.284,-0.361):p0.64:e[pusher_block_a]"
topology_no_jam_slip,combined_stress,5,1003,,0,0.52917,0.05208,0.96875,0.23438,0.04688,0.00000,0.00000,0.03125,0.00000,0.01562,0.01562,0.64302,0.20482,13.95186,"0:b(0.022,-0.052):p0.00:e[none];10:b(0.288,-0.359):p0.65:e[pusher_block_a];20:b(0.285,-0.238):p0.64:e[pusher_block_a];30:b(0.284,-0.243):p0.64:e[pusher_block_a];40:b(0.284,-0.247):p0.64:e[pusher_block_a];50:b(0.284,-0.250):p0.64:e[pusher_block_a];60:b(0.284,-0.253):p0.64:e[pusher_block_a];63:b(0.284,-0.254):p0.64:e[pusher_block_a]"
topology_no_topology_planner,combined_stress,5,1003,,0,0.55937,0.07812,0.98438,0.21094,0.06250,0.00000,0.00000,0.03125,0.00000,0.00000,0.01562,0.60586,0.14367,13.35188,"0:b(0.022,-0.052):p0.00:e[none];10:b(0.278,-0.383):p0.63:e[pusher_block_a];20:b(0.274,-0.281):p0.62:e[pusher_block_a];30:b(0.270,-0.196):p0.61:e[pusher_block_a];40:b(0.269,-0.181):p0.61:e[pusher_block_a];50:b(0.269,-0.187):p0.61:e[pusher_block_a];60:b(0.269,-0.191):p0.61:e[pusher_block_a];63:b(0.269,-0.192):p0.61:e[pusher_block_a]"
topology_no_uncertainty_penalty,combined_stress,5,1003,,0,0.53177,0.04167,0.96875,0.23242,0.04688,0.00000,0.00000,0.03125,0.00000,0.01562,0.01562,0.64453,0.21183,13.94979,"0:b(0.022,-0.052):p0.00:e[none];10:b(0.289,-0.359):p0.65:e[pusher_block_a];20:b(0.285,-0.239):p0.64:e[pusher_block_a];30:b(0.285,-0.246):p0.64:e[pusher_block_a];40:b(0.285,-0.251):p0.64:e[pusher_block_a];50:b(0.285,-0.256):p0.64:e[pusher_block_a];60:b(0.285,-0.260):p0.64:e[pusher_block_a];63:b(0.285,-0.261):p0.64:e[pusher_block_a]"
topology_full,combined_stress,5,1004,,0,0.56458,0.04167,0.93750,0.20703,0.07812,0.00000,0.00000,0.03125,0.00000,0.00000,0.03125,0.75941,0.09061,13.34256,"0:b(0.030,-0.060):p0.00:e[none];10:b(0.339,-0.393):p0.77:e[pusher_block_a];20:b(0.336,-0.256):p0.77:e[pusher_block_a];30:b(0.334,-0.143):p0.76:e[pusher_block_a];40:b(0.334,-0.142):p0.76:e[pusher_block_a];50:b(0.334,-0.147):p0.76:e[pusher_block_a];60:b(0.334,-0.152):p0.76:e[pusher_block_a];63:b(0.334,-0.153):p0.76:e[pusher_block_a]"
topology_no_birth_death,combined_stress,5,1004,,0,0.54323,0.04948,0.94792,0.21289,0.10938,0.00000,0.00000,0.04688,0.00000,0.00000,0.03125,0.76507,0.14307,13.35593,"0:b(0.030,-0.060):p0.00:e[none];10:b(0.341,-0.391):p0.78:e[pusher_block_a];20:b(0.338,-0.237):p0.77:e[pusher_block_a];30:b(0.336,-0.138):p0.77:e[pusher_block_a];40:b(0.336,-0.163):p0.77:e[pusher_block_a];50:b(0.336,-0.184):p0.77:e[pusher_block_a];60:b(0.336,-0.201):p0.77:e[pusher_block_a];63:b(0.336,-0.205):p0.77:e[pusher_block_a]"
topology_no_component_head,combined_stress,5,1004,,0,0.67448,0.05729,0.98438,0.12305,0.04688,1.00000,0.00000,0.01562,0.00000,0.00000,0.00000,0.93007,0.24094,13.35195,"0:b(0.030,-0.060):p0.00:e[none];10:b(0.331,-0.400):p0.75:e[pusher_block_a];20:b(0.351,-0.374):p0.80:e[pusher_block_a];30:b(0.366,-0.352):p0.84:e[pusher_block_a];40:b(0.380,-0.334):p0.87:e[pusher_block_a];50:b(0.391,-0.319):p0.90:e[pusher_block_a];60:b(0.400,-0.306):p0.92:e[pusher_block_a];63:b(0.402,-0.303):p0.93:e[pusher_block_a]"
topology_no_jam_slip,combined_stress,5,1004,,0,0.56198,0.06510,0.95312,0.20898,0.07812,0.00000,0.00000,0.03125,0.00000,0.00000,0.03125,0.76229,0.13322,13.34315,"0:b(0.030,-0.060):p0.00:e[none];10:b(0.340,-0.392):p0.78:e[pusher_block_a];20:b(0.337,-0.246):p0.77:e[pusher_block_a];30:b(0.335,-0.135):p0.76:e[pusher_block_a,block_a_block_b];40:b(0.335,-0.157):p0.76:e[pusher_block_a];50:b(0.335,-0.176):p0.76:e[pusher_block_a];60:b(0.335,-0.191):p0.76:e[pusher_block_a];63:b(0.335,-0.195):p0.76:e[pusher_block_a]"
topology_no_topology_planner,combined_stress,5,1004,,0,0.56198,0.06510,0.93750,0.20898,0.07812,0.00000,0.00000,0.03125,0.00000,0.00000,0.03125,0.76767,0.11109,13.34883,"0:b(0.030,-0.060):p0.00:e[none];10:b(0.342,-0.391):p0.78:e[pusher_block_a];20:b(0.339,-0.228):p0.77:e[pusher_block_a];30:b(0.337,-0.140):p0.77:e[pusher_block_a];40:b(0.337,-0.152):p0.77:e[pusher_block_a];50:b(0.337,-0.163):p0.77:e[pusher_block_a];60:b(0.337,-0.171):p0.77:e[pusher_block_a];63:b(0.337,-0.173):p0.77:e[pusher_block_a]"
topology_no_uncertainty_penalty,combined_stress,5,1004,,0,0.57187,0.04167,0.96875,0.20312,0.07812,0.00000,0.00000,0.04688,0.00000,0.00000,0.03125,0.76195,0.07466,13.37524,"0:b(0.030,-0.060):p0.00:e[none];10:b(0.340,-0.392):p0.78:e[pusher_block_a];20:b(0.337,-0.248):p0.77:e[pusher_block_a];30:b(0.335,-0.136):p0.76:e[pusher_block_a,block_a_block_b];40:b(0.335,-0.136):p0.76:e[pusher_block_a];50:b(0.335,-0.136):p0.76:e[pusher_block_a];60:b(0.335,-0.137):p0.76:e[pusher_block_a];63:b(0.335,-0.137):p0.76:e[pusher_block_a]"
topology_full,combined_stress,5,1005,,0,0.53594,0.05729,0.98438,0.22852,0.07812,0.00000,0.00000,0.03125,0.00000,0.01562,0.01562,0.71289,0.21693,12.57109,"0:b(0.033,-0.036):p0.00:e[none];10:b(0.322,-0.410):p0.73:e[pusher_block_a,block_b_wall];20:b(0.319,-0.332):p0.72:e[pusher_block_a];30:b(0.317,-0.267):p0.71:e[pusher_block_a];40:b(0.316,-0.250):p0.71:e[pusher_block_a];50:b(0.316,-0.252):p0.71:e[pusher_block_a];60:b(0.316,-0.253):p0.71:e[pusher_block_a];63:b(0.316,-0.254):p0.71:e[pusher_block_a]"
topology_no_birth_death,combined_stress,5,1005,,0,0.49479,0.03125,0.91667,0.24023,0.12500,0.00000,0.00000,0.01562,0.00000,0.01562,0.01562,0.69660,0.27341,12.57981,"0:b(0.033,-0.036):p0.00:e[none];10:b(0.316,-0.405):p0.71:e[pusher_block_a];20:b(0.314,-0.379):p0.71:e[pusher_block_a];30:b(0.313,-0.358):p0.70:e[pusher_block_a];40:b(0.312,-0.340):p0.70:e[pusher_block_a];50:b(0.311,-0.325):p0.70:e[pusher_block_a];60:b(0.310,-0.313):p0.70:e[pusher_block_a];63:b(0.310,-0.310):p0.70:e[pusher_block_a]"
topology_no_component_head,combined_stress,5,1005,,0,0.52865,0.06250,0.96354,0.23242,0.07812,0.00000,0.00000,0.01562,0.00000,0.01562,0.01562,0.69662,0.23754,12.71514,"0:b(0.033,-0.036):p0.00:e[none];10:b(0.317,-0.405):p0.72:e[pusher_block_a];20:b(0.315,-0.370):p0.71:e[pusher_block_a];30:b(0.313,-0.340):p0.71:e[pusher_block_a];40:b(0.312,-0.316):p0.70:e[pusher_block_a];50:b(0.311,-0.295):p0.70:e[pusher_block_a];60:b(0.310,-0.279):p0.70:e[pusher_block_a];63:b(0.310,-0.274):p0.70:e[pusher_block_a]"
topology_no_jam_slip,combined_stress,5,1005,,0,0.52604,0.03906,0.97917,0.23438,0.07812,0.00000,0.00000,0.01562,0.00000,0.01562,0.01562,0.77802,0.28872,12.65766,"0:b(0.033,-0.036):p0.00:e[none];10:b(0.316,-0.405):p0.71:e[pusher_block_a];20:b(0.323,-0.383):p0.73:e[pusher_block_a];30:b(0.329,-0.365):p0.75:e[pusher_block_a];40:b(0.334,-0.351):p0.76:e[pusher_block_a];50:b(0.338,-0.338):p0.77:e[pusher_block_a];60:b(0.341,-0.328):p0.78:e[pusher_block_a];63:b(0.342,-0.325):p0.78:e[pusher_block_a]"
topology_no_topology_planner,combined_stress,5,1005,,0,0.53594,0.04167,0.96354,0.22852,0.07812,0.00000,0.00000,0.03125,0.00000,0.01562,0.01562,0.72865,0.22650,12.64593,"0:b(0.033,-0.036):p0.00:e[none];10:b(0.327,-0.413):p0.74:e[pusher_block_a,block_b_wall];20:b(0.323,-0.286):p0.73:e[pusher_block_a];30:b(0.322,-0.249):p0.73:e[pusher_block_a];40:b(0.322,-0.254):p0.73:e[pusher_block_a];50:b(0.322,-0.259):p0.73:e[pusher_block_a];60:b(0.322,-0.262):p0.73:e[pusher_block_a];63:b(0.322,-0.263):p0.73:e[pusher_block_a]"
topology_no_uncertainty_penalty,combined_stress,5,1005,,0,0.54062,0.04167,0.96875,0.22656,0.07812,0.00000,0.00000,0.04688,0.00000,0.01562,0.01562,0.72419,0.26753,12.62477,"0:b(0.033,-0.036):p0.00:e[none];10:b(0.325,-0.412):p0.74:e[pusher_block_a,block_b_wall];20:b(0.322,-0.302):p0.73:e[pusher_block_a];30:b(0.320,-0.254):p0.72:e[pusher_block_a];40:b(0.320,-0.272):p0.72:e[pusher_block_a];50:b(0.321,-0.288):p0.72:e[pusher_block_a];60:b(0.321,-0.301):p0.72:e[pusher_block_a];63:b(0.321,-0.304):p0.72:e[pusher_block_a]"
topology_full,combined_stress,6,1000,,0,0.56927,0.05990,0.97917,0.20508,0.06250,0.00000,0.00000,0.04688,0.00000,0.00000,0.01562,0.72294,0.13125,12.85100,"0:b(0.038,-0.065):p0.00:e[none];10:b(0.327,-0.391):p0.74:e[pusher_block_a];20:b(0.325,-0.310):p0.73:e[pusher_block_a];30:b(0.323,-0.244):p0.73:e[pusher_block_a];40:b(0.322,-0.192):p0.72:e[pusher_block_a,block_a_block_b];50:b(0.322,-0.193):p0.72:e[pusher_block_a];60:b(0.322,-0.193):p0.72:e[pusher_block_a];63:b(0.322,-0.193):p0.72:e[pusher_block_a]"
topology_no_birth_death,combined_stress,6,1000,,0,0.55469,0.04948,0.96875,0.20703,0.06250,0.00000,0.00000,0.01562,0.00000,0.00000,0.00000,0.71154,0.15545,12.75365,"0:b(0.038,-0.065):p0.00:e[none];10:b(0.324,-0.395):p0.73:e[pusher_block_a];20:b(0.322,-0.347):p0.72:e[pusher_block_a];30:b(0.320,-0.307):p0.72:e[pusher_block_a];40:b(0.319,-0.274):p0.72:e[pusher_block_a];50:b(0.318,-0.246):p0.71:e[pusher_block_a];60:b(0.317,-0.224):p0.71:e[pusher_block_a];63:b(0.317,-0.218):p0.71:e[pusher_block_a]"
topology_no_component_head,combined_stress,6,1000,,0,0.58333,0.03906,0.96875,0.19141,0.04688,0.00000,0.00000,0.01562,0.00000,0.00000,0.00000,0.71125,0.16372,13.00702,"0:b(0.038,-0.065):p0.00:e[none];10:b(0.323,-0.396):p0.73:e[pusher_block_a];20:b(0.322,-0.350):p0.72:e[pusher_block_a];30:b(0.320,-0.311):p0.72:e[pusher_block_a];40:b(0.319,-0.280):p0.72:e[pusher_block_a];50:b(0.318,-0.253):p0.71:e[pusher_block_a];60:b(0.317,-0.232):p0.71:e[pusher_block_a];63:b(0.317,-0.226):p0.71:e[pusher_block_a]"
topology_no_jam_slip,combined_stress,6,1000,,0,0.57292,0.05729,0.96875,0.19922,0.04688,0.00000,0.00000,0.01562,0.00000,0.00000,0.00000,0.71106,0.16919,13.06220,"0:b(0.038,-0.065):p0.00:e[none];10:b(0.323,-0.396):p0.73:e[pusher_block_a];20:b(0.321,-0.351):p0.72:e[pusher_block_a];30:b(0.320,-0.314):p0.72:e[pusher_block_a];40:b(0.319,-0.283):p0.72:e[pusher_block_a];50:b(0.318,-0.258):p0.71:e[pusher_block_a];60:b(0.317,-0.237):p0.71:e[pusher_block_a];63:b(0.317,-0.231):p0.71:e[pusher_block_a]"
topology_no_topology_planner,combined_stress,6,1000,,0,0.57552,0.03906,0.98438,0.19727,0.04688,0.00000,0.00000,0.01562,0.00000,0.00000,0.00000,0.71237,0.13130,12.78031,"0:b(0.038,-0.065):p0.00:e[none];10:b(0.324,-0.395):p0.73:e[pusher_block_a];20:b(0.322,-0.340):p0.73:e[pusher_block_a];30:b(0.321,-0.295):p0.72:e[pusher_block_a];40:b(0.320,-0.257):p0.72:e[pusher_block_a];50:b(0.319,-0.226):p0.72:e[pusher_block_a];60:b(0.318,-0.200):p0.71:e[pusher_block_a];63:b(0.317,-0.194):p0.71:e[pusher_block_a]"
topology_no_uncertainty_penalty,combined_stress,6,1000,,0,0.58854,0.05208,0.98438,0.18750,0.04688,0.00000,0.00000,0.01562,0.00000,0.00000,0.00000,0.71088,0.17443,12.99401,"0:b(0.038,-0.065):p0.00:e[none];10:b(0.323,-0.396):p0.73:e[pusher_block_a];20:b(0.321,-0.353):p0.72:e[pusher_block_a];30:b(0.320,-0.317):p0.72:e[pusher_block_a];40:b(0.319,-0.287):p0.72:e[pusher_block_a];50:b(0.318,-0.262):p0.71:e[pusher_block_a];60:b(0.317,-0.242):p0.71:e[pusher_block_a];63:b(0.317,-0.237):p0.71:e[pusher_block_a]"
topology_full,combined_stress,6,1001,,0,0.57292,0.03906,1.00000,0.19922,0.04688,0.00000,0.00000,0.00000,0.00000,0.00000,0.01562,0.75716,0.15407,13.22237,"0:b(0.025,-0.042):p0.00:e[none];10:b(0.326,-0.399):p0.74:e[pusher_block_a];20:b(0.335,-0.362):p0.77:e[pusher_block_a];30:b(0.334,-0.320):p0.76:e[pusher_block_a];40:b(0.333,-0.284):p0.76:e[pusher_block_a];50:b(0.332,-0.255):p0.76:e[pusher_block_a];60:b(0.332,-0.231):p0.76:e[pusher_block_a];63:b(0.332,-0.224):p0.76:e[pusher_block_a]"
topology_no_birth_death,combined_stress,6,1001,,0,0.52292,0.04167,0.92188,0.22070,0.09375,0.00000,0.00000,0.01562,0.00000,0.00000,0.01562,0.76402,0.14882,13.13485,"0:b(0.025,-0.042):p0.00:e[none];10:b(0.328,-0.403):p0.75:e[pusher_block_a];20:b(0.337,-0.343):p0.77:e[pusher_block_a];30:b(0.336,-0.280):p0.77:e[pusher_block_a];40:b(0.335,-0.229):p0.77:e[pusher_block_a];50:b(0.334,-0.213):p0.76:e[pusher_block_a];60:b(0.334,-0.218):p0.76:e[pusher_block_a];63:b(0.334,-0.219):p0.76:e[pusher_block_a]"
topology_no_component_head,combined_stress,6,1001,,0,0.56406,0.05729,0.96875,0.20898,0.04688,0.00000,0.00000,0.03125,0.00000,0.00000,0.01562,0.77238,0.17130,13.42802,"0:b(0.025,-0.042):p0.00:e[none];10:b(0.331,-0.406):p0.76:e[pusher_block_a];20:b(0.340,-0.321):p0.78:e[pusher_block_a];30:b(0.338,-0.236):p0.77:e[pusher_block_a];40:b(0.338,-0.222):p0.77:e[pusher_block_a];50:b(0.338,-0.231):p0.77:e[pusher_block_a];60:b(0.338,-0.239):p0.77:e[pusher_block_a];63:b(0.338,-0.242):p0.77:e[pusher_block_a]"
topology_no_jam_slip,combined_stress,6,1001,,0,0.56146,0.05208,0.93750,0.21094,0.04688,0.00000,0.00000,0.03125,0.00000,0.00000,0.01562,0.76812,0.16436,13.32324,"0:b(0.025,-0.042):p0.00:e[none];10:b(0.330,-0.404):p0.75:e[pusher_block_a];20:b(0.339,-0.332):p0.77:e[pusher_block_a];30:b(0.337,-0.260):p0.77:e[pusher_block_a];40:b(0.336,-0.213):p0.77:e[pusher_block_a];50:b(0.336,-0.223):p0.77:e[pusher_block_a];60:b(0.336,-0.232):p0.77:e[pusher_block_a];63:b(0.336,-0.235):p0.77:e[pusher_block_a]"
topology_no_topology_planner,combined_stress,6,1001,,0,0.57240,0.04167,0.98438,0.20117,0.04688,0.00000,0.00000,0.01562,0.00000,0.00000,0.01562,0.76010,0.14426,13.21783,"0:b(0.025,-0.042):p0.00:e[none];10:b(0.327,-0.401):p0.75:e[pusher_block_a];20:b(0.336,-0.353):p0.77:e[pusher_block_a];30:b(0.335,-0.301):p0.77:e[pusher_block_a];40:b(0.334,-0.258):p0.76:e[pusher_block_a];50:b(0.333,-0.222):p0.76:e[pusher_block_a];60:b(0.333,-0.214):p0.76:e[pusher_block_a];63:b(0.333,-0.214):p0.76:e[pusher_block_a]"
topology_no_uncertainty_penalty,combined_stress,6,1001,,0,0.56458,0.06510,0.96875,0.20703,0.04688,0.00000,0.00000,0.01562,0.00000,0.00000,0.01562,0.76648,0.16508,13.49959,"0:b(0.025,-0.042):p0.00:e[none];10:b(0.329,-0.404):p0.75:e[pusher_block_a];20:b(0.338,-0.337):p0.77:e[pusher_block_a];30:b(0.337,-0.268):p0.77:e[pusher_block_a];40:b(0.335,-0.214):p0.77:e[pusher_block_a,block_a_block_b];50:b(0.335,-0.224):p0.77:e[pusher_block_a];60:b(0.335,-0.233):p0.77:e[pusher_block_a];63:b(0.335,-0.235):p0.77:e[pusher_block_a]"
topology_full,combined_stress,6,1002,,1,0.62667,0.08333,0.13333,0.25000,0.80000,0.26667,0.00000,0.95000,0.80000,0.00000,0.00000,0.82257,0.00518,11.21656,"0:b(0.023,-0.049):p0.00:e[none];10:b(0.358,-0.051):p0.82:e[pusher_block_a,block_a_block_b,block_b_pocket]"
topology_no_birth_death,combined_stress,6,1002,,1,0.62000,0.08333,0.13333,0.25000,0.85000,0.25000,0.00000,0.95000,0.80000,0.00000,0.00000,0.82257,0.00737,11.27988,"0:b(0.023,-0.049):p0.00:e[none];10:b(0.358,-0.048):p0.82:e[pusher_block_a,block_a_block_b,block_b_pocket]"
topology_no_component_head,combined_stress,6,1002,,1,0.64000,0.08333,0.16667,0.24375,0.85000,0.25000,0.00000,0.95000,0.80000,0.00000,0.00000,0.82257,0.00783,11.19817,"0:b(0.023,-0.049):p0.00:e[none];10:b(0.358,-0.048):p0.82:e[pusher_block_a,block_a_block_b,block_b_pocket]"
topology_no_jam_slip,combined_stress,6,1002,,1,0.64000,0.16667,0.20000,0.24375,0.85000,0.25000,0.00000,0.95000,0.80000,0.00000,0.00000,0.82257,0.00626,11.21679,"0:b(0.023,-0.049):p0.00:e[none];10:b(0.358,-0.050):p0.82:e[pusher_block_a,block_a_block_b,block_b_pocket]"
topology_no_topology_planner,combined_stress,6,1002,,1,0.64000,0.10833,0.18333,0.24375,0.85000,0.25000,0.00000,0.95000,0.80000,0.00000,0.00000,0.82258,0.00614,11.25772,"0:b(0.023,-0.049):p0.00:e[none];10:b(0.358,-0.050):p0.82:e[pusher_block_a,block_a_block_b,block_b_pocket]"
topology_no_uncertainty_penalty,combined_stress,6,1002,,1,0.64000,0.08333,0.10000,0.24375,0.85000,0.25000,0.00000,0.95000,0.80000,0.00000,0.00000,0.82257,0.00784,11.16164,"0:b(0.023,-0.049):p0.00:e[none];10:b(0.358,-0.048):p0.82:e[pusher_block_a,block_a_block_b,block_b_pocket]"
topology_full,combined_stress,6,1003,,0,0.55417,0.05208,0.93750,0.21484,0.06250,0.00000,0.00000,0.01562,0.00000,0.00000,0.03125,0.69588,0.13525,13.57226,"0:b(0.048,-0.050):p0.00:e[none];10:b(0.320,-0.420):p0.71:e[pusher_block_a,block_b_wall];20:b(0.317,-0.310):p0.70:e[pusher_block_a];30:b(0.314,-0.219):p0.70:e[pusher_block_a];40:b(0.314,-0.203):p0.70:e[pusher_block_a];50:b(0.314,-0.205):p0.70:e[pusher_block_a];60:b(0.314,-0.207):p0.70:e[pusher_block_a];63:b(0.314,-0.207):p0.70:e[pusher_block_a]"
topology_no_birth_death,combined_stress,6,1003,,0,0.52760,0.04167,0.93750,0.21875,0.09375,0.00000,0.00000,0.03125,0.00000,0.00000,0.01562,0.68036,0.13786,13.54046,"0:b(0.048,-0.050):p0.00:e[none];10:b(0.316,-0.412):p0.70:e[pusher_block_a,block_b_wall];20:b(0.313,-0.343):p0.69:e[pusher_block_a];30:b(0.311,-0.287):p0.69:e[pusher_block_a];40:b(0.309,-0.240):p0.68:e[pusher_block_a];50:b(0.308,-0.201):p0.68:e[pusher_block_a,block_a_block_b];60:b(0.308,-0.208):p0.68:e[pusher_block_a];63:b(0.308,-0.210):p0.68:e[pusher_block_a]"
topology_no_component_head,combined_stress,6,1003,,0,0.56979,0.05208,0.93750,0.20312,0.04688,0.00000,0.00000,0.01562,0.00000,0.00000,0.01562,0.68100,0.14112,13.53626,"0:b(0.048,-0.050):p0.00:e[none];10:b(0.316,-0.412):p0.70:e[pusher_block_a,block_b_wall];20:b(0.313,-0.343):p0.69:e[pusher_block_a];30:b(0.311,-0.285):p0.69:e[pusher_block_a];40:b(0.309,-0.238):p0.68:e[pusher_block_a];50:b(0.308,-0.205):p0.68:e[pusher_block_a];60:b(0.308,-0.211):p0.68:e[pusher_block_a];63:b(0.308,-0.213):p0.68:e[pusher_block_a]"
topology_no_jam_slip,combined_stress,6,1003,,0,0.38281,0.03906,0.98438,0.20117,0.04688,0.00000,0.00000,0.00000,0.00000,0.00000,0.01562,0.67176,0.22223,58.79724,"0:b(0.048,-0.050):p0.00:e[none];10:b(0.312,-0.408):p0.69:e[pusher_block_a,block_b_wall];20:b(0.310,-0.377):p0.69:e[pusher_block_a];30:b(0.308,-0.351):p0.68:e[pusher_block_a];40:b(0.307,-0.330):p0.68:e[pusher_block_a];50:b(0.306,-0.313):p0.67:e[none];60:b(0.305,-0.298):p0.67:e[none];63:b(0.305,-0.294):p0.67:e[none]"
topology_no_topology_planner,combined_stress,6,1003,,0,0.56146,0.04167,0.89062,0.21094,0.06250,0.00000,0.00000,0.03125,0.00000,0.00000,0.03125,0.68986,0.13260,13.51719,"0:b(0.048,-0.050):p0.00:e[none];10:b(0.318,-0.418):p0.71:e[pusher_block_a,block_b_wall];20:b(0.315,-0.325):p0.70:e[pusher_block_a];30:b(0.313,-0.249):p0.69:e[pusher_block_a];40:b(0.312,-0.203):p0.69:e[pusher_block_a];50:b(0.312,-0.204):p0.69:e[pusher_block_a];60:b(0.312,-0.204):p0.69:e[pusher_block_a];63:b(0.312,-0.205):p0.69:e[pusher_block_a]"
topology_no_uncertainty_penalty,combined_stress,6,1003,,0,0.55417,0.07292,0.92188,0.21484,0.04688,0.00000,0.00000,0.01562,0.00000,0.00000,0.01562,0.69651,0.13323,13.47866,"0:b(0.048,-0.050):p0.00:e[none];10:b(0.320,-0.416):p0.71:e[pusher_block_a,block_b_wall];20:b(0.317,-0.303):p0.70:e[pusher_block_a];30:b(0.315,-0.210):p0.70:e[pusher_block_a];40:b(0.314,-0.204):p0.70:e[pusher_block_a];50:b(0.314,-0.205):p0.70:e[pusher_block_a];60:b(0.314,-0.205):p0.70:e[pusher_block_a];63:b(0.314,-0.205):p0.70:e[pusher_block_a]"
topology_full,combined_stress,6,1004,,0,0.56510,0.05990,0.99687,0.19727,0.04688,0.00000,0.00000,0.00000,0.00000,0.01562,0.00000,0.64197,0.16773,13.32499,"0:b(0.068,-0.065):p0.00:e[none];10:b(0.313,-0.401):p0.68:e[pusher_block_a];20:b(0.310,-0.351):p0.67:e[pusher_block_a];30:b(0.307,-0.309):p0.66:e[pusher_block_a];40:b(0.305,-0.275):p0.65:e[pusher_block_a];50:b(0.303,-0.246):p0.65:e[pusher_block_a];60:b(0.301,-0.223):p0.64:e[pusher_block_a];63:b(0.301,-0.217):p0.64:e[pusher_block_a]"
topology_no_birth_death,combined_stress,6,1004,,0,0.60156,0.03125,0.93750,0.16797,0.06250,0.00000,0.00000,0.01562,0.00000,0.00000,0.00000,0.65993,0.16965,12.35176,"0:b(0.068,-0.065):p0.00:e[none];10:b(0.318,-0.401):p0.69:e[pusher_block_a];20:b(0.315,-0.352):p0.68:e[pusher_block_a];30:b(0.313,-0.310):p0.68:e[pusher_block_a];40:b(0.311,-0.276):p0.67:e[pusher_block_a];50:b(0.309,-0.248):p0.66:e[pusher_block_a];60:b(0.307,-0.225):p0.66:e[pusher_block_a];63:b(0.307,-0.218):p0.66:e[pusher_block_a]"
topology_no_component_head,combined_stress,6,1004,,0,0.65625,0.05208,0.96875,0.13672,0.04688,0.00000,0.00000,0.01562,0.00000,0.00000,0.00000,0.65894,0.19751,12.47302,"0:b(0.068,-0.065):p0.00:e[none];10:b(0.317,-0.402):p0.69:e[pusher_block_a];20:b(0.314,-0.359):p0.68:e[pusher_block_a];30:b(0.312,-0.324):p0.67:e[pusher_block_a];40:b(0.310,-0.295):p0.67:e[pusher_block_a];50:b(0.308,-0.271):p0.66:e[pusher_block_a];60:b(0.307,-0.252):p0.66:e[pusher_block_a];63:b(0.307,-0.246):p0.66:e[pusher_block_a]"
topology_no_jam_slip,combined_stress,6,1004,,0,0.39687,0.03906,0.92708,0.24609,0.04688,0.00000,0.00000,0.01562,0.00000,0.01562,0.01562,0.54617,0.25424,17.23362,"0:b(0.068,-0.065):p0.00:e[none];10:b(0.316,-0.400):p0.69:e[pusher_block_a];20:b(0.313,-0.363):p0.68:e[pusher_block_a];30:b(0.311,-0.332):p0.67:e[pusher_block_a];40:b(0.309,-0.307):p0.67:e[pusher_block_a];50:b(0.295,-0.298):p0.63:e[none];60:b(0.272,-0.302):p0.56:e[none];63:b(0.266,-0.303):p0.55:e[none]"
topology_no_topology_planner,combined_stress,6,1004,,0,0.62240,0.07552,0.96875,0.16211,0.06250,0.00000,0.00000,0.01562,0.00000,0.00000,0.01562,0.66020,0.16201,12.30077,"0:b(0.068,-0.065):p0.00:e[none];10:b(0.318,-0.401):p0.69:e[pusher_block_a];20:b(0.315,-0.349):p0.68:e[pusher_block_a];30:b(0.313,-0.307):p0.68:e[pusher_block_a];40:b(0.311,-0.271):p0.67:e[pusher_block_a];50:b(0.309,-0.242):p0.67:e[pusher_block_a];60:b(0.308,-0.217):p0.66:e[pusher_block_a];63:b(0.307,-0.211):p0.66:e[pusher_block_a]"
topology_no_uncertainty_penalty,combined_stress,6,1004,,0,0.58594,0.03125,0.93229,0.18750,0.04688,0.00000,0.00000,0.01562,0.00000,0.00000,0.01562,0.66251,0.09681,12.49617,"0:b(0.068,-0.065):p0.00:e[none];10:b(0.320,-0.401):p0.70:e[pusher_block_a];20:b(0.317,-0.331):p0.69:e[pusher_block_a];30:b(0.314,-0.274):p0.68:e[pusher_block_a];40:b(0.312,-0.226):p0.67:e[pusher_block_a];50:b(0.310,-0.187):p0.67:e[pusher_block_a];60:b(0.308,-0.154):p0.66:e[pusher_block_a];63:b(0.308,-0.146):p0.66:e[pusher_block_a]"
topology_full,combined_stress,6,1005,,0,0.66354,0.04167,0.10938,0.24414,0.95312,0.87379,0.00000,0.95312,0.92188,0.00000,0.00000,0.80878,0.00789,11.18442,"0:b(0.052,-0.032):p0.00:e[none];10:b(0.358,-0.067):p0.81:e[pusher_block_a,block_a_block_b,block_b_pocket];20:b(0.358,-0.067):p0.81:e[pusher_block_a,block_a_block_b,block_b_pocket];30:b(0.358,-0.067):p0.81:e[pusher_block_a,block_a_block_b,block_b_pocket];40:b(0.358,-0.067):p0.81:e[pusher_block_a,block_a_block_b,block_b_pocket];50:b(0.358,-0.067):p0.81:e[pusher_block_a,block_a_block_b,block_b_pocket];60:b(0.358,-0.067):p0.81:e[pusher_block_a,block_a_block_b,block_b_pocket];63:b(0.358,-0.067):p0.81:e[pusher_block_a,block_a_block_b,block_b_pocket]"
topology_no_birth_death,combined_stress,6,1005,,0,0.64479,0.07552,0.10156,0.25195,0.90625,0.88462,0.00000,0.95312,0.92188,0.00000,0.00000,0.80879,0.01082,11.19593,"0:b(0.052,-0.032):p0.00:e[none];10:b(0.358,-0.070):p0.81:e[pusher_block_a,block_a_block_b,block_b_pocket];20:b(0.358,-0.070):p0.81:e[pusher_block_a,block_a_block_b,block_b_pocket];30:b(0.358,-0.070):p0.81:e[pusher_block_a,block_a_block_b,block_b_pocket];40:b(0.358,-0.070):p0.81:e[pusher_block_a,block_a_block_b,block_b_pocket];50:b(0.358,-0.070):p0.81:e[pusher_block_a,block_a_block_b,block_b_pocket];60:b(0.358,-0.070):p0.81:e[pusher_block_a,block_a_block_b,block_b_pocket];63:b(0.358,-0.070):p0.81:e[pusher_block_a,block_a_block_b,block_b_pocket]"
topology_no_component_head,combined_stress,6,1005,,0,0.66771,0.04688,0.13542,0.24219,0.96875,0.88462,0.00000,0.95312,0.92188,0.00000,0.00000,0.80878,0.01127,11.28805,"0:b(0.052,-0.032):p0.00:e[none];10:b(0.358,-0.070):p0.81:e[pusher_block_a,block_a_block_b,block_b_pocket];20:b(0.358,-0.070):p0.81:e[pusher_block_a,block_a_block_b,block_b_pocket];30:b(0.358,-0.070):p0.81:e[pusher_block_a,block_a_block_b,block_b_pocket];40:b(0.358,-0.070):p0.81:e[pusher_block_a,block_a_block_b,block_b_pocket];50:b(0.358,-0.070):p0.81:e[pusher_block_a,block_a_block_b,block_b_pocket];60:b(0.358,-0.070):p0.81:e[pusher_block_a,block_a_block_b,block_b_pocket];63:b(0.358,-0.070):p0.81:e[pusher_block_a,block_a_block_b,block_b_pocket]"
topology_no_jam_slip,combined_stress,6,1005,,0,0.66510,0.05729,0.08333,0.24414,0.98438,0.88462,0.00000,0.96875,0.92188,0.00000,0.00000,0.80879,0.02611,11.93189,"0:b(0.052,-0.032):p0.00:e[none];10:b(0.358,-0.033):p0.81:e[pusher_block_a,block_a_block_b,block_b_pocket];20:b(0.358,-0.033):p0.81:e[pusher_block_a,block_a_block_b,block_b_pocket];30:b(0.358,-0.033):p0.81:e[pusher_block_a,block_a_block_b,block_b_pocket];40:b(0.358,-0.033):p0.81:e[pusher_block_a,block_a_block_b,block_b_pocket];50:b(0.358,-0.033):p0.81:e[pusher_block_a,block_a_block_b,block_b_pocket];60:b(0.358,-0.033):p0.81:e[pusher_block_a,block_a_block_b,block_b_pocket];63:b(0.358,-0.033):p0.81:e[pusher_block_a,block_a_block_b,block_b_pocket]"
topology_no_topology_planner,combined_stress,6,1005,,0,0.66354,0.04167,0.17188,0.24414,0.95312,0.87379,0.00000,0.95312,0.92188,0.00000,0.00000,0.80877,0.00878,11.17757,"0:b(0.052,-0.032):p0.00:e[none];10:b(0.358,-0.068):p0.81:e[pusher_block_a,block_a_block_b,block_b_pocket];20:b(0.358,-0.068):p0.81:e[pusher_block_a,block_a_block_b,block_b_pocket];30:b(0.358,-0.068):p0.81:e[pusher_block_a,block_a_block_b,block_b_pocket];40:b(0.358,-0.068):p0.81:e[pusher_block_a,block_a_block_b,block_b_pocket];50:b(0.358,-0.068):p0.81:e[pusher_block_a,block_a_block_b,block_b_pocket];60:b(0.358,-0.068):p0.81:e[pusher_block_a,block_a_block_b,block_b_pocket];63:b(0.358,-0.068):p0.81:e[pusher_block_a,block_a_block_b,block_b_pocket]"
topology_no_uncertainty_penalty,combined_stress,6,1005,,0,0.66354,0.04688,0.14062,0.24414,0.95312,0.87379,0.00000,0.95312,0.92188,0.00000,0.00000,0.80879,0.00547,11.10545,"0:b(0.052,-0.032):p0.00:e[none];10:b(0.358,-0.064):p0.81:e[pusher_block_a,block_a_block_b,block_b_pocket];20:b(0.358,-0.064):p0.81:e[pusher_block_a,block_a_block_b,block_b_pocket];30:b(0.358,-0.065):p0.81:e[pusher_block_a,block_a_block_b,block_b_pocket];40:b(0.358,-0.065):p0.81:e[pusher_block_a,block_a_block_b,block_b_pocket];50:b(0.358,-0.065):p0.81:e[pusher_block_a,block_a_block_b,block_b_pocket];60:b(0.358,-0.065):p0.81:e[pusher_block_a,block_a_block_b,block_b_pocket];63:b(0.358,-0.065):p0.81:e[pusher_block_a,block_a_block_b,block_b_pocket]"
