example,split,action_x,action_y,edge_count_before,edge_count_after,births,deaths
0,contact_chain_transfer,9.7013,10.7556,0.0,0.0,0.0,0.0
1,distractor_contact,5.6921,-0.1118,0.0,0.0,0.0,0.0
2,delayed_topology_transition,22.0459,4.7352,0.0,0.0,0.0,0.0
3,distractor_contact,12.7481,9.0934,0.0,0.0,0.0,0.0
4,combined_stress,20.6145,-0.6624,0.0,0.0,0.0,0.0
5,friction_mass_shift,16.2332,-6.0009,0.0,0.0,0.0,0.0
6,friction_mass_shift,15.9394,-5.2917,0.0,0.0,0.0,0.0
7,actuator_limit_chain,6.8265,-10.2390,0.0,0.0,0.0,0.0
8,combined_extreme_stress,-1.9654,11.6577,0.0,0.0,0.0,0.0
9,pocket_relocation,17.7320,-0.3036,0.0,0.0,0.0,0.0
10,fixture_topology_shift,8.9667,-10.7040,0.0,0.0,0.0,0.0
11,combined_extreme_stress,13.9989,-8.5619,0.0,0.0,0.0,0.0
12,combined_extreme_stress,7.6188,2.4857,0.0,0.0,0.0,0.0
13,pocket_relocation,8.3113,-9.2605,0.0,0.0,0.0,0.0
14,fixture_topology_shift,5.7093,2.9975,0.0,0.0,0.0,0.0
15,nominal_push_to_pocket,-0.2417,8.8668,0.0,0.0,0.0,0.0
16,contact_chain_transfer,21.3894,3.0456,0.0,0.0,0.0,0.0
17,fixture_near_wall_jam,4.1854,-0.8719,0.0,0.0,0.0,0.0
18,fixture_near_wall_jam,14.0092,3.7568,1.0,0.0,0.0,1.0
19,combined_stress,23.7316,-0.8495,0.0,0.0,0.0,0.0
20,delayed_topology_transition,10.3215,11.0998,0.0,0.0,0.0,0.0
21,actuator_limit_chain,3.6042,9.8791,0.0,0.0,0.0,0.0
22,distractor_contact,3.9972,-8.6007,0.0,0.0,0.0,0.0
23,nominal_push_to_pocket,7.7191,5.9787,0.0,0.0,0.0,0.0
24,combined_extreme_stress,0.5669,9.5449,1.0,1.0,0.0,0.0
25,contact_chain_transfer,5.3308,0.0077,0.0,0.0,0.0,0.0
26,friction_mass_shift,17.1639,-0.4444,0.0,0.0,0.0,0.0
27,fixture_topology_shift,16.3379,-2.3399,0.0,0.0,0.0,0.0
28,combined_extreme_stress,13.2888,3.3514,0.0,0.0,0.0,0.0
29,contact_sensor_noise_burst,0.8308,-0.0023,0.0,0.0,0.0,0.0
30,distractor_contact,16.7728,8.9816,0.0,0.0,0.0,0.0
31,actuator_limit_chain,6.3545,0.0966,0.0,0.0,0.0,0.0
32,contact_sensor_noise_burst,22.8355,-2.2299,0.0,0.0,0.0,0.0
33,combined_stress,8.5186,-8.2063,0.0,0.0,0.0,0.0
34,pocket_relocation,24.5877,0.9468,1.0,0.0,0.0,1.0
35,combined_extreme_stress,-3.3163,8.6428,1.0,1.0,0.0,0.0
36,combined_stress,13.3505,5.0354,1.0,1.0,0.0,0.0
37,friction_mass_shift,-0.2411,-13.8044,0.0,0.0,0.0,0.0
38,contact_sensor_noise_burst,8.2042,-10.0246,0.0,0.0,0.0,0.0
39,nominal_push_to_pocket,13.6795,3.0617,0.0,1.0,1.0,0.0
40,pocket_relocation,19.0033,2.2700,0.0,0.0,0.0,0.0
41,actuator_limit_chain,6.9597,-6.9136,0.0,0.0,0.0,0.0
42,nominal_push_to_pocket,18.1964,-1.9191,0.0,0.0,0.0,0.0
43,pocket_relocation,5.4878,2.4173,0.0,0.0,0.0,0.0
44,combined_stress,16.9354,-2.9671,0.0,0.0,0.0,0.0
45,distractor_contact,15.2905,5.1330,0.0,0.0,0.0,0.0
46,combined_extreme_stress,20.6459,6.0582,0.0,0.0,0.0,0.0
47,nominal_push_to_pocket,11.2063,12.5812,1.0,1.0,0.0,0.0
48,distractor_contact,6.7758,-12.8019,0.0,0.0,0.0,0.0
49,combined_extreme_stress,5.6871,0.3052,0.0,0.0,0.0,0.0
50,combined_extreme_stress,9.0241,9.5818,0.0,0.0,0.0,0.0
51,friction_mass_shift,14.9583,8.5367,0.0,0.0,0.0,0.0
52,contact_chain_transfer,-0.2754,9.0207,0.0,0.0,0.0,0.0
53,delayed_topology_transition,11.1898,10.8670,0.0,0.0,0.0,0.0
54,contact_sensor_noise_burst,2.1385,-8.0702,0.0,0.0,0.0,0.0
55,combined_extreme_stress,14.6114,-0.5126,0.0,0.0,0.0,0.0
56,nominal_push_to_pocket,7.0569,8.8663,0.0,0.0,0.0,0.0
57,combined_stress,2.5445,7.5279,0.0,0.0,0.0,0.0
58,fixture_near_wall_jam,11.5282,0.1504,0.0,0.0,0.0,0.0
59,contact_chain_transfer,11.9010,4.0599,0.0,0.0,0.0,0.0
60,friction_mass_shift,8.4581,12.9544,0.0,0.0,0.0,0.0
61,combined_stress,1.9607,-11.6839,1.0,1.0,0.0,0.0
62,combined_stress,9.0193,8.5119,0.0,0.0,0.0,0.0
63,distractor_contact,-1.3524,9.7234,0.0,0.0,0.0,0.0
64,contact_sensor_noise_burst,16.7992,-1.0329,1.0,1.0,0.0,0.0
65,pocket_relocation,8.9878,10.2830,0.0,0.0,0.0,0.0
66,contact_chain_transfer,11.8274,6.6601,0.0,0.0,0.0,0.0
67,contact_sensor_noise_burst,5.2754,4.5193,1.0,1.0,0.0,0.0
68,nominal_push_to_pocket,2.8288,-1.4210,1.0,1.0,0.0,0.0
69,fixture_topology_shift,22.4557,-2.0054,0.0,0.0,0.0,0.0
70,delayed_topology_transition,11.0797,-10.7957,0.0,0.0,0.0,0.0
71,combined_stress,5.4557,-1.2066,0.0,0.0,0.0,0.0
72,distractor_contact,1.5540,11.3803,0.0,0.0,0.0,0.0
73,nominal_push_to_pocket,1.0446,-11.3690,0.0,0.0,0.0,0.0
74,friction_mass_shift,26.2761,1.4001,0.0,0.0,0.0,0.0
75,nominal_push_to_pocket,16.7628,4.6526,0.0,0.0,0.0,0.0
76,fixture_near_wall_jam,8.2783,7.5699,0.0,0.0,0.0,0.0
77,distractor_contact,9.4521,11.0785,1.0,1.0,0.0,0.0
78,contact_sensor_noise_burst,-0.6581,-7.7762,0.0,0.0,0.0,0.0
79,nominal_push_to_pocket,4.2279,-2.2958,0.0,0.0,0.0,0.0
80,friction_mass_shift,21.7243,2.5656,0.0,1.0,1.0,0.0
81,pocket_relocation,20.8633,0.8007,0.0,1.0,1.0,0.0
82,fixture_topology_shift,13.2081,10.1318,0.0,1.0,1.0,0.0
83,combined_extreme_stress,21.3725,0.1851,1.0,1.0,0.0,0.0
84,combined_extreme_stress,4.2148,0.8183,0.0,0.0,0.0,0.0
85,friction_mass_shift,13.8144,-5.9935,0.0,0.0,0.0,0.0
86,delayed_topology_transition,13.8204,4.8921,0.0,1.0,1.0,0.0
87,nominal_push_to_pocket,10.7284,-5.0085,0.0,0.0,0.0,0.0
88,combined_extreme_stress,14.3037,-4.0381,0.0,0.0,0.0,0.0
89,pocket_relocation,8.7223,10.6508,0.0,0.0,0.0,0.0
90,combined_extreme_stress,14.4553,3.2111,0.0,0.0,0.0,0.0
91,nominal_push_to_pocket,3.9752,9.0882,0.0,0.0,0.0,0.0
92,combined_extreme_stress,14.6898,-4.9536,0.0,0.0,0.0,0.0
93,fixture_topology_shift,11.7440,8.3614,0.0,0.0,0.0,0.0
94,nominal_push_to_pocket,17.2886,5.9120,0.0,0.0,0.0,0.0
95,combined_extreme_stress,0.6630,5.4323,0.0,0.0,0.0,0.0
96,distractor_contact,6.3904,0.5131,0.0,0.0,0.0,0.0
97,combined_extreme_stress,14.9620,-1.0613,0.0,0.0,0.0,0.0
98,delayed_topology_transition,4.2408,0.9528,0.0,0.0,0.0,0.0
99,delayed_topology_transition,-1.7698,5.6796,0.0,0.0,0.0,0.0
100,actuator_limit_chain,18.8980,-6.3092,0.0,1.0,1.0,0.0
101,actuator_limit_chain,0.7318,-8.9608,0.0,0.0,0.0,0.0
102,friction_mass_shift,7.6616,-2.1256,0.0,0.0,0.0,0.0
103,combined_extreme_stress,1.2428,10.3460,1.0,1.0,0.0,0.0
104,delayed_topology_transition,15.2560,8.3310,0.0,1.0,1.0,0.0
105,fixture_near_wall_jam,3.0830,0.4025,0.0,0.0,0.0,0.0
106,combined_stress,0.9160,10.7327,0.0,0.0,0.0,0.0
107,actuator_limit_chain,-3.9830,-10.4277,0.0,0.0,0.0,0.0
108,friction_mass_shift,13.2688,-5.8022,0.0,0.0,0.0,0.0
109,actuator_limit_chain,15.2834,-5.9474,0.0,0.0,0.0,0.0
110,contact_chain_transfer,24.5071,-0.2054,0.0,0.0,0.0,0.0
111,contact_sensor_noise_burst,15.0902,-3.7337,0.0,0.0,0.0,0.0
112,contact_chain_transfer,7.0982,-1.7028,0.0,0.0,0.0,0.0
113,combined_stress,14.3167,8.1162,0.0,0.0,0.0,0.0
114,contact_sensor_noise_burst,13.1432,3.7632,0.0,0.0,0.0,0.0
115,contact_chain_transfer,7.2082,9.5450,0.0,0.0,0.0,0.0
116,friction_mass_shift,13.1493,11.7177,0.0,0.0,0.0,0.0
117,actuator_limit_chain,8.1364,-10.5496,0.0,0.0,0.0,0.0
118,distractor_contact,10.6348,-6.3292,0.0,0.0,0.0,0.0
119,fixture_near_wall_jam,-4.1918,-12.3294,0.0,0.0,0.0,0.0
120,actuator_limit_chain,13.9370,-6.0142,0.0,1.0,1.0,0.0
121,nominal_push_to_pocket,17.4677,0.7531,0.0,0.0,0.0,0.0
122,contact_sensor_noise_burst,20.7645,2.5869,0.0,0.0,0.0,0.0
123,actuator_limit_chain,0.4003,8.6979,0.0,0.0,0.0,0.0
124,distractor_contact,2.0066,7.8375,0.0,0.0,0.0,0.0
125,combined_stress,19.1110,0.9929,1.0,1.0,0.0,0.0
126,combined_extreme_stress,15.8318,-5.3406,1.0,0.0,0.0,1.0
127,fixture_topology_shift,-0.0987,-9.3999,0.0,0.0,0.0,0.0
128,nominal_push_to_pocket,-1.1001,-9.3577,0.0,0.0,0.0,0.0
129,pocket_relocation,19.5422,-1.9838,0.0,0.0,0.0,0.0
130,actuator_limit_chain,5.8426,1.1717,1.0,1.0,0.0,0.0
131,distractor_contact,17.3569,5.1208,0.0,0.0,0.0,0.0
132,combined_stress,21.9785,3.0117,0.0,0.0,0.0,0.0
133,contact_chain_transfer,14.3625,5.0330,0.0,0.0,0.0,0.0
134,combined_stress,7.6801,-0.0744,0.0,0.0,0.0,0.0
135,fixture_near_wall_jam,-1.4513,10.8909,0.0,0.0,0.0,0.0
136,nominal_push_to_pocket,11.9596,9.1977,0.0,0.0,0.0,0.0
137,fixture_topology_shift,15.5988,-4.1985,0.0,0.0,0.0,0.0
138,nominal_push_to_pocket,0.7624,-10.0002,0.0,0.0,0.0,0.0
139,nominal_push_to_pocket,-0.7301,-10.6435,0.0,0.0,0.0,0.0
140,delayed_topology_transition,0.9241,11.9004,0.0,0.0,0.0,0.0
141,combined_stress,-1.6263,-7.3539,0.0,0.0,0.0,0.0
142,delayed_topology_transition,-0.6380,10.9551,0.0,0.0,0.0,0.0
143,contact_chain_transfer,1.1263,-8.2492,0.0,0.0,0.0,0.0
144,fixture_near_wall_jam,7.9891,-10.3753,0.0,0.0,0.0,0.0
145,delayed_topology_transition,11.1959,-5.1475,0.0,0.0,0.0,0.0
146,contact_sensor_noise_burst,10.6953,-11.0159,0.0,0.0,0.0,0.0
147,pocket_relocation,5.5938,-1.6165,0.0,0.0,0.0,0.0
148,nominal_push_to_pocket,5.9091,-9.0498,0.0,0.0,0.0,0.0
149,contact_chain_transfer,11.6553,5.7887,0.0,0.0,0.0,0.0
150,nominal_push_to_pocket,13.7309,-6.2621,0.0,0.0,0.0,0.0
151,distractor_contact,26.1988,-3.2127,0.0,0.0,0.0,0.0
152,actuator_limit_chain,22.0010,1.1525,1.0,0.0,0.0,1.0
153,contact_chain_transfer,8.2502,13.4720,0.0,0.0,0.0,0.0
154,actuator_limit_chain,0.6298,-5.9768,1.0,1.0,0.0,0.0
155,nominal_push_to_pocket,0.5863,9.2249,0.0,0.0,0.0,0.0
156,combined_stress,9.3570,9.7876,0.0,0.0,0.0,0.0
157,combined_stress,14.5573,7.0350,0.0,0.0,0.0,0.0
158,combined_stress,21.1354,0.4493,0.0,0.0,0.0,0.0
159,pocket_relocation,8.4703,-9.6016,0.0,0.0,0.0,0.0
160,nominal_push_to_pocket,2.1383,8.1761,0.0,0.0,0.0,0.0
161,nominal_push_to_pocket,10.8548,-7.2674,0.0,0.0,0.0,0.0
162,delayed_topology_transition,19.0638,-0.2167,0.0,0.0,0.0,0.0
163,distractor_contact,19.4728,0.8808,0.0,1.0,1.0,0.0
164,fixture_near_wall_jam,13.4427,-5.0310,1.0,1.0,0.0,0.0
165,fixture_topology_shift,3.6981,4.3317,1.0,1.0,0.0,0.0
166,actuator_limit_chain,11.2038,6.1649,0.0,0.0,0.0,0.0
167,combined_extreme_stress,10.0300,-6.9396,0.0,0.0,0.0,0.0
168,delayed_topology_transition,-2.4160,-7.3030,0.0,0.0,0.0,0.0
169,contact_sensor_noise_burst,13.2184,-3.5298,0.0,0.0,0.0,0.0
170,fixture_near_wall_jam,16.1631,5.5705,0.0,0.0,0.0,0.0
171,contact_chain_transfer,14.6666,3.4384,0.0,0.0,0.0,0.0
172,pocket_relocation,15.5797,4.8861,0.0,0.0,0.0,0.0
173,combined_extreme_stress,21.0427,3.7777,0.0,1.0,1.0,0.0
174,distractor_contact,16.2235,7.2655,0.0,0.0,0.0,0.0
175,combined_stress,9.4727,-8.4977,0.0,0.0,0.0,0.0
176,distractor_contact,5.0601,9.9634,1.0,0.0,0.0,1.0
177,fixture_topology_shift,6.6672,10.0037,0.0,0.0,0.0,0.0
178,contact_chain_transfer,16.1917,-3.8320,0.0,0.0,0.0,0.0
179,actuator_limit_chain,-0.4614,-11.0683,0.0,0.0,0.0,0.0
180,friction_mass_shift,8.5762,-9.8024,0.0,0.0,0.0,0.0
181,fixture_topology_shift,2.1405,-6.2253,0.0,0.0,0.0,0.0
182,nominal_push_to_pocket,-0.9228,10.5995,0.0,0.0,0.0,0.0
183,pocket_relocation,23.1548,-2.1566,1.0,1.0,0.0,0.0
184,friction_mass_shift,-2.1034,-14.1103,0.0,0.0,0.0,0.0
185,delayed_topology_transition,-3.2581,-8.6923,0.0,0.0,0.0,0.0
186,combined_stress,-2.8859,9.3157,0.0,0.0,0.0,0.0
187,contact_sensor_noise_burst,-0.5441,10.4170,0.0,0.0,0.0,0.0
188,nominal_push_to_pocket,5.4188,0.7768,0.0,0.0,0.0,0.0
189,fixture_topology_shift,19.3485,-2.6813,0.0,0.0,0.0,0.0
190,combined_stress,11.5391,-6.7325,0.0,0.0,0.0,0.0
191,fixture_near_wall_jam,-0.1095,7.2455,0.0,0.0,0.0,0.0
192,delayed_topology_transition,2.7435,-8.1892,0.0,0.0,0.0,0.0
193,nominal_push_to_pocket,15.4521,4.4362,0.0,0.0,0.0,0.0
194,delayed_topology_transition,15.3376,5.5402,0.0,1.0,1.0,0.0
195,actuator_limit_chain,16.1402,-6.1442,0.0,0.0,0.0,0.0
196,distractor_contact,5.4835,-6.6189,0.0,0.0,0.0,0.0
197,distractor_contact,7.0475,-1.5054,1.0,1.0,0.0,0.0
198,nominal_push_to_pocket,13.0970,6.0591,0.0,0.0,0.0,0.0
199,delayed_topology_transition,24.7218,-1.6072,0.0,0.0,0.0,0.0
200,actuator_limit_chain,16.7505,-0.3719,0.0,0.0,0.0,0.0
201,distractor_contact,13.2745,-5.4588,0.0,0.0,0.0,0.0
202,pocket_relocation,0.1978,13.5217,1.0,1.0,0.0,0.0
203,delayed_topology_transition,15.5706,8.0528,1.0,1.0,0.0,0.0
204,combined_extreme_stress,-0.8916,-7.0265,0.0,0.0,0.0,0.0
205,fixture_near_wall_jam,22.7767,-0.0978,0.0,0.0,0.0,0.0
206,nominal_push_to_pocket,18.5833,-1.8312,0.0,0.0,0.0,0.0
207,pocket_relocation,-2.1259,7.4501,0.0,0.0,0.0,0.0
208,contact_sensor_noise_burst,3.5795,-7.4578,0.0,0.0,0.0,0.0
209,contact_chain_transfer,4.8964,-3.3752,0.0,0.0,0.0,0.0
210,fixture_topology_shift,-4.5434,7.4046,0.0,0.0,0.0,0.0
211,actuator_limit_chain,9.8928,3.2062,0.0,0.0,0.0,0.0
212,actuator_limit_chain,-1.9951,9.2600,0.0,0.0,0.0,0.0
213,fixture_near_wall_jam,12.7730,-5.9621,0.0,0.0,0.0,0.0
214,delayed_topology_transition,0.6894,9.9004,0.0,0.0,0.0,0.0
215,nominal_push_to_pocket,0.4333,12.5326,0.0,0.0,0.0,0.0
216,fixture_near_wall_jam,22.5963,-0.4772,0.0,0.0,0.0,0.0
217,pocket_relocation,23.3308,1.2475,0.0,1.0,1.0,0.0
218,friction_mass_shift,17.7946,2.6556,0.0,0.0,0.0,0.0
219,distractor_contact,9.8809,8.1872,0.0,0.0,0.0,0.0
220,combined_extreme_stress,17.6484,-1.6110,1.0,1.0,0.0,0.0
221,actuator_limit_chain,1.3605,5.2197,0.0,0.0,0.0,0.0
222,pocket_relocation,11.0097,-9.6945,0.0,0.0,0.0,0.0
223,actuator_limit_chain,14.8404,-8.1572,0.0,0.0,0.0,0.0
224,fixture_topology_shift,11.1374,-6.8548,1.0,1.0,0.0,0.0
225,friction_mass_shift,0.8609,7.0650,0.0,0.0,0.0,0.0
226,contact_chain_transfer,13.1506,6.4974,0.0,0.0,0.0,0.0
227,delayed_topology_transition,21.6694,-0.6404,0.0,0.0,0.0,0.0
228,actuator_limit_chain,-0.3034,9.0290,0.0,0.0,0.0,0.0
229,pocket_relocation,-1.1759,7.7972,1.0,1.0,0.0,0.0
230,delayed_topology_transition,21.7623,0.7156,0.0,0.0,0.0,0.0
231,distractor_contact,17.0791,2.9378,0.0,0.0,0.0,0.0
232,delayed_topology_transition,9.7216,13.2624,0.0,1.0,1.0,0.0
233,delayed_topology_transition,14.7421,4.5992,0.0,0.0,0.0,0.0
234,combined_stress,23.4689,0.6537,1.0,0.0,0.0,1.0
235,nominal_push_to_pocket,10.2646,6.2034,0.0,0.0,0.0,0.0
236,delayed_topology_transition,13.7320,3.8319,0.0,1.0,1.0,0.0
237,delayed_topology_transition,0.5173,-8.9780,0.0,0.0,0.0,0.0
238,contact_chain_transfer,20.3596,-3.6676,0.0,0.0,0.0,0.0
239,fixture_topology_shift,7.8011,-2.8947,0.0,0.0,0.0,0.0
240,contact_sensor_noise_burst,5.8462,-13.7435,0.0,0.0,0.0,0.0
241,combined_stress,1.2228,9.3004,0.0,0.0,0.0,0.0
242,fixture_topology_shift,17.6751,-0.5515,0.0,0.0,0.0,0.0
243,distractor_contact,13.3712,3.3026,0.0,0.0,0.0,0.0
244,combined_stress,17.0724,-1.8560,0.0,0.0,0.0,0.0
245,nominal_push_to_pocket,24.4397,-2.2203,0.0,0.0,0.0,0.0
246,distractor_contact,21.0954,3.0459,0.0,0.0,0.0,0.0
247,actuator_limit_chain,0.9714,9.3895,0.0,0.0,0.0,0.0
248,contact_sensor_noise_burst,2.6139,-11.3854,0.0,0.0,0.0,0.0
249,nominal_push_to_pocket,14.6201,-2.1733,0.0,0.0,0.0,0.0
250,distractor_contact,-2.7048,-7.7373,0.0,0.0,0.0,0.0
251,nominal_push_to_pocket,20.6114,-4.9804,0.0,0.0,0.0,0.0
252,fixture_topology_shift,3.1365,1.6604,0.0,0.0,0.0,0.0
253,pocket_relocation,21.9223,-1.7079,0.0,1.0,1.0,0.0
254,delayed_topology_transition,4.2818,-4.3320,0.0,0.0,0.0,0.0
255,contact_chain_transfer,10.4001,9.9456,0.0,0.0,0.0,0.0
256,distractor_contact,13.3812,3.1683,1.0,0.0,0.0,1.0
257,pocket_relocation,-3.3194,10.7779,0.0,0.0,0.0,0.0
258,distractor_contact,7.8216,-3.5865,0.0,0.0,0.0,0.0
259,combined_stress,0.8385,9.1855,0.0,0.0,0.0,0.0
260,distractor_contact,7.2993,7.9745,0.0,0.0,0.0,0.0
261,delayed_topology_transition,23.6506,-2.4884,0.0,0.0,0.0,0.0
262,combined_extreme_stress,17.9295,-2.6321,0.0,0.0,0.0,0.0
263,actuator_limit_chain,17.8709,0.4345,0.0,0.0,0.0,0.0
264,distractor_contact,17.0002,3.4629,0.0,0.0,0.0,0.0
265,pocket_relocation,2.4652,-1.8774,0.0,0.0,0.0,0.0
266,nominal_push_to_pocket,19.0417,2.0128,0.0,0.0,0.0,0.0
267,fixture_topology_shift,18.0861,7.7092,0.0,0.0,0.0,0.0
268,delayed_topology_transition,10.1827,9.6695,0.0,0.0,0.0,0.0
269,pocket_relocation,9.7960,11.6677,0.0,0.0,0.0,0.0
270,contact_sensor_noise_burst,21.4277,2.0107,0.0,0.0,0.0,0.0
271,friction_mass_shift,18.4086,6.0709,0.0,0.0,0.0,0.0
272,friction_mass_shift,-1.1286,-9.1835,0.0,0.0,0.0,0.0
273,combined_stress,2.0407,10.4961,0.0,0.0,0.0,0.0
274,friction_mass_shift,11.8001,-6.2647,0.0,0.0,0.0,0.0
275,contact_chain_transfer,21.9835,2.2016,0.0,0.0,0.0,0.0
276,actuator_limit_chain,23.5490,1.3882,0.0,0.0,0.0,0.0
277,fixture_topology_shift,7.7121,-10.4557,1.0,2.0,1.0,0.0
278,fixture_topology_shift,9.0394,8.4063,0.0,0.0,0.0,0.0
279,contact_sensor_noise_burst,9.7041,7.3675,0.0,0.0,0.0,0.0
280,actuator_limit_chain,10.9263,-11.4886,0.0,0.0,0.0,0.0
281,combined_extreme_stress,8.6837,-11.5565,1.0,1.0,0.0,0.0
282,contact_sensor_noise_burst,10.2094,6.5148,0.0,0.0,0.0,0.0
283,delayed_topology_transition,4.4119,-9.9914,0.0,0.0,0.0,0.0
284,nominal_push_to_pocket,13.3951,-8.1750,0.0,0.0,0.0,0.0
285,fixture_topology_shift,16.0244,6.4469,0.0,0.0,0.0,0.0
286,contact_chain_transfer,6.8431,-2.6820,0.0,0.0,0.0,0.0
287,contact_sensor_noise_burst,-0.4607,8.1338,0.0,0.0,0.0,0.0
288,pocket_relocation,6.7927,5.2920,0.0,0.0,0.0,0.0
289,contact_sensor_noise_burst,15.9431,0.1780,0.0,0.0,0.0,0.0
290,delayed_topology_transition,12.2570,-4.7770,0.0,0.0,0.0,0.0
291,combined_stress,13.4057,8.0058,0.0,0.0,0.0,0.0
292,distractor_contact,21.8884,-0.7593,0.0,0.0,0.0,0.0
293,fixture_near_wall_jam,10.0616,-7.6434,0.0,0.0,0.0,0.0
294,pocket_relocation,13.9616,-6.4003,0.0,0.0,0.0,0.0
295,fixture_topology_shift,16.1499,8.0649,0.0,0.0,0.0,0.0
296,distractor_contact,8.8238,-4.8463,0.0,0.0,0.0,0.0
297,friction_mass_shift,15.6478,-3.6601,0.0,0.0,0.0,0.0
298,pocket_relocation,9.9593,-4.3913,0.0,0.0,0.0,0.0
299,delayed_topology_transition,-0.1920,7.2310,0.0,0.0,0.0,0.0
300,combined_extreme_stress,7.5027,15.0170,0.0,0.0,0.0,0.0
301,actuator_limit_chain,17.3611,1.1621,0.0,0.0,0.0,0.0
302,distractor_contact,11.4664,-8.1389,0.0,0.0,0.0,0.0
303,friction_mass_shift,9.1916,6.8911,0.0,0.0,0.0,0.0
304,nominal_push_to_pocket,5.7941,1.6601,0.0,0.0,0.0,0.0
305,friction_mass_shift,25.6829,1.7429,0.0,0.0,0.0,0.0
306,contact_sensor_noise_burst,17.9878,-2.1626,0.0,0.0,0.0,0.0
307,combined_stress,7.8649,-12.4217,0.0,0.0,0.0,0.0
308,combined_extreme_stress,2.4890,-11.8851,0.0,0.0,0.0,0.0
309,fixture_topology_shift,21.3152,0.1920,0.0,0.0,0.0,0.0
310,friction_mass_shift,22.1142,-1.9103,0.0,0.0,0.0,0.0
311,distractor_contact,7.7270,10.7156,0.0,0.0,0.0,0.0
312,combined_extreme_stress,-1.5788,-7.4774,1.0,0.0,0.0,1.0
313,contact_sensor_noise_burst,17.2201,-3.7454,0.0,0.0,0.0,0.0
314,combined_extreme_stress,-1.9445,4.9000,0.0,0.0,0.0,0.0
315,fixture_near_wall_jam,13.5661,-8.4494,0.0,0.0,0.0,0.0
316,delayed_topology_transition,12.1181,-7.6119,0.0,0.0,0.0,0.0
317,contact_sensor_noise_burst,26.3813,-0.7566,0.0,0.0,0.0,0.0
318,friction_mass_shift,1.5501,-4.6594,0.0,0.0,0.0,0.0
319,contact_chain_transfer,7.5469,-7.0161,0.0,0.0,0.0,0.0
320,contact_sensor_noise_burst,11.7783,-8.8257,0.0,0.0,0.0,0.0
321,fixture_topology_shift,5.4056,-0.3206,0.0,0.0,0.0,0.0
322,contact_sensor_noise_burst,24.4395,1.2552,0.0,0.0,0.0,0.0
323,nominal_push_to_pocket,4.4941,-10.8104,0.0,0.0,0.0,0.0
324,combined_stress,8.8581,-9.9074,0.0,0.0,0.0,0.0
325,contact_sensor_noise_burst,10.8387,-5.6965,0.0,0.0,0.0,0.0
326,friction_mass_shift,5.5544,1.1292,0.0,0.0,0.0,0.0
327,combined_stress,16.2981,6.7695,0.0,0.0,0.0,0.0
328,nominal_push_to_pocket,11.1415,-3.7941,0.0,0.0,0.0,0.0
329,distractor_contact,14.3685,-7.4600,0.0,0.0,0.0,0.0
330,distractor_contact,9.0027,-1.8663,0.0,0.0,0.0,0.0
331,friction_mass_shift,17.2938,-6.1631,0.0,0.0,0.0,0.0
332,fixture_topology_shift,9.3969,-11.6810,0.0,0.0,0.0,0.0
333,contact_sensor_noise_burst,10.7243,-10.7478,0.0,0.0,0.0,0.0
334,fixture_topology_shift,7.1248,-8.6365,0.0,0.0,0.0,0.0
335,friction_mass_shift,13.2667,-6.9191,0.0,0.0,0.0,0.0
336,distractor_contact,10.2804,-9.6691,0.0,0.0,0.0,0.0
337,delayed_topology_transition,14.1925,-10.8950,0.0,0.0,0.0,0.0
338,pocket_relocation,7.0858,8.6539,0.0,0.0,0.0,0.0
339,contact_chain_transfer,-0.1397,9.5832,0.0,0.0,0.0,0.0
340,nominal_push_to_pocket,10.0428,-1.6170,0.0,0.0,0.0,0.0
341,contact_sensor_noise_burst,16.1798,7.9329,0.0,0.0,0.0,0.0
342,combined_extreme_stress,7.5354,1.4482,0.0,1.0,1.0,0.0
343,friction_mass_shift,15.1184,-8.4896,0.0,0.0,0.0,0.0
344,friction_mass_shift,5.0920,-10.4018,0.0,0.0,0.0,0.0
345,fixture_topology_shift,27.5988,-0.6310,0.0,0.0,0.0,0.0
346,delayed_topology_transition,2.5866,-10.1549,0.0,0.0,0.0,0.0
347,nominal_push_to_pocket,-2.4678,10.8994,0.0,0.0,0.0,0.0
348,distractor_contact,7.6821,8.6245,0.0,0.0,0.0,0.0
349,nominal_push_to_pocket,13.2395,4.5176,0.0,0.0,0.0,0.0
350,contact_chain_transfer,14.4324,-2.1408,0.0,0.0,0.0,0.0
351,friction_mass_shift,9.9445,-8.5367,0.0,0.0,0.0,0.0
352,pocket_relocation,22.7161,6.0926,0.0,0.0,0.0,0.0
353,pocket_relocation,-1.7127,-9.1940,0.0,0.0,0.0,0.0
354,fixture_topology_shift,8.1836,-12.2378,1.0,1.0,0.0,0.0
355,contact_sensor_noise_burst,13.4467,-9.1575,0.0,0.0,0.0,0.0
356,pocket_relocation,13.1402,-5.7990,0.0,0.0,0.0,0.0
357,combined_extreme_stress,25.0579,0.5997,0.0,0.0,0.0,0.0
358,combined_extreme_stress,13.5501,-5.1902,0.0,0.0,0.0,0.0
359,contact_sensor_noise_burst,6.0294,-8.0801,0.0,0.0,0.0,0.0
360,actuator_limit_chain,3.5609,0.5736,0.0,0.0,0.0,0.0
361,contact_sensor_noise_burst,2.7283,0.1293,0.0,0.0,0.0,0.0
362,contact_chain_transfer,20.2644,-0.2961,0.0,0.0,0.0,0.0
363,combined_extreme_stress,13.5482,6.5025,0.0,0.0,0.0,0.0
364,distractor_contact,18.3681,-0.2624,0.0,0.0,0.0,0.0
365,combined_extreme_stress,11.5726,-5.2496,0.0,0.0,0.0,0.0
366,fixture_near_wall_jam,8.9348,10.0056,0.0,0.0,0.0,0.0
367,nominal_push_to_pocket,24.8845,-0.1113,0.0,0.0,0.0,0.0
368,friction_mass_shift,-0.5869,-8.7820,0.0,0.0,0.0,0.0
369,combined_extreme_stress,4.5487,-1.7709,0.0,0.0,0.0,0.0
370,nominal_push_to_pocket,3.3722,-2.0595,0.0,0.0,0.0,0.0
371,actuator_limit_chain,0.7286,-6.9973,1.0,1.0,0.0,0.0
372,pocket_relocation,12.0441,4.9488,0.0,0.0,0.0,0.0
373,fixture_near_wall_jam,11.7553,4.8579,0.0,0.0,0.0,0.0
374,delayed_topology_transition,12.0612,-8.3355,0.0,0.0,0.0,0.0
375,combined_stress,16.4769,-2.4462,0.0,0.0,0.0,0.0
376,contact_sensor_noise_burst,18.3905,-2.4350,0.0,0.0,0.0,0.0
377,pocket_relocation,13.6808,-5.5139,0.0,0.0,0.0,0.0
378,combined_stress,17.6605,-4.1214,0.0,0.0,0.0,0.0
379,combined_stress,24.6979,1.0096,0.0,1.0,1.0,0.0
380,delayed_topology_transition,9.4969,7.5749,0.0,0.0,0.0,0.0
381,combined_extreme_stress,14.7427,-1.9150,0.0,0.0,0.0,0.0
382,friction_mass_shift,10.3870,-3.2896,0.0,0.0,0.0,0.0
383,contact_sensor_noise_burst,0.2501,-7.7423,0.0,0.0,0.0,0.0
384,contact_chain_transfer,16.3055,-1.0422,0.0,0.0,0.0,0.0
385,combined_stress,13.2781,-3.7900,0.0,0.0,0.0,0.0
386,distractor_contact,2.2313,-7.0498,0.0,0.0,0.0,0.0
387,nominal_push_to_pocket,0.2045,13.0335,0.0,0.0,0.0,0.0
388,friction_mass_shift,7.9979,1.8369,0.0,0.0,0.0,0.0
389,contact_sensor_noise_burst,15.2875,6.8139,0.0,0.0,0.0,0.0
390,distractor_contact,0.1051,7.0615,0.0,1.0,1.0,0.0
391,combined_extreme_stress,16.7863,0.1290,0.0,0.0,0.0,0.0
392,delayed_topology_transition,10.1233,-8.1720,0.0,0.0,0.0,0.0
393,combined_extreme_stress,6.4544,-0.6547,0.0,0.0,0.0,0.0
394,actuator_limit_chain,2.6977,7.3909,0.0,0.0,0.0,0.0
395,combined_extreme_stress,3.9891,-10.9837,0.0,0.0,0.0,0.0
396,nominal_push_to_pocket,21.3810,-1.3226,0.0,0.0,0.0,0.0
397,fixture_topology_shift,18.1127,-6.5250,0.0,0.0,0.0,0.0
398,combined_extreme_stress,12.0110,9.5853,0.0,0.0,0.0,0.0
399,contact_sensor_noise_burst,13.8331,4.8539,0.0,0.0,0.0,0.0
400,contact_chain_transfer,21.0158,1.0385,0.0,0.0,0.0,0.0
401,combined_extreme_stress,7.7520,3.3190,0.0,0.0,0.0,0.0
402,distractor_contact,1.0144,9.1506,0.0,0.0,0.0,0.0
403,friction_mass_shift,1.3809,-13.6496,0.0,0.0,0.0,0.0
404,fixture_near_wall_jam,9.9576,11.1720,0.0,0.0,0.0,0.0
405,combined_extreme_stress,4.1323,-7.5769,0.0,0.0,0.0,0.0
406,friction_mass_shift,6.3185,2.3309,0.0,0.0,0.0,0.0
407,pocket_relocation,5.6832,6.4714,0.0,0.0,0.0,0.0
408,distractor_contact,3.8532,4.2142,1.0,1.0,0.0,0.0
409,nominal_push_to_pocket,2.7408,-9.6067,0.0,0.0,0.0,0.0
410,friction_mass_shift,5.7898,-0.2642,0.0,0.0,0.0,0.0
411,pocket_relocation,17.7732,2.1148,0.0,0.0,0.0,0.0
412,fixture_near_wall_jam,15.5194,-1.1028,0.0,0.0,0.0,0.0
413,actuator_limit_chain,13.7812,-4.7652,0.0,0.0,0.0,0.0
414,fixture_near_wall_jam,-2.3689,-10.9678,0.0,0.0,0.0,0.0
415,contact_chain_transfer,8.1942,-8.6540,0.0,0.0,0.0,0.0
416,distractor_contact,23.3335,-2.5710,0.0,0.0,0.0,0.0
417,pocket_relocation,10.0245,-5.2307,0.0,0.0,0.0,0.0
418,pocket_relocation,10.8922,6.7259,1.0,0.0,0.0,1.0
419,combined_stress,-0.5394,10.1821,0.0,0.0,0.0,0.0
420,combined_stress,7.2763,8.8959,0.0,0.0,0.0,0.0
421,combined_extreme_stress,19.7912,-2.3635,0.0,0.0,0.0,0.0
422,fixture_near_wall_jam,10.1886,11.1551,0.0,0.0,0.0,0.0
423,fixture_near_wall_jam,4.9949,-1.3836,0.0,0.0,0.0,0.0
424,combined_extreme_stress,15.1881,7.7597,1.0,1.0,0.0,0.0
425,fixture_near_wall_jam,12.2853,4.4100,0.0,0.0,0.0,0.0
426,combined_stress,6.7665,0.2416,0.0,0.0,0.0,0.0
427,combined_stress,13.4729,-4.1826,0.0,0.0,0.0,0.0
428,distractor_contact,20.3229,0.1496,0.0,0.0,0.0,0.0
429,contact_sensor_noise_burst,7.3979,-0.8969,0.0,0.0,0.0,0.0
430,contact_sensor_noise_burst,0.4347,-8.3330,1.0,0.0,0.0,1.0
431,combined_stress,6.7334,-0.5091,0.0,0.0,0.0,0.0
432,fixture_topology_shift,3.8299,2.5403,1.0,1.0,0.0,0.0
433,fixture_topology_shift,6.3073,11.2667,0.0,0.0,0.0,0.0
434,actuator_limit_chain,19.5929,-3.8291,0.0,0.0,0.0,0.0
435,contact_chain_transfer,26.0504,-1.5707,0.0,0.0,0.0,0.0
436,delayed_topology_transition,4.7588,11.8566,0.0,0.0,0.0,0.0
437,pocket_relocation,10.1565,-8.0133,0.0,1.0,1.0,0.0
438,contact_chain_transfer,18.4900,-3.4212,0.0,0.0,0.0,0.0
439,nominal_push_to_pocket,-3.1100,7.0885,0.0,0.0,0.0,0.0
440,contact_chain_transfer,14.0583,-8.0035,0.0,0.0,0.0,0.0
441,pocket_relocation,0.6346,6.4929,0.0,0.0,0.0,0.0
442,fixture_near_wall_jam,3.7086,-11.6993,0.0,0.0,0.0,0.0
443,pocket_relocation,11.4917,3.7108,0.0,0.0,0.0,0.0
444,nominal_push_to_pocket,10.0468,-12.4586,0.0,0.0,0.0,0.0
445,contact_sensor_noise_burst,-0.9715,-11.6064,1.0,1.0,0.0,0.0
446,fixture_topology_shift,16.7393,5.0167,0.0,0.0,0.0,0.0
447,distractor_contact,15.6506,0.2313,1.0,1.0,0.0,0.0
448,friction_mass_shift,3.9806,2.2698,0.0,0.0,0.0,0.0
449,contact_sensor_noise_burst,9.5628,-8.8348,0.0,0.0,0.0,0.0
450,friction_mass_shift,16.6835,-0.6793,0.0,0.0,0.0,0.0
451,delayed_topology_transition,5.0349,-0.9748,0.0,0.0,0.0,0.0
452,friction_mass_shift,4.7282,-6.5899,0.0,0.0,0.0,0.0
453,combined_stress,11.7945,-8.1644,0.0,0.0,0.0,0.0
454,fixture_near_wall_jam,13.1982,-2.6639,0.0,0.0,0.0,0.0
455,contact_sensor_noise_burst,-2.2662,10.5429,0.0,0.0,0.0,0.0
456,combined_stress,7.4201,-9.1508,0.0,0.0,0.0,0.0
457,fixture_topology_shift,7.3152,-9.3911,0.0,0.0,0.0,0.0
458,actuator_limit_chain,1.4809,-8.3413,0.0,0.0,0.0,0.0
459,distractor_contact,6.1049,7.5031,0.0,0.0,0.0,0.0
460,nominal_push_to_pocket,10.3648,9.6921,1.0,1.0,0.0,0.0
461,contact_sensor_noise_burst,2.9306,7.8655,0.0,0.0,0.0,0.0
462,actuator_limit_chain,8.4999,-8.5734,1.0,1.0,0.0,0.0
463,friction_mass_shift,23.9376,-0.2966,0.0,0.0,0.0,0.0
464,fixture_topology_shift,9.1983,7.4333,0.0,0.0,0.0,0.0
465,contact_sensor_noise_burst,3.1821,-0.6544,1.0,0.0,0.0,1.0
466,contact_chain_transfer,7.7479,6.4671,0.0,0.0,0.0,0.0
467,actuator_limit_chain,22.4130,0.7499,0.0,0.0,0.0,0.0
468,combined_extreme_stress,22.5377,-1.1537,0.0,0.0,0.0,0.0
469,contact_sensor_noise_burst,8.4702,-9.1117,0.0,0.0,0.0,0.0
470,combined_extreme_stress,20.1966,0.8954,0.0,0.0,0.0,0.0
471,delayed_topology_transition,2.2369,-13.0338,0.0,0.0,0.0,0.0
472,fixture_topology_shift,15.0976,-5.1582,0.0,0.0,0.0,0.0
473,combined_stress,13.0812,5.5324,0.0,0.0,0.0,0.0
474,fixture_topology_shift,-1.4059,8.0751,0.0,0.0,0.0,0.0
475,nominal_push_to_pocket,10.8837,-4.6828,0.0,0.0,0.0,0.0
476,pocket_relocation,25.1310,-0.9324,0.0,1.0,1.0,0.0
477,fixture_topology_shift,5.2049,4.6267,0.0,0.0,0.0,0.0
478,pocket_relocation,11.5609,-9.9977,0.0,0.0,0.0,0.0
479,nominal_push_to_pocket,16.6728,6.8367,0.0,0.0,0.0,0.0
480,delayed_topology_transition,9.7005,-11.3253,0.0,0.0,0.0,0.0
481,actuator_limit_chain,19.4756,2.9828,1.0,1.0,0.0,0.0
482,distractor_contact,11.7457,-4.0767,0.0,0.0,0.0,0.0
483,friction_mass_shift,3.0974,-6.2331,0.0,0.0,0.0,0.0
484,pocket_relocation,24.2119,0.7103,0.0,0.0,0.0,0.0
485,contact_sensor_noise_burst,10.6563,-1.4834,0.0,0.0,0.0,0.0
486,delayed_topology_transition,1.4331,9.5925,0.0,0.0,0.0,0.0
487,friction_mass_shift,12.0491,4.9410,0.0,0.0,0.0,0.0
488,fixture_near_wall_jam,14.2741,11.5358,0.0,0.0,0.0,0.0
489,contact_chain_transfer,1.8545,-10.5766,0.0,0.0,0.0,0.0
490,contact_sensor_noise_burst,11.3072,4.6321,0.0,0.0,0.0,0.0
491,actuator_limit_chain,11.8378,-6.5344,0.0,0.0,0.0,0.0
492,friction_mass_shift,18.7235,-0.2894,0.0,0.0,0.0,0.0
493,fixture_near_wall_jam,9.6386,7.2180,0.0,0.0,0.0,0.0
494,friction_mass_shift,7.5134,1.5486,0.0,0.0,0.0,0.0
495,friction_mass_shift,7.3208,-2.2585,0.0,0.0,0.0,0.0
496,contact_sensor_noise_burst,9.2613,-6.8996,0.0,0.0,0.0,0.0
497,nominal_push_to_pocket,9.2528,-9.3092,0.0,0.0,0.0,0.0
498,distractor_contact,-0.4996,-9.8141,0.0,0.0,0.0,0.0
499,distractor_contact,14.5012,2.6759,0.0,0.0,0.0,0.0
500,contact_chain_transfer,9.1324,-12.5311,0.0,0.0,0.0,0.0
501,fixture_topology_shift,13.4450,5.0273,0.0,0.0,0.0,0.0
502,actuator_limit_chain,17.2131,-7.5930,1.0,1.0,0.0,0.0
503,nominal_push_to_pocket,7.0690,-1.3242,0.0,0.0,0.0,0.0
504,combined_stress,11.3781,5.1818,0.0,0.0,0.0,0.0
505,delayed_topology_transition,-0.9127,-5.7470,0.0,0.0,0.0,0.0
506,contact_sensor_noise_burst,25.2445,-0.5432,1.0,2.0,1.0,0.0
507,fixture_near_wall_jam,11.2305,-13.7296,0.0,0.0,0.0,0.0
508,friction_mass_shift,15.9437,1.0009,1.0,1.0,0.0,0.0
509,contact_sensor_noise_burst,13.7362,-5.6669,0.0,0.0,0.0,0.0
510,friction_mass_shift,-1.0759,-10.6259,0.0,0.0,0.0,0.0
511,delayed_topology_transition,16.9923,6.6932,0.0,0.0,0.0,0.0
512,delayed_topology_transition,23.1516,0.6849,0.0,0.0,0.0,0.0
513,distractor_contact,17.7140,-0.8338,0.0,1.0,1.0,0.0
514,distractor_contact,1.0669,8.0027,0.0,0.0,0.0,0.0
515,delayed_topology_transition,22.2110,-2.1946,0.0,0.0,0.0,0.0
516,actuator_limit_chain,24.9411,-4.8154,0.0,0.0,0.0,0.0
517,fixture_topology_shift,4.7214,1.5610,0.0,0.0,0.0,0.0
518,actuator_limit_chain,12.6168,-8.9093,0.0,0.0,0.0,0.0
519,nominal_push_to_pocket,11.1163,-12.1837,0.0,0.0,0.0,0.0
520,fixture_near_wall_jam,19.6120,0.7913,0.0,0.0,0.0,0.0
521,pocket_relocation,-2.0568,9.2145,0.0,0.0,0.0,0.0
522,nominal_push_to_pocket,12.6994,-6.5568,0.0,0.0,0.0,0.0
523,combined_stress,11.3671,2.5158,0.0,0.0,0.0,0.0
524,actuator_limit_chain,8.7711,10.1131,0.0,0.0,0.0,0.0
525,pocket_relocation,18.0813,-1.1889,0.0,0.0,0.0,0.0
526,pocket_relocation,1.3117,4.1375,0.0,0.0,0.0,0.0
527,combined_stress,-3.3087,-6.9419,0.0,0.0,0.0,0.0
528,combined_extreme_stress,19.0668,3.0386,0.0,0.0,0.0,0.0
529,distractor_contact,-1.0913,-6.8773,1.0,1.0,0.0,0.0
530,delayed_topology_transition,10.9019,-11.1182,0.0,0.0,0.0,0.0
531,contact_sensor_noise_burst,13.8603,7.6185,0.0,0.0,0.0,0.0
532,friction_mass_shift,20.1869,-1.0273,0.0,0.0,0.0,0.0
533,fixture_near_wall_jam,3.4725,9.1911,0.0,0.0,0.0,0.0
534,distractor_contact,22.8663,2.0686,0.0,0.0,0.0,0.0
535,distractor_contact,1.0164,8.3999,0.0,0.0,0.0,0.0
536,contact_chain_transfer,6.3632,0.6691,0.0,0.0,0.0,0.0
537,combined_stress,1.4442,-9.7467,1.0,1.0,0.0,0.0
538,pocket_relocation,-0.3735,11.7498,0.0,0.0,0.0,0.0
539,combined_extreme_stress,7.9085,-10.4728,0.0,0.0,0.0,0.0
540,fixture_topology_shift,6.6890,-1.6304,0.0,0.0,0.0,0.0
541,fixture_topology_shift,13.7137,-9.9848,0.0,0.0,0.0,0.0
542,delayed_topology_transition,16.5787,-1.9838,0.0,0.0,0.0,0.0
543,combined_stress,24.7569,2.8021,0.0,1.0,1.0,0.0
544,combined_stress,8.1707,1.2969,0.0,0.0,0.0,0.0
545,friction_mass_shift,10.7143,4.6025,1.0,1.0,0.0,0.0
546,combined_stress,11.4330,7.6021,0.0,0.0,0.0,0.0
547,friction_mass_shift,16.6939,-6.7656,0.0,0.0,0.0,0.0
548,delayed_topology_transition,22.1151,-0.0103,0.0,0.0,0.0,0.0
549,friction_mass_shift,7.6890,10.8521,0.0,0.0,0.0,0.0
550,combined_extreme_stress,-0.4013,10.9704,0.0,0.0,0.0,0.0
551,distractor_contact,6.1042,0.2316,0.0,0.0,0.0,0.0
552,pocket_relocation,12.2029,-6.6273,1.0,1.0,0.0,0.0
553,contact_sensor_noise_burst,9.0503,8.6481,0.0,0.0,0.0,0.0
554,delayed_topology_transition,23.3182,2.2035,0.0,0.0,0.0,0.0
555,contact_chain_transfer,4.5276,0.0105,0.0,0.0,0.0,0.0
556,friction_mass_shift,6.2074,-1.3426,0.0,0.0,0.0,0.0
557,distractor_contact,23.8548,0.2249,1.0,1.0,0.0,0.0
558,nominal_push_to_pocket,8.3272,9.5748,0.0,0.0,0.0,0.0
559,nominal_push_to_pocket,12.7203,-11.1841,0.0,0.0,0.0,0.0
560,nominal_push_to_pocket,21.9444,0.2568,0.0,1.0,1.0,0.0
561,fixture_near_wall_jam,-4.7370,-7.1086,0.0,0.0,0.0,0.0
562,fixture_topology_shift,17.9013,-2.0771,0.0,0.0,0.0,0.0
563,combined_extreme_stress,16.3590,-6.4770,0.0,0.0,0.0,0.0
564,friction_mass_shift,11.8238,-7.1893,0.0,0.0,0.0,0.0
565,delayed_topology_transition,2.3433,4.2329,0.0,0.0,0.0,0.0
566,contact_sensor_noise_burst,16.8819,-0.6108,0.0,0.0,0.0,0.0
567,fixture_topology_shift,17.1241,7.5708,0.0,0.0,0.0,0.0
568,fixture_topology_shift,8.9813,10.4890,0.0,0.0,0.0,0.0
569,combined_extreme_stress,15.3282,-6.7035,0.0,0.0,0.0,0.0
570,pocket_relocation,12.3524,7.3003,0.0,0.0,0.0,0.0
571,friction_mass_shift,-2.3629,7.7111,0.0,0.0,0.0,0.0
572,contact_chain_transfer,9.5725,-0.0070,0.0,0.0,0.0,0.0
573,nominal_push_to_pocket,9.1038,-9.6380,0.0,0.0,0.0,0.0
574,fixture_topology_shift,12.9192,8.8204,0.0,0.0,0.0,0.0
575,delayed_topology_transition,14.2698,7.5071,0.0,0.0,0.0,0.0
576,distractor_contact,-1.6650,7.4958,0.0,0.0,0.0,0.0
577,delayed_topology_transition,3.2477,2.4273,1.0,1.0,0.0,0.0
578,combined_extreme_stress,7.5396,5.8168,0.0,0.0,0.0,0.0
579,pocket_relocation,15.6294,-6.7171,0.0,0.0,0.0,0.0
580,combined_extreme_stress,5.9402,-10.4151,0.0,0.0,0.0,0.0
581,combined_extreme_stress,1.1176,9.3960,0.0,0.0,0.0,0.0
582,fixture_topology_shift,23.2631,1.1321,0.0,0.0,0.0,0.0
583,combined_stress,18.8664,-0.5096,0.0,0.0,0.0,0.0
584,fixture_topology_shift,14.9324,3.8763,0.0,0.0,0.0,0.0
585,friction_mass_shift,11.9985,-9.0488,0.0,0.0,0.0,0.0
586,friction_mass_shift,24.2510,0.8789,0.0,0.0,0.0,0.0
587,contact_sensor_noise_burst,14.6334,6.1990,0.0,0.0,0.0,0.0
588,pocket_relocation,9.3455,-11.1733,0.0,0.0,0.0,0.0
589,contact_sensor_noise_burst,3.8493,-1.6258,0.0,0.0,0.0,0.0
590,contact_sensor_noise_burst,7.2334,12.0064,0.0,0.0,0.0,0.0
591,actuator_limit_chain,-1.5528,-4.0545,0.0,0.0,0.0,0.0
592,combined_stress,6.3553,-7.8714,0.0,0.0,0.0,0.0
593,combined_extreme_stress,-1.1157,7.0886,0.0,0.0,0.0,0.0
594,delayed_topology_transition,13.7164,6.5932,0.0,0.0,0.0,0.0
595,pocket_relocation,2.9526,9.0904,0.0,0.0,0.0,0.0
596,friction_mass_shift,15.1196,4.8054,0.0,0.0,0.0,0.0
597,actuator_limit_chain,15.0476,-7.5973,0.0,0.0,0.0,0.0
598,contact_chain_transfer,8.2533,10.2113,0.0,0.0,0.0,0.0
599,pocket_relocation,20.0009,0.9587,0.0,0.0,0.0,0.0
600,combined_stress,17.0717,6.6649,0.0,0.0,0.0,0.0
601,pocket_relocation,9.8777,2.9835,0.0,0.0,0.0,0.0
602,friction_mass_shift,-0.8018,-8.5372,0.0,0.0,0.0,0.0
603,actuator_limit_chain,8.6308,-10.7324,0.0,0.0,0.0,0.0
604,distractor_contact,15.4644,-7.4706,0.0,0.0,0.0,0.0
605,actuator_limit_chain,14.6589,-5.5864,1.0,1.0,0.0,0.0
606,delayed_topology_transition,15.7249,4.3946,0.0,0.0,0.0,0.0
607,contact_sensor_noise_burst,0.2786,10.4999,0.0,0.0,0.0,0.0
608,actuator_limit_chain,8.9288,2.1993,0.0,0.0,0.0,0.0
609,delayed_topology_transition,18.1585,2.5059,0.0,0.0,0.0,0.0
610,fixture_topology_shift,6.6956,1.4845,0.0,0.0,0.0,0.0
611,fixture_near_wall_jam,15.4694,-6.1679,0.0,0.0,0.0,0.0
612,actuator_limit_chain,23.4958,-1.3288,1.0,0.0,0.0,1.0
613,combined_extreme_stress,10.2820,7.5157,0.0,0.0,0.0,0.0
614,actuator_limit_chain,6.1818,-1.5447,0.0,0.0,0.0,0.0
615,combined_extreme_stress,8.6604,4.1676,0.0,0.0,0.0,0.0
616,nominal_push_to_pocket,24.5502,0.8165,0.0,0.0,0.0,0.0
617,combined_extreme_stress,13.9909,-4.7297,0.0,1.0,1.0,0.0
618,delayed_topology_transition,7.1594,-0.8213,0.0,0.0,0.0,0.0
619,nominal_push_to_pocket,7.1568,2.5527,0.0,0.0,0.0,0.0
620,combined_stress,-3.5698,-9.7883,0.0,0.0,0.0,0.0
621,actuator_limit_chain,-0.6690,-9.9454,0.0,0.0,0.0,0.0
622,distractor_contact,18.4066,-1.6076,0.0,0.0,0.0,0.0
623,actuator_limit_chain,8.3038,11.0732,0.0,0.0,0.0,0.0
624,distractor_contact,2.6641,-2.8936,0.0,0.0,0.0,0.0
625,delayed_topology_transition,12.9554,-9.3134,0.0,0.0,0.0,0.0
626,delayed_topology_transition,4.9782,-0.5336,0.0,0.0,0.0,0.0
627,fixture_near_wall_jam,15.1704,5.5750,0.0,0.0,0.0,0.0
628,pocket_relocation,12.8989,-6.7670,0.0,0.0,0.0,0.0
629,nominal_push_to_pocket,-2.9225,-12.8970,0.0,0.0,0.0,0.0
630,distractor_contact,0.5820,-11.3742,1.0,1.0,0.0,0.0
631,friction_mass_shift,8.6957,-0.9009,0.0,0.0,0.0,0.0
632,friction_mass_shift,18.7736,3.8461,0.0,0.0,0.0,0.0
633,distractor_contact,8.4279,13.8177,0.0,0.0,0.0,0.0
634,distractor_contact,8.5093,-0.5318,0.0,0.0,0.0,0.0
635,delayed_topology_transition,14.1509,-2.7557,0.0,0.0,0.0,0.0
636,fixture_near_wall_jam,20.6693,-2.2723,0.0,0.0,0.0,0.0
637,pocket_relocation,7.2263,1.7732,1.0,0.0,0.0,1.0
638,nominal_push_to_pocket,11.4332,-12.3325,0.0,0.0,0.0,0.0
639,nominal_push_to_pocket,20.7776,3.5342,0.0,0.0,0.0,0.0
640,combined_extreme_stress,14.9751,-6.4171,0.0,0.0,0.0,0.0
641,friction_mass_shift,7.2740,2.3010,0.0,0.0,0.0,0.0
642,fixture_near_wall_jam,4.1624,10.1643,0.0,0.0,0.0,0.0
643,delayed_topology_transition,0.4666,-5.5852,0.0,0.0,0.0,0.0
644,contact_sensor_noise_burst,18.6957,-0.1374,0.0,0.0,0.0,0.0
645,contact_chain_transfer,25.6724,-1.0815,0.0,1.0,1.0,0.0
646,actuator_limit_chain,20.5493,-0.0170,0.0,0.0,0.0,0.0
647,delayed_topology_transition,0.5008,-9.2821,0.0,0.0,0.0,0.0
648,contact_chain_transfer,13.9634,-4.3946,0.0,0.0,0.0,0.0
649,nominal_push_to_pocket,23.6742,-0.6102,0.0,0.0,0.0,0.0
650,contact_sensor_noise_burst,20.9902,-4.6546,0.0,1.0,1.0,0.0
651,combined_extreme_stress,12.7311,-6.1249,0.0,0.0,0.0,0.0
652,contact_chain_transfer,14.8416,7.8047,0.0,0.0,0.0,0.0
653,friction_mass_shift,-1.0793,12.2809,0.0,0.0,0.0,0.0
654,friction_mass_shift,-3.0477,5.1048,0.0,0.0,0.0,0.0
655,pocket_relocation,8.9015,-13.6007,0.0,0.0,0.0,0.0
656,combined_extreme_stress,26.3358,3.0850,0.0,0.0,0.0,0.0
657,contact_chain_transfer,9.6817,-10.4323,0.0,0.0,0.0,0.0
658,friction_mass_shift,1.8617,-10.4709,0.0,0.0,0.0,0.0
659,nominal_push_to_pocket,3.9381,-11.2432,0.0,0.0,0.0,0.0
660,combined_stress,13.9578,-10.0771,0.0,0.0,0.0,0.0
661,fixture_topology_shift,11.0693,9.8684,0.0,0.0,0.0,0.0
662,fixture_topology_shift,20.2755,0.8647,0.0,0.0,0.0,0.0
663,nominal_push_to_pocket,-0.1121,-6.5010,0.0,1.0,1.0,0.0
664,combined_stress,19.4874,1.4868,0.0,0.0,0.0,0.0
665,contact_sensor_noise_burst,23.0940,-1.6951,0.0,0.0,0.0,0.0
666,pocket_relocation,6.8510,-8.4697,0.0,0.0,0.0,0.0
667,pocket_relocation,8.5540,11.2779,0.0,0.0,0.0,0.0
668,fixture_near_wall_jam,22.7353,-1.0963,1.0,1.0,0.0,0.0
669,distractor_contact,20.3174,-0.4232,0.0,0.0,0.0,0.0
670,fixture_near_wall_jam,9.4698,-5.6381,0.0,0.0,0.0,0.0
671,fixture_near_wall_jam,4.3538,-0.5737,0.0,0.0,0.0,0.0
672,fixture_topology_shift,20.9996,3.6047,0.0,0.0,0.0,0.0
673,friction_mass_shift,1.4983,-8.1084,0.0,0.0,0.0,0.0
674,nominal_push_to_pocket,11.9719,-7.8295,0.0,0.0,0.0,0.0
675,fixture_topology_shift,8.5270,10.2269,0.0,0.0,0.0,0.0
676,actuator_limit_chain,10.3946,7.0067,0.0,1.0,1.0,0.0
677,combined_extreme_stress,7.7496,-8.6200,1.0,0.0,0.0,1.0
678,nominal_push_to_pocket,12.9116,6.6920,0.0,0.0,0.0,0.0
679,friction_mass_shift,15.1750,6.8730,0.0,0.0,0.0,0.0
680,actuator_limit_chain,0.5124,-9.9890,1.0,1.0,0.0,0.0
681,fixture_topology_shift,-1.4433,-9.6595,1.0,1.0,0.0,0.0
682,contact_chain_transfer,0.4415,11.0490,0.0,0.0,0.0,0.0
683,friction_mass_shift,2.1291,-8.2564,0.0,0.0,0.0,0.0
684,actuator_limit_chain,21.2741,0.0787,0.0,0.0,0.0,0.0
685,fixture_topology_shift,25.9465,-4.1915,0.0,0.0,0.0,0.0
686,fixture_near_wall_jam,7.3115,10.8050,0.0,0.0,0.0,0.0
687,fixture_near_wall_jam,7.4372,-2.5660,0.0,0.0,0.0,0.0
688,combined_stress,17.2504,-0.5600,0.0,0.0,0.0,0.0
689,fixture_topology_shift,2.3200,10.1786,0.0,0.0,0.0,0.0
690,combined_extreme_stress,9.9300,-11.8397,0.0,0.0,0.0,0.0
691,combined_extreme_stress,13.6182,-4.0475,0.0,0.0,0.0,0.0
692,combined_extreme_stress,25.0121,1.1160,0.0,0.0,0.0,0.0
693,actuator_limit_chain,17.2880,-0.2151,0.0,0.0,0.0,0.0
694,actuator_limit_chain,24.3414,-1.9154,0.0,0.0,0.0,0.0
695,contact_chain_transfer,9.4569,9.9492,0.0,0.0,0.0,0.0
696,fixture_topology_shift,21.2552,2.4374,0.0,0.0,0.0,0.0
697,distractor_contact,18.4501,2.4847,0.0,0.0,0.0,0.0
698,actuator_limit_chain,21.9008,1.8108,0.0,0.0,0.0,0.0
699,delayed_topology_transition,11.5940,-10.0318,0.0,0.0,0.0,0.0
700,actuator_limit_chain,4.7174,-2.9275,1.0,1.0,0.0,0.0
701,contact_sensor_noise_burst,11.2223,-9.0090,0.0,0.0,0.0,0.0
702,nominal_push_to_pocket,24.6504,-2.1169,0.0,0.0,0.0,0.0
703,combined_stress,9.8185,-8.3297,0.0,0.0,0.0,0.0
704,contact_chain_transfer,-0.0956,9.5108,0.0,0.0,0.0,0.0
705,actuator_limit_chain,3.5970,-7.7931,0.0,0.0,0.0,0.0
706,fixture_near_wall_jam,12.8165,5.4890,0.0,0.0,0.0,0.0
707,combined_stress,10.7258,4.4488,0.0,0.0,0.0,0.0
708,fixture_topology_shift,15.1906,-7.4085,0.0,0.0,0.0,0.0
709,pocket_relocation,15.9234,2.8943,0.0,0.0,0.0,0.0
710,nominal_push_to_pocket,16.8615,2.6527,0.0,0.0,0.0,0.0
711,combined_extreme_stress,15.2215,4.8454,1.0,1.0,0.0,0.0
712,nominal_push_to_pocket,9.8379,8.4678,0.0,0.0,0.0,0.0
713,contact_sensor_noise_burst,14.2489,6.2373,0.0,1.0,1.0,0.0
714,fixture_near_wall_jam,10.1918,8.5982,0.0,0.0,0.0,0.0
715,fixture_topology_shift,16.7070,5.4308,1.0,1.0,0.0,0.0
716,actuator_limit_chain,16.7959,-2.9867,1.0,1.0,0.0,0.0
717,nominal_push_to_pocket,19.6899,-0.1278,0.0,0.0,0.0,0.0
718,delayed_topology_transition,17.6160,0.8346,0.0,0.0,0.0,0.0
719,actuator_limit_chain,16.7668,-1.3184,0.0,0.0,0.0,0.0
720,friction_mass_shift,25.5657,-3.7724,0.0,0.0,0.0,0.0
721,distractor_contact,15.7504,6.9106,0.0,0.0,0.0,0.0
722,pocket_relocation,23.4662,-1.0459,0.0,0.0,0.0,0.0
723,actuator_limit_chain,19.4707,-0.3160,0.0,0.0,0.0,0.0
724,friction_mass_shift,24.8478,-1.3612,0.0,1.0,1.0,0.0
725,delayed_topology_transition,-0.0388,7.1575,0.0,0.0,0.0,0.0
726,fixture_topology_shift,-2.1885,-6.8854,0.0,0.0,0.0,0.0
727,actuator_limit_chain,10.3066,-9.6827,0.0,0.0,0.0,0.0
728,nominal_push_to_pocket,1.0082,-8.9274,0.0,0.0,0.0,0.0
729,combined_stress,11.8078,-7.7185,0.0,0.0,0.0,0.0
730,contact_sensor_noise_burst,15.0049,5.3271,0.0,0.0,0.0,0.0
731,delayed_topology_transition,16.3720,6.1218,0.0,0.0,0.0,0.0
732,nominal_push_to_pocket,3.8805,0.8542,0.0,0.0,0.0,0.0
733,nominal_push_to_pocket,12.0837,-9.9503,0.0,0.0,0.0,0.0
734,distractor_contact,-0.4610,-10.8913,0.0,0.0,0.0,0.0
735,pocket_relocation,10.3270,-11.5568,0.0,0.0,0.0,0.0
736,actuator_limit_chain,-3.1827,-7.4349,0.0,0.0,0.0,0.0
737,delayed_topology_transition,13.8971,9.5412,0.0,0.0,0.0,0.0
738,contact_sensor_noise_burst,20.3613,0.7540,0.0,0.0,0.0,0.0
739,nominal_push_to_pocket,15.8210,-0.9939,0.0,0.0,0.0,0.0
740,pocket_relocation,10.5011,6.6959,1.0,1.0,0.0,0.0
741,distractor_contact,18.5154,-5.8047,0.0,0.0,0.0,0.0
742,delayed_topology_transition,23.4164,-0.5422,0.0,0.0,0.0,0.0
743,nominal_push_to_pocket,17.1645,4.3802,0.0,0.0,0.0,0.0
744,fixture_topology_shift,-1.1416,5.7975,0.0,0.0,0.0,0.0
745,distractor_contact,21.9523,-1.0424,0.0,0.0,0.0,0.0
746,pocket_relocation,-1.0076,-5.0874,0.0,0.0,0.0,0.0
747,friction_mass_shift,27.2106,3.4046,0.0,0.0,0.0,0.0
748,combined_extreme_stress,2.7742,-0.2773,1.0,1.0,0.0,0.0
749,actuator_limit_chain,13.7247,-4.7694,0.0,0.0,0.0,0.0
750,fixture_near_wall_jam,-0.1113,4.7326,0.0,0.0,0.0,0.0
751,combined_stress,1.8176,9.2190,0.0,0.0,0.0,0.0
752,actuator_limit_chain,9.4798,-10.1976,1.0,0.0,0.0,1.0
753,actuator_limit_chain,1.8868,7.9411,0.0,0.0,0.0,0.0
754,contact_sensor_noise_burst,18.8236,0.9236,0.0,0.0,0.0,0.0
755,distractor_contact,12.6954,9.6502,0.0,0.0,0.0,0.0
756,combined_extreme_stress,-3.0980,12.4112,0.0,0.0,0.0,0.0
757,combined_stress,0.1008,10.2766,0.0,0.0,0.0,0.0
758,distractor_contact,4.3463,-9.9261,0.0,0.0,0.0,0.0
759,fixture_near_wall_jam,8.5796,0.4243,0.0,0.0,0.0,0.0
760,contact_chain_transfer,14.1515,-3.5051,0.0,0.0,0.0,0.0
761,distractor_contact,8.5245,1.7801,1.0,1.0,0.0,0.0
762,pocket_relocation,5.7610,-8.1894,0.0,0.0,0.0,0.0
763,delayed_topology_transition,2.4124,10.6296,0.0,0.0,0.0,0.0
764,actuator_limit_chain,29.4740,2.1143,0.0,0.0,0.0,0.0
765,fixture_topology_shift,-0.8455,10.9636,0.0,0.0,0.0,0.0
766,nominal_push_to_pocket,19.4308,2.6682,0.0,0.0,0.0,0.0
767,nominal_push_to_pocket,0.6527,7.2275,0.0,0.0,0.0,0.0
768,delayed_topology_transition,7.3730,1.8471,0.0,0.0,0.0,0.0
769,friction_mass_shift,15.7939,-6.8611,0.0,0.0,0.0,0.0
770,pocket_relocation,-1.6210,10.9400,0.0,0.0,0.0,0.0
771,contact_chain_transfer,12.9911,-7.6690,0.0,0.0,0.0,0.0
772,combined_stress,9.2202,10.6451,0.0,0.0,0.0,0.0
773,friction_mass_shift,1.9157,6.5086,0.0,0.0,0.0,0.0
774,actuator_limit_chain,-2.2776,6.6836,0.0,0.0,0.0,0.0
775,contact_chain_transfer,11.5693,6.9196,0.0,0.0,0.0,0.0
776,combined_stress,23.8198,1.9147,0.0,0.0,0.0,0.0
777,actuator_limit_chain,16.0342,-4.3201,0.0,0.0,0.0,0.0
778,actuator_limit_chain,18.2984,-0.3678,0.0,0.0,0.0,0.0
779,pocket_relocation,12.5097,-6.7991,0.0,0.0,0.0,0.0
780,contact_chain_transfer,14.4695,-7.2832,0.0,0.0,0.0,0.0
781,contact_sensor_noise_burst,13.5702,-10.6838,1.0,0.0,0.0,1.0
782,fixture_topology_shift,-2.6824,-10.7356,0.0,0.0,0.0,0.0
783,contact_chain_transfer,14.6188,-5.7687,0.0,1.0,1.0,0.0
784,fixture_topology_shift,26.5399,0.5902,0.0,1.0,1.0,0.0
785,contact_chain_transfer,23.0906,1.6828,0.0,0.0,0.0,0.0
786,friction_mass_shift,-0.7206,-10.6754,0.0,0.0,0.0,0.0
787,delayed_topology_transition,16.3282,0.2435,0.0,0.0,0.0,0.0
788,delayed_topology_transition,10.3979,-1.4023,0.0,0.0,0.0,0.0
789,actuator_limit_chain,6.4544,10.9569,0.0,0.0,0.0,0.0
790,distractor_contact,17.9559,1.8558,0.0,0.0,0.0,0.0
791,combined_extreme_stress,21.3041,0.7511,0.0,2.0,2.0,0.0
792,contact_chain_transfer,7.7029,-10.7858,0.0,0.0,0.0,0.0
793,contact_chain_transfer,1.0014,11.7222,0.0,0.0,0.0,0.0
794,contact_chain_transfer,18.3979,9.3383,0.0,0.0,0.0,0.0
795,contact_sensor_noise_burst,3.8204,0.5502,0.0,0.0,0.0,0.0
796,contact_sensor_noise_burst,20.1608,0.4666,0.0,0.0,0.0,0.0
797,combined_stress,4.9071,-7.9291,0.0,0.0,0.0,0.0
798,friction_mass_shift,-1.4884,8.3639,0.0,0.0,0.0,0.0
799,combined_stress,24.5223,-0.0271,0.0,0.0,0.0,0.0
800,fixture_topology_shift,12.9782,6.9337,0.0,0.0,0.0,0.0
801,fixture_topology_shift,18.6433,0.4754,0.0,0.0,0.0,0.0
802,friction_mass_shift,13.1568,12.0768,0.0,0.0,0.0,0.0
803,contact_chain_transfer,12.8702,-6.1044,0.0,1.0,1.0,0.0
804,nominal_push_to_pocket,3.0728,10.6065,0.0,0.0,0.0,0.0
805,friction_mass_shift,22.9284,4.8042,0.0,0.0,0.0,0.0
806,friction_mass_shift,4.6769,1.2172,0.0,0.0,0.0,0.0
807,pocket_relocation,8.2220,-10.7544,0.0,0.0,0.0,0.0
808,pocket_relocation,7.4120,-1.6228,0.0,0.0,0.0,0.0
809,nominal_push_to_pocket,10.9786,7.1631,0.0,0.0,0.0,0.0
810,pocket_relocation,3.5597,9.6602,0.0,0.0,0.0,0.0
811,actuator_limit_chain,8.4574,-1.2228,0.0,0.0,0.0,0.0
812,nominal_push_to_pocket,0.4392,-7.1343,0.0,0.0,0.0,0.0
813,distractor_contact,8.5510,-14.0242,0.0,0.0,0.0,0.0
814,nominal_push_to_pocket,0.5249,-7.9858,0.0,0.0,0.0,0.0
815,combined_extreme_stress,5.6697,-8.8320,0.0,0.0,0.0,0.0
816,nominal_push_to_pocket,22.7227,4.8455,0.0,0.0,0.0,0.0
817,delayed_topology_transition,-0.2693,9.7584,0.0,0.0,0.0,0.0
818,pocket_relocation,4.8154,2.4190,0.0,0.0,0.0,0.0
819,actuator_limit_chain,1.1198,-7.7837,0.0,0.0,0.0,0.0
820,combined_stress,0.6472,9.4571,0.0,0.0,0.0,0.0
821,fixture_topology_shift,2.1332,1.9667,0.0,0.0,0.0,0.0
822,actuator_limit_chain,13.1927,6.7146,0.0,0.0,0.0,0.0
823,delayed_topology_transition,22.0718,0.3343,0.0,0.0,0.0,0.0
824,fixture_topology_shift,-4.3045,10.0717,0.0,0.0,0.0,0.0
825,delayed_topology_transition,-0.6522,-10.1322,0.0,0.0,0.0,0.0
826,actuator_limit_chain,10.7476,9.4894,0.0,0.0,0.0,0.0
827,pocket_relocation,21.0876,-0.7997,0.0,0.0,0.0,0.0
828,combined_stress,4.6048,-0.5572,0.0,0.0,0.0,0.0
829,friction_mass_shift,21.5924,0.1000,0.0,0.0,0.0,0.0
830,friction_mass_shift,6.3591,8.2817,0.0,0.0,0.0,0.0
831,delayed_topology_transition,8.9142,-12.9799,0.0,1.0,1.0,0.0
832,pocket_relocation,14.3697,-3.7720,0.0,0.0,0.0,0.0
833,combined_extreme_stress,8.8520,16.4725,0.0,0.0,0.0,0.0
834,fixture_topology_shift,12.3384,-3.9834,0.0,0.0,0.0,0.0
835,friction_mass_shift,20.7736,-0.8925,0.0,0.0,0.0,0.0
836,nominal_push_to_pocket,1.9495,-11.8780,0.0,0.0,0.0,0.0
837,nominal_push_to_pocket,6.7723,-0.8962,0.0,0.0,0.0,0.0
838,contact_sensor_noise_burst,13.8503,-5.2537,0.0,0.0,0.0,0.0
839,combined_extreme_stress,10.7786,6.4564,0.0,0.0,0.0,0.0
840,combined_stress,7.0491,13.4535,0.0,0.0,0.0,0.0
841,actuator_limit_chain,11.2696,3.4721,0.0,0.0,0.0,0.0
842,distractor_contact,4.1384,0.5517,0.0,0.0,0.0,0.0
843,pocket_relocation,6.8133,-11.1453,0.0,0.0,0.0,0.0
844,contact_chain_transfer,7.1400,-8.3811,0.0,0.0,0.0,0.0
845,contact_sensor_noise_burst,22.1078,-0.6780,0.0,0.0,0.0,0.0
846,actuator_limit_chain,15.8731,-3.3508,0.0,0.0,0.0,0.0
847,contact_chain_transfer,9.3399,11.7669,0.0,0.0,0.0,0.0
848,distractor_contact,10.7091,11.1332,1.0,0.0,0.0,1.0
849,fixture_near_wall_jam,2.6895,-12.9677,0.0,0.0,0.0,0.0
850,pocket_relocation,9.5292,8.4715,0.0,0.0,0.0,0.0
851,actuator_limit_chain,13.2628,-5.7732,0.0,0.0,0.0,0.0
852,nominal_push_to_pocket,0.9698,9.1711,0.0,0.0,0.0,0.0
853,combined_stress,9.0773,-6.5197,0.0,0.0,0.0,0.0
854,pocket_relocation,6.9718,11.1157,0.0,0.0,0.0,0.0
855,friction_mass_shift,14.8538,1.0253,0.0,1.0,1.0,0.0
856,fixture_topology_shift,-3.7989,-7.9146,0.0,0.0,0.0,0.0
857,actuator_limit_chain,7.9241,-9.9470,0.0,0.0,0.0,0.0
858,contact_sensor_noise_burst,15.5652,-5.6115,1.0,1.0,0.0,0.0
859,fixture_topology_shift,17.9339,1.8027,1.0,1.0,0.0,0.0
860,distractor_contact,-1.3479,7.0037,0.0,0.0,0.0,0.0
861,fixture_near_wall_jam,17.0329,-1.5241,0.0,0.0,0.0,0.0
862,delayed_topology_transition,0.8790,9.8147,0.0,0.0,0.0,0.0
863,fixture_near_wall_jam,7.4782,-0.4063,0.0,0.0,0.0,0.0
864,combined_extreme_stress,-1.3294,-7.2370,1.0,0.0,0.0,1.0
865,fixture_topology_shift,6.5292,9.8518,0.0,0.0,0.0,0.0
866,fixture_topology_shift,15.3491,-1.1514,0.0,0.0,0.0,0.0
867,contact_chain_transfer,7.2026,-0.1253,0.0,0.0,0.0,0.0
868,nominal_push_to_pocket,22.2921,-0.6930,0.0,1.0,1.0,0.0
869,contact_sensor_noise_burst,14.2337,-4.8424,0.0,0.0,0.0,0.0
870,distractor_contact,3.2915,-1.8084,0.0,0.0,0.0,0.0
871,contact_chain_transfer,14.1271,-4.9095,0.0,0.0,0.0,0.0
872,delayed_topology_transition,18.9582,0.3806,0.0,0.0,0.0,0.0
873,contact_sensor_noise_burst,2.9576,-9.1031,0.0,0.0,0.0,0.0
874,distractor_contact,20.3368,-2.2581,0.0,1.0,1.0,0.0
875,contact_sensor_noise_burst,11.2110,7.0672,0.0,0.0,0.0,0.0
876,nominal_push_to_pocket,11.9036,-10.9631,0.0,0.0,0.0,0.0
877,combined_stress,19.9481,0.1679,0.0,0.0,0.0,0.0
878,combined_stress,2.4164,-6.9419,0.0,0.0,0.0,0.0
879,fixture_topology_shift,14.3607,-5.6853,1.0,1.0,0.0,0.0
880,fixture_near_wall_jam,11.0627,8.3526,0.0,0.0,0.0,0.0
881,fixture_topology_shift,6.9145,-9.6039,0.0,0.0,0.0,0.0
882,pocket_relocation,10.9569,4.5876,0.0,0.0,0.0,0.0
883,fixture_near_wall_jam,-4.1178,10.1585,0.0,0.0,0.0,0.0
884,contact_chain_transfer,17.3518,6.0585,0.0,0.0,0.0,0.0
885,contact_sensor_noise_burst,8.7260,11.2150,0.0,0.0,0.0,0.0
886,actuator_limit_chain,0.2195,-11.4811,1.0,0.0,0.0,1.0
887,delayed_topology_transition,5.6699,-1.5440,0.0,0.0,0.0,0.0
888,friction_mass_shift,22.1217,1.5781,0.0,0.0,0.0,0.0
889,combined_stress,13.8346,-6.0179,1.0,0.0,0.0,1.0
890,nominal_push_to_pocket,5.8746,1.1215,0.0,0.0,0.0,0.0
891,fixture_topology_shift,12.6003,3.9031,0.0,0.0,0.0,0.0
892,distractor_contact,3.8368,0.4775,0.0,0.0,0.0,0.0
893,contact_sensor_noise_burst,6.4441,2.9646,0.0,0.0,0.0,0.0
894,combined_stress,5.6362,-0.8850,0.0,0.0,0.0,0.0
895,actuator_limit_chain,17.2063,1.9174,0.0,0.0,0.0,0.0
896,nominal_push_to_pocket,17.5818,-0.0826,0.0,0.0,0.0,0.0
897,distractor_contact,12.2696,-4.7315,0.0,0.0,0.0,0.0
898,contact_sensor_noise_burst,0.3101,9.4616,0.0,0.0,0.0,0.0
899,fixture_topology_shift,18.9908,3.9463,0.0,0.0,0.0,0.0
900,delayed_topology_transition,22.2137,-1.2024,0.0,1.0,1.0,0.0
901,pocket_relocation,14.1687,4.5133,0.0,0.0,0.0,0.0
902,friction_mass_shift,3.8188,-0.9980,0.0,0.0,0.0,0.0
903,delayed_topology_transition,7.2515,-9.7345,0.0,0.0,0.0,0.0
904,combined_stress,20.3703,-0.3381,0.0,0.0,0.0,0.0
905,friction_mass_shift,6.1874,8.8660,0.0,0.0,0.0,0.0
906,contact_chain_transfer,16.2684,-0.7893,0.0,0.0,0.0,0.0
907,fixture_near_wall_jam,6.5663,10.7322,0.0,0.0,0.0,0.0
908,distractor_contact,21.0903,1.5565,0.0,0.0,0.0,0.0
909,actuator_limit_chain,22.2656,1.4404,0.0,0.0,0.0,0.0
910,combined_extreme_stress,6.7415,-9.9593,0.0,0.0,0.0,0.0
911,fixture_near_wall_jam,21.1368,1.3243,0.0,0.0,0.0,0.0
912,friction_mass_shift,11.6531,-6.6783,0.0,0.0,0.0,0.0
913,contact_sensor_noise_burst,15.9099,5.6390,0.0,0.0,0.0,0.0
914,fixture_near_wall_jam,14.1591,7.8454,0.0,0.0,0.0,0.0
915,fixture_near_wall_jam,7.8152,-4.1916,0.0,0.0,0.0,0.0
916,contact_sensor_noise_burst,9.3660,9.8274,0.0,0.0,0.0,0.0
917,fixture_near_wall_jam,11.3457,15.1273,0.0,0.0,0.0,0.0
918,combined_extreme_stress,-3.0371,-9.6503,0.0,0.0,0.0,0.0
919,friction_mass_shift,22.3809,0.2089,0.0,0.0,0.0,0.0
920,pocket_relocation,-1.2653,-10.2542,0.0,0.0,0.0,0.0
921,contact_chain_transfer,12.1230,6.9240,0.0,0.0,0.0,0.0
922,distractor_contact,-0.7752,-5.9181,0.0,0.0,0.0,0.0
923,combined_stress,10.8377,-12.2054,0.0,0.0,0.0,0.0
924,combined_stress,22.8608,-0.0957,0.0,0.0,0.0,0.0
925,fixture_near_wall_jam,8.1649,-8.1644,0.0,0.0,0.0,0.0
926,nominal_push_to_pocket,5.2787,-0.7195,0.0,0.0,0.0,0.0
927,friction_mass_shift,16.0002,2.9328,0.0,0.0,0.0,0.0
928,contact_sensor_noise_burst,15.7235,-0.3310,0.0,1.0,1.0,0.0
929,combined_extreme_stress,5.7229,0.2649,0.0,0.0,0.0,0.0
930,fixture_topology_shift,6.1207,-10.9889,0.0,0.0,0.0,0.0
931,pocket_relocation,13.4306,3.5407,0.0,0.0,0.0,0.0
932,nominal_push_to_pocket,13.2958,-1.9990,0.0,0.0,0.0,0.0
933,contact_chain_transfer,0.4980,7.0793,0.0,0.0,0.0,0.0
934,distractor_contact,17.5431,-7.5650,0.0,0.0,0.0,0.0
935,actuator_limit_chain,6.0267,-15.5139,0.0,0.0,0.0,0.0
936,friction_mass_shift,9.4129,12.9980,0.0,0.0,0.0,0.0
937,contact_sensor_noise_burst,3.8764,-0.5152,0.0,0.0,0.0,0.0
938,delayed_topology_transition,-1.0857,-8.0896,0.0,0.0,0.0,0.0
939,nominal_push_to_pocket,3.8818,-12.8167,0.0,0.0,0.0,0.0
940,nominal_push_to_pocket,8.2390,-12.0352,0.0,0.0,0.0,0.0
941,contact_sensor_noise_burst,20.2701,-1.2195,0.0,0.0,0.0,0.0
942,combined_stress,14.9106,4.4123,0.0,0.0,0.0,0.0
943,combined_extreme_stress,6.5476,0.4515,1.0,1.0,0.0,0.0
944,friction_mass_shift,19.9323,1.3621,0.0,0.0,0.0,0.0
945,fixture_near_wall_jam,11.2477,6.7881,0.0,0.0,0.0,0.0
946,nominal_push_to_pocket,21.2042,-1.2227,0.0,0.0,0.0,0.0
947,pocket_relocation,5.6589,0.2792,0.0,0.0,0.0,0.0
948,delayed_topology_transition,-2.3292,-9.0202,0.0,0.0,0.0,0.0
949,friction_mass_shift,17.3489,-0.4710,0.0,0.0,0.0,0.0
950,contact_sensor_noise_burst,18.9432,-0.4978,0.0,0.0,0.0,0.0
951,fixture_topology_shift,3.4779,2.1401,0.0,0.0,0.0,0.0
952,combined_stress,8.2647,9.6433,0.0,0.0,0.0,0.0
953,contact_chain_transfer,1.2518,-11.3827,0.0,0.0,0.0,0.0
954,fixture_near_wall_jam,9.2907,-9.1443,0.0,0.0,0.0,0.0
955,delayed_topology_transition,17.2923,9.3754,0.0,0.0,0.0,0.0
956,pocket_relocation,7.2500,-8.3402,1.0,0.0,0.0,1.0
957,fixture_topology_shift,19.2919,-3.4998,0.0,0.0,0.0,0.0
958,combined_extreme_stress,12.5083,4.4067,0.0,0.0,0.0,0.0
959,combined_extreme_stress,7.8563,-0.5331,1.0,1.0,0.0,0.0
960,combined_stress,2.0599,-9.9788,0.0,0.0,0.0,0.0
961,fixture_topology_shift,6.5359,-7.3305,0.0,0.0,0.0,0.0
962,fixture_near_wall_jam,11.9600,10.9851,0.0,0.0,0.0,0.0
963,combined_extreme_stress,13.7635,8.5386,0.0,0.0,0.0,0.0
964,actuator_limit_chain,8.7856,9.8475,0.0,0.0,0.0,0.0
965,combined_extreme_stress,6.8030,-10.2333,1.0,1.0,0.0,0.0
966,pocket_relocation,15.2834,-10.0517,0.0,0.0,0.0,0.0
967,distractor_contact,20.7544,-0.0118,1.0,1.0,0.0,0.0
968,combined_stress,6.2368,-8.3919,0.0,0.0,0.0,0.0
969,nominal_push_to_pocket,17.0507,-3.7801,0.0,0.0,0.0,0.0
970,actuator_limit_chain,7.9140,10.9137,0.0,0.0,0.0,0.0
971,delayed_topology_transition,24.1063,0.2007,0.0,0.0,0.0,0.0
972,friction_mass_shift,24.2071,-3.1950,0.0,0.0,0.0,0.0
973,friction_mass_shift,22.6112,-1.9596,0.0,0.0,0.0,0.0
974,distractor_contact,9.6015,-11.3964,1.0,1.0,0.0,0.0
975,contact_chain_transfer,6.4479,-0.0875,0.0,0.0,0.0,0.0
976,friction_mass_shift,7.8927,1.6218,0.0,0.0,0.0,0.0
977,contact_sensor_noise_burst,20.3729,-0.8163,0.0,0.0,0.0,0.0
978,pocket_relocation,14.0687,-0.6021,0.0,0.0,0.0,0.0
979,contact_sensor_noise_burst,10.9543,9.8445,0.0,0.0,0.0,0.0
980,friction_mass_shift,-1.3526,4.7767,0.0,0.0,0.0,0.0
981,actuator_limit_chain,5.4419,0.7437,0.0,0.0,0.0,0.0
982,actuator_limit_chain,21.7146,-3.8578,0.0,0.0,0.0,0.0
983,fixture_topology_shift,5.3900,-0.6637,1.0,1.0,0.0,0.0
984,delayed_topology_transition,9.7550,-9.7311,1.0,1.0,0.0,0.0
985,nominal_push_to_pocket,12.4560,3.3358,0.0,0.0,0.0,0.0
986,distractor_contact,21.1370,-5.0685,0.0,0.0,0.0,0.0
987,pocket_relocation,14.2248,-0.8313,1.0,1.0,0.0,0.0
988,distractor_contact,11.3240,-3.3769,1.0,0.0,0.0,1.0
989,actuator_limit_chain,6.5399,8.8597,0.0,0.0,0.0,0.0
990,contact_chain_transfer,11.5976,9.1937,0.0,0.0,0.0,0.0
991,contact_sensor_noise_burst,10.6840,-8.8359,0.0,0.0,0.0,0.0
992,pocket_relocation,13.1359,-7.2664,1.0,1.0,0.0,0.0
993,combined_extreme_stress,5.9768,-9.0755,0.0,0.0,0.0,0.0
994,fixture_near_wall_jam,5.1733,11.7909,0.0,0.0,0.0,0.0
995,combined_extreme_stress,8.8140,10.8883,0.0,0.0,0.0,0.0
996,friction_mass_shift,8.0877,2.0639,0.0,0.0,0.0,0.0
997,fixture_near_wall_jam,1.7934,8.8632,0.0,0.0,0.0,0.0
998,distractor_contact,23.9890,2.6488,1.0,1.0,0.0,0.0
999,contact_sensor_noise_burst,13.6861,-3.1986,0.0,0.0,0.0,0.0
1000,fixture_topology_shift,27.5873,-2.9819,0.0,1.0,1.0,0.0
1001,delayed_topology_transition,11.6794,8.3174,0.0,0.0,0.0,0.0
1002,combined_extreme_stress,17.9474,-3.2395,0.0,0.0,0.0,0.0
1003,fixture_topology_shift,9.2310,-8.5929,0.0,0.0,0.0,0.0
1004,fixture_near_wall_jam,15.0759,6.8229,0.0,0.0,0.0,0.0
1005,contact_sensor_noise_burst,10.2632,11.8329,1.0,0.0,0.0,1.0
1006,nominal_push_to_pocket,0.1086,7.4735,0.0,0.0,0.0,0.0
1007,combined_extreme_stress,11.0262,-12.0627,0.0,1.0,1.0,0.0
1008,distractor_contact,15.2406,-8.6189,0.0,0.0,0.0,0.0
1009,friction_mass_shift,14.6496,7.0459,0.0,0.0,0.0,0.0
1010,nominal_push_to_pocket,6.6694,-9.8990,0.0,0.0,0.0,0.0
1011,combined_stress,12.4557,5.2414,0.0,0.0,0.0,0.0
1012,distractor_contact,0.5286,8.0476,0.0,0.0,0.0,0.0
1013,delayed_topology_transition,6.7130,10.1885,0.0,0.0,0.0,0.0
1014,delayed_topology_transition,17.2365,1.8560,0.0,0.0,0.0,0.0
1015,combined_stress,23.0422,-1.2621,0.0,1.0,1.0,0.0
1016,actuator_limit_chain,8.3428,12.7523,0.0,0.0,0.0,0.0
1017,fixture_topology_shift,20.8691,-1.7253,1.0,1.0,0.0,0.0
1018,distractor_contact,12.7037,8.3343,0.0,0.0,0.0,0.0
1019,delayed_topology_transition,12.8415,-4.9893,0.0,1.0,1.0,0.0
1020,fixture_topology_shift,16.0320,-7.5580,0.0,0.0,0.0,0.0
1021,contact_chain_transfer,24.8333,2.6304,0.0,0.0,0.0,0.0
1022,actuator_limit_chain,12.1776,-5.2841,0.0,0.0,0.0,0.0
1023,fixture_near_wall_jam,16.9298,1.7459,0.0,0.0,0.0,0.0
1024,fixture_near_wall_jam,7.7851,7.1551,0.0,0.0,0.0,0.0
1025,friction_mass_shift,-0.4605,10.2292,0.0,0.0,0.0,0.0
1026,friction_mass_shift,7.8520,7.1670,0.0,0.0,0.0,0.0
1027,combined_extreme_stress,25.5123,-0.2684,0.0,1.0,1.0,0.0
1028,combined_extreme_stress,0.0037,-10.0660,1.0,1.0,0.0,0.0
1029,actuator_limit_chain,9.8406,10.1879,0.0,0.0,0.0,0.0
1030,actuator_limit_chain,13.5183,-9.3024,0.0,1.0,1.0,0.0
1031,pocket_relocation,23.2854,0.0193,0.0,0.0,0.0,0.0
1032,pocket_relocation,1.7993,-0.8969,0.0,0.0,0.0,0.0
1033,contact_sensor_noise_burst,-0.6508,-3.3776,0.0,0.0,0.0,0.0
1034,contact_sensor_noise_burst,23.3537,-3.0500,0.0,0.0,0.0,0.0
1035,delayed_topology_transition,26.1565,-1.0620,0.0,0.0,0.0,0.0
1036,actuator_limit_chain,13.3274,-7.7835,0.0,0.0,0.0,0.0
1037,friction_mass_shift,16.0442,0.1335,0.0,0.0,0.0,0.0
1038,pocket_relocation,9.6032,-9.5792,0.0,0.0,0.0,0.0
1039,delayed_topology_transition,11.9904,7.8909,0.0,0.0,0.0,0.0
1040,combined_extreme_stress,5.4026,-12.4182,0.0,0.0,0.0,0.0
1041,contact_chain_transfer,11.2063,7.6785,0.0,0.0,0.0,0.0
1042,fixture_near_wall_jam,-1.6504,10.3790,0.0,0.0,0.0,0.0
1043,nominal_push_to_pocket,8.7497,-6.5890,0.0,0.0,0.0,0.0
1044,delayed_topology_transition,12.0663,-7.9075,0.0,0.0,0.0,0.0
1045,combined_stress,4.9128,3.2161,0.0,0.0,0.0,0.0
1046,nominal_push_to_pocket,11.5595,-10.5863,0.0,0.0,0.0,0.0
1047,nominal_push_to_pocket,-0.5970,-10.5196,0.0,0.0,0.0,0.0
1048,actuator_limit_chain,-5.0941,-8.8424,0.0,0.0,0.0,0.0
1049,nominal_push_to_pocket,15.8714,-4.6473,0.0,0.0,0.0,0.0
1050,contact_chain_transfer,13.5194,4.8827,0.0,1.0,1.0,0.0
1051,fixture_topology_shift,15.9627,-1.7211,0.0,0.0,0.0,0.0
1052,actuator_limit_chain,-2.1880,-3.7548,1.0,1.0,0.0,0.0
1053,combined_stress,18.2550,-0.7857,0.0,0.0,0.0,0.0
1054,distractor_contact,15.5525,6.4408,0.0,0.0,0.0,0.0
1055,combined_stress,26.6940,-1.0301,0.0,0.0,0.0,0.0
1056,delayed_topology_transition,8.0034,5.6123,0.0,0.0,0.0,0.0
1057,actuator_limit_chain,12.8841,-2.8453,0.0,0.0,0.0,0.0
1058,delayed_topology_transition,23.8320,0.7808,0.0,0.0,0.0,0.0
1059,combined_extreme_stress,-2.2109,-6.1751,0.0,0.0,0.0,0.0
1060,friction_mass_shift,17.5747,-0.9269,0.0,0.0,0.0,0.0
1061,actuator_limit_chain,14.1917,-4.3395,0.0,0.0,0.0,0.0
1062,friction_mass_shift,14.2261,-6.5547,0.0,0.0,0.0,0.0
1063,distractor_contact,5.1331,7.6632,0.0,0.0,0.0,0.0
1064,friction_mass_shift,23.0603,-1.5258,0.0,0.0,0.0,0.0
1065,contact_chain_transfer,7.5273,-9.3960,0.0,0.0,0.0,0.0
1066,nominal_push_to_pocket,11.5394,-5.3062,0.0,0.0,0.0,0.0
1067,contact_chain_transfer,10.8950,-5.4997,0.0,0.0,0.0,0.0
1068,pocket_relocation,8.1307,-11.5944,0.0,0.0,0.0,0.0
1069,friction_mass_shift,13.4276,6.2609,0.0,0.0,0.0,0.0
1070,fixture_topology_shift,12.7941,6.4096,0.0,0.0,0.0,0.0
1071,friction_mass_shift,7.0084,-4.1088,0.0,0.0,0.0,0.0
1072,contact_sensor_noise_burst,22.9496,0.1216,0.0,0.0,0.0,0.0
1073,combined_extreme_stress,5.8754,-2.2770,0.0,0.0,0.0,0.0
1074,contact_chain_transfer,16.7846,6.3928,0.0,0.0,0.0,0.0
1075,friction_mass_shift,4.5980,-10.9939,0.0,0.0,0.0,0.0
1076,fixture_topology_shift,3.5037,-3.0520,0.0,1.0,1.0,0.0
1077,contact_sensor_noise_burst,17.0512,-0.3250,0.0,0.0,0.0,0.0
1078,friction_mass_shift,14.7022,-0.5000,0.0,1.0,1.0,0.0
1079,contact_sensor_noise_burst,7.5199,-10.5357,0.0,0.0,0.0,0.0
1080,pocket_relocation,25.6126,0.5581,0.0,0.0,0.0,0.0
1081,actuator_limit_chain,15.1087,-6.1290,1.0,1.0,0.0,0.0
1082,contact_chain_transfer,10.2238,11.5647,0.0,0.0,0.0,0.0
1083,contact_chain_transfer,23.3591,0.7348,0.0,0.0,0.0,0.0
1084,delayed_topology_transition,2.0517,8.6953,0.0,0.0,0.0,0.0
1085,distractor_contact,7.3964,10.6716,0.0,0.0,0.0,0.0
1086,contact_sensor_noise_burst,17.2350,-9.3697,0.0,0.0,0.0,0.0
1087,fixture_topology_shift,5.1296,3.2637,0.0,0.0,0.0,0.0
1088,friction_mass_shift,8.0902,-11.1761,0.0,0.0,0.0,0.0
1089,fixture_topology_shift,7.0636,-10.4006,0.0,0.0,0.0,0.0
1090,actuator_limit_chain,-0.8995,-8.4247,0.0,0.0,0.0,0.0
1091,delayed_topology_transition,13.8709,3.7591,0.0,0.0,0.0,0.0
1092,combined_extreme_stress,10.5977,10.5367,0.0,0.0,0.0,0.0
1093,combined_extreme_stress,6.2286,-11.9389,0.0,0.0,0.0,0.0
1094,fixture_near_wall_jam,-2.7255,-11.2562,0.0,0.0,0.0,0.0
1095,fixture_near_wall_jam,-1.5674,-6.0918,0.0,0.0,0.0,0.0
1096,delayed_topology_transition,8.9563,-10.9201,0.0,0.0,0.0,0.0
1097,delayed_topology_transition,1.0315,-8.9342,1.0,1.0,0.0,0.0
1098,fixture_topology_shift,9.4520,12.7156,0.0,0.0,0.0,0.0
1099,fixture_near_wall_jam,1.4423,11.1228,0.0,0.0,0.0,0.0
1100,actuator_limit_chain,8.0533,10.8907,0.0,0.0,0.0,0.0
1101,combined_extreme_stress,14.2175,-4.2451,0.0,0.0,0.0,0.0
1102,combined_extreme_stress,6.4721,-2.0619,0.0,0.0,0.0,0.0
1103,delayed_topology_transition,-1.4005,7.3483,0.0,0.0,0.0,0.0
1104,pocket_relocation,0.7391,-9.1436,0.0,0.0,0.0,0.0
1105,actuator_limit_chain,23.8681,2.3461,0.0,0.0,0.0,0.0
1106,distractor_contact,17.7567,1.9585,0.0,0.0,0.0,0.0
1107,friction_mass_shift,-1.3825,8.2838,0.0,0.0,0.0,0.0
1108,contact_chain_transfer,0.9842,-11.9024,0.0,0.0,0.0,0.0
1109,pocket_relocation,9.3531,-12.8940,0.0,0.0,0.0,0.0
1110,friction_mass_shift,14.1278,-8.3375,0.0,0.0,0.0,0.0
1111,actuator_limit_chain,12.3075,6.7104,1.0,1.0,0.0,0.0
1112,fixture_near_wall_jam,2.9070,8.5762,0.0,0.0,0.0,0.0
1113,contact_chain_transfer,11.2389,7.2367,0.0,0.0,0.0,0.0
1114,combined_extreme_stress,18.4912,0.4254,1.0,1.0,0.0,0.0
1115,actuator_limit_chain,-1.8932,-8.7355,0.0,0.0,0.0,0.0
1116,nominal_push_to_pocket,-0.8491,-11.2616,0.0,0.0,0.0,0.0
1117,nominal_push_to_pocket,21.8640,2.1457,0.0,0.0,0.0,0.0
1118,nominal_push_to_pocket,22.4160,-0.1047,0.0,0.0,0.0,0.0
1119,nominal_push_to_pocket,-2.6794,7.6267,0.0,0.0,0.0,0.0
1120,fixture_topology_shift,5.4151,6.8574,0.0,0.0,0.0,0.0
1121,contact_chain_transfer,13.9547,-3.7735,0.0,0.0,0.0,0.0
1122,pocket_relocation,7.5096,7.9712,0.0,0.0,0.0,0.0
1123,combined_stress,6.6629,-4.5444,0.0,0.0,0.0,0.0
1124,fixture_near_wall_jam,6.9168,2.6687,0.0,0.0,0.0,0.0
1125,fixture_topology_shift,15.5255,-7.2706,0.0,0.0,0.0,0.0
1126,friction_mass_shift,22.3185,-0.5277,0.0,0.0,0.0,0.0
1127,contact_sensor_noise_burst,13.6447,-7.5642,0.0,0.0,0.0,0.0
1128,nominal_push_to_pocket,11.2413,7.2020,0.0,1.0,1.0,0.0
1129,actuator_limit_chain,-1.3590,-9.5068,0.0,0.0,0.0,0.0
1130,contact_sensor_noise_burst,3.0280,-4.8892,0.0,0.0,0.0,0.0
1131,actuator_limit_chain,9.7916,-6.5588,0.0,0.0,0.0,0.0
1132,contact_sensor_noise_burst,14.9769,-5.5947,0.0,0.0,0.0,0.0
1133,combined_stress,10.7782,5.9520,0.0,0.0,0.0,0.0
1134,combined_stress,6.7824,-7.9420,0.0,0.0,0.0,0.0
1135,delayed_topology_transition,17.9201,0.0145,0.0,0.0,0.0,0.0
1136,actuator_limit_chain,23.3565,0.3579,0.0,0.0,0.0,0.0
1137,distractor_contact,7.6411,-10.5309,1.0,1.0,0.0,0.0
1138,fixture_topology_shift,17.5503,-2.5033,0.0,0.0,0.0,0.0
1139,delayed_topology_transition,-0.9461,-7.9796,0.0,0.0,0.0,0.0
1140,contact_chain_transfer,21.3050,-3.8592,0.0,0.0,0.0,0.0
1141,actuator_limit_chain,-1.6253,9.6834,0.0,0.0,0.0,0.0
1142,fixture_near_wall_jam,6.5354,9.3267,0.0,0.0,0.0,0.0
1143,contact_chain_transfer,-2.9408,-8.3819,0.0,0.0,0.0,0.0
1144,friction_mass_shift,11.7403,-11.5883,0.0,0.0,0.0,0.0
1145,pocket_relocation,7.5128,-9.8834,0.0,0.0,0.0,0.0
1146,fixture_near_wall_jam,6.7817,-8.6155,0.0,0.0,0.0,0.0
1147,combined_extreme_stress,6.4927,8.6520,0.0,0.0,0.0,0.0
1148,friction_mass_shift,10.4860,5.8159,0.0,0.0,0.0,0.0
1149,distractor_contact,0.6555,10.0558,0.0,0.0,0.0,0.0
1150,pocket_relocation,8.9733,7.4677,0.0,0.0,0.0,0.0
1151,combined_extreme_stress,8.1665,7.3271,1.0,0.0,0.0,1.0
1152,actuator_limit_chain,8.8988,-12.2555,0.0,0.0,0.0,0.0
1153,combined_stress,2.0824,-7.1889,0.0,0.0,0.0,0.0
1154,combined_extreme_stress,3.3744,-8.0305,0.0,0.0,0.0,0.0
1155,delayed_topology_transition,9.5542,-9.7839,0.0,0.0,0.0,0.0
1156,pocket_relocation,20.0543,0.4339,0.0,0.0,0.0,0.0
1157,delayed_topology_transition,16.2778,-6.0901,0.0,0.0,0.0,0.0
1158,fixture_topology_shift,0.6343,-10.1107,0.0,0.0,0.0,0.0
1159,contact_sensor_noise_burst,12.1607,8.3089,0.0,1.0,1.0,0.0
1160,pocket_relocation,10.0003,9.9691,0.0,0.0,0.0,0.0
1161,friction_mass_shift,16.7507,-5.9998,0.0,0.0,0.0,0.0
1162,actuator_limit_chain,15.7209,-6.3695,0.0,0.0,0.0,0.0
1163,combined_extreme_stress,-1.5740,-6.3964,0.0,0.0,0.0,0.0
1164,delayed_topology_transition,24.2446,0.4983,0.0,0.0,0.0,0.0
1165,nominal_push_to_pocket,8.4106,10.0802,0.0,0.0,0.0,0.0
1166,combined_extreme_stress,1.7072,-10.3598,0.0,0.0,0.0,0.0
1167,contact_chain_transfer,-1.3661,11.3853,0.0,0.0,0.0,0.0
1168,actuator_limit_chain,6.8640,1.7148,0.0,0.0,0.0,0.0
1169,fixture_topology_shift,16.0732,-4.2184,0.0,0.0,0.0,0.0
1170,pocket_relocation,8.4423,9.1700,0.0,0.0,0.0,0.0
1171,distractor_contact,2.9113,7.2650,0.0,0.0,0.0,0.0
1172,fixture_topology_shift,9.1946,-1.3011,0.0,0.0,0.0,0.0
1173,delayed_topology_transition,-1.6259,12.3140,0.0,0.0,0.0,0.0
1174,nominal_push_to_pocket,1.3803,8.4706,0.0,0.0,0.0,0.0
1175,contact_sensor_noise_burst,1.7221,5.8962,0.0,0.0,0.0,0.0
1176,contact_chain_transfer,17.6457,4.2079,0.0,0.0,0.0,0.0
1177,actuator_limit_chain,0.5913,-8.9765,0.0,0.0,0.0,0.0
1178,delayed_topology_transition,21.2369,-2.2239,0.0,0.0,0.0,0.0
1179,delayed_topology_transition,6.9930,-15.4377,0.0,0.0,0.0,0.0
1180,fixture_near_wall_jam,12.3800,8.1166,0.0,0.0,0.0,0.0
1181,fixture_topology_shift,5.8574,-0.1804,0.0,0.0,0.0,0.0
1182,nominal_push_to_pocket,14.0101,1.0638,0.0,0.0,0.0,0.0
1183,combined_extreme_stress,19.5568,-1.4544,1.0,1.0,0.0,0.0
1184,pocket_relocation,-2.3435,-9.9961,0.0,0.0,0.0,0.0
1185,fixture_near_wall_jam,18.2841,2.3543,0.0,0.0,0.0,0.0
1186,fixture_topology_shift,10.7198,5.2710,0.0,0.0,0.0,0.0
1187,fixture_topology_shift,-4.1235,8.1638,0.0,1.0,1.0,0.0
1188,contact_chain_transfer,15.7515,-1.9984,0.0,0.0,0.0,0.0
1189,fixture_topology_shift,9.2355,-8.8548,0.0,0.0,0.0,0.0
1190,pocket_relocation,7.8788,-0.9518,0.0,0.0,0.0,0.0
1191,contact_sensor_noise_burst,5.8579,1.5186,0.0,0.0,0.0,0.0
1192,fixture_near_wall_jam,14.7013,-6.9283,0.0,0.0,0.0,0.0
1193,contact_sensor_noise_burst,11.5218,-11.3440,0.0,0.0,0.0,0.0
1194,fixture_topology_shift,4.2461,0.1040,0.0,0.0,0.0,0.0
1195,pocket_relocation,8.6905,-1.6499,0.0,0.0,0.0,0.0
1196,friction_mass_shift,13.3156,1.5752,0.0,0.0,0.0,0.0
1197,fixture_near_wall_jam,5.4140,-0.2105,0.0,0.0,0.0,0.0
1198,contact_sensor_noise_burst,0.2174,9.6391,0.0,0.0,0.0,0.0
1199,fixture_near_wall_jam,-0.3956,5.8079,0.0,0.0,0.0,0.0
1200,actuator_limit_chain,23.9081,-0.2496,0.0,0.0,0.0,0.0
1201,contact_sensor_noise_burst,7.7678,12.9050,0.0,0.0,0.0,0.0
1202,nominal_push_to_pocket,15.5221,-0.4874,0.0,1.0,1.0,0.0
1203,contact_sensor_noise_burst,17.0926,4.0667,0.0,0.0,0.0,0.0
1204,pocket_relocation,7.3525,11.4949,0.0,0.0,0.0,0.0
1205,distractor_contact,2.1774,4.1721,0.0,0.0,0.0,0.0
1206,fixture_near_wall_jam,7.1936,-7.6771,0.0,0.0,0.0,0.0
1207,fixture_topology_shift,8.7918,10.6046,0.0,0.0,0.0,0.0
1208,combined_extreme_stress,10.6279,9.4660,0.0,0.0,0.0,0.0
1209,combined_stress,11.9371,5.5829,0.0,0.0,0.0,0.0
1210,nominal_push_to_pocket,-1.5930,4.9151,0.0,0.0,0.0,0.0
1211,actuator_limit_chain,11.3370,-9.7021,1.0,1.0,0.0,0.0
1212,delayed_topology_transition,11.9880,-9.5746,0.0,0.0,0.0,0.0
1213,distractor_contact,11.3878,-9.9079,0.0,0.0,0.0,0.0
1214,pocket_relocation,11.5764,5.2575,0.0,0.0,0.0,0.0
1215,pocket_relocation,25.7691,-0.4580,0.0,0.0,0.0,0.0
1216,nominal_push_to_pocket,16.9179,3.7410,0.0,0.0,0.0,0.0
1217,fixture_near_wall_jam,13.9091,2.8404,0.0,0.0,0.0,0.0
1218,delayed_topology_transition,12.9185,10.3939,0.0,0.0,0.0,0.0
1219,friction_mass_shift,14.2465,-5.7661,0.0,0.0,0.0,0.0
1220,delayed_topology_transition,-3.5139,-8.4088,0.0,0.0,0.0,0.0
1221,fixture_near_wall_jam,13.4173,4.7775,0.0,0.0,0.0,0.0
1222,fixture_near_wall_jam,20.2845,1.0044,0.0,0.0,0.0,0.0
1223,contact_chain_transfer,13.3704,-5.9798,0.0,0.0,0.0,0.0
1224,contact_chain_transfer,6.4780,-4.4369,0.0,0.0,0.0,0.0
1225,combined_extreme_stress,12.9794,-3.6391,0.0,0.0,0.0,0.0
1226,fixture_near_wall_jam,-1.8783,6.1973,0.0,0.0,0.0,0.0
1227,delayed_topology_transition,-0.2675,12.5628,0.0,0.0,0.0,0.0
1228,pocket_relocation,2.1987,-13.0283,0.0,0.0,0.0,0.0
1229,combined_extreme_stress,14.2019,-6.8209,0.0,0.0,0.0,0.0
1230,actuator_limit_chain,1.6702,-7.4203,1.0,1.0,0.0,0.0
1231,nominal_push_to_pocket,13.4512,13.0346,0.0,0.0,0.0,0.0
1232,fixture_near_wall_jam,14.6727,-6.0682,0.0,0.0,0.0,0.0
1233,pocket_relocation,25.6879,0.8433,0.0,1.0,1.0,0.0
1234,distractor_contact,17.9408,-1.6902,0.0,0.0,0.0,0.0
1235,fixture_topology_shift,14.0356,-0.0457,0.0,0.0,0.0,0.0
1236,distractor_contact,1.4394,5.3086,0.0,0.0,0.0,0.0
1237,contact_sensor_noise_burst,16.6880,-6.8620,0.0,0.0,0.0,0.0
1238,delayed_topology_transition,16.2290,0.4750,0.0,0.0,0.0,0.0
1239,friction_mass_shift,15.5975,-5.3408,0.0,0.0,0.0,0.0
1240,fixture_topology_shift,7.2329,-14.0114,0.0,0.0,0.0,0.0
1241,nominal_push_to_pocket,8.2978,-7.2408,0.0,0.0,0.0,0.0
1242,fixture_topology_shift,10.1346,0.3857,0.0,0.0,0.0,0.0
1243,combined_stress,-0.1434,-7.8410,0.0,0.0,0.0,0.0
1244,contact_sensor_noise_burst,23.2479,-1.9954,0.0,1.0,1.0,0.0
1245,fixture_topology_shift,14.6617,7.3780,0.0,0.0,0.0,0.0
1246,fixture_topology_shift,1.5442,6.2113,0.0,1.0,1.0,0.0
1247,combined_extreme_stress,5.6773,11.6799,0.0,0.0,0.0,0.0
1248,fixture_topology_shift,23.8716,0.8572,0.0,1.0,1.0,0.0
1249,contact_sensor_noise_burst,9.1483,10.7647,0.0,0.0,0.0,0.0
1250,delayed_topology_transition,23.9518,-1.0971,0.0,0.0,0.0,0.0
1251,friction_mass_shift,5.5763,-0.1726,0.0,0.0,0.0,0.0
1252,fixture_topology_shift,18.3766,2.3189,0.0,0.0,0.0,0.0
1253,contact_chain_transfer,21.3391,-1.1700,0.0,0.0,0.0,0.0
1254,nominal_push_to_pocket,-0.8822,3.5558,0.0,0.0,0.0,0.0
1255,friction_mass_shift,18.2991,9.0315,0.0,1.0,1.0,0.0
1256,combined_stress,7.7066,8.1984,0.0,0.0,0.0,0.0
1257,actuator_limit_chain,7.2637,10.7939,0.0,0.0,0.0,0.0
1258,actuator_limit_chain,15.2898,6.3129,0.0,0.0,0.0,0.0
1259,fixture_near_wall_jam,17.5570,-5.3209,0.0,0.0,0.0,0.0
1260,nominal_push_to_pocket,-3.8673,11.7135,0.0,0.0,0.0,0.0
1261,friction_mass_shift,14.8173,-3.7460,0.0,0.0,0.0,0.0
1262,pocket_relocation,-0.5764,-5.7742,0.0,0.0,0.0,0.0
1263,contact_chain_transfer,12.5029,-6.5708,0.0,0.0,0.0,0.0
1264,contact_sensor_noise_burst,23.2463,-0.4395,0.0,0.0,0.0,0.0
1265,contact_chain_transfer,7.1029,10.7927,0.0,1.0,1.0,0.0
1266,fixture_topology_shift,25.0755,-4.2206,0.0,0.0,0.0,0.0
1267,combined_extreme_stress,2.0830,10.7339,0.0,0.0,0.0,0.0
1268,combined_extreme_stress,15.1420,10.7516,0.0,0.0,0.0,0.0
1269,friction_mass_shift,17.7893,0.4089,0.0,0.0,0.0,0.0
1270,pocket_relocation,7.7319,0.7920,0.0,0.0,0.0,0.0
1271,actuator_limit_chain,7.8330,7.4077,0.0,0.0,0.0,0.0
1272,fixture_near_wall_jam,2.1612,2.2947,0.0,0.0,0.0,0.0
1273,delayed_topology_transition,12.7121,-6.7222,0.0,0.0,0.0,0.0
1274,contact_chain_transfer,14.5752,-4.1636,0.0,0.0,0.0,0.0
1275,combined_stress,15.4489,4.3896,1.0,1.0,0.0,0.0
1276,pocket_relocation,13.5500,8.0456,0.0,0.0,0.0,0.0
1277,combined_stress,2.6675,-0.2489,0.0,0.0,0.0,0.0
1278,combined_stress,24.4621,2.5384,0.0,0.0,0.0,0.0
1279,pocket_relocation,16.1060,4.7805,0.0,0.0,0.0,0.0
1280,nominal_push_to_pocket,12.3477,11.7185,0.0,0.0,0.0,0.0
1281,fixture_near_wall_jam,-2.7361,6.8567,0.0,0.0,0.0,0.0
1282,nominal_push_to_pocket,21.9508,2.8961,0.0,0.0,0.0,0.0
1283,combined_extreme_stress,-1.8664,-8.1474,0.0,0.0,0.0,0.0
1284,actuator_limit_chain,13.4341,2.1755,0.0,0.0,0.0,0.0
1285,contact_chain_transfer,-1.5795,10.6039,0.0,0.0,0.0,0.0
1286,combined_extreme_stress,20.9117,-0.0683,1.0,0.0,0.0,1.0
1287,fixture_topology_shift,22.1531,-1.1441,0.0,0.0,0.0,0.0
1288,nominal_push_to_pocket,9.1552,-8.8173,0.0,0.0,0.0,0.0
1289,fixture_near_wall_jam,10.7449,8.3634,0.0,0.0,0.0,0.0
1290,delayed_topology_transition,-1.2875,-9.9087,0.0,0.0,0.0,0.0
1291,pocket_relocation,8.6051,10.5961,0.0,0.0,0.0,0.0
1292,contact_sensor_noise_burst,7.3295,1.6837,0.0,0.0,0.0,0.0
1293,combined_extreme_stress,8.8656,-11.9531,0.0,0.0,0.0,0.0
1294,combined_stress,7.4501,2.1203,0.0,0.0,0.0,0.0
1295,delayed_topology_transition,6.1521,0.3370,0.0,0.0,0.0,0.0
1296,actuator_limit_chain,7.5259,10.6806,0.0,0.0,0.0,0.0
1297,fixture_near_wall_jam,15.4240,5.7290,0.0,0.0,0.0,0.0
1298,fixture_topology_shift,12.3216,1.7443,0.0,0.0,0.0,0.0
1299,delayed_topology_transition,13.4160,7.0225,0.0,0.0,0.0,0.0
1300,distractor_contact,2.4377,2.9363,0.0,0.0,0.0,0.0
1301,contact_sensor_noise_burst,14.3676,3.3350,0.0,1.0,1.0,0.0
1302,nominal_push_to_pocket,14.5983,7.6414,0.0,0.0,0.0,0.0
1303,combined_extreme_stress,20.9323,-2.0856,0.0,0.0,0.0,0.0
1304,fixture_near_wall_jam,-0.1703,-5.4926,0.0,0.0,0.0,0.0
1305,fixture_near_wall_jam,6.2854,11.2191,0.0,0.0,0.0,0.0
1306,friction_mass_shift,9.3928,8.9723,0.0,0.0,0.0,0.0
1307,combined_stress,-2.9145,-7.5256,0.0,0.0,0.0,0.0
1308,delayed_topology_transition,14.2594,5.1582,0.0,1.0,1.0,0.0
1309,contact_sensor_noise_burst,16.5469,2.8409,0.0,0.0,0.0,0.0
1310,actuator_limit_chain,-0.2778,-7.0591,0.0,0.0,0.0,0.0
1311,delayed_topology_transition,5.3653,0.8724,0.0,0.0,0.0,0.0
1312,fixture_topology_shift,18.7430,0.8725,0.0,0.0,0.0,0.0
1313,contact_sensor_noise_burst,23.7743,-1.6852,0.0,1.0,1.0,0.0
1314,contact_sensor_noise_burst,-0.1356,7.9476,0.0,0.0,0.0,0.0
1315,friction_mass_shift,-1.7371,9.4222,0.0,0.0,0.0,0.0
1316,combined_stress,0.6995,9.3491,1.0,1.0,0.0,0.0
1317,contact_chain_transfer,16.3938,-0.8582,0.0,0.0,0.0,0.0
1318,nominal_push_to_pocket,22.5333,3.6572,0.0,0.0,0.0,0.0
1319,fixture_topology_shift,13.9867,-5.9724,0.0,0.0,0.0,0.0
1320,distractor_contact,24.0305,-2.0159,0.0,0.0,0.0,0.0
1321,fixture_topology_shift,22.4630,-0.7005,0.0,0.0,0.0,0.0
1322,delayed_topology_transition,13.8167,-4.2720,0.0,0.0,0.0,0.0
1323,distractor_contact,-0.1498,-8.0237,0.0,0.0,0.0,0.0
1324,fixture_near_wall_jam,14.6657,-3.0031,0.0,0.0,0.0,0.0
1325,pocket_relocation,14.7781,-6.6430,0.0,0.0,0.0,0.0
1326,fixture_topology_shift,14.2572,-4.3887,0.0,0.0,0.0,0.0
1327,delayed_topology_transition,1.5481,11.0058,0.0,0.0,0.0,0.0
1328,fixture_near_wall_jam,5.6759,1.7532,0.0,0.0,0.0,0.0
1329,nominal_push_to_pocket,-0.4666,-4.5355,0.0,0.0,0.0,0.0
1330,pocket_relocation,17.8335,-7.1338,0.0,0.0,0.0,0.0
1331,fixture_near_wall_jam,0.3316,-12.5955,0.0,0.0,0.0,0.0
1332,combined_stress,12.6499,-7.6199,0.0,0.0,0.0,0.0
1333,actuator_limit_chain,19.6477,1.6927,0.0,1.0,1.0,0.0
1334,actuator_limit_chain,16.8898,-0.6034,0.0,0.0,0.0,0.0
1335,distractor_contact,15.8393,0.9287,1.0,1.0,0.0,0.0
1336,nominal_push_to_pocket,16.5399,-1.1585,0.0,1.0,1.0,0.0
1337,pocket_relocation,3.8481,-5.2087,0.0,0.0,0.0,0.0
1338,fixture_near_wall_jam,2.0143,7.5389,0.0,0.0,0.0,0.0
1339,fixture_near_wall_jam,14.2576,6.6604,0.0,0.0,0.0,0.0
1340,contact_chain_transfer,8.6210,-0.8610,0.0,0.0,0.0,0.0
1341,contact_chain_transfer,23.1441,-1.5913,0.0,0.0,0.0,0.0
1342,nominal_push_to_pocket,20.7054,3.7688,0.0,0.0,0.0,0.0
1343,friction_mass_shift,15.2361,-7.7960,0.0,0.0,0.0,0.0
1344,friction_mass_shift,2.7676,-2.3646,0.0,0.0,0.0,0.0
1345,distractor_contact,15.4172,-1.9336,0.0,0.0,0.0,0.0
1346,contact_chain_transfer,1.5974,-11.6631,0.0,0.0,0.0,0.0
1347,nominal_push_to_pocket,8.0691,0.0258,0.0,0.0,0.0,0.0
1348,combined_extreme_stress,12.7434,4.4044,0.0,1.0,1.0,0.0
1349,nominal_push_to_pocket,22.5619,-2.0408,0.0,0.0,0.0,0.0
1350,fixture_topology_shift,7.5677,-13.6111,0.0,0.0,0.0,0.0
1351,pocket_relocation,12.9826,7.3903,0.0,0.0,0.0,0.0
1352,delayed_topology_transition,23.1905,-4.7776,0.0,0.0,0.0,0.0
1353,delayed_topology_transition,1.3249,8.8058,0.0,0.0,0.0,0.0
1354,delayed_topology_transition,13.6716,-7.7175,0.0,0.0,0.0,0.0
1355,distractor_contact,18.1586,2.0082,0.0,0.0,0.0,0.0
1356,contact_chain_transfer,20.7497,3.1326,0.0,0.0,0.0,0.0
1357,combined_stress,1.9125,-6.1342,0.0,0.0,0.0,0.0
1358,combined_stress,18.4235,-4.7361,0.0,0.0,0.0,0.0
1359,fixture_near_wall_jam,23.4539,1.8965,0.0,1.0,1.0,0.0
1360,delayed_topology_transition,7.0814,-9.8027,0.0,0.0,0.0,0.0
1361,distractor_contact,0.3260,-9.8086,0.0,0.0,0.0,0.0
1362,combined_extreme_stress,-2.9492,6.2380,0.0,0.0,0.0,0.0
1363,nominal_push_to_pocket,7.3040,8.6579,0.0,0.0,0.0,0.0
1364,combined_stress,2.6062,-1.6990,0.0,0.0,0.0,0.0
1365,fixture_topology_shift,21.4535,0.3551,0.0,0.0,0.0,0.0
1366,fixture_topology_shift,14.4481,6.7083,0.0,0.0,0.0,0.0
1367,delayed_topology_transition,16.3337,2.6865,0.0,0.0,0.0,0.0
1368,contact_sensor_noise_burst,12.8126,8.8410,0.0,1.0,1.0,0.0
1369,combined_stress,17.1548,0.7308,0.0,0.0,0.0,0.0
1370,combined_stress,15.4182,5.4470,0.0,0.0,0.0,0.0
1371,pocket_relocation,-2.6311,7.4414,0.0,0.0,0.0,0.0
1372,friction_mass_shift,10.8008,7.9478,0.0,0.0,0.0,0.0
1373,nominal_push_to_pocket,14.8380,-0.1089,0.0,1.0,1.0,0.0
1374,combined_extreme_stress,11.6763,-9.4844,0.0,0.0,0.0,0.0
1375,actuator_limit_chain,-1.6511,-11.3918,0.0,0.0,0.0,0.0
1376,combined_stress,17.7036,0.0305,0.0,0.0,0.0,0.0
1377,contact_sensor_noise_burst,14.5555,6.7480,0.0,0.0,0.0,0.0
1378,pocket_relocation,6.9121,-6.5773,0.0,0.0,0.0,0.0
1379,pocket_relocation,9.0930,-10.1824,0.0,0.0,0.0,0.0
1380,fixture_near_wall_jam,6.9193,-3.3478,0.0,0.0,0.0,0.0
1381,fixture_topology_shift,11.1225,-8.2606,0.0,0.0,0.0,0.0
1382,friction_mass_shift,5.9499,-9.4077,0.0,0.0,0.0,0.0
1383,distractor_contact,0.7042,8.9163,0.0,0.0,0.0,0.0
1384,nominal_push_to_pocket,5.4913,10.0731,0.0,0.0,0.0,0.0
1385,nominal_push_to_pocket,-1.1722,9.6351,0.0,0.0,0.0,0.0
1386,actuator_limit_chain,14.4423,7.0338,0.0,0.0,0.0,0.0
1387,fixture_topology_shift,14.2364,-4.4679,0.0,0.0,0.0,0.0
1388,combined_stress,7.7411,-3.2236,0.0,0.0,0.0,0.0
1389,pocket_relocation,5.9643,-0.4429,0.0,0.0,0.0,0.0
1390,friction_mass_shift,-0.1351,-10.9339,0.0,0.0,0.0,0.0
1391,fixture_near_wall_jam,2.5508,-6.6165,0.0,0.0,0.0,0.0
1392,distractor_contact,14.2832,-8.5528,0.0,0.0,0.0,0.0
1393,combined_extreme_stress,6.3274,10.1961,0.0,0.0,0.0,0.0
1394,pocket_relocation,5.9882,9.7715,0.0,0.0,0.0,0.0
1395,contact_chain_transfer,0.8410,8.6850,0.0,0.0,0.0,0.0
1396,pocket_relocation,21.5289,-1.3222,0.0,0.0,0.0,0.0
1397,fixture_topology_shift,17.4885,-0.5891,0.0,0.0,0.0,0.0
1398,combined_stress,12.9795,-6.0528,1.0,1.0,0.0,0.0
1399,pocket_relocation,18.5640,0.6020,0.0,0.0,0.0,0.0
1400,actuator_limit_chain,18.0087,5.6216,0.0,0.0,0.0,0.0
1401,fixture_topology_shift,8.5198,-1.3166,0.0,0.0,0.0,0.0
1402,contact_chain_transfer,21.4813,2.6206,0.0,0.0,0.0,0.0
1403,contact_sensor_noise_burst,15.6290,-0.6499,0.0,0.0,0.0,0.0
1404,delayed_topology_transition,9.3207,9.4594,0.0,0.0,0.0,0.0
1405,fixture_topology_shift,21.9000,-0.9571,0.0,0.0,0.0,0.0
1406,fixture_topology_shift,0.5424,10.3087,0.0,0.0,0.0,0.0
1407,actuator_limit_chain,15.5462,9.0784,1.0,1.0,0.0,0.0
1408,actuator_limit_chain,14.1936,6.9546,0.0,0.0,0.0,0.0
1409,fixture_topology_shift,14.0673,3.9727,0.0,0.0,0.0,0.0
1410,contact_sensor_noise_burst,16.5331,0.7011,0.0,0.0,0.0,0.0
1411,friction_mass_shift,21.6816,1.7288,0.0,0.0,0.0,0.0
1412,pocket_relocation,17.8997,5.8882,0.0,0.0,0.0,0.0
1413,friction_mass_shift,22.6143,2.2291,0.0,0.0,0.0,0.0
1414,combined_extreme_stress,7.0668,-0.8645,0.0,0.0,0.0,0.0
1415,actuator_limit_chain,15.7090,4.9528,0.0,0.0,0.0,0.0
1416,fixture_topology_shift,3.0989,4.1020,0.0,0.0,0.0,0.0
1417,contact_sensor_noise_burst,9.4090,-8.0532,0.0,0.0,0.0,0.0
1418,nominal_push_to_pocket,1.6016,8.6434,0.0,0.0,0.0,0.0
1419,actuator_limit_chain,10.1714,-9.9717,0.0,0.0,0.0,0.0
1420,combined_stress,14.7656,9.4769,0.0,0.0,0.0,0.0
1421,delayed_topology_transition,15.8519,5.3465,0.0,0.0,0.0,0.0
1422,distractor_contact,15.9556,-0.7604,0.0,0.0,0.0,0.0
1423,contact_sensor_noise_burst,5.6641,11.1936,0.0,0.0,0.0,0.0
1424,combined_extreme_stress,10.7490,-10.6575,1.0,1.0,0.0,0.0
1425,friction_mass_shift,4.2993,3.1379,0.0,0.0,0.0,0.0
1426,fixture_near_wall_jam,19.9065,0.6571,0.0,0.0,0.0,0.0
1427,combined_stress,8.8869,9.8697,0.0,0.0,0.0,0.0
1428,contact_chain_transfer,6.9783,12.7064,0.0,0.0,0.0,0.0
1429,combined_extreme_stress,21.6238,1.7224,0.0,1.0,1.0,0.0
1430,contact_chain_transfer,12.6180,-5.4951,0.0,0.0,0.0,0.0
1431,contact_chain_transfer,15.0524,1.0437,0.0,0.0,0.0,0.0
1432,delayed_topology_transition,12.6172,6.1880,0.0,1.0,1.0,0.0
1433,actuator_limit_chain,-0.4157,-10.8384,0.0,0.0,0.0,0.0
1434,fixture_topology_shift,14.7925,-0.0279,0.0,0.0,0.0,0.0
1435,actuator_limit_chain,9.8961,-14.5427,0.0,0.0,0.0,0.0
1436,actuator_limit_chain,11.0902,-5.8894,0.0,0.0,0.0,0.0
1437,nominal_push_to_pocket,3.5673,-7.5080,0.0,0.0,0.0,0.0
1438,fixture_topology_shift,8.6422,0.1214,0.0,0.0,0.0,0.0
1439,nominal_push_to_pocket,13.0627,7.4451,0.0,0.0,0.0,0.0
1440,contact_sensor_noise_burst,7.9049,-11.2397,0.0,0.0,0.0,0.0
1441,actuator_limit_chain,-3.2376,-8.5775,1.0,1.0,0.0,0.0
1442,nominal_push_to_pocket,2.1326,-9.3654,0.0,0.0,0.0,0.0
1443,friction_mass_shift,11.1444,3.0556,0.0,0.0,0.0,0.0
1444,distractor_contact,3.6915,-7.7618,0.0,0.0,0.0,0.0
1445,contact_sensor_noise_burst,0.8936,0.7741,0.0,0.0,0.0,0.0
1446,delayed_topology_transition,22.4998,1.0230,0.0,0.0,0.0,0.0
1447,nominal_push_to_pocket,21.0730,-3.4585,0.0,0.0,0.0,0.0
1448,friction_mass_shift,25.5692,2.8748,0.0,0.0,0.0,0.0
1449,distractor_contact,10.6174,11.4285,0.0,0.0,0.0,0.0
1450,nominal_push_to_pocket,11.2150,7.1481,0.0,0.0,0.0,0.0
1451,combined_stress,8.8124,-9.8878,0.0,0.0,0.0,0.0
1452,fixture_near_wall_jam,-0.8606,7.5317,0.0,0.0,0.0,0.0
1453,fixture_near_wall_jam,12.1351,4.0326,0.0,0.0,0.0,0.0
1454,actuator_limit_chain,5.2175,11.9183,0.0,0.0,0.0,0.0
1455,fixture_near_wall_jam,13.6725,8.2549,1.0,2.0,1.0,0.0
1456,fixture_topology_shift,-2.4567,-10.0235,0.0,0.0,0.0,0.0
1457,combined_stress,8.1207,-8.4841,1.0,0.0,0.0,1.0
1458,contact_chain_transfer,-0.1386,9.7465,0.0,0.0,0.0,0.0
1459,combined_extreme_stress,-1.6216,-10.3577,1.0,1.0,0.0,0.0
1460,delayed_topology_transition,22.4303,-3.0470,0.0,1.0,1.0,0.0
1461,pocket_relocation,7.6632,10.3266,0.0,0.0,0.0,0.0
1462,distractor_contact,20.1643,-0.2916,1.0,1.0,0.0,0.0
1463,fixture_near_wall_jam,0.2871,8.8099,0.0,0.0,0.0,0.0
1464,delayed_topology_transition,0.6550,7.8385,0.0,0.0,0.0,0.0
1465,nominal_push_to_pocket,19.6262,-1.8740,0.0,0.0,0.0,0.0
1466,contact_sensor_noise_burst,5.1224,10.0323,1.0,1.0,0.0,0.0
1467,fixture_near_wall_jam,14.0003,-4.8365,0.0,0.0,0.0,0.0
1468,combined_extreme_stress,14.6155,-4.4777,0.0,0.0,0.0,0.0
1469,delayed_topology_transition,14.8193,-8.5187,0.0,0.0,0.0,0.0
1470,distractor_contact,-1.2684,-7.1258,1.0,1.0,0.0,0.0
1471,contact_sensor_noise_burst,16.9736,5.0808,0.0,0.0,0.0,0.0
1472,contact_chain_transfer,13.0573,6.4635,0.0,0.0,0.0,0.0
1473,pocket_relocation,12.0489,8.5407,0.0,0.0,0.0,0.0
1474,fixture_topology_shift,10.2320,-6.0103,0.0,0.0,0.0,0.0
1475,contact_sensor_noise_burst,22.1968,2.5146,0.0,0.0,0.0,0.0
1476,contact_sensor_noise_burst,12.0981,-4.5526,0.0,1.0,1.0,0.0
1477,friction_mass_shift,8.0115,-1.1199,0.0,0.0,0.0,0.0
1478,actuator_limit_chain,5.2198,1.5170,0.0,0.0,0.0,0.0
1479,pocket_relocation,3.3968,8.2950,1.0,1.0,0.0,0.0
1480,combined_stress,17.4604,-0.4160,0.0,0.0,0.0,0.0
1481,distractor_contact,18.4983,5.5962,0.0,0.0,0.0,0.0
1482,distractor_contact,-0.9997,9.9792,0.0,0.0,0.0,0.0
1483,pocket_relocation,16.6520,-3.3796,0.0,0.0,0.0,0.0
1484,pocket_relocation,11.2910,7.9536,1.0,1.0,0.0,0.0
1485,contact_chain_transfer,9.5755,-7.6922,0.0,0.0,0.0,0.0
1486,pocket_relocation,-2.8114,-10.4291,0.0,0.0,0.0,0.0
1487,contact_sensor_noise_burst,15.5706,3.2273,0.0,0.0,0.0,0.0
1488,delayed_topology_transition,14.3897,-4.3318,0.0,0.0,0.0,0.0
1489,actuator_limit_chain,6.6090,-11.2730,0.0,0.0,0.0,0.0
1490,actuator_limit_chain,12.4577,-6.7458,0.0,0.0,0.0,0.0
1491,combined_stress,16.6012,7.9768,0.0,0.0,0.0,0.0
1492,combined_extreme_stress,15.3322,10.1165,0.0,0.0,0.0,0.0
1493,delayed_topology_transition,0.4144,-6.5133,0.0,0.0,0.0,0.0
1494,actuator_limit_chain,1.5518,-7.5790,1.0,1.0,0.0,0.0
1495,distractor_contact,6.4077,0.3697,0.0,0.0,0.0,0.0
1496,actuator_limit_chain,4.8461,5.7584,0.0,0.0,0.0,0.0
1497,pocket_relocation,8.6377,8.6822,0.0,0.0,0.0,0.0
1498,delayed_topology_transition,8.3463,0.2891,0.0,0.0,0.0,0.0
1499,contact_chain_transfer,-0.5426,-10.5003,0.0,0.0,0.0,0.0
1500,nominal_push_to_pocket,6.1629,2.2042,0.0,0.0,0.0,0.0
1501,combined_stress,-0.9315,7.7023,0.0,0.0,0.0,0.0
1502,fixture_near_wall_jam,5.6219,-10.6260,0.0,0.0,0.0,0.0
1503,actuator_limit_chain,20.9316,-0.8004,0.0,0.0,0.0,0.0
1504,nominal_push_to_pocket,10.0063,-10.4629,0.0,0.0,0.0,0.0
1505,distractor_contact,21.8231,-0.5043,1.0,1.0,0.0,0.0
1506,contact_chain_transfer,7.5185,12.7346,0.0,0.0,0.0,0.0
1507,nominal_push_to_pocket,14.1658,-5.6192,0.0,0.0,0.0,0.0
1508,distractor_contact,3.3604,0.8060,1.0,1.0,0.0,0.0
1509,contact_sensor_noise_burst,16.1788,-6.8394,0.0,0.0,0.0,0.0
1510,distractor_contact,13.8873,-4.5269,0.0,0.0,0.0,0.0
1511,pocket_relocation,19.4626,2.4199,0.0,0.0,0.0,0.0
1512,distractor_contact,9.6861,9.4963,0.0,0.0,0.0,0.0
1513,delayed_topology_transition,5.4226,10.3331,0.0,0.0,0.0,0.0
1514,contact_sensor_noise_burst,10.4160,-10.5811,0.0,0.0,0.0,0.0
1515,contact_sensor_noise_burst,5.3806,2.2317,0.0,0.0,0.0,0.0
1516,nominal_push_to_pocket,11.8719,9.2100,0.0,0.0,0.0,0.0
1517,friction_mass_shift,0.6703,12.3324,0.0,0.0,0.0,0.0
1518,contact_chain_transfer,10.6405,10.7703,1.0,1.0,0.0,0.0
1519,pocket_relocation,0.7972,-5.2857,0.0,0.0,0.0,0.0
1520,combined_stress,15.6103,6.5129,0.0,0.0,0.0,0.0
1521,contact_sensor_noise_burst,-0.4488,-2.7911,0.0,0.0,0.0,0.0
1522,actuator_limit_chain,1.9133,-9.0635,0.0,0.0,0.0,0.0
1523,fixture_near_wall_jam,-2.8547,13.1438,0.0,0.0,0.0,0.0
1524,pocket_relocation,5.9272,3.6323,0.0,0.0,0.0,0.0
1525,fixture_near_wall_jam,8.9125,10.8198,0.0,0.0,0.0,0.0
1526,fixture_near_wall_jam,11.4555,-10.5212,0.0,0.0,0.0,0.0
1527,nominal_push_to_pocket,25.0202,0.4024,0.0,0.0,0.0,0.0
1528,distractor_contact,6.1095,1.1355,1.0,2.0,1.0,0.0
1529,fixture_near_wall_jam,17.4024,1.9110,0.0,0.0,0.0,0.0
1530,pocket_relocation,9.4305,10.5870,0.0,0.0,0.0,0.0
1531,friction_mass_shift,10.2657,-7.4140,0.0,0.0,0.0,0.0
1532,contact_chain_transfer,-2.3866,8.8762,0.0,0.0,0.0,0.0
1533,combined_stress,0.8564,12.0855,0.0,0.0,0.0,0.0
1534,delayed_topology_transition,9.6524,8.1136,0.0,0.0,0.0,0.0
1535,combined_extreme_stress,26.5402,-1.3627,0.0,0.0,0.0,0.0
1536,combined_stress,3.5888,9.6141,0.0,0.0,0.0,0.0
1537,nominal_push_to_pocket,10.1415,-7.2138,0.0,0.0,0.0,0.0
1538,combined_extreme_stress,27.1789,-2.1467,0.0,0.0,0.0,0.0
1539,contact_chain_transfer,-2.3014,8.6552,0.0,0.0,0.0,0.0
1540,fixture_topology_shift,-0.7565,8.7229,1.0,1.0,0.0,0.0
1541,fixture_near_wall_jam,8.8381,-1.9587,1.0,0.0,0.0,1.0
1542,combined_stress,12.7378,9.2350,0.0,0.0,0.0,0.0
1543,combined_stress,7.2351,12.9258,0.0,0.0,0.0,0.0
1544,friction_mass_shift,9.7623,11.1378,0.0,0.0,0.0,0.0
1545,distractor_contact,10.2205,10.5081,0.0,0.0,0.0,0.0
1546,fixture_topology_shift,15.9800,-5.4724,0.0,0.0,0.0,0.0
1547,pocket_relocation,17.2699,-9.7693,0.0,0.0,0.0,0.0
1548,distractor_contact,14.6058,-1.8096,0.0,0.0,0.0,0.0
1549,delayed_topology_transition,7.6821,11.6241,0.0,0.0,0.0,0.0
1550,combined_extreme_stress,10.2502,12.9476,0.0,0.0,0.0,0.0
1551,combined_extreme_stress,-2.6822,-5.0550,0.0,0.0,0.0,0.0
1552,fixture_topology_shift,-0.6600,-9.5459,0.0,0.0,0.0,0.0
1553,combined_extreme_stress,22.1655,-3.8110,0.0,0.0,0.0,0.0
1554,combined_stress,13.7794,-7.2828,0.0,0.0,0.0,0.0
1555,delayed_topology_transition,-3.0678,9.6532,0.0,0.0,0.0,0.0
1556,combined_extreme_stress,-0.0670,-9.9708,0.0,0.0,0.0,0.0
1557,combined_extreme_stress,2.4969,-10.0392,0.0,0.0,0.0,0.0
1558,fixture_topology_shift,27.8111,1.9552,0.0,0.0,0.0,0.0
1559,delayed_topology_transition,7.3214,8.5260,0.0,0.0,0.0,0.0
1560,combined_extreme_stress,21.6762,0.9192,0.0,0.0,0.0,0.0
1561,fixture_topology_shift,2.9976,1.7707,0.0,0.0,0.0,0.0
1562,combined_stress,-1.9794,9.3539,0.0,0.0,0.0,0.0
1563,distractor_contact,8.8731,8.7258,0.0,0.0,0.0,0.0
1564,pocket_relocation,-3.1182,-11.8715,1.0,1.0,0.0,0.0
1565,combined_stress,22.0500,-0.0542,0.0,0.0,0.0,0.0
1566,fixture_topology_shift,22.6324,-0.2602,0.0,0.0,0.0,0.0
1567,delayed_topology_transition,9.0616,8.3513,0.0,0.0,0.0,0.0
1568,actuator_limit_chain,-1.5988,-11.2343,0.0,0.0,0.0,0.0
1569,fixture_near_wall_jam,9.2340,-6.0610,0.0,0.0,0.0,0.0
1570,fixture_near_wall_jam,11.4912,13.1170,0.0,0.0,0.0,0.0
1571,pocket_relocation,22.2648,0.2088,0.0,1.0,1.0,0.0
1572,pocket_relocation,2.7092,-12.2790,0.0,0.0,0.0,0.0
1573,combined_extreme_stress,-6.0942,7.5716,0.0,0.0,0.0,0.0
1574,pocket_relocation,6.1363,-10.7353,0.0,0.0,0.0,0.0
1575,fixture_near_wall_jam,-3.2809,-5.1109,0.0,0.0,0.0,0.0
1576,combined_extreme_stress,20.1066,-0.1182,0.0,1.0,1.0,0.0
1577,nominal_push_to_pocket,15.9544,0.6999,0.0,0.0,0.0,0.0
1578,distractor_contact,17.0379,-0.0321,0.0,0.0,0.0,0.0
1579,actuator_limit_chain,3.9690,11.9926,1.0,1.0,0.0,0.0
1580,contact_sensor_noise_burst,12.8787,6.2921,0.0,0.0,0.0,0.0
1581,pocket_relocation,8.7846,-9.1674,0.0,0.0,0.0,0.0
1582,combined_extreme_stress,20.7187,1.0588,0.0,0.0,0.0,0.0
1583,delayed_topology_transition,5.5409,-1.3118,0.0,0.0,0.0,0.0
1584,combined_extreme_stress,10.0239,-8.2635,1.0,1.0,0.0,0.0
1585,distractor_contact,6.3751,-1.4346,0.0,0.0,0.0,0.0
1586,fixture_near_wall_jam,11.1375,10.7409,0.0,0.0,0.0,0.0
1587,combined_stress,17.0020,-5.8621,0.0,0.0,0.0,0.0
1588,combined_extreme_stress,19.2808,1.5329,0.0,0.0,0.0,0.0
1589,friction_mass_shift,10.7715,-10.2602,0.0,0.0,0.0,0.0
1590,fixture_topology_shift,15.9623,-0.5279,0.0,0.0,0.0,0.0
1591,contact_chain_transfer,2.4474,7.1549,0.0,0.0,0.0,0.0
1592,actuator_limit_chain,5.8552,-0.5932,0.0,0.0,0.0,0.0
1593,contact_sensor_noise_burst,23.9195,1.3457,0.0,1.0,1.0,0.0
1594,delayed_topology_transition,4.0891,-0.8098,0.0,0.0,0.0,0.0
1595,actuator_limit_chain,14.4999,8.9408,0.0,0.0,0.0,0.0
1596,actuator_limit_chain,17.1946,-2.6542,0.0,0.0,0.0,0.0
1597,contact_sensor_noise_burst,16.7878,-3.2912,0.0,0.0,0.0,0.0
1598,actuator_limit_chain,11.9785,7.8277,0.0,0.0,0.0,0.0
1599,nominal_push_to_pocket,8.5512,10.9230,0.0,0.0,0.0,0.0
1600,combined_extreme_stress,24.6035,-0.8415,0.0,0.0,0.0,0.0
1601,fixture_near_wall_jam,12.6757,-2.8377,0.0,0.0,0.0,0.0
1602,combined_stress,7.9727,-2.9281,0.0,0.0,0.0,0.0
1603,actuator_limit_chain,17.7162,2.8246,0.0,0.0,0.0,0.0
1604,contact_sensor_noise_burst,26.0034,-2.5721,0.0,0.0,0.0,0.0
1605,delayed_topology_transition,-1.0578,-10.4287,0.0,0.0,0.0,0.0
1606,nominal_push_to_pocket,15.7546,-0.8447,0.0,0.0,0.0,0.0
1607,distractor_contact,15.6431,-6.1950,0.0,0.0,0.0,0.0
1608,pocket_relocation,-1.2428,10.5647,0.0,0.0,0.0,0.0
1609,friction_mass_shift,0.1988,11.8957,0.0,0.0,0.0,0.0
1610,combined_extreme_stress,26.8082,1.8763,1.0,2.0,1.0,0.0
1611,combined_extreme_stress,14.0966,-4.6795,0.0,0.0,0.0,0.0
1612,combined_stress,12.6359,2.8521,1.0,0.0,0.0,1.0
1613,pocket_relocation,7.2657,-12.1419,0.0,0.0,0.0,0.0
1614,contact_sensor_noise_burst,2.6353,-11.9852,0.0,0.0,0.0,0.0
1615,contact_chain_transfer,5.3081,-0.7989,0.0,0.0,0.0,0.0
1616,nominal_push_to_pocket,13.6869,6.9864,0.0,0.0,0.0,0.0
1617,distractor_contact,-1.2595,-6.6472,0.0,0.0,0.0,0.0
1618,combined_stress,24.3194,-2.1706,0.0,0.0,0.0,0.0
1619,actuator_limit_chain,20.9453,-0.0481,0.0,0.0,0.0,0.0
1620,nominal_push_to_pocket,19.2831,0.7331,0.0,0.0,0.0,0.0
1621,delayed_topology_transition,15.5654,6.6876,0.0,0.0,0.0,0.0
1622,contact_chain_transfer,7.4676,8.4005,0.0,0.0,0.0,0.0
1623,distractor_contact,17.8832,-0.2553,0.0,0.0,0.0,0.0
1624,actuator_limit_chain,1.3390,-5.2367,0.0,0.0,0.0,0.0
1625,actuator_limit_chain,17.3110,-6.0289,0.0,0.0,0.0,0.0
1626,combined_stress,14.6649,-5.0122,0.0,0.0,0.0,0.0
1627,pocket_relocation,17.4915,0.4613,1.0,1.0,0.0,0.0
1628,friction_mass_shift,4.7699,0.1086,0.0,0.0,0.0,0.0
1629,delayed_topology_transition,12.7833,-9.5455,0.0,0.0,0.0,0.0
1630,contact_chain_transfer,12.9899,-6.8613,0.0,0.0,0.0,0.0
1631,pocket_relocation,14.4376,6.0948,0.0,0.0,0.0,0.0
1632,actuator_limit_chain,6.0904,1.8135,0.0,0.0,0.0,0.0
1633,contact_sensor_noise_burst,14.2520,1.8172,0.0,0.0,0.0,0.0
1634,delayed_topology_transition,10.1241,-8.9598,0.0,0.0,0.0,0.0
1635,distractor_contact,2.7595,10.1303,0.0,0.0,0.0,0.0
1636,delayed_topology_transition,16.3209,2.6380,0.0,0.0,0.0,0.0
1637,combined_extreme_stress,0.8219,-11.6067,0.0,0.0,0.0,0.0
1638,distractor_contact,14.1291,-5.3188,0.0,1.0,1.0,0.0
1639,combined_stress,0.4745,-7.8896,1.0,1.0,0.0,0.0
1640,distractor_contact,4.4705,0.6812,0.0,0.0,0.0,0.0
1641,contact_sensor_noise_burst,0.5942,-8.4954,0.0,0.0,0.0,0.0
1642,friction_mass_shift,-1.8965,-9.1884,0.0,0.0,0.0,0.0
1643,contact_sensor_noise_burst,-2.8643,-9.0333,0.0,0.0,0.0,0.0
1644,distractor_contact,9.5081,16.1157,0.0,0.0,0.0,0.0
1645,delayed_topology_transition,3.6004,1.9730,0.0,0.0,0.0,0.0
1646,contact_chain_transfer,10.0106,7.3965,0.0,0.0,0.0,0.0
1647,nominal_push_to_pocket,14.0316,-9.8186,0.0,0.0,0.0,0.0
1648,combined_extreme_stress,19.0320,1.5678,0.0,1.0,1.0,0.0
1649,pocket_relocation,-1.7180,12.1749,0.0,0.0,0.0,0.0
1650,fixture_topology_shift,21.6065,3.1054,0.0,0.0,0.0,0.0
1651,contact_chain_transfer,14.9929,-3.6467,0.0,0.0,0.0,0.0
1652,delayed_topology_transition,8.3460,1.9023,0.0,0.0,0.0,0.0
1653,combined_extreme_stress,16.1225,-1.9765,0.0,0.0,0.0,0.0
1654,combined_stress,20.1534,-0.9483,0.0,1.0,1.0,0.0
1655,combined_extreme_stress,-0.4274,-6.9902,0.0,0.0,0.0,0.0
1656,contact_chain_transfer,16.4161,4.0576,0.0,0.0,0.0,0.0
1657,distractor_contact,25.4684,0.9658,0.0,0.0,0.0,0.0
1658,combined_stress,17.1080,-7.5816,1.0,1.0,0.0,0.0
1659,combined_stress,8.0190,-10.1378,0.0,0.0,0.0,0.0
1660,combined_extreme_stress,8.4821,6.7584,1.0,0.0,0.0,1.0
1661,actuator_limit_chain,-0.9297,6.6710,0.0,0.0,0.0,0.0
1662,nominal_push_to_pocket,1.8756,-9.3676,0.0,0.0,0.0,0.0
1663,contact_chain_transfer,16.6083,0.9896,0.0,0.0,0.0,0.0
1664,contact_sensor_noise_burst,17.4811,0.4116,0.0,1.0,1.0,0.0
1665,actuator_limit_chain,12.7233,12.1656,0.0,0.0,0.0,0.0
1666,nominal_push_to_pocket,5.1647,0.8347,0.0,0.0,0.0,0.0
1667,fixture_near_wall_jam,12.9325,4.7628,0.0,0.0,0.0,0.0
1668,pocket_relocation,-3.3195,10.9120,0.0,0.0,0.0,0.0
1669,fixture_near_wall_jam,10.6318,10.5119,0.0,0.0,0.0,0.0
1670,fixture_near_wall_jam,14.4743,6.7610,0.0,0.0,0.0,0.0
1671,combined_extreme_stress,-0.5898,-8.9569,0.0,0.0,0.0,0.0
1672,contact_chain_transfer,5.2515,-7.0937,0.0,0.0,0.0,0.0
1673,nominal_push_to_pocket,19.7862,-1.0511,0.0,0.0,0.0,0.0
1674,pocket_relocation,0.1142,-8.0714,1.0,1.0,0.0,0.0
1675,nominal_push_to_pocket,26.2617,-0.3650,0.0,0.0,0.0,0.0
1676,fixture_topology_shift,5.9928,-9.5456,0.0,0.0,0.0,0.0
1677,distractor_contact,1.5463,9.7790,1.0,1.0,0.0,0.0
1678,friction_mass_shift,10.9577,11.7317,0.0,0.0,0.0,0.0
1679,distractor_contact,18.3697,1.4013,0.0,0.0,0.0,0.0
1680,combined_extreme_stress,23.2870,0.3029,0.0,0.0,0.0,0.0
1681,combined_stress,25.2961,0.2745,0.0,0.0,0.0,0.0
1682,combined_extreme_stress,17.5042,-1.8929,1.0,1.0,0.0,0.0
1683,actuator_limit_chain,24.4760,-1.7258,0.0,0.0,0.0,0.0
1684,fixture_near_wall_jam,16.8613,1.0429,0.0,0.0,0.0,0.0
1685,contact_sensor_noise_burst,13.8569,-5.5800,0.0,0.0,0.0,0.0
1686,pocket_relocation,0.2320,-6.6837,0.0,0.0,0.0,0.0
1687,fixture_near_wall_jam,13.4498,5.8884,0.0,0.0,0.0,0.0
1688,contact_sensor_noise_burst,21.0716,2.8876,0.0,0.0,0.0,0.0
1689,fixture_topology_shift,12.3345,3.9306,1.0,1.0,0.0,0.0
1690,combined_stress,6.0761,-4.9585,0.0,0.0,0.0,0.0
1691,distractor_contact,9.0237,12.8759,0.0,0.0,0.0,0.0
1692,contact_sensor_noise_burst,10.7644,-7.5570,0.0,0.0,0.0,0.0
1693,delayed_topology_transition,16.8954,2.2122,0.0,0.0,0.0,0.0
1694,contact_chain_transfer,10.6557,-8.9806,0.0,0.0,0.0,0.0
1695,fixture_near_wall_jam,12.5332,11.1980,0.0,0.0,0.0,0.0
1696,contact_sensor_noise_burst,9.3779,-9.1990,0.0,0.0,0.0,0.0
1697,fixture_near_wall_jam,4.4926,-4.3660,0.0,0.0,0.0,0.0
1698,fixture_topology_shift,15.0237,-3.1987,0.0,0.0,0.0,0.0
1699,fixture_near_wall_jam,14.9888,4.9404,0.0,0.0,0.0,0.0
1700,delayed_topology_transition,7.2689,0.5802,0.0,0.0,0.0,0.0
1701,nominal_push_to_pocket,-1.0437,-7.8076,0.0,0.0,0.0,0.0
1702,combined_stress,16.4433,-4.7272,0.0,0.0,0.0,0.0
1703,fixture_topology_shift,17.1626,0.3501,0.0,0.0,0.0,0.0
1704,actuator_limit_chain,10.3848,-10.4650,1.0,1.0,0.0,0.0
1705,friction_mass_shift,25.6115,-4.2221,0.0,0.0,0.0,0.0
1706,nominal_push_to_pocket,8.1463,9.2678,0.0,0.0,0.0,0.0
1707,nominal_push_to_pocket,13.0575,-5.1106,0.0,0.0,0.0,0.0
1708,combined_extreme_stress,17.6066,2.8368,1.0,1.0,0.0,0.0
1709,fixture_topology_shift,2.5075,-10.3590,1.0,0.0,0.0,1.0
1710,actuator_limit_chain,-2.6900,-9.4130,0.0,0.0,0.0,0.0
1711,nominal_push_to_pocket,25.1540,-2.7629,0.0,0.0,0.0,0.0
1712,combined_stress,5.8999,7.9288,0.0,0.0,0.0,0.0
1713,distractor_contact,24.2018,-0.1106,0.0,0.0,0.0,0.0
1714,contact_sensor_noise_burst,8.9228,-7.7976,0.0,0.0,0.0,0.0
1715,fixture_near_wall_jam,13.6784,1.7979,0.0,0.0,0.0,0.0
1716,contact_chain_transfer,2.4564,9.9641,0.0,0.0,0.0,0.0
1717,delayed_topology_transition,-0.8708,10.2761,0.0,0.0,0.0,0.0
1718,actuator_limit_chain,7.4265,-1.8098,0.0,0.0,0.0,0.0
1719,friction_mass_shift,26.2731,-1.9272,1.0,0.0,0.0,1.0
1720,pocket_relocation,-0.1858,5.9827,0.0,0.0,0.0,0.0
1721,combined_extreme_stress,12.7137,5.3517,0.0,0.0,0.0,0.0
1722,nominal_push_to_pocket,14.1909,7.9843,0.0,0.0,0.0,0.0
1723,pocket_relocation,7.2520,-11.1203,1.0,0.0,0.0,1.0
1724,combined_extreme_stress,-2.4599,-9.7136,0.0,0.0,0.0,0.0
1725,friction_mass_shift,8.0869,-8.6783,0.0,0.0,0.0,0.0
1726,contact_sensor_noise_burst,-2.0743,10.7644,0.0,0.0,0.0,0.0
1727,fixture_near_wall_jam,8.0620,-7.8296,0.0,0.0,0.0,0.0
1728,combined_extreme_stress,20.1927,-1.8782,0.0,0.0,0.0,0.0
1729,pocket_relocation,6.5960,4.6018,0.0,0.0,0.0,0.0
1730,distractor_contact,-0.4123,13.4347,0.0,0.0,0.0,0.0
1731,pocket_relocation,1.5776,-11.4215,0.0,0.0,0.0,0.0
1732,combined_stress,10.4908,-10.9636,0.0,0.0,0.0,0.0
1733,pocket_relocation,11.7547,-9.4701,0.0,0.0,0.0,0.0
1734,combined_extreme_stress,20.5565,-2.4507,0.0,0.0,0.0,0.0
1735,combined_extreme_stress,11.7937,-2.7522,0.0,0.0,0.0,0.0
1736,contact_chain_transfer,0.4645,6.8487,0.0,0.0,0.0,0.0
1737,friction_mass_shift,5.1664,7.4724,0.0,0.0,0.0,0.0
1738,contact_chain_transfer,14.3096,6.8552,0.0,0.0,0.0,0.0
1739,fixture_topology_shift,5.0995,-0.0613,0.0,0.0,0.0,0.0
1740,distractor_contact,23.3232,0.7399,0.0,0.0,0.0,0.0
1741,fixture_near_wall_jam,14.6150,-6.4642,0.0,0.0,0.0,0.0
1742,distractor_contact,8.0838,8.7345,0.0,0.0,0.0,0.0
1743,delayed_topology_transition,17.7339,-0.0208,0.0,0.0,0.0,0.0
1744,combined_stress,26.5218,1.8016,1.0,0.0,0.0,1.0
1745,contact_sensor_noise_burst,27.1955,2.0987,0.0,0.0,0.0,0.0
1746,fixture_topology_shift,10.8578,-8.0832,0.0,0.0,0.0,0.0
1747,fixture_near_wall_jam,17.0168,-4.5076,0.0,1.0,1.0,0.0
1748,delayed_topology_transition,8.6908,0.2535,1.0,1.0,0.0,0.0
1749,contact_chain_transfer,-0.7797,-8.4091,0.0,0.0,0.0,0.0
1750,contact_sensor_noise_burst,1.1716,-9.4717,0.0,0.0,0.0,0.0
1751,combined_stress,18.3110,0.7547,1.0,0.0,0.0,1.0
1752,combined_stress,16.4707,-0.0608,0.0,0.0,0.0,0.0
1753,combined_extreme_stress,-1.3168,8.1189,0.0,0.0,0.0,0.0
1754,combined_stress,22.6121,-0.0685,0.0,0.0,0.0,0.0
1755,delayed_topology_transition,0.6607,-7.6956,0.0,0.0,0.0,0.0
1756,fixture_near_wall_jam,4.5888,0.4858,0.0,0.0,0.0,0.0
1757,combined_stress,8.3539,-9.4389,0.0,0.0,0.0,0.0
1758,actuator_limit_chain,17.0111,-2.0471,0.0,0.0,0.0,0.0
1759,delayed_topology_transition,13.0301,-7.3451,0.0,0.0,0.0,0.0
1760,distractor_contact,1.3415,6.5631,0.0,0.0,0.0,0.0
1761,combined_extreme_stress,-3.5993,9.8606,0.0,0.0,0.0,0.0
1762,delayed_topology_transition,14.5224,7.0084,0.0,0.0,0.0,0.0
1763,contact_chain_transfer,19.9977,-1.4829,0.0,0.0,0.0,0.0
1764,delayed_topology_transition,-0.6823,7.5315,0.0,0.0,0.0,0.0
1765,combined_stress,21.3899,1.2316,1.0,0.0,0.0,1.0
1766,delayed_topology_transition,8.7956,-12.8469,0.0,0.0,0.0,0.0
1767,combined_extreme_stress,16.5673,-2.2878,0.0,0.0,0.0,0.0
1768,fixture_near_wall_jam,9.0660,12.2261,0.0,0.0,0.0,0.0
1769,actuator_limit_chain,5.2104,9.3004,0.0,0.0,0.0,0.0
1770,combined_stress,11.0489,-6.8987,0.0,0.0,0.0,0.0
1771,pocket_relocation,8.6989,8.9988,0.0,0.0,0.0,0.0
1772,pocket_relocation,10.8762,-5.8605,0.0,0.0,0.0,0.0
1773,fixture_near_wall_jam,15.2505,-5.9890,0.0,0.0,0.0,0.0
1774,combined_extreme_stress,0.7411,1.6186,1.0,1.0,0.0,0.0
1775,fixture_near_wall_jam,14.0519,-3.2590,0.0,0.0,0.0,0.0
1776,distractor_contact,-0.5741,10.0271,0.0,0.0,0.0,0.0
1777,combined_extreme_stress,12.3569,-10.7469,0.0,1.0,1.0,0.0
1778,distractor_contact,10.4646,8.2493,0.0,0.0,0.0,0.0
1779,nominal_push_to_pocket,14.4089,-7.7139,0.0,0.0,0.0,0.0
1780,contact_sensor_noise_burst,15.1896,-8.2792,0.0,0.0,0.0,0.0
1781,contact_sensor_noise_burst,15.4503,-0.7234,0.0,0.0,0.0,0.0
1782,contact_chain_transfer,8.8329,-10.4075,1.0,1.0,0.0,0.0
1783,pocket_relocation,11.3330,6.8620,0.0,0.0,0.0,0.0
1784,nominal_push_to_pocket,16.9111,-6.3119,0.0,0.0,0.0,0.0
1785,friction_mass_shift,8.2481,11.0272,0.0,0.0,0.0,0.0
1786,distractor_contact,15.5833,2.3601,1.0,1.0,0.0,0.0
1787,combined_stress,4.3786,0.8461,0.0,0.0,0.0,0.0
1788,contact_chain_transfer,17.0515,-1.6078,0.0,0.0,0.0,0.0
1789,contact_chain_transfer,12.6548,-5.8256,0.0,0.0,0.0,0.0
1790,friction_mass_shift,18.7205,11.1069,0.0,0.0,0.0,0.0
1791,combined_stress,-0.1537,9.5990,0.0,0.0,0.0,0.0
1792,friction_mass_shift,0.1475,-11.9544,0.0,0.0,0.0,0.0
1793,distractor_contact,9.3750,-13.0666,0.0,0.0,0.0,0.0
1794,delayed_topology_transition,12.5423,9.9875,0.0,0.0,0.0,0.0
1795,distractor_contact,17.7177,1.2333,0.0,0.0,0.0,0.0
1796,contact_chain_transfer,15.5994,4.6029,0.0,0.0,0.0,0.0
1797,contact_sensor_noise_burst,17.0134,-3.3126,0.0,0.0,0.0,0.0
1798,contact_chain_transfer,19.3284,-0.7989,0.0,0.0,0.0,0.0
1799,fixture_near_wall_jam,6.3830,1.6177,0.0,0.0,0.0,0.0
1800,combined_stress,5.5483,-2.4407,0.0,0.0,0.0,0.0
1801,pocket_relocation,8.2538,-9.3225,0.0,0.0,0.0,0.0
1802,actuator_limit_chain,20.2622,2.0774,0.0,0.0,0.0,0.0
1803,actuator_limit_chain,5.5582,0.4771,0.0,0.0,0.0,0.0
1804,combined_extreme_stress,13.5212,-5.6788,0.0,0.0,0.0,0.0
1805,combined_stress,13.9769,7.6803,0.0,0.0,0.0,0.0
1806,friction_mass_shift,-1.2204,-7.9667,0.0,0.0,0.0,0.0
1807,combined_extreme_stress,9.1461,-0.5392,0.0,0.0,0.0,0.0
1808,friction_mass_shift,13.4297,7.5487,0.0,1.0,1.0,0.0
1809,combined_extreme_stress,25.9385,-2.0151,1.0,1.0,0.0,0.0
1810,nominal_push_to_pocket,0.9481,11.3109,0.0,0.0,0.0,0.0
1811,friction_mass_shift,0.1004,9.6029,0.0,0.0,0.0,0.0
1812,combined_stress,5.2871,-0.7196,0.0,0.0,0.0,0.0
1813,actuator_limit_chain,-1.8995,-7.3988,0.0,0.0,0.0,0.0
1814,fixture_near_wall_jam,8.7865,7.9366,0.0,0.0,0.0,0.0
1815,combined_stress,13.1847,8.4414,0.0,0.0,0.0,0.0
1816,combined_extreme_stress,24.7775,-1.1635,0.0,0.0,0.0,0.0
1817,friction_mass_shift,21.7517,-1.0123,0.0,0.0,0.0,0.0
1818,friction_mass_shift,7.9795,3.8367,0.0,0.0,0.0,0.0
1819,delayed_topology_transition,6.5053,-1.0686,0.0,0.0,0.0,0.0
1820,combined_stress,17.8244,-0.2354,0.0,0.0,0.0,0.0
1821,combined_stress,17.6289,6.7847,0.0,0.0,0.0,0.0
1822,nominal_push_to_pocket,22.9059,0.4912,0.0,0.0,0.0,0.0
1823,contact_chain_transfer,9.9321,-11.2764,0.0,0.0,0.0,0.0
1824,delayed_topology_transition,7.5995,10.6152,0.0,0.0,0.0,0.0
1825,fixture_topology_shift,1.9749,11.0081,0.0,0.0,0.0,0.0
1826,fixture_topology_shift,0.5064,-6.9518,0.0,0.0,0.0,0.0
1827,contact_sensor_noise_burst,16.5371,-0.5751,0.0,0.0,0.0,0.0
1828,actuator_limit_chain,22.6220,-1.5562,0.0,0.0,0.0,0.0
1829,fixture_near_wall_jam,11.0036,-12.8918,0.0,0.0,0.0,0.0
1830,contact_sensor_noise_burst,25.9009,1.3337,0.0,1.0,1.0,0.0
1831,actuator_limit_chain,16.6265,1.9327,0.0,0.0,0.0,0.0
1832,nominal_push_to_pocket,-0.6226,-10.1878,0.0,0.0,0.0,0.0
1833,combined_stress,8.5710,-11.6112,0.0,0.0,0.0,0.0
1834,fixture_near_wall_jam,17.5702,0.4996,0.0,0.0,0.0,0.0
1835,combined_stress,7.9870,10.0950,0.0,0.0,0.0,0.0
1836,fixture_near_wall_jam,18.9682,-1.8191,0.0,0.0,0.0,0.0
1837,contact_sensor_noise_burst,11.0993,10.7171,0.0,0.0,0.0,0.0
1838,actuator_limit_chain,1.5845,-8.3122,0.0,0.0,0.0,0.0
1839,combined_stress,2.8365,7.7652,0.0,0.0,0.0,0.0
1840,delayed_topology_transition,17.9431,-1.4221,0.0,0.0,0.0,0.0
1841,pocket_relocation,12.3601,-5.8366,0.0,0.0,0.0,0.0
1842,friction_mass_shift,-3.3049,7.4545,0.0,0.0,0.0,0.0
1843,combined_stress,9.9854,6.7668,0.0,0.0,0.0,0.0
1844,contact_sensor_noise_burst,5.0666,-11.8532,0.0,0.0,0.0,0.0
1845,combined_extreme_stress,15.9055,1.1979,1.0,1.0,0.0,0.0
1846,nominal_push_to_pocket,0.2173,-11.7264,0.0,0.0,0.0,0.0
1847,contact_chain_transfer,1.7232,-9.2888,0.0,0.0,0.0,0.0
1848,contact_chain_transfer,2.7994,10.2830,0.0,0.0,0.0,0.0
1849,fixture_near_wall_jam,21.0853,-1.7910,0.0,0.0,0.0,0.0
1850,pocket_relocation,9.9212,0.9989,0.0,0.0,0.0,0.0
1851,nominal_push_to_pocket,16.7174,-0.8678,0.0,0.0,0.0,0.0
1852,fixture_topology_shift,8.8793,7.6772,0.0,0.0,0.0,0.0
1853,actuator_limit_chain,18.9112,0.5084,0.0,0.0,0.0,0.0
1854,fixture_topology_shift,6.8456,12.6535,0.0,0.0,0.0,0.0
1855,delayed_topology_transition,21.9462,-0.3008,0.0,0.0,0.0,0.0
1856,friction_mass_shift,0.0916,10.6551,0.0,0.0,0.0,0.0
1857,friction_mass_shift,7.9738,-8.8600,0.0,0.0,0.0,0.0
1858,fixture_topology_shift,17.0635,0.7651,0.0,1.0,1.0,0.0
1859,friction_mass_shift,23.8222,0.8945,0.0,0.0,0.0,0.0
1860,nominal_push_to_pocket,16.6194,0.4705,0.0,1.0,1.0,0.0
1861,delayed_topology_transition,12.9657,-6.0158,0.0,1.0,1.0,0.0
1862,fixture_near_wall_jam,8.1005,-0.8918,0.0,0.0,0.0,0.0
1863,nominal_push_to_pocket,21.1021,-1.1186,0.0,0.0,0.0,0.0
1864,fixture_topology_shift,24.1256,-5.2585,0.0,0.0,0.0,0.0
1865,friction_mass_shift,5.3481,-1.5387,0.0,0.0,0.0,0.0
1866,friction_mass_shift,9.8318,-3.6380,0.0,0.0,0.0,0.0
1867,friction_mass_shift,7.1513,2.9007,0.0,0.0,0.0,0.0
1868,pocket_relocation,11.9758,-10.1032,0.0,0.0,0.0,0.0
1869,distractor_contact,-1.7010,12.9641,1.0,1.0,0.0,0.0
1870,contact_chain_transfer,15.6655,-6.4821,0.0,0.0,0.0,0.0
1871,combined_stress,16.9771,-7.2719,0.0,0.0,0.0,0.0
1872,fixture_near_wall_jam,-0.4082,8.0613,0.0,0.0,0.0,0.0
1873,friction_mass_shift,0.1249,7.6367,0.0,0.0,0.0,0.0
1874,combined_stress,0.3445,-9.0128,0.0,0.0,0.0,0.0
1875,actuator_limit_chain,15.7147,1.3517,0.0,0.0,0.0,0.0
1876,combined_extreme_stress,8.6435,-14.1951,1.0,1.0,0.0,0.0
1877,contact_sensor_noise_burst,23.3701,2.0821,0.0,0.0,0.0,0.0
1878,fixture_near_wall_jam,4.1037,-0.7359,0.0,0.0,0.0,0.0
1879,contact_sensor_noise_burst,-4.7788,9.8982,0.0,0.0,0.0,0.0
1880,distractor_contact,10.8885,-10.7022,1.0,1.0,0.0,0.0
1881,contact_sensor_noise_burst,21.3634,-2.7372,0.0,0.0,0.0,0.0
1882,distractor_contact,16.9943,2.4013,1.0,1.0,0.0,0.0
1883,combined_stress,8.6791,11.2795,0.0,0.0,0.0,0.0
1884,fixture_topology_shift,15.7827,10.9719,0.0,0.0,0.0,0.0
1885,distractor_contact,4.5614,0.7916,0.0,0.0,0.0,0.0
1886,fixture_topology_shift,14.0353,-4.6660,0.0,0.0,0.0,0.0
1887,combined_extreme_stress,23.9592,0.2293,0.0,0.0,0.0,0.0
1888,actuator_limit_chain,1.4411,-6.8048,0.0,0.0,0.0,0.0
1889,combined_extreme_stress,7.1925,0.6900,0.0,0.0,0.0,0.0
1890,friction_mass_shift,3.7595,6.0608,0.0,0.0,0.0,0.0
1891,delayed_topology_transition,2.4135,-10.4793,0.0,0.0,0.0,0.0
1892,fixture_near_wall_jam,0.8710,-7.3718,0.0,0.0,0.0,0.0
1893,friction_mass_shift,12.2260,8.2429,0.0,0.0,0.0,0.0
1894,delayed_topology_transition,1.0691,-7.0065,0.0,0.0,0.0,0.0
1895,fixture_topology_shift,10.3939,2.1576,0.0,0.0,0.0,0.0
1896,actuator_limit_chain,-0.1779,10.9195,0.0,0.0,0.0,0.0
1897,delayed_topology_transition,15.2664,0.1918,0.0,0.0,0.0,0.0
1898,distractor_contact,18.2942,9.4998,1.0,1.0,0.0,0.0
1899,actuator_limit_chain,9.0140,5.7233,0.0,0.0,0.0,0.0
1900,combined_stress,6.3833,6.5868,0.0,0.0,0.0,0.0
1901,delayed_topology_transition,-1.0348,-11.0902,0.0,0.0,0.0,0.0
1902,friction_mass_shift,-0.3609,-8.6267,0.0,0.0,0.0,0.0
1903,nominal_push_to_pocket,4.3998,-1.8550,1.0,1.0,0.0,0.0
1904,combined_stress,1.1887,-12.8708,0.0,0.0,0.0,0.0
1905,distractor_contact,6.0862,-10.1573,0.0,0.0,0.0,0.0
1906,contact_sensor_noise_burst,13.0104,7.1661,0.0,0.0,0.0,0.0
1907,nominal_push_to_pocket,1.7137,-8.9298,0.0,0.0,0.0,0.0
1908,actuator_limit_chain,9.2263,10.7876,0.0,0.0,0.0,0.0
1909,friction_mass_shift,0.1952,11.8953,0.0,0.0,0.0,0.0
1910,fixture_near_wall_jam,9.7574,-15.6235,0.0,0.0,0.0,0.0
1911,combined_stress,-0.4040,8.9611,0.0,0.0,0.0,0.0
1912,nominal_push_to_pocket,2.5137,5.8781,0.0,0.0,0.0,0.0
1913,actuator_limit_chain,10.8895,9.5249,1.0,1.0,0.0,0.0
1914,distractor_contact,4.8350,-0.7895,0.0,0.0,0.0,0.0
1915,contact_sensor_noise_burst,10.4137,-9.6397,0.0,0.0,0.0,0.0
1916,friction_mass_shift,21.5503,-0.4794,0.0,0.0,0.0,0.0
1917,nominal_push_to_pocket,11.6913,4.3278,0.0,0.0,0.0,0.0
1918,fixture_topology_shift,12.1702,4.9599,0.0,0.0,0.0,0.0
1919,fixture_topology_shift,19.0570,3.9467,1.0,0.0,0.0,1.0
1920,delayed_topology_transition,13.0685,8.5631,0.0,0.0,0.0,0.0
1921,distractor_contact,12.4364,9.1301,0.0,0.0,0.0,0.0
1922,friction_mass_shift,9.6547,-11.8878,0.0,0.0,0.0,0.0
1923,actuator_limit_chain,15.5290,7.7970,0.0,0.0,0.0,0.0
1924,fixture_near_wall_jam,-0.9046,6.7624,0.0,0.0,0.0,0.0
1925,contact_sensor_noise_burst,14.9069,4.2648,0.0,0.0,0.0,0.0
1926,delayed_topology_transition,10.1137,12.5221,0.0,0.0,0.0,0.0
1927,friction_mass_shift,-3.9220,11.4219,0.0,0.0,0.0,0.0
1928,contact_sensor_noise_burst,5.2667,-8.8144,0.0,0.0,0.0,0.0
1929,contact_chain_transfer,14.6619,-4.2294,0.0,0.0,0.0,0.0
1930,nominal_push_to_pocket,2.7592,-9.6641,0.0,0.0,0.0,0.0
1931,nominal_push_to_pocket,25.3393,-0.0501,0.0,0.0,0.0,0.0
1932,fixture_topology_shift,6.7903,-8.8100,1.0,1.0,0.0,0.0
1933,contact_sensor_noise_burst,17.8791,0.0570,0.0,0.0,0.0,0.0
1934,combined_stress,22.6090,-1.1129,0.0,0.0,0.0,0.0
1935,combined_stress,15.2520,6.1009,0.0,0.0,0.0,0.0
1936,delayed_topology_transition,10.9715,-11.9919,0.0,0.0,0.0,0.0
1937,actuator_limit_chain,6.6791,10.2888,1.0,1.0,0.0,0.0
1938,actuator_limit_chain,7.6403,-8.0391,0.0,0.0,0.0,0.0
1939,delayed_topology_transition,5.3355,-1.3093,0.0,0.0,0.0,0.0
1940,pocket_relocation,20.1310,-0.0648,0.0,0.0,0.0,0.0
1941,actuator_limit_chain,11.7225,-7.6227,0.0,0.0,0.0,0.0
1942,fixture_near_wall_jam,12.5157,10.6941,0.0,0.0,0.0,0.0
1943,contact_sensor_noise_burst,7.7596,-1.9685,0.0,0.0,0.0,0.0
1944,pocket_relocation,14.7558,5.8794,0.0,0.0,0.0,0.0
1945,combined_extreme_stress,20.7982,-0.6128,0.0,0.0,0.0,0.0
1946,nominal_push_to_pocket,11.0837,4.1023,0.0,0.0,0.0,0.0
1947,fixture_topology_shift,16.0166,5.5485,0.0,0.0,0.0,0.0
1948,contact_sensor_noise_burst,19.6280,-2.3716,0.0,0.0,0.0,0.0
1949,actuator_limit_chain,14.0381,0.9825,0.0,0.0,0.0,0.0
1950,combined_extreme_stress,17.4351,1.8587,0.0,1.0,1.0,0.0
1951,friction_mass_shift,-1.8195,-8.8521,0.0,0.0,0.0,0.0
1952,fixture_topology_shift,17.7884,0.7122,1.0,1.0,0.0,0.0
1953,fixture_topology_shift,2.8101,-7.5336,0.0,0.0,0.0,0.0
1954,friction_mass_shift,5.7645,-0.7501,0.0,0.0,0.0,0.0
1955,friction_mass_shift,16.7564,6.9016,0.0,0.0,0.0,0.0
1956,fixture_near_wall_jam,19.5734,0.7374,0.0,0.0,0.0,0.0
1957,delayed_topology_transition,8.2404,9.6773,0.0,0.0,0.0,0.0
1958,contact_chain_transfer,11.1340,7.5902,0.0,0.0,0.0,0.0
1959,combined_extreme_stress,4.1318,-0.5387,0.0,0.0,0.0,0.0
1960,distractor_contact,26.7458,0.4873,0.0,0.0,0.0,0.0
1961,combined_stress,0.3379,8.4191,0.0,0.0,0.0,0.0
1962,contact_chain_transfer,9.8753,9.7185,0.0,0.0,0.0,0.0
1963,fixture_topology_shift,10.1879,12.1613,0.0,0.0,0.0,0.0
1964,friction_mass_shift,-0.7625,11.3190,0.0,0.0,0.0,0.0
1965,actuator_limit_chain,4.8213,-3.5629,0.0,0.0,0.0,0.0
1966,contact_chain_transfer,23.6141,-2.7803,0.0,0.0,0.0,0.0
1967,fixture_topology_shift,15.0375,9.6988,0.0,0.0,0.0,0.0
1968,fixture_near_wall_jam,15.8642,-4.0688,0.0,0.0,0.0,0.0
1969,combined_stress,9.4925,8.6660,0.0,0.0,0.0,0.0
1970,distractor_contact,-1.2559,-7.4967,0.0,0.0,0.0,0.0
1971,contact_chain_transfer,13.4666,8.5304,0.0,0.0,0.0,0.0
1972,nominal_push_to_pocket,-2.9271,7.5347,0.0,0.0,0.0,0.0
1973,fixture_near_wall_jam,7.9647,-8.2872,0.0,0.0,0.0,0.0
1974,delayed_topology_transition,2.7923,-11.2292,0.0,0.0,0.0,0.0
1975,delayed_topology_transition,14.7602,-2.9680,1.0,1.0,0.0,0.0
1976,nominal_push_to_pocket,14.4921,-2.3972,0.0,0.0,0.0,0.0
1977,friction_mass_shift,17.4525,-0.9844,0.0,0.0,0.0,0.0
1978,distractor_contact,8.4467,8.1239,0.0,0.0,0.0,0.0
1979,combined_stress,-3.8697,-8.0692,0.0,0.0,0.0,0.0
1980,combined_stress,-0.2496,8.2846,0.0,0.0,0.0,0.0
1981,fixture_near_wall_jam,22.6721,-1.9211,0.0,0.0,0.0,0.0
1982,combined_stress,-1.6863,9.8120,0.0,0.0,0.0,0.0
1983,combined_stress,23.9953,0.8106,0.0,0.0,0.0,0.0
1984,combined_extreme_stress,9.5213,8.8265,0.0,0.0,0.0,0.0
1985,fixture_topology_shift,1.4925,12.6063,0.0,0.0,0.0,0.0
1986,distractor_contact,9.8849,-8.3336,0.0,0.0,0.0,0.0
1987,distractor_contact,20.0622,-2.7084,0.0,0.0,0.0,0.0
1988,fixture_near_wall_jam,0.0372,-9.8654,0.0,0.0,0.0,0.0
1989,fixture_topology_shift,16.0407,7.2453,0.0,1.0,1.0,0.0
1990,distractor_contact,-0.9655,-8.6812,0.0,0.0,0.0,0.0
1991,combined_stress,0.0897,10.9639,0.0,0.0,0.0,0.0
1992,contact_chain_transfer,1.1406,-8.5128,0.0,0.0,0.0,0.0
1993,contact_sensor_noise_burst,14.5159,-7.3929,0.0,0.0,0.0,0.0
1994,pocket_relocation,2.6121,8.3215,0.0,0.0,0.0,0.0
1995,actuator_limit_chain,5.8147,-0.1149,0.0,0.0,0.0,0.0
1996,combined_extreme_stress,0.5724,-1.5285,0.0,0.0,0.0,0.0
1997,actuator_limit_chain,6.7102,8.6822,0.0,0.0,0.0,0.0
1998,contact_chain_transfer,13.1451,-3.9451,0.0,0.0,0.0,0.0
1999,contact_chain_transfer,1.5624,-5.3078,0.0,0.0,0.0,0.0
2000,combined_extreme_stress,9.1108,1.1221,0.0,0.0,0.0,0.0
2001,combined_extreme_stress,0.9946,-10.2831,0.0,0.0,0.0,0.0
2002,contact_chain_transfer,11.4374,5.5787,0.0,0.0,0.0,0.0
2003,combined_stress,11.1825,5.2038,0.0,0.0,0.0,0.0
2004,combined_extreme_stress,15.9789,-2.8166,0.0,0.0,0.0,0.0
2005,combined_extreme_stress,9.4299,-9.0310,1.0,1.0,0.0,0.0
2006,contact_chain_transfer,15.3426,-8.5053,0.0,0.0,0.0,0.0
2007,combined_stress,22.2011,4.5900,0.0,0.0,0.0,0.0
2008,combined_extreme_stress,20.8033,-0.9153,1.0,1.0,0.0,0.0
2009,combined_extreme_stress,9.7082,5.4821,0.0,0.0,0.0,0.0
2010,nominal_push_to_pocket,14.9939,-6.2732,0.0,0.0,0.0,0.0
2011,combined_extreme_stress,20.9300,-1.3494,0.0,0.0,0.0,0.0
2012,delayed_topology_transition,15.7552,8.8618,0.0,1.0,1.0,0.0
2013,actuator_limit_chain,11.5248,12.8639,0.0,0.0,0.0,0.0
2014,combined_stress,5.8532,-4.2748,0.0,0.0,0.0,0.0
2015,combined_extreme_stress,8.9433,5.1312,0.0,0.0,0.0,0.0
2016,contact_chain_transfer,16.6837,6.9489,0.0,0.0,0.0,0.0
2017,fixture_topology_shift,14.6279,-4.0352,0.0,0.0,0.0,0.0
2018,contact_sensor_noise_burst,6.7401,-1.4735,0.0,0.0,0.0,0.0
2019,nominal_push_to_pocket,13.4618,-0.6499,0.0,0.0,0.0,0.0
2020,distractor_contact,3.5100,2.3534,0.0,0.0,0.0,0.0
2021,pocket_relocation,15.8271,0.8255,0.0,0.0,0.0,0.0
2022,fixture_topology_shift,24.0100,-1.0423,0.0,0.0,0.0,0.0
2023,contact_chain_transfer,5.6798,-0.3247,0.0,0.0,0.0,0.0
2024,fixture_topology_shift,13.1320,-6.7934,1.0,0.0,0.0,1.0
2025,combined_stress,16.9992,-1.7718,0.0,0.0,0.0,0.0
2026,fixture_topology_shift,18.1150,-0.6267,1.0,0.0,0.0,1.0
2027,distractor_contact,3.1120,7.2779,0.0,0.0,0.0,0.0
2028,friction_mass_shift,19.4890,1.4460,0.0,0.0,0.0,0.0
2029,pocket_relocation,19.6110,-3.5452,0.0,0.0,0.0,0.0
2030,combined_stress,-0.8007,8.1172,0.0,0.0,0.0,0.0
2031,distractor_contact,-0.1315,-8.6539,0.0,0.0,0.0,0.0
2032,combined_stress,-0.1411,-9.1373,0.0,0.0,0.0,0.0
2033,fixture_topology_shift,16.3198,0.3298,0.0,0.0,0.0,0.0
2034,pocket_relocation,7.9373,0.5162,0.0,0.0,0.0,0.0
2035,nominal_push_to_pocket,16.5108,-8.7058,0.0,0.0,0.0,0.0
2036,actuator_limit_chain,-0.8909,-7.1078,1.0,1.0,0.0,0.0
2037,nominal_push_to_pocket,7.7477,9.9119,0.0,0.0,0.0,0.0
2038,pocket_relocation,0.8516,-13.1062,0.0,0.0,0.0,0.0
2039,distractor_contact,2.1485,-7.5565,0.0,0.0,0.0,0.0
2040,contact_sensor_noise_burst,18.3846,-5.4328,0.0,0.0,0.0,0.0
2041,combined_extreme_stress,12.7700,6.4635,0.0,0.0,0.0,0.0
2042,fixture_topology_shift,16.9918,-6.8540,0.0,0.0,0.0,0.0
2043,fixture_topology_shift,5.7438,1.1162,0.0,0.0,0.0,0.0
2044,nominal_push_to_pocket,14.6563,4.6043,0.0,0.0,0.0,0.0
2045,combined_extreme_stress,9.5923,8.8503,0.0,0.0,0.0,0.0
2046,combined_stress,16.8562,8.5799,0.0,0.0,0.0,0.0
2047,friction_mass_shift,14.9605,9.2851,0.0,0.0,0.0,0.0
2048,nominal_push_to_pocket,11.4894,5.5968,0.0,0.0,0.0,0.0
2049,fixture_near_wall_jam,0.0082,-11.0646,0.0,0.0,0.0,0.0
2050,combined_extreme_stress,0.0993,-9.8257,0.0,0.0,0.0,0.0
2051,distractor_contact,10.7909,5.4067,0.0,0.0,0.0,0.0
2052,fixture_topology_shift,7.8417,8.2529,0.0,0.0,0.0,0.0
2053,combined_stress,15.5936,4.6406,0.0,0.0,0.0,0.0
2054,distractor_contact,4.9300,-0.4432,0.0,0.0,0.0,0.0
2055,nominal_push_to_pocket,2.4142,6.4559,0.0,0.0,0.0,0.0
2056,nominal_push_to_pocket,-0.4106,7.8334,0.0,0.0,0.0,0.0
2057,contact_sensor_noise_burst,15.3899,8.5265,0.0,0.0,0.0,0.0
2058,distractor_contact,11.9862,-7.0506,0.0,0.0,0.0,0.0
2059,pocket_relocation,12.9698,-8.0948,0.0,0.0,0.0,0.0
2060,pocket_relocation,21.6333,0.3900,0.0,0.0,0.0,0.0
2061,contact_chain_transfer,15.2263,-7.9743,0.0,0.0,0.0,0.0
2062,delayed_topology_transition,14.9757,5.5029,0.0,0.0,0.0,0.0
2063,friction_mass_shift,13.7264,8.4175,0.0,0.0,0.0,0.0
2064,fixture_topology_shift,17.2984,-7.4103,0.0,0.0,0.0,0.0
2065,fixture_topology_shift,7.1893,-9.6720,0.0,0.0,0.0,0.0
2066,pocket_relocation,8.3289,-9.1629,0.0,0.0,0.0,0.0
2067,combined_extreme_stress,7.2827,-1.3214,0.0,0.0,0.0,0.0
2068,distractor_contact,18.7860,-4.1813,1.0,0.0,0.0,1.0
2069,contact_sensor_noise_burst,14.1545,-7.6637,1.0,0.0,0.0,1.0
2070,actuator_limit_chain,-0.7140,-6.6361,0.0,0.0,0.0,0.0
2071,contact_chain_transfer,12.9217,-6.4216,0.0,0.0,0.0,0.0
2072,contact_chain_transfer,-0.8018,-5.9931,0.0,0.0,0.0,0.0
2073,contact_sensor_noise_burst,5.8851,-1.2173,0.0,0.0,0.0,0.0
2074,friction_mass_shift,-2.5562,-9.4248,0.0,0.0,0.0,0.0
2075,delayed_topology_transition,7.7098,9.3039,0.0,0.0,0.0,0.0
2076,pocket_relocation,16.1740,-4.6661,0.0,0.0,0.0,0.0
2077,fixture_topology_shift,0.1119,-10.0282,0.0,0.0,0.0,0.0
2078,pocket_relocation,26.0063,4.3846,0.0,0.0,0.0,0.0
2079,fixture_near_wall_jam,7.5930,-6.6650,0.0,0.0,0.0,0.0
2080,combined_stress,12.0182,-7.5579,0.0,0.0,0.0,0.0
2081,contact_chain_transfer,2.6476,-4.7400,0.0,0.0,0.0,0.0
2082,contact_chain_transfer,7.1995,-10.5987,0.0,0.0,0.0,0.0
2083,combined_extreme_stress,18.0811,-0.3028,0.0,0.0,0.0,0.0
2084,distractor_contact,9.4538,-8.7706,1.0,1.0,0.0,0.0
2085,friction_mass_shift,14.4249,8.1274,0.0,0.0,0.0,0.0
2086,actuator_limit_chain,8.3063,10.7843,1.0,0.0,0.0,1.0
2087,contact_sensor_noise_burst,16.2928,-5.1636,0.0,0.0,0.0,0.0
2088,fixture_topology_shift,11.7868,7.7917,0.0,0.0,0.0,0.0
2089,contact_sensor_noise_burst,7.5503,-2.6259,0.0,0.0,0.0,0.0
2090,combined_extreme_stress,6.9015,-12.1516,0.0,0.0,0.0,0.0
2091,combined_extreme_stress,-1.2194,-10.3551,0.0,0.0,0.0,0.0
2092,fixture_topology_shift,13.2815,-4.7175,0.0,0.0,0.0,0.0
2093,contact_chain_transfer,23.1404,-3.1005,0.0,0.0,0.0,0.0
2094,fixture_near_wall_jam,5.9719,-9.6965,0.0,0.0,0.0,0.0
2095,actuator_limit_chain,7.8915,8.7240,0.0,0.0,0.0,0.0
2096,pocket_relocation,1.7045,11.0195,0.0,0.0,0.0,0.0
2097,actuator_limit_chain,-0.6637,10.3537,0.0,0.0,0.0,0.0
2098,actuator_limit_chain,12.3510,-9.5388,0.0,0.0,0.0,0.0
2099,fixture_near_wall_jam,9.4712,-1.0137,0.0,0.0,0.0,0.0
2100,contact_chain_transfer,8.7761,-11.1718,0.0,0.0,0.0,0.0
2101,distractor_contact,14.5362,-4.2917,0.0,0.0,0.0,0.0
2102,delayed_topology_transition,18.7848,-0.0828,0.0,0.0,0.0,0.0
2103,fixture_near_wall_jam,-0.0845,10.8378,0.0,0.0,0.0,0.0
2104,combined_extreme_stress,10.2311,14.2727,0.0,0.0,0.0,0.0
2105,contact_sensor_noise_burst,14.4847,4.7921,0.0,0.0,0.0,0.0
2106,combined_stress,16.8653,-1.1076,0.0,0.0,0.0,0.0
2107,combined_extreme_stress,-1.0551,9.6511,0.0,0.0,0.0,0.0
2108,fixture_topology_shift,21.5858,2.3045,0.0,0.0,0.0,0.0
2109,nominal_push_to_pocket,9.7901,-6.0031,0.0,0.0,0.0,0.0
2110,delayed_topology_transition,-0.9017,9.0702,0.0,0.0,0.0,0.0
2111,combined_extreme_stress,9.4002,9.3251,0.0,0.0,0.0,0.0
2112,contact_chain_transfer,20.5872,-8.1827,0.0,0.0,0.0,0.0
2113,distractor_contact,5.2917,-1.4072,0.0,0.0,0.0,0.0
2114,distractor_contact,2.7231,-12.3836,0.0,0.0,0.0,0.0
2115,fixture_topology_shift,9.9232,6.3803,0.0,0.0,0.0,0.0
2116,nominal_push_to_pocket,11.3454,4.4954,0.0,0.0,0.0,0.0
2117,combined_extreme_stress,6.8435,-10.3212,0.0,0.0,0.0,0.0
2118,combined_stress,19.8524,3.1714,0.0,0.0,0.0,0.0
2119,fixture_topology_shift,14.3210,7.3087,0.0,1.0,1.0,0.0
2120,combined_stress,13.3846,12.8034,0.0,0.0,0.0,0.0
2121,contact_sensor_noise_burst,12.9748,7.7945,0.0,0.0,0.0,0.0
2122,combined_stress,10.0464,-9.9142,0.0,0.0,0.0,0.0
2123,combined_stress,0.6592,8.6113,0.0,0.0,0.0,0.0
2124,contact_chain_transfer,11.2302,-12.5765,0.0,0.0,0.0,0.0
2125,combined_stress,13.8642,-7.1648,0.0,0.0,0.0,0.0
2126,distractor_contact,25.4585,-3.8063,0.0,0.0,0.0,0.0
2127,contact_sensor_noise_burst,-0.2793,12.4545,0.0,0.0,0.0,0.0
2128,friction_mass_shift,1.8579,-9.0005,0.0,0.0,0.0,0.0
2129,contact_chain_transfer,17.6251,1.6682,0.0,0.0,0.0,0.0
2130,delayed_topology_transition,8.7526,-12.5335,0.0,0.0,0.0,0.0
2131,actuator_limit_chain,4.4162,-8.6976,0.0,0.0,0.0,0.0
2132,pocket_relocation,2.1833,-1.9756,1.0,1.0,0.0,0.0
2133,distractor_contact,20.7040,0.3894,0.0,0.0,0.0,0.0
2134,actuator_limit_chain,6.4061,0.8289,0.0,0.0,0.0,0.0
2135,combined_stress,10.6764,-10.9758,0.0,0.0,0.0,0.0
2136,contact_chain_transfer,14.5358,10.6528,0.0,0.0,0.0,0.0
2137,contact_chain_transfer,9.9479,-8.2294,0.0,0.0,0.0,0.0
2138,combined_extreme_stress,0.9167,-9.1946,0.0,0.0,0.0,0.0
2139,nominal_push_to_pocket,-1.6028,11.1770,0.0,0.0,0.0,0.0
2140,nominal_push_to_pocket,-0.2370,-10.6267,0.0,1.0,1.0,0.0
2141,fixture_topology_shift,-3.5196,-5.5256,0.0,0.0,0.0,0.0
2142,actuator_limit_chain,21.8848,3.5642,0.0,1.0,1.0,0.0
2143,contact_chain_transfer,8.7934,10.1415,0.0,0.0,0.0,0.0
2144,actuator_limit_chain,16.9390,-3.0379,0.0,0.0,0.0,0.0
2145,fixture_topology_shift,23.2181,1.7541,0.0,0.0,0.0,0.0
2146,combined_stress,12.4501,-0.7909,0.0,0.0,0.0,0.0
2147,combined_extreme_stress,-1.9104,-8.1484,0.0,0.0,0.0,0.0
2148,contact_sensor_noise_burst,13.5344,4.4234,0.0,0.0,0.0,0.0
2149,delayed_topology_transition,1.5703,1.6213,0.0,0.0,0.0,0.0
2150,combined_stress,8.2920,10.0329,0.0,0.0,0.0,0.0
2151,delayed_topology_transition,4.0293,12.3860,0.0,0.0,0.0,0.0
2152,combined_extreme_stress,15.2008,-7.3160,1.0,0.0,0.0,1.0
2153,friction_mass_shift,19.4744,-0.8302,0.0,0.0,0.0,0.0
2154,contact_chain_transfer,0.5204,7.8580,0.0,0.0,0.0,0.0
2155,fixture_near_wall_jam,23.8790,0.0007,0.0,0.0,0.0,0.0
2156,actuator_limit_chain,4.8548,-0.2507,0.0,0.0,0.0,0.0
2157,fixture_near_wall_jam,14.0551,10.8563,0.0,0.0,0.0,0.0
2158,contact_sensor_noise_burst,15.7301,4.4053,0.0,0.0,0.0,0.0
2159,fixture_topology_shift,7.6780,-12.8666,0.0,0.0,0.0,0.0
2160,distractor_contact,13.2060,7.4629,0.0,0.0,0.0,0.0
2161,combined_stress,7.9334,-8.0874,0.0,0.0,0.0,0.0
2162,nominal_push_to_pocket,17.1116,-8.1361,0.0,0.0,0.0,0.0
2163,friction_mass_shift,-2.1682,7.5932,0.0,0.0,0.0,0.0
2164,actuator_limit_chain,11.1707,-6.9744,0.0,0.0,0.0,0.0
2165,friction_mass_shift,5.8717,-0.6931,0.0,0.0,0.0,0.0
2166,fixture_topology_shift,17.5225,-3.9528,0.0,0.0,0.0,0.0
2167,actuator_limit_chain,7.6614,-7.4689,1.0,1.0,0.0,0.0
2168,contact_chain_transfer,10.2706,9.4712,0.0,0.0,0.0,0.0
2169,friction_mass_shift,9.3317,0.6044,0.0,0.0,0.0,0.0
2170,friction_mass_shift,4.2619,-1.5284,0.0,0.0,0.0,0.0
2171,actuator_limit_chain,19.9204,1.1159,0.0,0.0,0.0,0.0
2172,combined_extreme_stress,7.2878,-12.8653,0.0,0.0,0.0,0.0
2173,fixture_topology_shift,14.2409,6.7471,0.0,0.0,0.0,0.0
2174,friction_mass_shift,15.9194,-8.5707,0.0,0.0,0.0,0.0
2175,contact_chain_transfer,16.8613,-7.3452,0.0,0.0,0.0,0.0
2176,contact_sensor_noise_burst,13.2860,5.8656,0.0,0.0,0.0,0.0
2177,nominal_push_to_pocket,14.2498,-4.6798,1.0,1.0,0.0,0.0
2178,contact_sensor_noise_burst,8.7406,-10.2532,0.0,0.0,0.0,0.0
2179,combined_extreme_stress,24.5601,1.1344,1.0,1.0,0.0,0.0
2180,combined_stress,13.4638,7.4360,0.0,0.0,0.0,0.0
2181,fixture_topology_shift,7.0682,-1.5468,0.0,0.0,0.0,0.0
2182,delayed_topology_transition,-0.7213,-6.5457,0.0,0.0,0.0,0.0
2183,friction_mass_shift,-1.2797,11.1889,0.0,0.0,0.0,0.0
2184,combined_stress,6.6354,5.4290,0.0,0.0,0.0,0.0
2185,contact_chain_transfer,1.3991,13.2184,0.0,0.0,0.0,0.0
2186,fixture_topology_shift,7.4195,7.2877,0.0,0.0,0.0,0.0
2187,distractor_contact,0.3678,11.7360,0.0,0.0,0.0,0.0
2188,distractor_contact,-2.2258,10.5101,0.0,0.0,0.0,0.0
2189,fixture_near_wall_jam,6.5274,-0.0884,0.0,0.0,0.0,0.0
2190,contact_sensor_noise_burst,0.6656,-8.9639,0.0,0.0,0.0,0.0
2191,pocket_relocation,2.5813,-11.5454,0.0,0.0,0.0,0.0
2192,fixture_topology_shift,24.9906,-1.9112,0.0,1.0,1.0,0.0
2193,combined_stress,1.1292,10.9662,0.0,0.0,0.0,0.0
2194,pocket_relocation,18.6894,6.4376,0.0,0.0,0.0,0.0
2195,contact_sensor_noise_burst,11.0736,-6.8722,0.0,0.0,0.0,0.0
2196,distractor_contact,15.6027,4.7654,1.0,1.0,0.0,0.0
2197,friction_mass_shift,11.3589,-7.0553,1.0,1.0,0.0,0.0
2198,distractor_contact,6.5904,-8.2124,0.0,0.0,0.0,0.0
2199,distractor_contact,19.1489,-0.9390,0.0,0.0,0.0,0.0
2200,contact_sensor_noise_burst,14.6855,-2.0301,0.0,0.0,0.0,0.0
2201,pocket_relocation,2.8278,-9.7221,0.0,0.0,0.0,0.0
2202,nominal_push_to_pocket,8.6621,-1.0117,0.0,0.0,0.0,0.0
2203,contact_sensor_noise_burst,14.1786,8.9463,0.0,1.0,1.0,0.0
2204,distractor_contact,10.6881,5.7159,0.0,0.0,0.0,0.0
2205,actuator_limit_chain,8.1706,-7.6103,0.0,0.0,0.0,0.0
2206,combined_extreme_stress,-1.8977,7.5924,0.0,0.0,0.0,0.0
2207,friction_mass_shift,3.3601,11.1730,0.0,0.0,0.0,0.0
2208,actuator_limit_chain,9.2553,-9.4579,0.0,0.0,0.0,0.0
2209,combined_stress,15.0742,-6.4643,0.0,1.0,1.0,0.0
2210,combined_extreme_stress,4.2143,-2.4427,0.0,0.0,0.0,0.0
2211,actuator_limit_chain,23.6012,1.0346,0.0,0.0,0.0,0.0
2212,combined_extreme_stress,-1.4660,7.3443,0.0,0.0,0.0,0.0
2213,nominal_push_to_pocket,10.4058,-6.6100,0.0,0.0,0.0,0.0
2214,pocket_relocation,12.4771,-7.8937,0.0,0.0,0.0,0.0
2215,contact_chain_transfer,17.5207,2.0895,0.0,0.0,0.0,0.0
2216,nominal_push_to_pocket,2.5214,-6.4562,0.0,0.0,0.0,0.0
2217,pocket_relocation,-2.9578,10.4800,0.0,0.0,0.0,0.0
2218,pocket_relocation,24.1179,-1.2168,1.0,1.0,0.0,0.0
2219,fixture_topology_shift,0.1249,-11.5869,0.0,0.0,0.0,0.0
2220,fixture_topology_shift,7.7858,8.4936,0.0,0.0,0.0,0.0
2221,actuator_limit_chain,5.3370,3.9179,0.0,0.0,0.0,0.0
2222,actuator_limit_chain,8.9474,-10.4744,1.0,1.0,0.0,0.0
2223,contact_sensor_noise_burst,24.2623,-0.3677,1.0,1.0,0.0,0.0
2224,delayed_topology_transition,15.6225,-0.7144,1.0,1.0,0.0,0.0
2225,actuator_limit_chain,1.0518,12.3601,0.0,0.0,0.0,0.0
2226,contact_sensor_noise_burst,-0.2691,-5.1842,0.0,0.0,0.0,0.0
2227,contact_chain_transfer,27.8597,1.1228,0.0,0.0,0.0,0.0
2228,friction_mass_shift,10.9275,-5.8962,0.0,0.0,0.0,0.0
2229,distractor_contact,-0.3782,9.0392,0.0,0.0,0.0,0.0
2230,fixture_topology_shift,12.5180,-4.5554,0.0,0.0,0.0,0.0
2231,combined_stress,20.3945,-0.1925,1.0,0.0,0.0,1.0
2232,fixture_near_wall_jam,9.7116,12.0559,0.0,0.0,0.0,0.0
2233,distractor_contact,12.5706,-6.1323,1.0,1.0,0.0,0.0
2234,fixture_near_wall_jam,-1.3583,-8.5643,0.0,0.0,0.0,0.0
2235,fixture_near_wall_jam,16.2092,-4.3428,0.0,0.0,0.0,0.0
2236,contact_sensor_noise_burst,22.9131,-0.1309,0.0,0.0,0.0,0.0
2237,distractor_contact,19.6689,4.5407,0.0,0.0,0.0,0.0
2238,fixture_topology_shift,15.8029,-8.4591,0.0,0.0,0.0,0.0
2239,combined_stress,-0.4334,11.5399,1.0,0.0,0.0,1.0
2240,contact_sensor_noise_burst,22.1111,-0.1610,0.0,0.0,0.0,0.0
2241,contact_chain_transfer,4.7018,-4.2866,0.0,0.0,0.0,0.0
2242,fixture_near_wall_jam,9.0403,10.4134,0.0,0.0,0.0,0.0
2243,contact_chain_transfer,13.5734,5.0482,0.0,0.0,0.0,0.0
2244,fixture_near_wall_jam,26.0434,2.9466,0.0,0.0,0.0,0.0
2245,distractor_contact,14.2999,-3.7514,0.0,0.0,0.0,0.0
2246,nominal_push_to_pocket,7.8862,-11.0663,0.0,0.0,0.0,0.0
2247,combined_stress,16.7507,-1.1586,0.0,0.0,0.0,0.0
2248,fixture_topology_shift,11.0390,-3.2345,0.0,1.0,1.0,0.0
2249,nominal_push_to_pocket,-3.2729,8.5428,0.0,0.0,0.0,0.0
2250,distractor_contact,8.6170,-11.2854,0.0,0.0,0.0,0.0
2251,contact_sensor_noise_burst,4.1207,-3.6847,0.0,0.0,0.0,0.0
2252,contact_sensor_noise_burst,15.6524,1.3383,0.0,0.0,0.0,0.0
2253,contact_sensor_noise_burst,4.9715,-0.4293,0.0,0.0,0.0,0.0
2254,pocket_relocation,1.0302,-7.1927,1.0,0.0,0.0,1.0
2255,contact_sensor_noise_burst,1.8622,-7.4545,0.0,0.0,0.0,0.0
2256,contact_sensor_noise_burst,21.2204,-0.2668,0.0,1.0,1.0,0.0
2257,pocket_relocation,17.2344,8.2142,0.0,0.0,0.0,0.0
2258,contact_chain_transfer,-0.4875,7.4178,0.0,0.0,0.0,0.0
2259,combined_stress,6.7766,-11.4023,0.0,0.0,0.0,0.0
2260,contact_chain_transfer,4.4573,0.4591,0.0,0.0,0.0,0.0
2261,actuator_limit_chain,4.4165,5.1064,0.0,0.0,0.0,0.0
2262,combined_extreme_stress,12.6127,-17.7002,0.0,0.0,0.0,0.0
2263,fixture_near_wall_jam,11.0506,-12.8493,0.0,0.0,0.0,0.0
2264,fixture_topology_shift,9.4808,8.0943,0.0,0.0,0.0,0.0
2265,fixture_topology_shift,-7.9516,10.7397,0.0,0.0,0.0,0.0
2266,pocket_relocation,3.3001,-2.0791,0.0,0.0,0.0,0.0
2267,combined_extreme_stress,1.2905,11.2601,0.0,0.0,0.0,0.0
2268,fixture_topology_shift,22.2653,1.1989,0.0,0.0,0.0,0.0
2269,delayed_topology_transition,-1.6696,7.2172,0.0,0.0,0.0,0.0
2270,delayed_topology_transition,-3.9417,-7.4158,0.0,0.0,0.0,0.0
2271,friction_mass_shift,20.6709,0.4010,0.0,1.0,1.0,0.0
2272,fixture_topology_shift,22.9030,-0.7794,0.0,0.0,0.0,0.0
2273,distractor_contact,11.2524,-6.8554,0.0,0.0,0.0,0.0
2274,pocket_relocation,18.5789,-0.8906,0.0,0.0,0.0,0.0
2275,combined_extreme_stress,6.6123,10.7877,0.0,0.0,0.0,0.0
2276,actuator_limit_chain,9.5948,-8.5716,0.0,0.0,0.0,0.0
2277,contact_chain_transfer,15.7203,-0.1980,0.0,1.0,1.0,0.0
2278,fixture_topology_shift,13.7909,7.9590,0.0,0.0,0.0,0.0
2279,combined_extreme_stress,17.6217,0.1574,0.0,0.0,0.0,0.0
2280,nominal_push_to_pocket,8.7029,0.4912,0.0,0.0,0.0,0.0
2281,pocket_relocation,5.0361,-3.9478,0.0,0.0,0.0,0.0
2282,distractor_contact,16.3093,6.5152,0.0,0.0,0.0,0.0
2283,actuator_limit_chain,22.7510,3.3347,0.0,1.0,1.0,0.0
2284,distractor_contact,0.2857,-5.7185,0.0,0.0,0.0,0.0
2285,pocket_relocation,13.7550,-7.2408,0.0,0.0,0.0,0.0
2286,delayed_topology_transition,13.1959,-11.3637,1.0,1.0,0.0,0.0
2287,delayed_topology_transition,4.5876,0.1659,0.0,0.0,0.0,0.0
2288,fixture_near_wall_jam,8.4543,-9.7236,0.0,0.0,0.0,0.0
2289,pocket_relocation,-0.4402,11.7737,0.0,0.0,0.0,0.0
2290,contact_chain_transfer,0.8163,6.3664,0.0,0.0,0.0,0.0
2291,friction_mass_shift,9.3461,-2.0693,0.0,0.0,0.0,0.0
2292,actuator_limit_chain,11.3613,-9.0957,0.0,0.0,0.0,0.0
2293,fixture_near_wall_jam,18.9407,-1.1950,0.0,0.0,0.0,0.0
2294,fixture_near_wall_jam,12.0601,-11.1730,0.0,0.0,0.0,0.0
2295,distractor_contact,6.7896,2.1844,0.0,0.0,0.0,0.0
2296,fixture_topology_shift,10.8815,-9.8695,0.0,0.0,0.0,0.0
2297,combined_extreme_stress,4.8736,-1.9296,0.0,0.0,0.0,0.0
2298,combined_extreme_stress,9.6031,12.7160,0.0,0.0,0.0,0.0
2299,combined_extreme_stress,15.3657,7.4781,0.0,1.0,1.0,0.0
2300,contact_chain_transfer,15.3681,-10.1970,0.0,0.0,0.0,0.0
2301,delayed_topology_transition,1.4794,11.2574,0.0,0.0,0.0,0.0
2302,contact_sensor_noise_burst,2.3958,10.5074,0.0,0.0,0.0,0.0
2303,combined_stress,14.2868,-4.2932,0.0,0.0,0.0,0.0
2304,fixture_topology_shift,13.6279,-11.1186,1.0,1.0,0.0,0.0
2305,combined_stress,1.9281,-3.5287,0.0,0.0,0.0,0.0
2306,pocket_relocation,21.5787,3.3058,0.0,0.0,0.0,0.0
2307,nominal_push_to_pocket,7.7118,1.7716,0.0,0.0,0.0,0.0
2308,pocket_relocation,10.4112,10.1051,0.0,0.0,0.0,0.0
2309,contact_sensor_noise_burst,4.7004,2.0666,2.0,1.0,0.0,1.0
2310,delayed_topology_transition,10.3084,5.5985,0.0,0.0,0.0,0.0
2311,nominal_push_to_pocket,0.1105,12.4137,0.0,0.0,0.0,0.0
2312,contact_sensor_noise_burst,23.5542,0.8367,0.0,0.0,0.0,0.0
2313,combined_extreme_stress,10.0473,-10.1131,1.0,1.0,0.0,0.0
2314,combined_extreme_stress,8.0599,11.9523,0.0,0.0,0.0,0.0
2315,delayed_topology_transition,24.9825,-0.9700,0.0,0.0,0.0,0.0
2316,contact_sensor_noise_burst,10.3112,-10.6995,0.0,0.0,0.0,0.0
2317,delayed_topology_transition,7.1997,-0.2075,0.0,0.0,0.0,0.0
2318,contact_sensor_noise_burst,10.5714,8.4598,0.0,0.0,0.0,0.0
2319,distractor_contact,7.0608,11.0331,0.0,0.0,0.0,0.0
2320,contact_chain_transfer,-1.3252,4.2676,0.0,0.0,0.0,0.0
2321,nominal_push_to_pocket,3.4414,0.0304,0.0,0.0,0.0,0.0
2322,distractor_contact,11.2329,-6.2002,0.0,0.0,0.0,0.0
2323,distractor_contact,11.2425,10.3779,0.0,0.0,0.0,0.0
2324,combined_extreme_stress,-0.8250,7.8448,0.0,0.0,0.0,0.0
2325,actuator_limit_chain,1.5094,-12.8503,0.0,0.0,0.0,0.0
2326,actuator_limit_chain,-0.2448,9.2543,0.0,0.0,0.0,0.0
2327,nominal_push_to_pocket,17.1245,-6.3328,0.0,0.0,0.0,0.0
2328,combined_extreme_stress,13.8848,3.7944,1.0,1.0,1.0,1.0
2329,contact_chain_transfer,28.2610,-0.1211,0.0,0.0,0.0,0.0
2330,actuator_limit_chain,16.3350,-7.8952,1.0,1.0,0.0,0.0
2331,distractor_contact,8.0382,9.4929,0.0,0.0,0.0,0.0
2332,fixture_near_wall_jam,9.7865,8.3567,0.0,0.0,0.0,0.0
2333,combined_extreme_stress,10.9880,-13.4664,0.0,0.0,0.0,0.0
2334,pocket_relocation,16.6315,-2.7438,0.0,1.0,1.0,0.0
2335,friction_mass_shift,5.4188,-10.1518,0.0,0.0,0.0,0.0
2336,nominal_push_to_pocket,-0.3287,10.2368,0.0,0.0,0.0,0.0
2337,nominal_push_to_pocket,11.9918,9.2349,0.0,0.0,0.0,0.0
2338,fixture_topology_shift,4.0761,-8.6997,1.0,0.0,0.0,1.0
2339,combined_stress,7.6745,-2.1715,0.0,0.0,0.0,0.0
2340,distractor_contact,16.2425,7.3902,0.0,0.0,0.0,0.0
2341,combined_extreme_stress,22.5639,-0.7685,0.0,0.0,0.0,0.0
2342,friction_mass_shift,21.3180,-0.6038,0.0,1.0,1.0,0.0
2343,contact_chain_transfer,24.1738,3.6147,0.0,1.0,1.0,0.0
2344,friction_mass_shift,4.6942,0.1729,0.0,0.0,0.0,0.0
2345,combined_stress,3.6052,-3.1593,0.0,0.0,0.0,0.0
2346,actuator_limit_chain,14.1232,-4.4007,0.0,0.0,0.0,0.0
2347,combined_extreme_stress,15.1440,-7.4374,0.0,0.0,0.0,0.0
2348,combined_extreme_stress,23.4518,-1.6409,0.0,0.0,0.0,0.0
2349,friction_mass_shift,22.5904,0.5466,0.0,0.0,0.0,0.0
2350,contact_chain_transfer,-1.5331,8.0009,0.0,0.0,0.0,0.0
2351,contact_sensor_noise_burst,15.2299,-6.9299,0.0,0.0,0.0,0.0
2352,nominal_push_to_pocket,24.1744,-1.9227,0.0,0.0,0.0,0.0
2353,nominal_push_to_pocket,12.8110,-5.2596,0.0,0.0,0.0,0.0
2354,friction_mass_shift,11.2197,-5.7469,0.0,0.0,0.0,0.0
2355,pocket_relocation,1.5632,-10.2549,0.0,0.0,0.0,0.0
2356,nominal_push_to_pocket,25.8547,0.0648,0.0,0.0,0.0,0.0
2357,combined_extreme_stress,17.8187,0.6674,0.0,1.0,1.0,0.0
2358,contact_sensor_noise_burst,1.9761,-4.4439,0.0,0.0,0.0,0.0
2359,combined_stress,11.5881,-5.4735,0.0,0.0,0.0,0.0
2360,fixture_near_wall_jam,11.9850,-8.7472,0.0,0.0,0.0,0.0
2361,distractor_contact,25.2132,-1.1324,0.0,0.0,0.0,0.0
2362,contact_chain_transfer,0.9929,-7.1747,0.0,0.0,0.0,0.0
2363,contact_sensor_noise_burst,20.6113,-0.2114,0.0,0.0,0.0,0.0
2364,actuator_limit_chain,1.7704,6.2443,0.0,0.0,0.0,0.0
2365,actuator_limit_chain,22.1572,-0.7207,0.0,0.0,0.0,0.0
2366,fixture_topology_shift,18.4138,-1.1326,1.0,1.0,0.0,0.0
2367,contact_chain_transfer,11.2931,5.3358,0.0,0.0,0.0,0.0
2368,actuator_limit_chain,11.6575,-7.1302,0.0,0.0,0.0,0.0
2369,contact_chain_transfer,22.0784,-0.1930,0.0,0.0,0.0,0.0
2370,delayed_topology_transition,14.9212,4.6836,1.0,1.0,0.0,0.0
2371,combined_extreme_stress,10.1158,1.0642,0.0,0.0,0.0,0.0
2372,distractor_contact,15.5472,2.6775,0.0,0.0,0.0,0.0
2373,fixture_topology_shift,14.8556,-7.3262,0.0,0.0,0.0,0.0
2374,fixture_topology_shift,0.1852,-0.0264,0.0,0.0,0.0,0.0
2375,combined_extreme_stress,3.2295,-6.9996,0.0,0.0,0.0,0.0
2376,fixture_near_wall_jam,1.3540,-7.3331,0.0,0.0,0.0,0.0
2377,contact_chain_transfer,16.1096,-1.9388,0.0,0.0,0.0,0.0
2378,actuator_limit_chain,15.0717,7.5873,0.0,0.0,0.0,0.0
2379,friction_mass_shift,6.9001,-11.5159,0.0,0.0,0.0,0.0
2380,actuator_limit_chain,27.8101,-0.7886,0.0,0.0,0.0,0.0
2381,delayed_topology_transition,10.2018,-8.9110,0.0,0.0,0.0,0.0
2382,friction_mass_shift,14.9458,6.0751,0.0,0.0,0.0,0.0
2383,contact_chain_transfer,7.0360,3.2101,0.0,0.0,0.0,0.0
2384,contact_sensor_noise_burst,-2.2082,-11.0335,0.0,0.0,0.0,0.0
2385,nominal_push_to_pocket,11.0140,7.4851,0.0,0.0,0.0,0.0
2386,contact_sensor_noise_burst,23.5811,0.1727,0.0,0.0,0.0,0.0
2387,contact_chain_transfer,15.7210,-6.7698,1.0,1.0,0.0,0.0
2388,contact_chain_transfer,15.0050,6.0347,0.0,0.0,0.0,0.0
2389,contact_chain_transfer,-0.6199,-8.0581,0.0,0.0,0.0,0.0
2390,pocket_relocation,6.5730,2.1055,0.0,0.0,0.0,0.0
2391,combined_extreme_stress,11.6982,9.4514,0.0,0.0,0.0,0.0
2392,fixture_topology_shift,13.9544,5.3353,0.0,0.0,0.0,0.0
2393,delayed_topology_transition,7.0111,8.5649,0.0,0.0,0.0,0.0
2394,combined_extreme_stress,13.2917,7.1093,0.0,0.0,0.0,0.0
2395,actuator_limit_chain,18.8302,2.4052,0.0,0.0,0.0,0.0
2396,actuator_limit_chain,11.2647,10.5690,0.0,0.0,0.0,0.0
2397,fixture_near_wall_jam,12.2253,1.4022,0.0,0.0,0.0,0.0
2398,contact_chain_transfer,19.5284,0.2111,0.0,0.0,0.0,0.0
2399,contact_sensor_noise_burst,-1.0284,6.9885,0.0,0.0,0.0,0.0
