uid,title,abstract,year,venue,authors,doi,arxiv_id,url,source,query,query_role,family,advisor_seed,citation_count,matched_terms,retrieved_at,relevance_score,hostile_score
arxiv:2603.19201v2,OmniVTA: Visuo-Tactile World Modeling for Contact-Rich Robotic Manipulation,"Contact-rich manipulation tasks, such as wiping and assembly, require accurate perception of contact forces, friction changes, and state transitions that cannot be reliably inferred from vision alone. Despite growing interest in visuo-tactile manipulation, progress is constrained by two persistent limitations: existing datasets are small in scale and narrow in task coverage, and current methods treat tactile signals as passive observations rather than using them to model contact dynamics or enable closed-loop control explicitly. In this paper, we present \textbf{OmniViTac}, a large-scale visuo-tactile-action dataset comprising $21{,}000+$ trajectories across $86$ tasks and $100+$ objects, organized into six physics-grounded interaction patterns. Building on this dataset, we propose \textbf{OmniVTA}, a world-model-based visuo-tactile manipulation framework that integrates four tightly cou",2026,arXiv,Yuhang Zheng; Songen Gu; Weize Li; Yupeng Zheng; Yujie Zang; Shuai Tian; Xiang Li; Ce Hao; Chen Gao; Si Liu; Haoran Li; Yilun Chen; Shuicheng Yan; Wenchao Ding,,2603.19201v2,http://arxiv.org/abs/2603.19201v2,arxiv,world action model robotics,concept,wam,,,world action model; contact rich manipulation; contact dynamics; limitation,2026-06-12T14:45:03Z,31.600,32.600
arxiv:2603.22078v3,Do World Action Models Generalize Better than VLAs? A Robustness Study,"Robot action planning in the real world is challenging as it requires not only understanding the current state of the environment but also predicting how it will evolve in response to actions. Vision-language-action (VLA), which repurpose large-scale vision-language models for robot action generation using action experts, have achieved notable success across a variety of robotic tasks. Nevertheless, their performance remains constrained by the scope of their training data, exhibiting limited generalization to unseen scenarios and vulnerability to diverse contextual perturbations. More recently, world models have been revisited as an alternative to VLAs. These models, referred to as world action models (WAMs), are built upon world models that are trained on large corpora of video data to predict future states. With minor adaptations, their latent representation can be decoded into robot a",2026,arXiv,Zhanguang Zhang; Zhiyuan Li; Behnam Rahmati; Rui Heng Yang; Yintao Ma; Amir Rasouli; Sajjad Pakdamansavoji; Yangzheng Wu; Lingfeng Zhang; Tongtong Cao; Feng Wen; Xinyu Wang; Xingyue Quan; Yingxue Zhang,,2603.22078v3,http://arxiv.org/abs/2603.22078v3,arxiv,world action model,concept,architecture,,,world action model; benchmark; generalization; robustness,2026-06-12T15:07:36Z,21.200,25.200
arxiv:2504.19341v1,PolyTouch: A Robust Multi-Modal Tactile Sensor for Contact-rich Manipulation Using Tactile-Diffusion Policies,"Achieving robust dexterous manipulation in unstructured domestic environments remains a significant challenge in robotics. Even with state-of-the-art robot learning methods, haptic-oblivious control strategies (i.e. those relying only on external vision and/or proprioception) often fall short due to occlusions, visual complexities, and the need for precise contact interaction control. To address these limitations, we introduce PolyTouch, a novel robot finger that integrates camera-based tactile sensing, acoustic sensing, and peripheral visual sensing into a single design that is compact and durable. PolyTouch provides high-resolution tactile feedback across multiple temporal scales, which is essential for efficiently learning complex manipulation tasks. Experiments demonstrate an at least 20-fold increase in lifespan over commercial tactile sensors, with a design that is both easy to man",2025,arXiv,Jialiang Zhao; Naveen Kuppuswamy; Siyuan Feng; Benjamin Burchfiel; Edward Adelson,,2504.19341v1,http://arxiv.org/abs/2504.19341v1,arxiv,diffusion policy limitation robot manipulation,hostile,failure,,,diffusion policy; robot manipulation; contact rich manipulation; dexterous manipulation; proprioception; human demonstration; limitation; occlusion; diffusion policy limitation,2026-06-12T15:07:36Z,19.850,24.850
doi:10.1177/02783649241273645,Contact-implicit Model Predictive Control: Controlling diverse quadruped motions without pre-planned contact modes or trajectories,"This paper presents a contact-implicit model predictive control (MPC) framework for the real-time discovery of multi-contact motions, without predefined contact mode sequences or foothold positions. This approach utilizes the contact-implicit differential dynamic programming (DDP) framework, merging the hard contact model with a linear complementarity constraint. We propose the analytical gradient of the contact impulse based on relaxed complementarity constraints to further the exploration of a variety of contact modes. By leveraging a hard contact model-based simulation and computation of search direction through a smooth gradient, our methodology identifies dynamically feasible state trajectories, control inputs, and contact forces while simultaneously unveiling new contact mode sequences. However, the broadened scope of contact modes does not always ensure real-world applicability. R",2025,The International Journal of Robotics Research,Gijeong Kim; Dongyun Kang; Joon-Ha Kim; Seungwoo Hong; Hae-Won Park,10.1177/02783649241273645,,https://doi.org/10.1177/02783649241273645,crossref,EBM transformer robotics contact rich manipulation,concept,architecture_x_embodiment,,27,EBM transformer robotics; contact rich manipulation; model predictive control,2026-06-12T15:07:36Z,22.666,24.666
arxiv:2602.22088v2,Force Policy: Learning Hybrid Force-Position Control Policy under Interaction Frame for Contact-Rich Manipulation,"Contact-rich manipulation demands human-like integration of perception and force feedback: vision should guide task progress, while high-frequency interaction control must stabilize contact under uncertainty. Existing learning-based policies often entangle these roles in a monolithic network, trading off global generalization against stable local refinement, while control-centric approaches typically assume a known task structure or learn only controller parameters rather than the structure itself. In this paper, we formalize a physically grounded interaction frame, an instantaneous local basis that decouples force regulation from motion execution, and propose a method to recover it from demonstrations. Based on this, we address both issues by proposing Force Policy, a global-local vision-force policy in which a global policy guides free-space actions using vision, and upon contact, a hi",2026,arXiv,Hongjie Fang; Shirun Tang; Mingyu Mei; Haoxiang Qin; Zihao He; Jingjing Chen; Ying Feng; Chenxi Wang; Wanxi Liu; Zaixing He; Cewu Lu; Shiquan Wang,,2602.22088v2,http://arxiv.org/abs/2602.22088v2,arxiv,contact rich manipulation learning,concept,contact,,,contact rich manipulation; generalization,2026-06-12T14:45:03Z,21.550,23.550
arxiv:2603.15169v1,ForceVLA2: Unleashing Hybrid Force-Position Control with Force Awareness for Contact-Rich Manipulation,"Embodied intelligence for contact-rich manipulation has predominantly relied on position control, while explicit awareness and regulation of interaction forces remain under-explored, limiting stability, precision, and robustness in real-world tasks. We propose ForceVLA2, an end-to-end vision-language-action framework that equips robots with hybrid force-position control and explicit force awareness. ForceVLA2 introduces force-based prompts into the VLM expert to construct force-aware task concepts across stages, and employs a Cross-Scale Mixture-of-Experts (MoE) in the action expert to adaptively fuse these concepts with real-time interaction forces for closed-loop hybrid force-position regulation. To support learning and evaluation, we construct ForceVLA2-Dataset, containing 1,000 trajectories over 5 contact-rich tasks, including wiping, pressing, and assembling, with multi-view images,",2026,arXiv,Yang Li; Zhaxizhuoma; Hongru Jiang; Junjie Xia; Hongquan Zhang; Jinda Du; Yunsong Zhou; Jia Zeng; Ce Hao; Jieji Ren; Qiaojun Yu; Cewu Lu; Yu Qiao; Jiangmiao Pang,,2603.15169v1,http://arxiv.org/abs/2603.15169v1,arxiv,contact rich manipulation learning,concept,contact,,,contact rich manipulation; failure mode; robustness,2026-06-12T14:45:03Z,19.200,23.200
doi:10.3389/frobt.2026.1746577,Fast reprogramming and adaptive reproduction of contact-rich assembly,"Introduction Modern manufacturing demands flexible, robust robotic assembly systems capable of handling variable part geometries and dynamic task configurations. Current approaches often suffer from limited generalization, high sample complexity, and the need for extensive reconfiguration or retraining when task parameters change. This paper addresses these limitations by introducing a novel framework that enables adaptive reproduction of kinesthetically taught, contact-rich assembly policies, using only force/torque and proprioceptive sensing. Methods The approach combines three components: i. synchronized wrench–motion Dynamic Movement Primitives (wDMPs) that encode coupled motion and wrench profiles from a single demonstration; ii. an uncertainty-aware Model Predictive Controller (MPC) that updates its model online to enable compliant and adaptive contact handling using uncertainty es",2026,Frontiers in Robotics and AI,Dimitrios Rakovitis; Vamsi Krishna Origanti; Vinzenz Bargsten; Adrian Danzglock; Dennis Mronga; Frank Kirchner,10.3389/frobt.2026.1746577,,https://doi.org/10.3389/frobt.2026.1746577,crossref,contact dynamics robot learning,concept,contact,,,contact dynamics; model predictive control; limitation; benchmark; generalization; robustness,2026-06-12T15:07:36Z,16.650,22.650
doi:10.21203/rs.3.rs-7347334/v1,Co-Training Multimodal World Models and Diffusion-Guided Policies for Zero-Shot Contact- Rich Manipulation,"Abstract This study presents MWM‑DD (Multimodal World Model–Diffusion Decision), a unified control architecture that couples: (i) a vision–tactile–proprioceptive encoder aligned in a shared predictive latent; (ii) a Transformer‑VAE world model that captures latent dynamics and rewards; and (iii) a constraint‑ and value‑guided diffusion decision module realized as a receding‑horizon controller. The system is trained end‑to‑end using reconstruction and Kullback–Leibler (KL) annealing, cross‑modal InfoNCE, and a diffusion ELBO objective, plus kernel‑based off‑policy improvements and domain randomization. Across CALVIN (language‑conditioned rearrangements), FurnitureBench (multi‑stage assemblies), and the Functional Manipulation Benchmark (FMB; single‑ and multi‑object assemblies), the approach achieves state‑of‑the‑art zero‑shot performance and transfers to a Franka Panda + DIGIT platform w",,,Lei Li¹; Tianrong Zhang²,10.21203/rs.3.rs-7347334/v1,,https://doi.org/10.21203/rs.3.rs-7347334/v1,crossref,robot world models manipulation,concept,world_models,,,robot world model; contact rich manipulation; domain randomization; benchmark; generalization; ablation,2026-06-12T14:45:03Z,19.300,22.300
arxiv:2310.10509v1,Efficient Sim-to-real Transfer of Contact-Rich Manipulation Skills with Online Admittance Residual Learning,"Learning contact-rich manipulation skills is essential. Such skills require the robots to interact with the environment with feasible manipulation trajectories and suitable compliance control parameters to enable safe and stable contact. However, learning these skills is challenging due to data inefficiency in the real world and the sim-to-real gap in simulation. In this paper, we introduce a hybrid offline-online framework to learn robust manipulation skills. We employ model-free reinforcement learning for the offline phase to obtain the robot motion and compliance control parameters in simulation \RV{with domain randomization}. Subsequently, in the online phase, we learn the residual of the compliance control parameters to maximize robot performance-related criteria with force sensor measurements in real time. To demonstrate the effectiveness and robustness of our approach, we provide ",2023,arXiv,Xiang Zhang; Changhao Wang; Lingfeng Sun; Zheng Wu; Xinghao Zhu; Masayoshi Tomizuka,,2310.10509v1,http://arxiv.org/abs/2310.10509v1,arxiv,online adaptation robot learning,concept,adaptation,,,contact rich manipulation; sim to real transfer; domain randomization; online adaptation; robustness,2026-06-12T14:45:03Z,18.800,21.800
arxiv:2511.19955v2,ShapeForce: Low-Cost Soft Robotic Wrist for Contact-Rich Manipulation,"Contact feedback is essential for contact-rich robotic manipulation, as it allows the robot to detect subtle interaction changes and adjust its actions accordingly. Six-axis force-torque sensors are commonly used to obtain contact feedback, but their high cost and fragility have discouraged many researchers from adopting them in contact-rich tasks. To offer a more cost-efficient and easy-accessible source of contact feedback, we present ShapeForce, a low-cost, plug-and-play soft wrist that provides force-like signals for contact-rich robotic manipulation. Inspired by how humans rely on relative force changes in contact rather than precise force magnitudes, ShapeForce converts external force and torque into measurable deformations of its compliant core, which are then estimated via marker-based pose tracking and converted into force-like signals. Our design eliminates the need for calibra",2025,arXiv,Jinxuan Zhu; Zihao Yan; Yangyu Xiao; Jingxiang Guo; Chenrui Tie; Xinyi Cao; Yuhang Zheng; Lin Shao,,2511.19955v2,http://arxiv.org/abs/2511.19955v2,arxiv,contact rich manipulation learning,concept,contact,,,contact rich manipulation,2026-06-12T14:45:03Z,21.550,21.550
arxiv:2601.10827v1,Approximately Optimal Global Planning for Contact-Rich SE(2) Manipulation on a Graph of Reachable Sets,"If we consider human manipulation, it is clear that contact-rich manipulation (CRM)-the ability to use any surface of the manipulator to make contact with objects-can be far more efficient and natural than relying solely on end-effectors (i.e., fingertips). However, state-of-the-art model-based planners for CRM are still focused on feasibility rather than optimality, limiting their ability to fully exploit CRM's advantages. We introduce a new paradigm that computes approximately optimal manipulator plans. This approach has two phases. Offline, we construct a graph of mutual reachable sets, where each set contains all object orientations reachable from a starting object orientation and grasp. Online, we plan over this graph, effectively computing and sequencing local plans for globally optimized motion. On a challenging, representative contact-rich task, our approach outperforms a leading",2026,arXiv,Simin Liu; Tong Zhao; Bernhard Paus Graesdal; Peter Werner; Jiuguang Wang; John Dolan; Changliu Liu; Tao Pang,,2601.10827v1,http://arxiv.org/abs/2601.10827v1,arxiv,contact rich manipulation learning,concept,contact,,,contact rich manipulation,2026-06-12T14:45:03Z,21.550,21.550
arxiv:2603.23497v1,WildWorld: A Large-Scale Dataset for Dynamic World Modeling with Actions and Explicit State toward Generative ARPG,"Dynamical systems theory and reinforcement learning view world evolution as latent-state dynamics driven by actions, with visual observations providing partial information about the state. Recent video world models attempt to learn this action-conditioned dynamics from data. However, existing datasets rarely match the requirement: they typically lack diverse and semantically meaningful action spaces, and actions are directly tied to visual observations rather than mediated by underlying states. As a result, actions are often entangled with pixel-level changes, making it difficult for models to learn structured world dynamics and maintain consistent evolution over long horizons. In this paper, we propose WildWorld, a large-scale action-conditioned world modeling dataset with explicit state annotations, automatically collected from a photorealistic AAA action role-playing game (Monster Hun",2026,arXiv,Zhen Li; Zian Meng; Shuwei Shi; Wenshuo Peng; Yuwei Wu; Bo Zheng; Chuanhao Li; Kaipeng Zhang,,2603.23497v1,http://arxiv.org/abs/2603.23497v1,arxiv,world action model,concept,architecture,,,world action model; long horizon,2026-06-12T15:07:36Z,21.550,21.550
arxiv:2508.04384v1,Incorporating Stochastic Models of Controller Behavior into Kinodynamic Efficiently Adaptive State Lattices for Mobile Robot Motion Planning in Off-Road Environments,"Mobile robot motion planners rely on theoretical models to predict how the robot will move through the world. However, when deployed on a physical robot, these models are subject to errors due to real-world physics and uncertainty in how the lower-level controller follows the planned trajectory. In this work, we address this problem by presenting three methods of incorporating stochastic controller behavior into the recombinant search space of the Kinodynamic Efficiently Adaptive State Lattice (KEASL) planner. To demonstrate this work, we analyze the results of experiments performed on a Clearpath Robotics Warthog Unmanned Ground Vehicle (UGV) in an off-road, unstructured environment using two different perception algorithms, and performed an ablation study using a full spectrum of simulated environment map complexities. Analysis of the data found that incorporating stochastic controller",2025,arXiv,Eric R. Damm; Eli S. Lancaster; Felix A. Sanchez; Kiana Bronder; Jason M. Gregory; Thomas M. Howard,,2508.04384v1,http://arxiv.org/abs/2508.04384v1,arxiv,task and motion planning robotics,anti_myopia,classic,,,motion planning; task and motion planning; ablation,2026-06-12T15:07:36Z,14.450,21.450
doi:10.1016/j.lrp.2022.102218,Two heads are safer than one: Changes in CEO duality and venture failure,,2022,Long Range Planning,Ryan Krause; Rene M. Bakker; Joris Knoben,10.1016/j.lrp.2022.102218,,https://doi.org/10.1016/j.lrp.2022.102218,crossref,robot world model failure planning,hostile,failure,,16,robot world model; robot world model failure,2026-06-12T15:07:36Z,17.417,21.417
arxiv:2509.19047v1,ManipForce: Force-Guided Policy Learning with Frequency-Aware Representation for Contact-Rich Manipulation,"Contact-rich manipulation tasks such as precision assembly require precise control of interaction forces, yet existing imitation learning methods rely mainly on vision-only demonstrations. We propose ManipForce, a handheld system designed to capture high-frequency force-torque (F/T) and RGB data during natural human demonstrations for contact-rich manipulation. Building on these demonstrations, we introduce the Frequency-Aware Multimodal Transformer (FMT). FMT encodes asynchronous RGB and F/T signals using frequency- and modality-aware embeddings and fuses them via bi-directional cross-attention within a transformer diffusion policy. Through extensive experiments on six real-world contact-rich manipulation tasks - such as gear assembly, box flipping, and battery insertion - FMT trained on ManipForce demonstrations achieves robust performance with an average success rate of 83% across all",2025,arXiv,Geonhyup Lee; Yeongjin Lee; Kangmin Kim; Seongju Lee; Sangjun Noh; Seunghyeok Back; Kyoobin Lee,,2509.19047v1,http://arxiv.org/abs/2509.19047v1,arxiv,contact rich manipulation learning,concept,contact,,,diffusion policy; contact rich manipulation; imitation learning; human demonstration; ablation,2026-06-12T14:45:03Z,19.200,21.200
arxiv:2506.00351v2,Recasting Classical Motion Planning for Contact-Rich Manipulation,"In this work, we explore how conventional motion planning algorithms can be reapplied to contact-rich manipulation tasks. Rather than focusing solely on efficiency, we investigate how manipulation aspects can be recast in terms of conventional motion-planning algorithms. Conventional motion planners, such as Rapidly-Exploring Random Trees (RRT), typically compute collision-free paths in configuration space. However, in many manipulation tasks, contact is either unavoidable or essential for task success, such as for creating space or maintaining physical equilibrium. As such, we presents Haptic Rapidly-Exploring Random Trees (HapticRRT), a planning algorithm that incorporates a recently proposed optimality measure in the context of \textit{quasi-static} manipulation, based on the (squared) Hessian of manipulation potential. The key contributions are i) adapting classical RRT to operate on",2025,arXiv,Lin Yang; Huu-Thiet Nguyen; Chen Lv; Domenico Campolo,,2506.00351v2,http://arxiv.org/abs/2506.00351v2,arxiv,contact rich manipulation learning,concept,contact,,,contact rich manipulation; motion planning,2026-06-12T14:45:03Z,19.200,21.200
arxiv:2506.01844v1,SmolVLA: A Vision-Language-Action Model for Affordable and Efficient Robotics,"Vision-language models (VLMs) pretrained on large-scale multimodal datasets encode rich visual and linguistic knowledge, making them a strong foundation for robotics. Rather than training robotic policies from scratch, recent approaches adapt VLMs into vision-language-action (VLA) models that enable natural language-driven perception and control. However, existing VLAs are typically massive--often with billions of parameters--leading to high training costs and limited real-world deployability. Moreover, they rely on academic and industrial datasets, overlooking the growing availability of community-collected data from affordable robotic platforms. In this work, we present SmolVLA, a small, efficient, and community-driven VLA that drastically reduces both training and inference costs, while retaining competitive performance. SmolVLA is designed to be trained on a single GPU and deployed o",2025,arXiv,Mustafa Shukor; Dana Aubakirova; Francesco Capuano; Pepijn Kooijmans; Steven Palma; Adil Zouitine; Michel Aractingi; Caroline Pascal; Martino Russi; Andres Marafioti; Simon Alibert; Matthieu Cord; Thomas Wolf; Remi Cadene,,2506.01844v1,http://arxiv.org/abs/2506.01844v1,arxiv,vision language action model limitation robotics,hostile,failure,,,vision language action model; limitation; benchmark,2026-06-12T14:45:03Z,14.200,21.200
doi:10.1177/0278364905056196,Bayesian Hybrid Model-State Estimation Applied to Simultaneous Contact Formation Recognition and Geometrical Parameter Estimation,"In this paper we describe a Bayesian approach to model selection and state estimation for sensor-based robot tasks. The approach is illustrated with a hybrid model-state estimation example from force-controlled autonomous compliant motion: simultaneous (discrete) contact formation recognition and estimation of (continuous) geometrical parameters. Previous research in this area mostly tries to solve one of the two subproblems, or treats the contact formation recognition problem separately, avoiding integration between the solutions to the contact formation recognition and the geometrical parameter estimation problems. A more powerful hybrid model, explicitly modeling contact formation transitions, is developed to deal with larger uncertainties. This paper demonstrates that Kalman filter variants have limits: iterated extended Kalman filters can only handle small uncertainties on the geome",2005,The International Journal of Robotics Research,K. Gadeyne; T. Lefebvre; H. Bruyninckx,10.1177/0278364905056196,,https://doi.org/10.1177/0278364905056196,crossref,foundation model limitation robotics,anti_myopia,anti_thesis,,44,force control; state estimation; SLAM; limitation; foundation model limitation robotics,2026-06-12T15:07:36Z,17.153,21.153
doi:10.3390/pr9040676,Real-World Failure Prevention Framework for Manufacturing Facilities Using Text Data,"In recent years, manufacturing companies have been continuously engaging in research for the full implementation of smart factories, with many studies on methods to prevent facility failures that directly affect the productivity of the manufacturing sites. However, most studies have only analyzed sensor signals rather than text manually typed by operators. In addition, existing studies have not proposed an actual application system considering the manufacturing site environment but only presented a model that predicts the status or failure of the facility. Therefore, in this paper, we propose a real-world failure prevention framework that alerts the operator by providing a list of possible failure categories based on a failure pattern database before the operator starts work. The failure pattern database is constructed by analyzing and categorizing manually entered text to provide more d",2021,Processes,Jonghyuk Park; Eunyoung Choi; Yerim Choi,10.3390/pr9040676,,https://doi.org/10.3390/pr9040676,crossref,robot world model failure,anti_myopia,anti_thesis,,1,robot world model; robot world model failure,2026-06-12T15:07:36Z,16.147,21.147
doi:10.1177/0278364904042195,Contact State Estimation Using Multiple Model Estimation and Hidden Markov Models,"In this paper we present an approach to estimating the contact state between a robot and its environment during task execution. Contact states are modeled by constraint equations parametrized by timedependent sensor data and time-independent object properties. At each sampling time, multiple model estimation is used to assess the most likely contact state. The assessment is performed by a hidden Markov model, which combines a measure of how well each set of constraint equations fits the sensor data with the probability of specific contact state transitions. The latter is embodied in a task-based contact state network. The approach is illustrated for a three-dimensional peg-in-hole insertion using a tabletop manipulator robot. Using only position sensing, the contact state sequence is successfully estimated without knowledge of nominal property values. Property estimates are obtained for ",2004,The International Journal of Robotics Research,Thomas J. Debus; Pierre E. Dupont; Robert D. Howe,10.1177/0278364904042195,,https://doi.org/10.1177/0278364904042195,crossref,foundation model limitation robotics,anti_myopia,anti_thesis,,36,state estimation; limitation; foundation model limitation robotics,2026-06-12T15:07:36Z,17.055,21.055
arxiv:2603.05687v3,Contact-Grounded Policy: Dexterous Visuotactile Policy with Generative Contact Grounding,"Contact-rich dexterous manipulation with multi-finger hands remains an open challenge in robotics because task success depends on multi-point contacts that continuously evolve and are highly sensitive to object geometry, frictional transitions, and slip. Recently, tactile-informed manipulation policies have shown promise. However, most use tactile signals as additional observations rather than modeling contact state or how their action outputs interact with low-level controller dynamics. We present Contact-Grounded Policy (CGP), a visuotactile policy that grounds multi-point contacts by predicting coupled trajectories of actual robot state and tactile feedback, and using a learned contact-consistency mapping to convert these predictions into executable target robot states for a compliance controller. CGP consists of two components: (i) a conditional diffusion model that forecasts future ",2026,arXiv,Zhengtong Xu; Yeping Wang; Ben Abbatematteo; Jom Preechayasomboon; Sonny Chan; Nick Colonnese; Amirhossein H. Memar,,2603.05687v3,http://arxiv.org/abs/2603.05687v3,arxiv,visuotactile robot manipulation,concept,tactile,,,diffusion policy; robot manipulation; dexterous manipulation,2026-06-12T14:45:03Z,20.900,20.900
arxiv:2606.08555v1,FAWAM: Force-Aware World Action Models for Closed-Loop Contact-Rich Manipulation,"Force signals provide critical interaction cues for contact-rich robotic manipulation. However, existing methods mostly use force as an additional observation modality, without fully exploiting its role in modeling future interaction dynamics or guiding execution-time feedback correction. In this paper, we propose FAWAM, a force-aware world action model that incorporates force information at three levels: perception, prediction, and closed-loop execution. FAWAM first encodes historical 6-axis force/torque signals to modulate action generation, then jointly predicts future actions and end-effector wrenches to explicitly model contact evolution. It further introduces a residual correction module that uses the predicted wrench trajectory as an execution-time reference to refine actions online based on real-time force feedback. Real-world experiments across multiple contact-rich tasks show t",2026,arXiv,Haotian He; Zeyu Yan; Qipeng Liu; Ning Guo; Wenzhao Lian,,2606.08555v1,http://arxiv.org/abs/2606.08555v1,arxiv,contact rich manipulation learning,concept,contact,,,world action model; contact rich manipulation,2026-06-12T14:45:03Z,19.850,20.850
arxiv:2506.16685v5,Compliant Residual DAgger: Improving Real-World Contact-Rich Manipulation with Human Corrections,"We address key challenges in Dataset Aggregation (DAgger) for real-world contact-rich manipulation: how to collect informative human correction data and how to effectively update policies with this new data. We introduce Compliant Residual DAgger (CR-DAgger), which contains two novel components: 1) a Compliant Intervention Interface that leverages compliance control, allowing humans to provide gentle, accurate delta action corrections without interrupting the ongoing robot policy execution; and 2) a Compliant Residual Policy formulation that learns from human corrections while incorporating force feedback and force control. Our system significantly enhances performance on precise contact-rich manipulation tasks using minimal correction data, improving base policy success rates by 64% on four challenging tasks (book flipping, belt assembly, cable routing, and gear insertion) while outperf",2025,arXiv,Xiaomeng Xu; Yifan Hou; Chendong Xin; Zeyi Liu; Shuran Song,,2506.16685v5,http://arxiv.org/abs/2506.16685v5,arxiv,contact rich manipulation learning,concept,contact,,,contact rich manipulation; force control,2026-06-12T14:45:03Z,19.850,20.850
arxiv:2606.08737v1,Dream-Tac: A Unified Tactile World Action Model for Contact-Rich Robot Manipulation,"World action models inherit the predictive capability of world models, enabling action generation to be guided by anticipated future observations. However, they rely primarily on vision and often fail in contact-rich manipulation, where critical cues arise from physical interaction. In this paper, we propose Dream-Tac, a unified Tactile-World Action Model that jointly models actions, future visual observations, and tactile dynamics. Specifically, Dream-Tac introduces (i) contact-gated visuotactile fusion to selectively integrate tactile signals and (ii) a contact-aware attention bias to better regulate cross-modal interactions during manipulation. To support real-time deployment, we further design a dual-level acceleration strategy, reformulating the contact-aware bias to preserve the fused attention path during training and introducing cache-based diffusion acceleration at inference, ac",2026,arXiv,Yunfan Lou; Yifan Ye; Yankai Fu; Jun Cen; Xiaowei Chi; Yaoxu Lyu; Peidong Jia; Sirui Han; Zhihe Lu; Shanghang Zhang,,2606.08737v1,http://arxiv.org/abs/2606.08737v1,arxiv,contact rich manipulation learning,concept,contact,,,world action model; robot manipulation; contact rich manipulation; deployment,2026-06-12T14:45:03Z,19.850,20.850
arxiv:2606.06556v1,Robots Need More than VLA and World Models,"Generalist robot intelligence is often framed as a policy-scaling problem: collect more robot demonstrations, train larger Vision-Language-Action (VLA) models, and expect broader generalisation. In this position paper, we argue that this framing is incomplete. The central bottleneck is not only policy learning, but the absence of mechanisms that convert the world's abundant unstructured behavioural data into grounded robot supervision. Human motion, internet video, simulation rollouts, and interactive demonstrations contain rich information about tasks, goals, contacts, failures, and physical constraints, yet most of this information is not directly usable by robot policies because it lacks embodiment-specific action labels, task semantics, and reward structure. We identify four missing components for the next generation of robotics: data interfaces for autolabelling unstructured behavio",2026,arXiv,Elis Karcini; Faisal Mehrban; Quang Nguyen; Mac Schwager; Arash Ajoudani; Cesar Cadena; Jan Peters; Marco Hutter; Haitham Bou-Ammar,,2606.06556v1,http://arxiv.org/abs/2606.06556v1,arxiv,adaptive world action model robot,concept,wam,,,world action model; adaptive world action model; robot foundation model; learning from video,2026-06-12T14:45:03Z,18.850,20.850
doi:10.31234/osf.io/d9c4h,Independent storage of real-world object features is visual rather than verbal in nature,"Previous work has shown that semantically meaningful properties of visually presented real-world objects (their color, their state/configuration of their parts/pose, the features that differentiate them from other exemplars of the same category) are stored with a high degree of independence in long-term memory (e.g., are frequently swapped or misbound across objects). But is this feature independence due to the visual representation of the objects, or because of verbal encoding? Semantically meaningful features can also be labeled by distinct words, which can be recombined to produce independent descriptions of real-world object features. Here, we directly test how much of the pattern of feature independence arises from visual vs. verbal encoding. In two experiments, during the study phase we orthogonally varied the match or mismatch of state (e.g., open/closed) and color information bet",,,Platon Tikhonenko; Timothy F. Brady; Igor Utochkin,10.31234/osf.io/d9c4h,,https://doi.org/10.31234/osf.io/d9c4h,crossref,object centric world model,concept,architecture,,2,object centric world model,2026-06-12T15:07:36Z,19.849,20.849
doi:10.1002/aenm.201902568,Diffusion Limitation of Lithium Metal and Li–Mg Alloy Anodes on LLZO Type Solid Electrolytes as a Function of Temperature and Pressure,"Abstract The morphological instability of the lithium metal anode is the key factor restricting the rate capability of lithium metal solid state batteries. During lithium stripping, pore formation takes place at the interface due to the slow diffusion kinetics of vacancies in the lithium metal. The resulting current focusing increases the internal cell resistance and promotes fast lithium penetration. In this work, galvanostatic electrochemical impedance spectroscopy is used to investigate operando the morphological changes at the interface by analysis of the interface capacitances. Therewith, the effect of temperature, stack pressure, and chemical modification is investigated. The work demonstrates that introducing 10 at% Mg into the lithium metal anode can effectively prevent contact loss. Nevertheless, a fundamental kinetic limitation is also observed for the Li‐rich alloy, namely the",2019,Advanced Energy Materials,Thorben Krauskopf; Boris Mogwitz; Carolin Rosenbach; Wolfgang G. Zeier; Jürgen Janek,10.1002/aenm.201902568,,https://doi.org/10.1002/aenm.201902568,crossref,diffusion policy limitation robot manipulation,hostile,failure,,399,diffusion policy; robot manipulation; limitation; diffusion policy limitation,2026-06-12T15:07:36Z,15.796,20.796
doi:10.1523/jneurosci.5792-11.2012,Muscle Coordination Is Habitual Rather than Optimal,"When sharing load among multiple muscles, humans appear to select an optimal pattern of activation that minimizes costs such as the effort or variability of movement. How the nervous system achieves this behavior, however, is unknown. Here we show that contrary to predictions from optimal control theory, habitual muscle activation patterns are surprisingly robust to changes in limb biomechanics. We first developed a method to simulate joint forces in real time from electromyographic recordings of the wrist muscles. When the model was altered to simulate the effects of paralyzing a muscle, the subjects simply increased the recruitment of all muscles to accomplish the task, rather than recruiting only the useful muscles. When the model was altered to make the force output of one muscle unusually noisy, the subjects again persisted in recruiting all muscles rather than eliminating the noisy",2012,Journal of Neuroscience,Aymar de Rugy; Gerald E. Loeb; Timothy J. Carroll,10.1523/jneurosci.5792-11.2012,,https://doi.org/10.1523/jneurosci.5792-11.2012,openalex,energy based model robot learning,concept,ebm,,221,,2026-06-12T18:26:24Z,19.751,20.751
title:robots need more than vla and world models,Robots Need More than VLA and World Models,"Generalist robot intelligence is often framed as a policy-scaling problem: collect more robot demonstrations, train larger Vision-Language-Action (VLA) models, and expect broader generalisation. In this position paper, we argue that this framing is incomplete. The central bottleneck is not only policy learning, but the absence of mechanisms that convert the world's abundant unstructured behavioural data into grounded robot supervision. Human motion, internet video, simulation rollouts, and interactive demonstrations contain rich information about tasks, goals, contacts, failures, and physical constraints, yet most of this information is not directly usable by robot policies because it lacks embodiment-specific action labels, task semantics, and reward structure. We identify four missing components for the next generation of robotics: data interfaces for autolabelling unstructured behavio",2026,arXiv (Cornell University),Elis Karcini; Faisal Mehrban; Quang Nguyen; Mac Schwager; Arash Ajoudani; Cesar Cadena; Jan Peters; Marco Hutter; Haitham Bou-Ammar,,,https://openalex.org/W7164090348,openalex,energy based transformer robot policy,concept,ebm_transformer,,,energy based transformer robot policy; robot foundation model; learning from video,2026-06-12T18:05:07Z,18.700,20.700
doi:10.1142/s0219686728500011,Visual-Haptic Fusion for Contact-Rich Robot Skill Transfer via Diffusion Models,"Contact-rich manipulation in industrial robotics faces significant challenges in skill transfer, where conventional vision-based systems rely on indirect force inference from visual observations. To address this limitation, this study developed a vision-force fusion framework combining visual and haptic measurements through learned attention mechanisms to generate manipulation trajectories satisfying contact constraints. The approach employs diffusion-based iterative refinement conditioned on multimodal observations from RGB-D cameras and force sensors. Experimental validation employed 387 demonstrations from diverse contact-rich assembly tasks using a collaborative robot with multimodal perception. The approach achieved 87.3% success rate across target task variants, outperforming Diffusion Policy (78.6%), Action Chunking Transformer (73.9%), and Behavior Cloning (62.3%), representing a",2026,Journal of Advanced Manufacturing Systems,Hongliang Xing; Yuhang Zhao,10.1142/s0219686728500011,,https://doi.org/10.1142/s0219686728500011,crossref,contact dynamics robot learning,concept,contact,,,diffusion policy; contact rich manipulation; industrial robot; contact dynamics; behavior cloning; limitation; generalization; robustness; ablation,2026-06-12T15:07:36Z,16.650,20.650
doi:10.66967/jaics.2026.v2i103,Multimodal AI: PaLM-E’s Role in Vision–Language–Robotics & the Future of Efficient Fine-Tuning,"The convergence of vision, language, and robotics represents a critical step toward building embodied artificial intelligence systems capable of robust perception, reasoning, and action in real-world environments. This study presents a structured and analytical investigation of PaLM-E, an embodied multimodal language model, examining its role in unifying vision–language reasoning with robotic control across diverse task settings. Rather than proposing a new architecture, the work contributes a systematic synthesis and critical evaluation of PaLM-E’s capabilities, highlighting its zero-shot generalization, long-horizon task planning, and multimodal reasoning through comparative analysis with existing vision–language and robotic frameworks. In parallel, the study analyzes Parameter-Efficient Fine-Tuning (PEFT) strategies—focusing on Low-Rank Adaptation (LoRA) and Quantized Low-Rank Adaptat",2026,Journal of Artificial Intelligence & Control Systems,,10.66967/jaics.2026.v2i103,,https://doi.org/10.66967/jaics.2026.v2i103,crossref,vision language action model limitation robotics,hostile,failure,,,vision language action model; limitation; generalization; deployment; long horizon,2026-06-12T14:45:03Z,11.650,20.650
doi:10.1108/ria-02-2023-0018,Implicit contact-rich manipulation planning for a manipulator with insufficient payload,"Purpose This paper aims to study using a mobile manipulator with a collaborative robotic arm component to manipulate objects beyond the robot’s maximum payload. Design/methodology/approach This paper proposes a single-short probabilistic roadmap-based method to plan and optimize manipulation motion with environment support. The method uses an expanded object mesh model to examine contact and randomly explores object motion while keeping contact and securing affordable grasping force. It generates robotic motion trajectories after obtaining object motion using an optimization-based algorithm. With the proposed method’s help, the authors plan contact-rich manipulation without particularly analyzing an object’s contact modes and their transitions. The planner and optimizer determine them automatically. Findings The authors conducted experiments and analyses using simulations and real-world ",2023,Robotic Intelligence and Automation,Kento Nakatsuru; Weiwei Wan; Kensuke Harada,10.1108/ria-02-2023-0018,,https://doi.org/10.1108/ria-02-2023-0018,crossref,contact rich manipulation learning,concept,contact,,7,contact rich manipulation,2026-06-12T14:45:03Z,19.640,20.640
doi:10.21203/rs.3.rs-9525948/v1,"Domain-Generalizable Emotion Recognition across Social Media, Sitcom Dialogues, and Online Video Transcripts via Large Language Model-Guided Invariant Emotion Explanations","Abstract Emotion recognition models typically assume that training and test data are drawn from the same domain, yet real-world deployment requires generalization across heterogeneous text sources such as social media comments, scripted dialogues, and spontaneous video transcripts. This study investigates whether large language models can improve cross-domain emotion generalization by generating structured, domain-invariant emotion explanations rather than direct classification labels. Using only three publicly available datasets—GoEmotions, MELD, and CMU-MOSEI—we harmonize their label spaces into a unified seven-emotion taxonomy and design a rigorous cross-domain evaluation protocol covering single-source transfer, multi-source domain generalization, and within-domain upper-bound experiments. The proposed framework, LIDER (Large Language Model-Guided Invariant Domain Emotion Recognition",,,Haiting Jia; Long Ye; Ming Guo,10.21203/rs.3.rs-9525948/v1,,https://doi.org/10.21203/rs.3.rs-9525948/v1,crossref,large language model limitation robot planning,anti_myopia,anti_thesis,,,limitation; generalization; ablation; deployment; large language model limitation robot planning,2026-06-12T15:07:36Z,11.600,20.600
arxiv:2503.16806v2,DyWA: Dynamics-adaptive World Action Model for Generalizable Non-prehensile Manipulation,"Nonprehensile manipulation is crucial for handling objects that are too thin, large, or otherwise ungraspable in unstructured environments. While conventional planning-based approaches struggle with complex contact modeling, learning-based methods have recently emerged as a promising alternative. However, existing learning-based approaches face two major limitations: they heavily rely on multi-view cameras and precise pose tracking, and they fail to generalize across varying physical conditions, such as changes in object mass and table friction. To address these challenges, we propose the Dynamics-Adaptive World Action Model (DyWA), a novel framework that enhances action learning by jointly predicting future states while adapting to dynamics variations based on historical trajectories. By unifying the modeling of geometry, state, physics, and robot actions, DyWA enables more robust polic",2025,arXiv,Jiangran Lyu; Ziming Li; Xuesong Shi; Chaoyi Xu; Yizhou Wang; He Wang,,2503.16806v2,http://arxiv.org/abs/2503.16806v2,arxiv,adaptive world action model robot,concept,wam,,,world action model; adaptive world action model; limitation; robustness; partial observability,2026-06-12T14:45:03Z,18.550,20.550
doi:10.1177/0278364906063979,Motion Planning of Multi-Limbed Robots Subject to Equilibrium Constraints: The Free-Climbing Robot Problem,"This paper addresses the problem of planning the motion of a multilimbed robot in order to “free-climb” vertical rock surfaces. Freeclimbing only relies on frictional contact with the surfaces rather than on special fixtures or tools like pitons. It requires strength, but more importantly it requires deliberate reasoning: not only must the robot decide how to adjust its posture to reach the next feature without falling, it must plan an entire sequence of steps, where each one might have future consequences. In this paper, this process of reasoning is broken into manageable pieces by decomposing a freeclimbing robot's configuration space into manifolds associated with each state of contact between the robot and its environment. A multistep planning framework is presented that decides which manifolds to explore by generating a candidate sequence of hand and foot placements first. A one-ste",2006,The International Journal of Robotics Research,Timothy Bretl,10.1177/0278364906063979,,https://doi.org/10.1177/0278364906063979,crossref,task and motion planning robotics,anti_myopia,classic,,144,motion planning; task and motion planning,2026-06-12T15:07:36Z,16.438,20.438
doi:10.21203/rs.3.rs-9082476/v1,Systematic evaluation of single-cell foundation model interpretability reveals attention captures co-expression rather than unique regulatory signal,"Abstract Background : Single-cell foundation models such as scGPT and Geneformer are increasingly used for gene regulatory network (GRN) inference, with attention-derived edge scores routinely interpreted as regulatory proxies. However, whether attention patterns capture causal regulatory relationships—rather than statistical associations already present in expression data—has not been systematically tested. This gap is critical because the NLP interpretability literature has established that attention weights do not reliably indicate feature importance, yet this finding has not been rigorously evaluated in biological foundation models. Results : We present a systematic evaluation framework comprising thirty-seven analyses, 153 statistical tests, four cell types (K562, RPE1, T cells, iPSC neurons), and two perturbation modalities (CRISPRi, CRISPRa). Attention patterns encode layer-specif",,,Ihor Kendiukhov,10.21203/rs.3.rs-9082476/v1,,https://doi.org/10.21203/rs.3.rs-9082476/v1,crossref,robot foundation model failure mode,hostile,failure,,,robot foundation model; failure mode; ablation,2026-06-12T15:07:36Z,13.300,20.300
doi:10.1186/s10033-025-01216-8,"Fast, Safe and Robust Motion Planning for Autonomous Vehicles Based on Robust Control Invariant Tubes","Abstract This paper tackles uncertainties between planning and actual models. It extends the concept of RCI (robust control invariant) tubes, originally a parameterized representation of closed-loop control robustness in traditional feedback control, to the domain of motion planning for autonomous vehicles. Thus, closed-loop system uncertainty can be preemptively addressed during vehicle motion planning. This involves selecting collision-free trajectories to minimize the volume of robust invariant tubes. Furthermore, constraints on state and control variables are translated into constraints on the RCI tubes of the closed-loop system, ensuring that motion planning produces a safe and optimal trajectory while maintaining flexibility, rather than solely optimizing for the open-loop nominal model. Additionally, to expedite the solving process, we were inspired by $${\mathcal{L}}_{2}$$ L 2 ga",2025,Chinese Journal of Mechanical Engineering,Mingzhuo Zhao; Tong Shen; Fanxun Wang; Guodong Yin,10.1186/s10033-025-01216-8,,https://doi.org/10.1186/s10033-025-01216-8,crossref,sampling based motion planning,anti_myopia,anti_thesis,,3,motion planning; robustness; hysteresis; sampling based motion planning,2026-06-12T15:07:36Z,14.293,20.293
doi:10.3390/s20030939,Learning Mobile Manipulation through Deep Reinforcement Learning,"Mobile manipulation has a broad range of applications in robotics. However, it is usually more challenging than fixed-base manipulation due to the complex coordination of a mobile base and a manipulator. Although recent works have demonstrated that deep reinforcement learning is a powerful technique for fixed-base manipulation tasks, most of them are not applicable to mobile manipulation. This paper investigates how to leverage deep reinforcement learning to tackle whole-body mobile manipulation tasks in unstructured environments using only on-board sensors. A novel mobile manipulation system which integrates the state-of-the-art deep reinforcement learning algorithms with visual perception is proposed. It has an efficient framework decoupling visual perception from the deep reinforcement learning control, which enables its generalization from simulation training to real-world testing. E",2020,Sensors,Cong Wang; Qifeng Zhang; Qiyan Tian; Shuo Li; Xiaohui Wang; David Lane; Yvan Petillot; Sen Wang,10.3390/s20030939,,https://doi.org/10.3390/s20030939,crossref,contact rich manipulation learning,concept,contact,,84,contact rich manipulation; mobile manipulation; generalization,2026-06-12T15:07:36Z,18.221,20.221
arxiv:2605.27972v1,Simultaneous Contact Selection and Planning for Contact-Rich Manipulation with Cascaded Optimization,"We propose an optimization-based framework for robust contact-rich manipulation. Recent contact-implicit methods enable online hybrid planning across contact modes, allowing closed-loop manipulation for a given target state and contact location sequence of the robot and object. However, most existing approaches lack the ability to autonomously reason and generate diverse contact location sequences and manipulation trajectories, i.e., active contact location selection, which limits their applicability to relatively simple tasks. Active contact location selection is challenging due to complementarity in contact dynamics and the sparse gradients, making the design of a unified framework for contact selection and planning difficult. To address these challenges, we introduce Simultaneous Contact Selection and Planning (SCSP), a cascaded optimization framework comprising Contact Selection Opti",2026,arXiv,Zhe Zhang; Xingrong Diao; Haoxiang Liang; Han Yang; Bi-Ke Zhu; Dandan Zhang; Jiankun Wang,,2605.27972v1,http://arxiv.org/abs/2605.27972v1,arxiv,contact rich manipulation learning,concept,contact,,,contact rich manipulation; contact dynamics; generalization,2026-06-12T14:45:03Z,19.200,20.200
doi:10.1155/2010/581840,Prediction Control for Brachytherapy Robotic System,"In contemporary brachytherapy procedure, needle placement at desired location is challenging due to a variety of reasons. We have designed and fabricated an image-guided robot-assisted brachytherapy system to improve the needle placement and seed delivery. In this article we have used two different predictive control strategies in order to investigate the needle insertion efficacy and system dynamics during prostate brachytherapy. First, we used neural network predictive control (NNPC) to predict an insertion force. The NNPC uses the linearized state-space model of the robotic system to predict future system performances. Second, we used feedforward model predictive control (MPC) which allows the controller to compensate the influence of a measured disturbance's impact immediately rather than waiting until the effect appears in the system. Feedback control problem for the contact force r",2010,Journal of Robotics,Ivan Buzurovic; Tarun K. Podder; Yan Yu,10.1155/2010/581840,,https://doi.org/10.1155/2010/581840,crossref,classical control robotics,anti_myopia,anti_thesis,,11,model predictive control; classical control robotics,2026-06-12T15:07:36Z,15.192,20.192
doi:10.1177/02783649231188387,Optimizing contact patterns for robot locomotion via geometric mechanics,"Contact planning is crucial to the locomotion performance of robots: to properly self-propel forward, it is not only important to determine the sequence of internal shape changes (e.g., body bending and limb shoulder joint oscillation) but also the sequence by which contact is made and broken between the mechanism and its environment. Prior work observed that properly coupling contact patterns and shape changes allows for computationally tractable gait design and efficient gait performance. The state of the art, however, made assumptions, albeit motivated by biological observation, as to how contact and shape changes can be coupled. In this paper, we extend the geometric mechanics (GM) framework to design contact patterns. Specifically, we introduce the concept of “contact space” to the GM framework. By establishing the connection between velocities in shape and position spaces, we can e",2023,The International Journal of Robotics Research,Baxi Chong; Tianyu Wang; Lin Bo; Shengkai Li; Pranav C. Muthukrishnan; Juntao He; Daniel Irvine; Howie Choset; Grigoriy Blekherman; Daniel I. Goldman,10.1177/02783649231188387,,https://doi.org/10.1177/02783649231188387,crossref,geometric robotics,anti_myopia,anti_thesis,,6,geometric robotics,2026-06-12T15:07:36Z,17.173,20.173
arxiv:1812.01127v2,Learning to Predict Ego-Vehicle Poses for Sampling-Based Nonholonomic Motion Planning,"Sampling-based motion planning is an effective tool to compute safe trajectories for automated vehicles in complex environments. However, a fast convergence to the optimal solution can only be ensured with the use of problem-specific sampling distributions. Due to the large variety of driving situations within the context of automated driving, it is very challenging to manually design such distributions. This paper introduces therefore a data-driven approach utilizing a deep convolutional neural network (CNN): Given the current driving situation, future ego-vehicle poses can be directly generated from the output of the CNN allowing to guide the motion planner efficiently towards the optimal solution. A benchmark highlights that the CNN predicts future vehicle poses with a higher accuracy compared to uniform sampling and a state-of-the-art A*-based approach. Combining this CNN-guided samp",2018,arXiv,Holger Banzhaf; Paul Sanzenbacher; Ulrich Baumann; J. Marius Zöllner,,1812.01127v2,http://arxiv.org/abs/1812.01127v2,arxiv,sampling based motion planning,anti_myopia,anti_thesis,,,motion planning; benchmark; sampling based motion planning,2026-06-12T15:07:36Z,15.050,20.050
doi:10.1177/0278364908092463,Automatic Generation of High-level Contact State Space between 3D Curved Objects,"Information of high-level, topological contact states is useful and sometimes even necessary for a wide range of applications, from robotic tasks involving compliant motion to virtual prototyping and simulation. This paper addresses how to represent concisely and generate automatically graphs of contact states between 3D curved objects of a broad class, which may include smooth curved or planar surfaces. The approach is sound and complete if the step size of discretization is smaller than a finite threshold. By exploiting topological and geometrical constraints, it is also quite efficient. The implemented examples demonstrate the effectiveness of the approach.",2008,The International Journal of Robotics Research,Peng Tang; Jing Xiao,10.1177/0278364908092463,,https://doi.org/10.1177/0278364908092463,crossref,EBM transformer robotics contact rich manipulation,concept,architecture_x_embodiment,,14,EBM transformer robotics; contact rich manipulation,2026-06-12T15:07:36Z,20.004,20.004
doi:10.3390/su13052527,Assessment of Cubic Equations of State: Machine Learning for Rich Carbon-Dioxide Systems,"Carbon capture and storage (CCS) has attracted renewed interest in the re-evaluation of the equations of state (EoS) for the prediction of thermodynamic properties. This study also evaluates EoS for Peng–Robinson (PR) and Soave–Redlich–Kwong (SRK) and their capability to predict the thermodynamic properties of CO2-rich mixtures. The investigation was carried out using machine learning such as an artificial neural network (ANN) and a classified learner. A lower average absolute relative deviation (AARD) of 7.46% was obtained for the PR in comparison with SRK (AARD = 15.0%) for three components system of CO2 with N2 and CH4. Moreover, it was found to be 13.5% for PR and 19.50% for SRK in the five components’ (CO2 with N2, CH4, Ar, and O2) case. In addition, applying machine learning provided promise and valuable insight to deal with engineering problems. The implementation of machine learn",2021,Sustainability,George Truc; Nejat Rahmanian; Mahboubeh Pishnamazi,10.3390/su13052527,,https://doi.org/10.3390/su13052527,crossref,contact rich manipulation learning,concept,contact,,9,contact rich manipulation,2026-06-12T15:07:36Z,19.001,20.001
arxiv:2407.16976v1,Simultaneous Trajectory Optimization and Contact Selection for Contact-rich Manipulation with High-Fidelity Geometry,"Contact-implicit trajectory optimization (CITO) is an effective method to plan complex trajectories for various contact-rich systems including manipulation and locomotion. CITO formulates a mathematical program with complementarity constraints (MPCC) that enforces that contact forces must be zero when points are not in contact. However, MPCC solve times increase steeply with the number of allowable points of contact, which limits CITO's applicability to problems in which only a few, simple geometries are allowed to make contact. This paper introduces simultaneous trajectory optimization and contact selection (STOCS), as an extension of CITO that overcomes this limitation. The innovation of STOCS is to identify salient contact points and times inside the iterative trajectory optimization process. This effectively reduces the number of variables and constraints in each MPCC invocation. The",2024,arXiv,Mengchao Zhang; Devesh K. Jha; Arvind U. Raghunathan; Kris Hauser,,2407.16976v1,http://arxiv.org/abs/2407.16976v1,arxiv,contact rich manipulation learning,concept,contact,,,contact rich manipulation; limitation,2026-06-12T14:45:03Z,19.000,20.000
arxiv:2409.11146v3,MI-HGNN: Morphology-Informed Heterogeneous Graph Neural Network for Legged Robot Contact Perception,"We present a Morphology-Informed Heterogeneous Graph Neural Network (MI-HGNN) for learning-based contact perception. The architecture and connectivity of the MI-HGNN are constructed from the robot morphology, in which nodes and edges are robot joints and links, respectively. By incorporating the morphology-informed constraints into a neural network, we improve a learning-based approach using model-based knowledge. We apply the proposed MI-HGNN to two contact perception problems, and conduct extensive experiments using both real-world and simulated data collected using two quadruped robots. Our experiments demonstrate the superiority of our method in terms of effectiveness, generalization ability, model efficiency, and sample efficiency. Our MI-HGNN improved the performance of a state-of-the-art model that leverages robot morphological symmetry by 8.4% with only 0.21% of its parameters. A",2024,arXiv,Daniel Butterfield; Sandilya Sai Garimella; Nai-Jen Cheng; Lu Gan,,2409.11146v3,http://arxiv.org/abs/2409.11146v3,arxiv,Gaussian splatting robot perception contact rich manipulation,concept,architecture_x_embodiment,,,Gaussian splatting robot perception; contact rich manipulation; generalization; sample efficiency,2026-06-12T15:07:36Z,18.000,20.000
doi:10.3389/frobt.2021.785925,Mediating Between Contact Feasibility and Robustness of Trajectory Optimization Through Chance Complementarity Constraints,"As robots move from the laboratory into the real world, motion planning will need to account for model uncertainty and risk. For robot motions involving intermittent contact, planning for uncertainty in contact is especially important, as failure to successfully make and maintain contact can be catastrophic. Here, we model uncertainty in terrain geometry and friction characteristics, and combine a risk-sensitive objective with chance constraints to provide a trade-off between robustness to uncertainty and constraint satisfaction with an arbitrarily high feasibility guarantee. We evaluate our approach in two simple examples: a push-block system for benchmarking and a single-legged hopper. We demonstrate that chance constraints alone produce trajectories similar to those produced using strict complementarity constraints; however, when equipped with a robust objective, we show the chance co",2022,Frontiers in Robotics and AI,Luke Drnach; John Z. Zhang; Ye Zhao,10.3389/frobt.2021.785925,,https://doi.org/10.3389/frobt.2021.785925,crossref,contact dynamics robot learning,concept,contact,,5,contact dynamics; motion planning; benchmark; robustness,2026-06-12T15:07:36Z,13.946,19.946
arxiv:2511.04361v2,Causal Regime Detection in Energy Markets With Augmented Time Series Structural Causal Models,"Energy markets exhibit complex causal relationships between weather patterns, generation technologies, and price formation, with regime changes occurring continuously rather than at discrete break points. Current approaches model electricity prices without explicit causal interpretation or counterfactual reasoning capabilities. We introduce Augmented Time Series Causal Models (ATSCM) for energy markets, extending counterfactual reasoning frameworks to multivariate temporal data with learned causal structure. Our approach models energy systems through interpretable factors (weather, generation mix, demand patterns), rich grid dynamics, and observable market variables. We integrate neural causal discovery to learn time-varying causal graphs without requiring ground truth DAGs. Applied to real-world electricity price data, ATSCM enables novel counterfactual queries such as ""What would price",2025,arXiv,Dennis Thumm,,2511.04361v2,http://arxiv.org/abs/2511.04361v2,arxiv,causal robot world model,concept,architecture,,,robot world model; causal robot world model,2026-06-12T14:45:03Z,17.900,19.900
doi:10.1002/wjs.70360,"Perioperative Systemic Stress Phenotypes Predict Immune Recovery Failure, Molecular Residual Disease, and Long‐Term Outcomes After Colorectal Cancer Surgery: A Prospective Cohort Study","ABSTRACT Background A major surgery represents a profound psychoneuroendocrine stressor that elicits coordinated inflammatory, immune, and metabolic responses. Although acute stress‐related immune dysregulation is well‐recognized, whether the magnitude and persistence of perioperative systemic stress phenotypes are associated with immune recovery failure, molecular residual disease (MRD), and long‐term clinical outcomes, remains unclear. Methods In a prospective longitudinal cohort of 950 patients undergoing curative‐intent colorectal cancer surgery, we characterized perioperative systemic stress phenotypes using a multidomain, time‐structured Aging Shock Index (ASI). Conceptualized as an integrated perioperative stress‐response phenotype rather than a direct measure of biological aging, the ASI was derived from inflammatory, immune surveillance, and immunometabolic biomarkers measured p",2026,World Journal of Surgery,Shengjie Pan; Gang Wang,10.1002/wjs.70360,,https://doi.org/10.1002/wjs.70360,crossref,robot world model failure,anti_myopia,anti_thesis,,,robot world model; robot world model failure,2026-06-12T15:07:36Z,15.900,19.900
doi:10.1093/eurheartj/ehaf784.1288,SGLT2i and ARNI improve long-term heart failure outcomes: a multi-state model analysis from a real-world southeast asian cohort,"Abstract Background Early initiation of guideline-directed medical therapy (GDMT) plays a crucial role in modifying heart failure (HF) progression, yet real-world adoption of sodium-glucose co-transporter-2 inhibitors (SGLT2i) and angiotensin receptor-neprilysin inhibitors (ARNI) remains limited. While ARNI is primarily recommended for HF with reduced ejection fraction (HFrEF), SGLT2i has shown benefits across all HF phenotypes, including HF with preserved ejection fraction (HFpEF) and HF with mildly reduced ejection fraction (HFmrEF). This study aimed to compare the long-term effects of early SGLT2i and ARNI use versus traditional GDMT in preventing hospitalizations and mortality in a real-world HF population using a multi-state model. Methods This retrospective cohort study analyzed 10,873 HF patients from a real-world Southeast Asian database (2010–2024), excluding those without HF-sp",2025,European Heart Journal,P Amornritvanich; C Ratanatharathorn; A Tansawet; T Yingchoncharoen; P Looareesuwan; A Pattanateepapon; J Attia; G J Mckay; A Thakkinstian,10.1093/eurheartj/ehaf784.1288,,https://doi.org/10.1093/eurheartj/ehaf784.1288,crossref,robot world model failure,anti_myopia,anti_thesis,,,robot world model; robot world model failure,2026-06-12T15:07:36Z,14.900,19.900
doi:10.1093/eurheartj/ehaf784.1477,Progression of heart failure and the impact of recurrent hospitalizations: a multi-state model analysis from a real-world southeast asian cohort,"Abstract Background Heart failure (HF) is a progressive condition characterized by recurrent hospitalizations and high mortality. While early intervention with guideline-directed medical therapy (GDMT) can improve outcomes, the natural trajectory of HF remains poorly understood in real-world settings. Each hospitalization event may increase the probability of future hospitalizations and mortality, yet limited studies have quantified this risk. This study aimed to assess the progression of HF and the cumulative impact of recurrent hospitalizations on mortality using a multi-state model approach in a large real-world cohort. Methods This retrospective cohort study included 12,157 HF patients from 2010 to 2024, stratified by HF subtype: HF with reduced ejection fraction (HFrEF, 17.1%), HF with mildly reduced ejection fraction (HFmrEF, 11.9%), and HF with preserved ejection fraction (HFpEF, ",2025,European Heart Journal,P Amornritvanich; C Ratanatharathorn; A Tansawet; P Looareesuwan; A Pattanateepapon; T Yingchoncharoen; J Attia; G Mckay; A Thakkinstian,10.1093/eurheartj/ehaf784.1477,,https://doi.org/10.1093/eurheartj/ehaf784.1477,crossref,robot world model failure,anti_myopia,anti_thesis,,,robot world model; robot world model failure,2026-06-12T15:07:36Z,14.900,19.900
doi:10.58256/rjah.v4i1.1247,Global trends in world politics as a limitation of the foreign policy maneuvers of the state,"This article aims to analyze the global trends in political development and the state's position in the international relations matrix, with a special focus on the importance of choosing a development model for the state, particularly in terms of European and Euro-Atlantic foreign policy vectors. This study employs a descriptive analytical research design. The data were gathered from a comprehensive review of relevant literature on globalization, deglobalization, European integration, and Euro-Atlantic development. The research finds that globalization is a megatrend that has significant implications for the present world order. The increasing influence of post-modern structures, such as transnational corporations, and the global digitalization in all spheres of life of society, especially during pandemics, have accelerated global processes and are viewed as tools for sustainable develop",2023,Research Journal in Advanced Humanities,Vadym Markitantov; Olga Vinnichuk; Tetiana Grubi; Oleksandr Rybshchun; Vasyl Chabanov,10.58256/rjah.v4i1.1247,,https://doi.org/10.58256/rjah.v4i1.1247,crossref,diffusion policy limitation robot manipulation,hostile,failure,,,diffusion policy; robot manipulation; limitation; diffusion policy limitation,2026-06-12T15:07:36Z,14.900,19.900
arxiv:2606.11184v1,TacForeSight: Force-Guided Tactile World Model for Contact-Rich Manipulation,"Contact-rich manipulation requires robots to continuously perceive and regulate evolving physical interactions under dynamic contact transitions or complex surface geometries. Recent imitation learning methods improve contact-aware control by incorporating tactile or force feedback, but they rarely model the asymmetric spatiotemporal roles of global force and local tactile sensing. To address this, we propose TacForeSight, a lightweight force-conditioned tactile foresight framework for real-time manipulation. The core component is TacForceWM, a tactile world model that predicts short-horizon tactile latent dynamics from dual-finger tactile observations conditioned on high-frequency wrist force and torque signals. Another key component, the Predictive Tactile-Conditioned Policy, leverages the predicted latents as anticipatory contact priors, models the current-to-future tactile evolution ",2026,arXiv,Yujie Zang; Yuhang Zheng; Xian Nie; Yupeng Zheng; Shuai Tian; Songen Gu; Chen Gao; Zining Wang; Shuicheng Yan; Wenchao Ding,,2606.11184v1,http://arxiv.org/abs/2606.11184v1,arxiv,contact rich manipulation learning,concept,contact,,,contact rich manipulation; imitation learning,2026-06-12T14:45:03Z,19.850,19.850
arxiv:2508.19851v1,Tracking World States with Language Models: State-Based Evaluation Using Chess,"Large Language Models (LLMs) exhibit emergent capabilities in structured domains, suggesting they may implicitly internalize high-fidelity representations of world models. While probing techniques have shown promising signs of this in scientific and game-based settings, they rely on model-specific internal activations, which limit interpretability and generalizability. In this work, we propose a model-agnostic, state-based evaluation framework using chess as a benchmark to assess whether LLMs preserve the semantics of structured environments. Our method analyzes the downstream legal move distributions (state affordances) to estimate semantic fidelity between predicted and actual game states. This approach offers a more meaningful evaluation than conventional string-based metrics by aligning more closely with the strategic and rule-governed nature of chess. Experimental results demonstrat",2025,arXiv,Romain Harang; Jason Naradowsky; Yaswitha Gujju; Yusuke Miyao,,2508.19851v1,http://arxiv.org/abs/2508.19851v1,arxiv,robot world models manipulation,concept,world_models,,,robot world model; limitation; benchmark,2026-06-12T14:45:03Z,16.850,19.850
arxiv:2603.28545v1,ManipArena: Comprehensive Real-world Evaluation of Reasoning-Oriented Generalist Robot Manipulation,"Vision-Language-Action (VLA) models and world models have recently emerged as promising paradigms for general-purpose robotic intelligence, yet their progress is hindered by the lack of reliable evaluation protocols that reflect real-world deployment. Existing benchmarks are largely simulator-centric, which provide controllability but fail to capture the reality gap caused by perception noise, complex contact dynamics, hardware constraints, and system latency. Moreover, fragmented real-world evaluations across different robot platforms prevent fair and reproducible comparison. To address these challenges, we introduce ManipArena, a standardized evaluation framework designed to bridge simulation and real-world execution. ManipArena comprises 20 diverse tasks across 10,812 expert trajectories emphasizing reasoning-oriented manipulation tasks requiring semantic and spatial reasoning, suppor",2026,arXiv,Yu Sun; Meng Cao; Ping Yang; Rongtao Xu; Yunxiao Yan; Runze Xu; Liang Ma; Roy Gan; Andy Zhai; Qingxuan Chen; Zunnan Xu; Hao Wang; Jincheng Yu; Lucy Liang; Qian Wang; Ivan Laptev; Ian D Reid; Xiaodan Liang,,2603.28545v1,http://arxiv.org/abs/2603.28545v1,arxiv,robot world models manipulation,concept,world_models,,,robot world model; robot manipulation; mobile manipulation; contact dynamics; benchmark; generalization; out of distribution; deployment; real world evaluation; long horizon; latency,2026-06-12T14:45:03Z,13.850,19.850
arxiv:2509.19480v1,OmniVLA: An Omni-Modal Vision-Language-Action Model for Robot Navigation,"Humans can flexibly interpret and compose different goal specifications, such as language instructions, spatial coordinates, or visual references, when navigating to a destination. In contrast, most existing robotic navigation policies are trained on a single modality, limiting their adaptability to real-world scenarios where different forms of goal specification are natural and complementary. In this work, we present a training framework for robotic foundation models that enables omni-modal goal conditioning for vision-based navigation. Our approach leverages a high-capacity vision-language-action (VLA) backbone and trains with three primary goal modalities: 2D poses, egocentric images, and natural language, as well as their combinations, through a randomized modality fusion strategy. This design not only expands the pool of usable datasets but also encourages the policy to develop rich",2025,arXiv,Noriaki Hirose; Catherine Glossop; Dhruv Shah; Sergey Levine,,2509.19480v1,http://arxiv.org/abs/2509.19480v1,arxiv,vision language action model limitation robotics,hostile,failure,,,vision language action model; limitation; generalization; robustness,2026-06-12T14:45:03Z,11.850,19.850
doi:10.1109/cvpr52733.2024.01750,Learning Object State Changes in Videos: An Open-World Perspective,,2024,2024 IEEE/CVF Conference on Computer Vision and Pattern Recognition (CVPR),Zihui Xue; Kumar Ashutosh; Kristen Grauman,10.1109/cvpr52733.2024.01750,,https://doi.org/10.1109/cvpr52733.2024.01750,crossref,object centric world model,concept,architecture,,17,object centric world model,2026-06-12T15:07:36Z,19.845,19.845
arxiv:2302.13212v1,Implicit Contact-Rich Manipulation Planning for a Manipulator with Insufficient Payload,"This paper uses a mobile manipulator with a collaborative robotic arm to manipulate objects beyond the robot's maximum payload. It proposes a single-shot probabilistic roadmap-based method to plan and optimize manipulation motion with environment support. The method uses an expanded object mesh model to examine contact and randomly explores object motion while keeping contact and securing affordable grasping force. It generates robotic motion trajectories after obtaining object motion using an optimization-based algorithm. With the proposed method's help, we can plan contact-rich manipulation without particularly analyzing an object's contact modes and their transitions. The planner and optimizer determine them automatically. We conducted experiments and analyses using simulations and real-world executions to examine the method's performance. It can successfully find manipulation motion ",2023,arXiv,Kento Nakatsuru; Weiwei Wan; Kensuke Harada,,2302.13212v1,http://arxiv.org/abs/2302.13212v1,arxiv,contact rich manipulation learning,concept,contact,,,contact rich manipulation,2026-06-12T14:45:03Z,18.800,19.800
arxiv:2606.09630v1,ReCoVLA: VLM-Guided Reward Compilation for Failure Recovery in Vision-Language-Action Policies,"Vision-language-action (VLA) policies provide strong priors for language-conditioned manipulation, but remain brittle in off-nominal states requiring targeted recovery. We propose ReCoVLA -- a failure-conditioned residual recovery framework that keeps a pretrained VLA policy frozen, uses an external vision-language model (VLM) to infer the failure mode and recovery stage, and compiles a structured reward from task-relevant components. Rather than using the VLM to generate actions or rewards directly, ReCoVLA uses it as a semantic reward selector: it predicts a recovery descriptor and reward mask for in-simulation residual-policy training, followed by zero-shot sim-to-real deployment of the trained recovery policies. This decouples high-level failure understanding from low-level corrective control to support different VLAs. Experiments across short-horizon, long-horizon, and contact-rich ",2026,arXiv,Haodi Hu; Chung-Ta Huang; Jing Liu; Ye Wang; Kei Suzuki; Matthew Brand; Toshiaki Koike-Akino,,2606.09630v1,http://arxiv.org/abs/2606.09630v1,arxiv,vision language action model failure,anti_myopia,anti_thesis,,,vision language action model; contact rich manipulation; failure mode; deployment; long horizon; vision language action model failure,2026-06-12T15:07:36Z,13.800,19.800
doi:10.1146/annurev-control-053018-023717,Formal Methods for Control Synthesis: An Optimization Perspective,"In control theory, complicated dynamics such as systems of (nonlinear) differential equations are controlled mostly to achieve stability. This fundamental property, which can be with respect to a desired operating point or a prescribed trajectory, is often linked with optimality, which requires minimizing a certain cost along the trajectories of a stable system. In formal verification (model checking), simple systems, such as finite-state transition graphs that model computer programs or digital circuits, are checked against rich specifications given as formulas of temporal logics. The formal synthesis problem, in which the goal is to synthesize or control a finite system from a temporal logic specification, has recently received increased interest. In this article, we review some recent results on the connection between optimal control and formal synthesis. Specifically, we focus on the",2019,"Annual Review of Control, Robotics, and Autonomous Systems",Calin Belta; Sadra Sadraddini,10.1146/annurev-control-053018-023717,,https://doi.org/10.1146/annurev-control-053018-023717,crossref,hybrid systems robot control manipulation,anti_myopia,control,,113,hybrid systems; limitation,2026-06-12T15:07:36Z,14.768,19.768
doi:10.1016/j.ensm.2024.103350,Improved interfacial contact and electrochemical performance of highly Ni-rich LiNixCoyMn1-x-yO2 (x>90%) cathode in all-solid-state lithium battery,,2024,Energy Storage Materials,Rongzheng Tian; Shan Yin; Zhenyu Wang; Kai Liu; Lianqi Zhang; Lingyun Zhu,10.1016/j.ensm.2024.103350,,https://doi.org/10.1016/j.ensm.2024.103350,crossref,contact rich manipulation learning,concept,contact,,14,contact rich manipulation,2026-06-12T15:07:36Z,19.754,19.754
doi:10.1109/lra.2024.3375257,Continuous Object State Recognition for Cooking Robots Using Pre-Trained Vision-Language Models and Black-box Optimization,"The state recognition of the environment and objects by robots is generally based on the judgement of the current state as a classification problem. On the other hand, state changes of food in cooking happen continuously and need to be captured not only at a certain time point but also continuously over time. In addition, the state changes of food are complex and cannot be easily described by manual programming. Therefore, we propose a method to recognize the continuous state changes of food for cooking robots through the spoken language using pre-trained large-scale vision-language models. By using models that can compute the similarity between images and texts continuously over time, we can capture the state changes of food while cooking. We also show that by adjusting the weighting of each text prompt based on fitting the similarity changes to a sigmoid function and then performing bl",2024,arXiv,Kento Kawaharazuka; Naoaki Kanazawa; Yoshiki Obinata; Kei Okada; Masayuki Inaba,10.1109/lra.2024.3375257,2403.08239v1,http://arxiv.org/abs/2403.08239v1,arxiv,vision language action model limitation robotics,hostile,failure,,,vision language action model; limitation,2026-06-12T14:45:03Z,14.650,19.650
doi:10.65109/robu3078,State Supervised Steering Function for Sampling-based Kinodynamic Planning,"Sampling-based motion planners such as RRT* and BIT*, when applied to kinodynamic motion planning, rely on steering functions to generate time-optimal solutions connecting sampled states. Implementing exact steering functions requires either analytical solutions to the time-optimal control problem, or nonlinear programming (NLP) solvers to solve the boundary value problem given the system's kinodynamic equations. Unfortunately, analytical solutions are unavailable for many real-world domains, and NLP solvers are prohibitively computationally expensive, hence fast and optimal kinodynamic motion planning remains an open problem. We provide a solution to this problem by introducing State Supervised Steering Function (S3F), a novel approach to learn time-optimal steering functions. S3F is able to produce near-optimal solutions to the steering function orders of magnitude faster than its NLP ",2022,International Joint Conference on Autonomous Agents and Multiagent Systems Proceedings of the Third International Joint Conference on Autonomous Agents and Multiagent Systems - Volume 1,Pranav Atreya; Joydeep Biswas,10.65109/robu3078,,https://doi.org/10.65109/robu3078,crossref,sampling based motion planning,anti_myopia,anti_thesis,,,motion planning; sampling based motion planning,2026-06-12T15:07:36Z,13.650,19.650
doi:10.1146/annurev-control-061520-010504,Factor Graphs: Exploiting Structure in Robotics,"Many estimation, planning, and optimal control problems in robotics have an optimization problem at their core. In most of these optimization problems, the objective to be maximized or minimized is composed of many different factors or terms that are local in nature—that is, they depend only on a small subset of the variables. A particularly insightful way of modeling this locality structure is to use the concept of factor graphs, a bipartite graphical model in which factors represent functions on subsets of variables. Factor graphs can represent a wide variety of problems across robotics, expose opportunities to improve computational performance, and are beneficial in designing and thinking about how to model a problem, even aside from performance considerations. I discuss each of these three aspects in detail and review several state-of-the-art robotics applications in which factor gra",2021,"Annual Review of Control, Robotics, and Autonomous Systems",Frank Dellaert,10.1146/annurev-control-061520-010504,,https://doi.org/10.1146/annurev-control-061520-010504,crossref,hybrid systems robot control manipulation,anti_myopia,control,,79,hybrid systems,2026-06-12T15:07:36Z,15.641,19.641
arxiv:2402.01617v1,A GP-based Robust Motion Planning Framework for Agile Autonomous Robot Navigation and Recovery in Unknown Environments,"For autonomous mobile robots, uncertainties in the environment and system model can lead to failure in the motion planning pipeline, resulting in potential collisions. In order to achieve a high level of robust autonomy, these robots should be able to proactively predict and recover from such failures. To this end, we propose a Gaussian Process (GP) based model for proactively detecting the risk of future motion planning failure. When this risk exceeds a certain threshold, a recovery behavior is triggered that leverages the same GP model to find a safe state from which the robot may continue towards the goal. The proposed approach is trained in simulation only and can generalize to real world environments on different robotic platforms. Simulations and physical experiments demonstrate that our framework is capable of both predicting planner failures and recovering the robot to states whe",2024,arXiv,Nicholas Mohammad; Jacob Higgins; Nicola Bezzo,,2402.01617v1,http://arxiv.org/abs/2402.01617v1,arxiv,task and motion planning robotics,anti_myopia,classic,,,motion planning; task and motion planning,2026-06-12T15:07:36Z,13.600,19.600
arxiv:2511.20156v1,Map-World: Masked Action planning and Path-Integral World Model for Autonomous Driving,"Motion planning for autonomous driving must handle multiple plausible futures while remaining computationally efficient. Recent end-to-end systems and world-model-based planners predict rich multi-modal trajectories, but typically rely on handcrafted anchors or reinforcement learning to select a single best mode for training and control. This selection discards information about alternative futures and complicates optimization. We propose MAP-World, a prior-free multi-modal planning framework that couples masked action planning with a path-weighted world model. The Masked Action Planning (MAP) module treats future ego motion as masked sequence completion: past waypoints are encoded as visible tokens, future waypoints are represented as mask tokens, and a driving-intent path provides a coarse scaffold. A compact latent planning state is expanded into multiple trajectory queries with injec",2025,arXiv,Bin Hu; Zijian Lu; Haicheng Liao; Chengran Yuan; Bin Rao; Yongkang Li; Guofa Li; Zhiyong Cui; Cheng-zhong Xu; Zhenning Li,,2511.20156v1,http://arxiv.org/abs/2511.20156v1,arxiv,world action model,concept,architecture,,,world action model; motion planning; latency,2026-06-12T15:07:36Z,18.550,19.550
arxiv:2510.17439v3,From Spatial to Actions: Grounding Vision-Language-Action Model in Spatial Foundation Priors,"Existing vision-language-action (VLA) models act in 3D real-world but are typically built on 2D encoders, leaving a spatial reasoning gap that limits generalization and adaptability. Recent 3D integration techniques for VLAs either require specialized sensors and transfer poorly across modalities, or inject weak cues that lack geometry and degrade vision-language alignment. In this work, we introduce FALCON (From Spatial to Action), a novel paradigm that injects rich 3D spatial tokens into the action head. FALCON leverages spatial foundation models to deliver strong geometric priors from RGB alone, and includes an Embodied Spatial Model that can optionally fuse depth, or pose for higher fidelity when available, without retraining or architectural changes. To preserve language reasoning, spatial tokens are consumed by a Spatial-Enhanced Action Head rather than being concatenated into the ",2025,arXiv,Zhengshen Zhang; Hao Li; Yalun Dai; Zhengbang Zhu; Lei Zhou; Chenchen Liu; Dong Wang; Francis E. H. Tay; Sijin Chen; Ziwei Liu; Yuxiao Liu; Xinghang Li; Pan Zhou,,2510.17439v3,http://arxiv.org/abs/2510.17439v3,arxiv,robot foundation model vision language action,concept,vla,,,vision language action model; robot foundation model; limitation; benchmark; generalization,2026-06-12T14:45:03Z,15.550,19.550
doi:10.2139/ssrn.6731995,EntKGBench: A Benchmark for Evaluating Large Language Model Reasoning on Real-World Enterprise Knowledge Graphs,"Current benchmarks for evaluating graph reasoning in Large Language Models (LLMs) predominantly utilize pre-constructed, idealized graphs, thereby omitting the structural complexity inherent in enterprise environments. To bridge this gap, we introduce EntKGBench (Enterprise Knowledge Graph Benchmark), an evaluation framework constructed from authentic enterprise records spanning Basic Graph Queries to Complex Algorithms to assess query-conditioned graph construction and multi-step reasoning. Our empirical analysis reveals a ``Cold Start&apos;&apos; Penalty: while frontier models perform adequately in zero-shot semantic retrieval, their performance drops significantly when required to extract relevant topological structures from noisy data to execute systematic algorithmic reasoning. Finally, we identify an ``Alignment Tax&apos;&apos; in Reinforcement Learning (RL) applied to graph reason",,,Yutian Yang,10.2139/ssrn.6731995,,https://doi.org/10.2139/ssrn.6731995,crossref,large language model limitation robot planning,anti_myopia,anti_thesis,,,limitation; benchmark; large language model limitation robot planning,2026-06-12T15:07:36Z,12.550,19.550
doi:10.7577/seminar.2369,Teacher education as design: technology-rich learning environments and trajectories,"Traditional school subjects are being challenged by the accelerating production and development of knowledge in all domains. This creates a need to educate student teachers not only to appropriate existing practices but to be prepared to take the initiative in designing and developing new ones. This paper examines the challenges that confront teacher education when both the amount of information and its complexity are increasing due to the growing use of technology. We argue first that we need a richer view of technology than is often found in decision documents and in some of the didactics literature. We then introduce the concept of design as both an analytical and a didactic concept that links technology-rich environments and learning trajectories to knowledge development. From an activity-theoretical perspective, we approach the notion of design as a key component in teacher educatio",2014,Seminar.net,Andreas Lund; Jonas Bakken; Kirsti Lyngvær Engelien,10.7577/seminar.2369,,https://doi.org/10.7577/seminar.2369,crossref,contact rich manipulation learning,concept,contact,,2,contact rich manipulation,2026-06-12T15:07:36Z,19.549,19.549
doi:10.1080/0886022x.2025.2496980,Factors influencing early renal function changes after SGLT2 inhibitors use and its long-term prognosis: a real-world retrospective study,,2025,Renal Failure,Bing Xie; Nan Ye; Guoqin Wang; Hong Cheng,10.1080/0886022x.2025.2496980,,https://doi.org/10.1080/0886022x.2025.2496980,crossref,robot world model failure,anti_myopia,anti_thesis,,1,robot world model; robot world model failure,2026-06-12T15:07:36Z,14.547,19.547
arxiv:2603.06987v1,Foundational World Models Accurately Detect Bimanual Manipulator Failures,"Deploying visuomotor robots at scale is challenging due to the potential for anomalous failures to degrade performance, cause damage, or endanger human life. Bimanual manipulators are no exception; these robots have vast state spaces comprised of high-dimensional images and proprioceptive signals. Explicitly defining failure modes within such state spaces is infeasible. In this work, we overcome these challenges by training a probabilistic, history informed, world model within the compressed latent space of a pretrained vision foundation model (NVIDIA's Cosmos Tokenizer). The model outputs uncertainty estimates alongside its predictions that serve as non-conformity scores within a conformal prediction framework. We use these scores to develop a runtime monitor, correlating periods of high uncertainty with anomalous failures. To test these methods, we use the simulated Push-T environment ",2026,arXiv,Isaac R. Ward; Michelle Ho; Houjun Liu; Aaron Feldman; Joseph Vincent; Liam Kruse; Sean Cheong; Duncan Eddy; Mykel J. Kochenderfer; Mac Schwager,,2603.06987v1,http://arxiv.org/abs/2603.06987v1,arxiv,robot foundation model failure mode,hostile,failure,,,robot foundation model; failure detection; failure mode; benchmark; out of distribution,2026-06-12T14:45:03Z,12.500,19.500
doi:10.1167/19.10.52b,Updating Perception and Action Across Real-World Viewpoint Changes,,2019,Journal of Vision,Andrew Clement; James R Brockmole,10.1167/19.10.52b,,https://doi.org/10.1167/19.10.52b,crossref,vision language action model limitation robotics,hostile,failure,,,vision language action model; limitation,2026-06-12T15:07:36Z,13.400,19.400
doi:10.1063/1.4952293,An industrial robot singular trajectories planning based on graphs and neural networks,,2016,AIP Conference Proceedings,Adrian Łȩgowski; Michał Niezabitowski,10.1063/1.4952293,,https://doi.org/10.1063/1.4952293,crossref,robot world model failure planning,hostile,failure,,2,robot world model; industrial robot; robot world model failure,2026-06-12T15:07:36Z,15.349,19.349
doi:10.1016/j.coal.2021.103857,"Macromolecular structural changes in contact metamorphosed inertinite-rich coals from the No. 2 Seam, Witbank Coalfield (South Africa): Insights from petrography, NMR and XRD",,2021,International Journal of Coal Geology,Itumeleng V. Matlala; Ofentse M. Moroeng; Nicola J. Wagner,10.1016/j.coal.2021.103857,,https://doi.org/10.1016/j.coal.2021.103857,crossref,contact rich manipulation learning,concept,contact,,21,contact rich manipulation,2026-06-12T15:07:36Z,19.346,19.346
arxiv:2402.11871v6,From Real World to Logic and Back: Learning Generalizable Relational Concepts For Long Horizon Robot Planning,"Robots still lag behind humans in their ability to generalize from limited experience, particularly when transferring learned behaviors to long-horizon tasks in unseen environments. We present the first method that enables robots to autonomously invent symbolic, relational concepts directly from a small number of raw, unsegmented, and unannotated demonstrations. From these, the robot learns logic-based world models that support zero-shot generalization to tasks of far greater complexity than those in training. Our framework achieves performance on par with hand-engineered symbolic models, while scaling to execution horizons far beyond training and handling up to 18$\times$ more objects than seen during learning. The results demonstrate a framework for autonomously acquiring transferable symbolic abstractions from raw robot experience, contributing toward the development of interpretable,",2024,arXiv,Naman Shah; Jayesh Nagpal; Siddharth Srivastava,,2402.11871v6,http://arxiv.org/abs/2402.11871v6,arxiv,robot world model failure planning,hostile,failure,,,robot world model; generalization; long horizon; robot world model failure,2026-06-12T14:45:03Z,12.300,19.300
doi:10.3390/bdcc10050134,A Physically Regularized Control-Oriented State Model and Nonlinear Model Predictive Control Framework for an Ice Rink Refrigeration System,"Energy-intensive refrigeration systems require predictive models that remain informative under counterfactual control trajectories, not only on archived operation. This paper develops a control-oriented multi-step state model and a nonlinear model predictive control framework for an indoor ice-rink refrigeration system. Historical state, control, and exogenous variables are encoded jointly with an admissible future control trajectory, and a normalized thermal-balance residual is added to the training objective. A lightweight conditioned transformer predicts ice temperature, return-glycol temperature, supply-glycol temperature, and compressor power over a 30 min horizon. The selected weakly regularized model with regularization coefficient λphys= 0.001 decreases the normalized thermal-balance root-mean-square error on the horizon tail by 30.29% relative to the base model while increasing ",2026,Big Data and Cognitive Computing,Alexander A. Karmanov; Petr V. Nikitin,10.3390/bdcc10050134,,https://doi.org/10.3390/bdcc10050134,crossref,model predictive control manipulation,anti_myopia,anti_thesis,,,model predictive control; benchmark; model predictive control manipulation,2026-06-12T15:07:36Z,14.250,19.250
doi:10.62311/nesx/rb-978-81-998923-9-2,Knowledge Graph and Large Language Model–Based Systems for Accelerating Research and Development Services,"Abstract: This book develops an integrated blueprint for knowledge graph (KG) and large language model (LLM) systems that accelerate research and development (R&D) services across disciplines and jurisdictions. Rather than treating graphs and language models as separate technologies, the manuscript frames them as a coupled epistemic instrument: KGs provide structured, auditable semantics and constraints, while LLMs provide adaptive reasoning, synthesis, and communication under uncertainty. The argument proceeds from first principles of research design and uncertainty, through statistical modeling for explanation and causal inference, to machine learning for prediction and trustworthy generalization, and finally to engineering practices for scalable, reproducible analytics lifecycles. The book contributes research outputs in the form of conceptual frameworks, evaluation protocols, governa",2026,,Murali Krishna Pasupuleti,10.62311/nesx/rb-978-81-998923-9-2,,https://doi.org/10.62311/nesx/rb-978-81-998923-9-2,crossref,large language model limitation robot planning,anti_myopia,anti_thesis,,,limitation; generalization; reproducibility; large language model limitation robot planning,2026-06-12T15:07:36Z,11.250,19.250
arxiv:2605.27947v1,SANTS: A State-Adaptive Scheduler for World Action Models,"World Action Models (WAMs) improve robot manipulation by using video-based future representations to condition action generation. In pixel-space WAMs, however, the best action condition is not necessarily the fully denoised video. Controlled denoising-depth scans show that video refinement can reduce action error up to a state-dependent point, after which the gain may saturate or even reverse when late predictions become less action-relevant or physically unreliable. This suggests that action generation should use a state-dependent point along the video noise trajectory rather than a fixed terminal denoising depth. We introduce State-Adaptive Noise Trajectory Scheduler (SANTS), a lightweight scheduler for video-to-action diffusion policies. At each video decision point, SANTS reads the current video-state representation and noise level, then jointly predicts a cumulative stopping hazard ",2026,arXiv,Yirui Sun; Guangyu Zhuge; Keliang Liu; Jie Gu; Xinyu Bing; Zhongxue Gan; Chunxu Tian,,2605.27947v1,http://arxiv.org/abs/2605.27947v1,arxiv,adaptive world action model robot,concept,wam,,,world action model; adaptive world action model; robot manipulation; latency,2026-06-12T14:45:03Z,19.200,19.200
arxiv:2005.00227v1,Learning Compliance Adaptation in Contact-Rich Manipulation,"Compliant robot behavior is crucial for the realization of contact-rich manipulation tasks. In such tasks, it is important to ensure a high stiffness and force tracking accuracy during normal task execution as well as rapid adaptation and complaint behavior to react to abnormal situations and changes. In this paper, we propose a novel approach for learning predictive models of force profiles required for contact-rich tasks. Such models allow detecting unexpected situations and facilitates better adaptive control. The approach combines an anomaly detection based on Bidirectional Gated Recurrent Units (Bi-GRU) and an adaptive force/impedance controller. We evaluated the approach in simulated and real world experiments on a humanoid robot.The results show that the approach allow simultaneous high tracking accuracy of desired motions and force profile as well as the adaptation to force pertu",2020,arXiv,Jianfeng Gao; You Zhou; Tamim Asfour,,2005.00227v1,http://arxiv.org/abs/2005.00227v1,arxiv,contact rich manipulation learning,concept,contact,,,contact rich manipulation; humanoid robot; impedance control,2026-06-12T14:45:03Z,18.200,19.200
arxiv:2606.13672v1,"$\texttt{WEAVER}$, Better, Faster, Longer: An Effective World Model for Robotic Manipulation","The potential impacts of world models (WMs, i.e., learned simulators) on robotics are far-reaching -- policy evaluation, policy improvement, and test-time planning -- all with limited real-world interaction. To unlock these downstream capabilities, a WM needs to jointly satisfy three desiderata: $\textit{(i)}$ fidelity (i.e., producing simulated trajectories that correlate with reality), $\textit{(ii)}$ consistency (i.e., producing simulated trajectories that are coherent over long horizons), and $\textit{(iii)}$ efficiency (i.e., producing simulated trajectories quickly). We propose $\texttt{WEAVER}$ (World Estimation Across Views for Embodied Reasoning): a WM architecture that simultaneously achieves all three desiderata, providing state-of-the-art results on robotic manipulation tasks. $\texttt{WEAVER}$ is a multi-view WM trained to predict future latents and reward values via a flow-",2026,arXiv,Arnav Kumar Jain; Yilin Wu; Jesse Farebrother; Gokul Swamy; Andrea Bajcsy,,2606.13672v1,http://arxiv.org/abs/2606.13672v1,arxiv,robot world models manipulation,concept,world_models,,,robot world model; robot foundation model; out of distribution; long horizon,2026-06-12T14:45:03Z,16.200,19.200
arxiv:2605.27582v1,Uni-LaViRA: Language-Vision-Robot Actions Translation for Unified Embodied Navigation,"Embodied navigation requires an agent to map language and visual observations to a stream of spatial actions that drive a real robot through environments it has never seen. The dominant approach has been to scale vision-language-action (VLA) foundation models on ever-larger collections of robot trajectories. This paper argues that, for navigation specifically, generality can be obtained structurally, not only through data scale. The underlying decision structure of navigation reduces to a single Language-Vision-Robot Actions Translation. The language action emits semantic-level directional command and the vision action emits a pixel-level visual target. Both outputs lie inside the natural output manifold of pretrained multimodal large language models (MLLMs), so the task can be reasoned about by an agent rather than learned from robot data. Therefore, we present Uni-LaViRA, a unified age",2026,arXiv,Hongyu Ding; Sizhuo Zhang; Ziming Xu; Jinwen Guo; Hongxiu Liu; Xingzhi Cheng; Zixuan Chen; Haifei Qi; Duo Wang; Hao Xu; Jieqi Shi; Yifan Zhang; Jing Huo; Jian Cheng; Yang Gao; Jiebo Luo,,2605.27582v1,http://arxiv.org/abs/2605.27582v1,arxiv,vision language action model limitation robotics,hostile,failure,,,vision language action model; humanoid robot; limitation,2026-06-12T14:45:03Z,14.200,19.200
doi:10.1002/oca.2875,Maximum principle for stochastic optimal control problem of finite state forward‐backward stochastic difference systems,"Abstract This article studies the maximum principle for stochastic optimal control problems of forward‐backward stochastic difference systems (FBSSs) where the uncertainty is modeled by a discrete time, finite state process, rather than white noises. Two distinct forms of FBSSs are investigated. The first one is described by a partially coupled forward‐backward stochastic difference equation (FBSE) and the second one is described by a fully coupled FBSE. We deduce the adjoint difference equation by adopting an appropriate representation of the product rule and a proper formulation of the backward stochastic difference equation (BSE). Finally, the maximum principle for this optimal control problem with the convex control domain is established.",2022,Optimal Control Applications and Methods,Shaolin Ji; Haodong Liu,10.1002/oca.2875,,https://doi.org/10.1002/oca.2875,crossref,optimal control robot manipulation,anti_myopia,anti_thesis,,2,robot manipulation; optimal control robot manipulation,2026-06-12T15:07:36Z,14.199,19.199
doi:10.1109/icra46639.2022.9811675,Symbolic State Estimation with Predicates for Contact-Rich Manipulation Tasks,,2022,2022 International Conference on Robotics and Automation (ICRA),Toki Migimatsu; Wenzhao Lian; Jeannette Bohg; Stefan Schaal,10.1109/icra46639.2022.9811675,,https://doi.org/10.1109/icra46639.2022.9811675,crossref,contact rich manipulation learning,concept,contact,,9,contact rich manipulation; state estimation,2026-06-12T14:45:03Z,19.151,19.151
arxiv:2601.07821v1,Failure-Aware RL: Reliable Offline-to-Online Reinforcement Learning with Self-Recovery for Real-World Manipulation,"Post-training algorithms based on deep reinforcement learning can push the limits of robotic models for specific objectives, such as generalizability, accuracy, and robustness. However, Intervention-requiring Failures (IR Failures) (e.g., a robot spilling water or breaking fragile glass) during real-world exploration happen inevitably, hindering the practical deployment of such a paradigm. To tackle this, we introduce Failure-Aware Offline-to-Online Reinforcement Learning (FARL), a new paradigm minimizing failures during real-world reinforcement learning. We create FailureBench, a benchmark that incorporates common failure scenarios requiring human intervention, and propose an algorithm that integrates a world-model-based safety critic and a recovery policy trained offline to prevent failures during online exploration. Extensive simulation and real-world experiments demonstrate the effec",2026,arXiv,Huanyu Li; Kun Lei; Sheng Zang; Kaizhe Hu; Yongyuan Liang; Bo An; Xiaoli Li; Huazhe Xu,,2601.07821v1,http://arxiv.org/abs/2601.07821v1,arxiv,robot foundation model failure mode,hostile,failure,,,robot foundation model; failure mode; benchmark; generalization; robustness; deployment,2026-06-12T14:45:03Z,10.150,19.150
doi:10.1075/slsi.25.02for,Units and/or Action Trajectories?,"Responding to Sacks et al.’s 1974 call for linguists to join in the study of resources for turn construction, the authors of this chapter long ago took on turn formulation as an issue which linguists must account for. In this chapter, we return to this aspect of CA’s charge to linguists, noting that CA continues to borrow the meta-language of linguistic unit types which are based in a tradition that does not address the practices of humans in real-time and contingent social action. We experiment in grounding accounts of turn construction in action rather than linguistic-category types, offering two detailed analyses of utterances that emerge in ordinary interaction, avoiding dependence on linguistic categories. In line with longstanding trends in CA, we experiment in moving further toward a descriptive meta-language for turn construction based in the particulars of moments of naturally o",2013,Studies in Language and Social Interaction Units of Talk – Units of Action,Cecilia E. Ford; Barbara A. Fox; Sandra A. Thompson,10.1075/slsi.25.02for,,https://doi.org/10.1075/slsi.25.02for,crossref,vision language action model limitation robotics,hostile,failure,,33,vision language action model; limitation,2026-06-12T15:07:36Z,14.063,19.063
doi:10.1109/humanoids.2016.7803285,Robot Contact Task State Estimation via Action Grammars,"Uncertainty is a major difficulty in endowing robots with autonomy. Robots often fail due to unexpected events. In robot contact tasks are often design to empirically look for force thresholds to define state transitions in a Markov chain or finite state machines. Such design is prone to failure in unstructured environments, when due to external disturbances or erroneous models, such thresholds are met, and lead to state transitions that are false-positives. The focus of this paper is to perform high-level state estimation of robot behaviors and task output for robot contact tasks. Our approach encodes raw low-level 3D cartesian trajectories and converts them into a high level (HL) action grammars. Cartesian trajectories can be segmented and encoded in a way that their dynamic properties, or ""texture"" are preserved. Once an action grammar is generated, a classifier is trained to detect c",2016,arXiv,Juan Rojas; Zhengjie Huang; Kensuke Harada,10.1109/humanoids.2016.7803285,1609.04946v1,http://arxiv.org/abs/1609.04946v1,arxiv,adaptive world action model robot,concept,wam,,,world action model; adaptive world action model; state estimation; human robot interaction,2026-06-12T14:45:03Z,17.050,19.050
doi:10.3390/agronomy15010190,Organic Fertilization Leads to N Limitation Rather than P Limitation in Both Vegetable Soils,"Organic amendments are widely used to enhance soil fertility and nutrient cycling in greenhouse cultivation, but their effectiveness can vary depending on their origin and composition. This study investigated the impact of four organic materials (rice husk, coconut coir, biochar, and sheep manure) on nutrient cycling and enzyme activities in two of greenhouse tomato soils. The distribution of soil nutrients and enzyme activities was analyzed under controlled conditions during a pot experiment. The addition of organic amendments, regardless of their source, significantly altered the microbial resource allocation, reducing the carbon limitation while increasing the nitrogen demand. The effect on soil nutrient pools was largely determined by the chemical composition of the amendments. In clayey soils, biochar and rice husk additions most effectively promoted enzyme activities related to car",2025,Agronomy,Qingshan Li; Mengqian Xu; Lingying Xu; Xingwang Wu; Yuqin Zhang; Jia Xin; Yazhen Shen; Jichao Gao,10.3390/agronomy15010190,,https://doi.org/10.3390/agronomy15010190,crossref,diffusion policy limitation,anti_myopia,anti_thesis,,4,diffusion policy; limitation; diffusion policy limitation,2026-06-12T15:07:36Z,15.005,19.005
doi:10.1103/9gnh-89jd,Herglotz Lagrangian neural networks: Learning dissipative dynamics via contact variational principles,"Physics-informed machine learning has proven effective for learning conservative dynamical systems. However, most real-world systems are nonconservative, and current approaches typically handle dissipation through modifications or require access to full-state information. Here, we introduce the discrete Herglotz Lagrangian neural network (HLNN), a structure-preserving framework for learning a class of smooth dissipative dynamics from data. Grounded in the Herglotz variational principle, HLNN extends classical variational learning to dissipative systems by modeling dissipation intrinsically within a contact-geometric framework, without prescribing an explicit empirical dissipation law, and can be trained from position-only observations without explicit velocity supervision. Across benchmarks spanning state-dependent damping, time-modulated damping, and external driving, HLNN reliably reco",2026,Physical Review Research,Qi Huang; Jack Murdoch Moore; Ting-Ting Gao; Gang Yan,10.1103/9gnh-89jd,,https://doi.org/10.1103/9gnh-89jd,crossref,contact dynamics robot learning,concept,contact,,,contact dynamics; benchmark,2026-06-12T14:45:03Z,16.000,19.000
doi:10.63282/3050-9262.ijaidsml-v7i1p154,"Supervised, Unsupervised, and Semi-Supervised Learning: A Comparative Study for Real-World Adaptive Systems","Machine learning systems increasingly operate in dynamic, data-rich environments where labeled data is limited, data distributions evolve over time, and decisions must adapt to changing conditions. While supervised learning has traditionally dominated applied machine learning, unsupervised and semi-supervised approaches have gained importance in real-world adaptive systems. This paper presents a comparative study of supervised, unsupervised, and semi-supervised learning paradigms, focusing on their applicability, strengths, and limitations in practical deployment scenarios. Rather than emphasizing mathematical formulations, the paper highlights operational considerations such as data availability, scalability, interpretability, and adaptability. Through real-world examples drawn from enterprise platforms, cloud systems, and intelligent applications, this study provides guidance on select",2026,"International Journal of Artificial Intelligence, Data Science and Machine Learning",Rajender Reddy Muddam,10.63282/3050-9262.ijaidsml-v7i1p154,,https://doi.org/10.63282/3050-9262.ijaidsml-v7i1p154,crossref,real world robot learning deployment,concept,deployment,,,limitation; deployment,2026-06-12T15:07:36Z,16.000,19.000
doi:10.20944/preprints202604.0503.v1,Learning the Physical World from Videos: A Prospective Study on World Models,"World models aim to enable agents to perceive states, predict future outcomes, and reason for decision-making by simulating real-world environments, and are widely regarded as a crucial pathway toward artificial general intelligence (AGI). Video, as one of the most accessible and intuitively representative media of dynamic environments, naturally contains rich implicit representations of the physical world. Consequently, learning world models from videos has become a prominent research direction. However, a significant gap remains between video data and the real physical world: videos capture only superficial visual phenomena and lack explicit representations of three-dimensional structure, physical properties, and causal mechanisms. This limitation severely constrains the physical consistency and practical applicability of world models. Motivated by this, the present work provides a pro",,,Jiawei Li; Jiarui Yang; Peidong Liu; Shu-Tao Xia; Liang Lin,10.20944/preprints202604.0503.v1,,https://doi.org/10.20944/preprints202604.0503.v1,crossref,robot world models manipulation,concept,world_models,,,robot world model; limitation; benchmark; deployment,2026-06-12T15:07:36Z,14.000,19.000
doi:10.3390/agriculture15202170,A Deployment-Oriented Benchmarking of You Look Only Once (YOLO) Models for Orange Detection and Segmentation in Agricultural Robotics,"The deployment of autonomous robots is critical for advancing sustainable agriculture, but their effectiveness hinges on visual perception systems that can reliably operate in natural, real-world environments. Selecting an appropriate vision model for these robots requires a practical evaluation that extends beyond standard accuracy metrics to include critical deployment factors such as computational efficiency, energy consumption, and robustness to environmental disturbances. To address this need, this study presents a deployment-oriented benchmark of state-of-the-art You Look Only Once (YOLO)-based models for orange detection and segmentation. Following a systematic process, the selected models were evaluated on a unified public dataset, annotated to rigorously assess real-world challenges. Performance was compared across five key dimensions: (i) identification accurac, (ii) robustness",2025,Agriculture,Caner Beldek; Emre Sariyildiz; Gursel Alici,10.3390/agriculture15202170,,https://doi.org/10.3390/agriculture15202170,crossref,robotics,concept,crossref_bulk_robotics,,1,benchmark; robustness; deployment,2026-06-12T19:29:26Z,13.997,18.997
doi:10.1109/lra.2019.2928212,Planning Approximate Exploration Trajectories for Model-Free Reinforcement Learning in Contact-Rich Manipulation,,2019,IEEE Robotics and Automation Letters,Sabrina Hoppe; Zhongyu Lou; Daniel Hennes; Marc Toussaint,10.1109/lra.2019.2928212,,https://doi.org/10.1109/lra.2019.2928212,crossref,contact dynamics robot learning,concept,contact,,23,contact rich manipulation; contact dynamics,2026-06-12T14:45:03Z,18.989,18.989
doi:10.1177/26349825221082167,Ethics as first method: Reframing geographies at an(other) ending-of-the-world as co-motion,"Drawing inspiration from diverse Indigenous scholars and mentors, as well as Levinas’ advocacy of ‘ethics as first philosophy’, this article advocates a radical contextualist reframing of geographical research as needing to address the challenges targeted by this new peer review journal. Reframing our disciplinary challenges in this way might acknowledge the need to cast off the discipline’s Eurocentric (or more particularly, its Anglo-American) blinkers, and also many other taken-for-granted notions of philosophy, theory, models, methods and practice. Even the most critical geographies often start with the imperative to speak rather than listen, to direct rather than engage, to command rather than respond. In Geography, we aim literally to write the world. This article argues that transforming chaotic commotion to ethical co-motion invites deep listening across barriers of difference to",2022,Environment and Planning F,Richard Howitt,10.1177/26349825221082167,,https://doi.org/10.1177/26349825221082167,crossref,sampling based motion planning,anti_myopia,anti_thesis,,13,motion planning; sampling based motion planning,2026-06-12T15:07:36Z,14.970,18.970
doi:10.5708/ejmh.6.2011.2.3,Schools in a Media-Rich World : Opportunities and Constraints. ‘Changes of Environment’ in Civilisation and Informal Learning,The present study is an essay-like writing based partly on a – selective – review of the relevant literature and partly on the experiences gained during a multi-year university course. Its thematic foci are the following: mediated environment and learning; information vs. knowledge; the world of media with its values and models; ‘digital folklore’; and ‘homo informaticus’ as a new human race. It gives a description and analysis of the sources and background of new metaphors (such as ‘knowledge-based society’; ‘European Learning Space’ or the ‘European dimensions’ of education) appearing in teaching and learning environments. The study discusses the following questions: is the mediated environment an ‘agora’ for wider social dialogue or a tool for the massive manipulation of the masses? What is the role repertoire of the teacher in the new learning environment? What dynamics are at work i,2011,European Journal of Mental Health,László Tamás Szabó,10.5708/ejmh.6.2011.2.3,,https://doi.org/10.5708/ejmh.6.2011.2.3,crossref,contact rich manipulation learning,concept,contact,,,contact rich manipulation,2026-06-12T15:07:36Z,18.950,18.950
doi:10.1109/icra.2019.8793572,State Estimation in Contact-Rich Manipulation,,2019,2019 International Conference on Robotics and Automation (ICRA),Florian Wirnshofer; Philipp S. Schmitt; Philine Meister; Georg v. Wichert; Wolfram Burgard,10.1109/icra.2019.8793572,,https://doi.org/10.1109/icra.2019.8793572,crossref,contact rich manipulation learning,concept,contact,,20,contact rich manipulation; state estimation,2026-06-12T14:45:03Z,18.922,18.922
doi:10.1002/ejhf.1585,Heart Failure Around the World,"Abstract With increasingly large sample sizes required to demonstrate event reduction, heart failure outcome trials are no longer being performed in a small group of selected patients and countries, but at a global scale with worldwide contribution of patients from countries with considerable differences in background therapy, socioeconomic status and healthcare practices. Recent studies have highlighted how socioeconomic determinants rather than geographical factors may underlie the heterogeneity of patient populations across the globe. Therefore, in this review, we evaluated (i) regional differences in patient characteristics and outcomes in recent epidemiologic studies; (ii) regional differences in worldwide representativeness of clinical trial populations; and (iii) the role of socioeconomic determinants in driving country differences in heart failure trial enrolment and clinical out",2019,European Journal of Heart Failure,Jasper Tromp; João Pedro Ferreira; Satit Janwanishstaporn; Monica Shah; Barry Greenberg; Faiez Zannad; Carolyn S.P. Lam,10.1002/ejhf.1585,,https://doi.org/10.1002/ejhf.1585,crossref,robot world model failure,anti_myopia,anti_thesis,,81,robot world model; robot world model failure,2026-06-12T15:07:36Z,14.903,18.903
doi:10.2139/ssrn.6353339,Prompt-Guided Large Language Model for Estimating the State of Charge of Containerized Lithium-Ion Battery Energy Storage Systems,"To enhance long-term accuracy and generalization in state of charge (SOC) estimation for containerized lithium-ion battery energy storage systems, the prompt-driven large language model (LLM) paradigm fine-tuned with quantized low-rank adaptation (QLoRA) is proposed. Time-series voltage, current, and temperature profiles are first transcribed into naturallanguage question–answer pairs. A 1.5-billion-parameter DeepSeek model is then efficiently adapted via QLoRA without modifying its backbone, enabling lightweight deployment. The model is trained and validated on 82 days (118080 samples) of field data from an operational storage station. Under optimal hyperparameters, the proposed estimator achieves a root-meansquare error of only 1.15%, significantly outperforming existing benchmarks. Comprehensive robustness and stability evaluations demonstrate that the QLoRA-enhanced LLM maintains hig",,,Yunpeng Liu; zhiyu mao; Zhongwei Chen,10.2139/ssrn.6353339,,https://doi.org/10.2139/ssrn.6353339,crossref,large language model limitation robot planning,anti_myopia,anti_thesis,,,limitation; benchmark; generalization; robustness; deployment; large language model limitation robot planning,2026-06-12T15:07:36Z,9.900,18.900
arxiv:2605.17601v1,From a Single Demonstration to a General Policy for Contact-Rich Manipulation,"We present a Learning from Demonstration (LfD) framework that achieves one-shot generalization in multi-stage, contact-rich manipulation tasks. Central to our approach is the utilization of environmental constraints as the inductive bias. By representing a demonstration as a sequence of behaviors that exploit environmental constraints, the robot separates task-general structure -- the constraint types and their transitions -- from instance-specific details such as exact demonstration trajectories, poses, and local geometries. Our four-stage pipeline builds a complete policy on this representation: the robot first abstracts a single demonstration into environmental-constraint primitives, then disambiguates them through self-guided exploration, next assimilates targeted human corrections that handle out-of-distribution variations, and finally recovers the abstracted-away details online thr",2026,arXiv,Xing Li; Oliver Brock,,2605.17601v1,http://arxiv.org/abs/2605.17601v1,arxiv,contact rich manipulation learning,concept,contact,,,contact rich manipulation; contact dynamics; generalization; out of distribution,2026-06-12T14:45:03Z,16.850,18.850
arxiv:2603.29090v1,HCLSM: Hierarchical Causal Latent State Machines for Object-Centric World Modeling,"World models that predict future states from video remain limited by flat latent representations that entangle objects, ignore causal structure, and collapse temporal dynamics into a single scale. We present HCLSM, a world model architecture that operates on three interconnected principles: object-centric decomposition via slot attention with spatial broadcast decoding, hierarchical temporal dynamics through a three-level engine combining selective state space models for continuous physics, sparse transformers for discrete events, and compressed transformers for abstract goals, and causal structure learning through graph neural network interaction patterns. HCLSM introduces a two-stage training protocol where spatial reconstruction forces slot specialization before dynamics prediction begins. We train a 68M-parameter model on the PushT robotic manipulation benchmark from the Open X-Embod",2026,arXiv,Jaber Jaber; Osama Jaber,,2603.29090v1,http://arxiv.org/abs/2603.29090v1,arxiv,object centric world model,concept,architecture,,,object centric world model; benchmark,2026-06-12T14:45:03Z,16.850,18.850
arxiv:2602.16356v1,Articulated 3D Scene Graphs for Open-World Mobile Manipulation,"Semantics has enabled 3D scene understanding and affordance-driven object interaction. However, robots operating in real-world environments face a critical limitation: they cannot anticipate how objects move. Long-horizon mobile manipulation requires closing the gap between semantics, geometry, and kinematics. In this work, we present MoMa-SG, a novel framework for building semantic-kinematic 3D scene graphs of articulated scenes containing a myriad of interactable objects. Given RGB-D sequences containing multiple object articulations, we temporally segment object interactions and infer object motion using occlusion-robust point tracking. We then lift point trajectories into 3D and estimate articulation models using a novel unified twist estimation formulation that robustly estimates revolute and prismatic joint parameters in a single optimization pass. Next, we associate objects with e",2026,arXiv,Martin Büchner; Adrian Röfer; Tim Engelbracht; Tim Welschehold; Zuria Bauer; Hermann Blum; Marc Pollefeys; Abhinav Valada,,2602.16356v1,http://arxiv.org/abs/2602.16356v1,arxiv,3D scene understanding robot manipulation,concept,scene_understanding,,,robot manipulation; mobile manipulation; 3D scene understanding; limitation; occlusion; long horizon,2026-06-12T15:07:36Z,16.850,18.850
