uid,title,abstract,year,venue,authors,doi,arxiv_id,url,source,query,query_role,family,advisor_seed,citation_count,matched_terms,retrieved_at,relevance_score,hostile_score
arxiv:2603.19201v2,OmniVTA: Visuo-Tactile World Modeling for Contact-Rich Robotic Manipulation,"Contact-rich manipulation tasks, such as wiping and assembly, require accurate perception of contact forces, friction changes, and state transitions that cannot be reliably inferred from vision alone. Despite growing interest in visuo-tactile manipulation, progress is constrained by two persistent limitations: existing datasets are small in scale and narrow in task coverage, and current methods treat tactile signals as passive observations rather than using them to model contact dynamics or enable closed-loop control explicitly. In this paper, we present \textbf{OmniViTac}, a large-scale visuo-tactile-action dataset comprising $21{,}000+$ trajectories across $86$ tasks and $100+$ objects, organized into six physics-grounded interaction patterns. Building on this dataset, we propose \textbf{OmniVTA}, a world-model-based visuo-tactile manipulation framework that integrates four tightly cou",2026,arXiv,Yuhang Zheng; Songen Gu; Weize Li; Yupeng Zheng; Yujie Zang; Shuai Tian; Xiang Li; Ce Hao; Chen Gao; Si Liu; Haoran Li; Yilun Chen; Shuicheng Yan; Wenchao Ding,,2603.19201v2,http://arxiv.org/abs/2603.19201v2,arxiv,world action model robotics,concept,wam,,,world action model; contact rich manipulation; contact dynamics; limitation,2026-06-12T14:45:03Z,31.600,32.600
doi:10.1177/02783649241273645,Contact-implicit Model Predictive Control: Controlling diverse quadruped motions without pre-planned contact modes or trajectories,"This paper presents a contact-implicit model predictive control (MPC) framework for the real-time discovery of multi-contact motions, without predefined contact mode sequences or foothold positions. This approach utilizes the contact-implicit differential dynamic programming (DDP) framework, merging the hard contact model with a linear complementarity constraint. We propose the analytical gradient of the contact impulse based on relaxed complementarity constraints to further the exploration of a variety of contact modes. By leveraging a hard contact model-based simulation and computation of search direction through a smooth gradient, our methodology identifies dynamically feasible state trajectories, control inputs, and contact forces while simultaneously unveiling new contact mode sequences. However, the broadened scope of contact modes does not always ensure real-world applicability. R",2025,The International Journal of Robotics Research,Gijeong Kim; Dongyun Kang; Joon-Ha Kim; Seungwoo Hong; Hae-Won Park,10.1177/02783649241273645,,https://doi.org/10.1177/02783649241273645,crossref,EBM transformer robotics contact rich manipulation,concept,architecture_x_embodiment,,27,EBM transformer robotics; contact rich manipulation; model predictive control,2026-06-12T15:07:36Z,22.666,24.666
arxiv:2511.19955v2,ShapeForce: Low-Cost Soft Robotic Wrist for Contact-Rich Manipulation,"Contact feedback is essential for contact-rich robotic manipulation, as it allows the robot to detect subtle interaction changes and adjust its actions accordingly. Six-axis force-torque sensors are commonly used to obtain contact feedback, but their high cost and fragility have discouraged many researchers from adopting them in contact-rich tasks. To offer a more cost-efficient and easy-accessible source of contact feedback, we present ShapeForce, a low-cost, plug-and-play soft wrist that provides force-like signals for contact-rich robotic manipulation. Inspired by how humans rely on relative force changes in contact rather than precise force magnitudes, ShapeForce converts external force and torque into measurable deformations of its compliant core, which are then estimated via marker-based pose tracking and converted into force-like signals. Our design eliminates the need for calibra",2025,arXiv,Jinxuan Zhu; Zihao Yan; Yangyu Xiao; Jingxiang Guo; Chenrui Tie; Xinyi Cao; Yuhang Zheng; Lin Shao,,2511.19955v2,http://arxiv.org/abs/2511.19955v2,arxiv,contact rich manipulation learning,concept,contact,,,contact rich manipulation,2026-06-12T14:45:03Z,21.550,21.550
arxiv:2602.22088v2,Force Policy: Learning Hybrid Force-Position Control Policy under Interaction Frame for Contact-Rich Manipulation,"Contact-rich manipulation demands human-like integration of perception and force feedback: vision should guide task progress, while high-frequency interaction control must stabilize contact under uncertainty. Existing learning-based policies often entangle these roles in a monolithic network, trading off global generalization against stable local refinement, while control-centric approaches typically assume a known task structure or learn only controller parameters rather than the structure itself. In this paper, we formalize a physically grounded interaction frame, an instantaneous local basis that decouples force regulation from motion execution, and propose a method to recover it from demonstrations. Based on this, we address both issues by proposing Force Policy, a global-local vision-force policy in which a global policy guides free-space actions using vision, and upon contact, a hi",2026,arXiv,Hongjie Fang; Shirun Tang; Mingyu Mei; Haoxiang Qin; Zihao He; Jingjing Chen; Ying Feng; Chenxi Wang; Wanxi Liu; Zaixing He; Cewu Lu; Shiquan Wang,,2602.22088v2,http://arxiv.org/abs/2602.22088v2,arxiv,contact rich manipulation learning,concept,contact,,,contact rich manipulation; generalization,2026-06-12T14:45:03Z,21.550,23.550
arxiv:2601.10827v1,Approximately Optimal Global Planning for Contact-Rich SE(2) Manipulation on a Graph of Reachable Sets,"If we consider human manipulation, it is clear that contact-rich manipulation (CRM)-the ability to use any surface of the manipulator to make contact with objects-can be far more efficient and natural than relying solely on end-effectors (i.e., fingertips). However, state-of-the-art model-based planners for CRM are still focused on feasibility rather than optimality, limiting their ability to fully exploit CRM's advantages. We introduce a new paradigm that computes approximately optimal manipulator plans. This approach has two phases. Offline, we construct a graph of mutual reachable sets, where each set contains all object orientations reachable from a starting object orientation and grasp. Online, we plan over this graph, effectively computing and sequencing local plans for globally optimized motion. On a challenging, representative contact-rich task, our approach outperforms a leading",2026,arXiv,Simin Liu; Tong Zhao; Bernhard Paus Graesdal; Peter Werner; Jiuguang Wang; John Dolan; Changliu Liu; Tao Pang,,2601.10827v1,http://arxiv.org/abs/2601.10827v1,arxiv,contact rich manipulation learning,concept,contact,,,contact rich manipulation,2026-06-12T14:45:03Z,21.550,21.550
arxiv:2603.23497v1,WildWorld: A Large-Scale Dataset for Dynamic World Modeling with Actions and Explicit State toward Generative ARPG,"Dynamical systems theory and reinforcement learning view world evolution as latent-state dynamics driven by actions, with visual observations providing partial information about the state. Recent video world models attempt to learn this action-conditioned dynamics from data. However, existing datasets rarely match the requirement: they typically lack diverse and semantically meaningful action spaces, and actions are directly tied to visual observations rather than mediated by underlying states. As a result, actions are often entangled with pixel-level changes, making it difficult for models to learn structured world dynamics and maintain consistent evolution over long horizons. In this paper, we propose WildWorld, a large-scale action-conditioned world modeling dataset with explicit state annotations, automatically collected from a photorealistic AAA action role-playing game (Monster Hun",2026,arXiv,Zhen Li; Zian Meng; Shuwei Shi; Wenshuo Peng; Yuwei Wu; Bo Zheng; Chuanhao Li; Kaipeng Zhang,,2603.23497v1,http://arxiv.org/abs/2603.23497v1,arxiv,world action model,concept,architecture,,,world action model; long horizon,2026-06-12T15:07:36Z,21.550,21.550
arxiv:2603.22078v3,Do World Action Models Generalize Better than VLAs? A Robustness Study,"Robot action planning in the real world is challenging as it requires not only understanding the current state of the environment but also predicting how it will evolve in response to actions. Vision-language-action (VLA), which repurpose large-scale vision-language models for robot action generation using action experts, have achieved notable success across a variety of robotic tasks. Nevertheless, their performance remains constrained by the scope of their training data, exhibiting limited generalization to unseen scenarios and vulnerability to diverse contextual perturbations. More recently, world models have been revisited as an alternative to VLAs. These models, referred to as world action models (WAMs), are built upon world models that are trained on large corpora of video data to predict future states. With minor adaptations, their latent representation can be decoded into robot a",2026,arXiv,Zhanguang Zhang; Zhiyuan Li; Behnam Rahmati; Rui Heng Yang; Yintao Ma; Amir Rasouli; Sajjad Pakdamansavoji; Yangzheng Wu; Lingfeng Zhang; Tongtong Cao; Feng Wen; Xinyu Wang; Xingyue Quan; Yingxue Zhang,,2603.22078v3,http://arxiv.org/abs/2603.22078v3,arxiv,world action model,concept,architecture,,,world action model; benchmark; generalization; robustness,2026-06-12T15:07:36Z,21.200,25.200
arxiv:2603.05687v3,Contact-Grounded Policy: Dexterous Visuotactile Policy with Generative Contact Grounding,"Contact-rich dexterous manipulation with multi-finger hands remains an open challenge in robotics because task success depends on multi-point contacts that continuously evolve and are highly sensitive to object geometry, frictional transitions, and slip. Recently, tactile-informed manipulation policies have shown promise. However, most use tactile signals as additional observations rather than modeling contact state or how their action outputs interact with low-level controller dynamics. We present Contact-Grounded Policy (CGP), a visuotactile policy that grounds multi-point contacts by predicting coupled trajectories of actual robot state and tactile feedback, and using a learned contact-consistency mapping to convert these predictions into executable target robot states for a compliance controller. CGP consists of two components: (i) a conditional diffusion model that forecasts future ",2026,arXiv,Zhengtong Xu; Yeping Wang; Ben Abbatematteo; Jom Preechayasomboon; Sonny Chan; Nick Colonnese; Amirhossein H. Memar,,2603.05687v3,http://arxiv.org/abs/2603.05687v3,arxiv,visuotactile robot manipulation,concept,tactile,,,diffusion policy; robot manipulation; dexterous manipulation,2026-06-12T14:45:03Z,20.900,20.900
doi:10.1177/0278364908092463,Automatic Generation of High-level Contact State Space between 3D Curved Objects,"Information of high-level, topological contact states is useful and sometimes even necessary for a wide range of applications, from robotic tasks involving compliant motion to virtual prototyping and simulation. This paper addresses how to represent concisely and generate automatically graphs of contact states between 3D curved objects of a broad class, which may include smooth curved or planar surfaces. The approach is sound and complete if the step size of discretization is smaller than a finite threshold. By exploiting topological and geometrical constraints, it is also quite efficient. The implemented examples demonstrate the effectiveness of the approach.",2008,The International Journal of Robotics Research,Peng Tang; Jing Xiao,10.1177/0278364908092463,,https://doi.org/10.1177/0278364908092463,crossref,EBM transformer robotics contact rich manipulation,concept,architecture_x_embodiment,,14,EBM transformer robotics; contact rich manipulation,2026-06-12T15:07:36Z,20.004,20.004
arxiv:2606.11184v1,TacForeSight: Force-Guided Tactile World Model for Contact-Rich Manipulation,"Contact-rich manipulation requires robots to continuously perceive and regulate evolving physical interactions under dynamic contact transitions or complex surface geometries. Recent imitation learning methods improve contact-aware control by incorporating tactile or force feedback, but they rarely model the asymmetric spatiotemporal roles of global force and local tactile sensing. To address this, we propose TacForeSight, a lightweight force-conditioned tactile foresight framework for real-time manipulation. The core component is TacForceWM, a tactile world model that predicts short-horizon tactile latent dynamics from dual-finger tactile observations conditioned on high-frequency wrist force and torque signals. Another key component, the Predictive Tactile-Conditioned Policy, leverages the predicted latents as anticipatory contact priors, models the current-to-future tactile evolution ",2026,arXiv,Yujie Zang; Yuhang Zheng; Xian Nie; Yupeng Zheng; Shuai Tian; Songen Gu; Chen Gao; Zining Wang; Shuicheng Yan; Wenchao Ding,,2606.11184v1,http://arxiv.org/abs/2606.11184v1,arxiv,contact rich manipulation learning,concept,contact,,,contact rich manipulation; imitation learning,2026-06-12T14:45:03Z,19.850,19.850
arxiv:2606.08555v1,FAWAM: Force-Aware World Action Models for Closed-Loop Contact-Rich Manipulation,"Force signals provide critical interaction cues for contact-rich robotic manipulation. However, existing methods mostly use force as an additional observation modality, without fully exploiting its role in modeling future interaction dynamics or guiding execution-time feedback correction. In this paper, we propose FAWAM, a force-aware world action model that incorporates force information at three levels: perception, prediction, and closed-loop execution. FAWAM first encodes historical 6-axis force/torque signals to modulate action generation, then jointly predicts future actions and end-effector wrenches to explicitly model contact evolution. It further introduces a residual correction module that uses the predicted wrench trajectory as an execution-time reference to refine actions online based on real-time force feedback. Real-world experiments across multiple contact-rich tasks show t",2026,arXiv,Haotian He; Zeyu Yan; Qipeng Liu; Ning Guo; Wenzhao Lian,,2606.08555v1,http://arxiv.org/abs/2606.08555v1,arxiv,contact rich manipulation learning,concept,contact,,,world action model; contact rich manipulation,2026-06-12T14:45:03Z,19.850,20.850
arxiv:2506.16685v5,Compliant Residual DAgger: Improving Real-World Contact-Rich Manipulation with Human Corrections,"We address key challenges in Dataset Aggregation (DAgger) for real-world contact-rich manipulation: how to collect informative human correction data and how to effectively update policies with this new data. We introduce Compliant Residual DAgger (CR-DAgger), which contains two novel components: 1) a Compliant Intervention Interface that leverages compliance control, allowing humans to provide gentle, accurate delta action corrections without interrupting the ongoing robot policy execution; and 2) a Compliant Residual Policy formulation that learns from human corrections while incorporating force feedback and force control. Our system significantly enhances performance on precise contact-rich manipulation tasks using minimal correction data, improving base policy success rates by 64% on four challenging tasks (book flipping, belt assembly, cable routing, and gear insertion) while outperf",2025,arXiv,Xiaomeng Xu; Yifan Hou; Chendong Xin; Zeyi Liu; Shuran Song,,2506.16685v5,http://arxiv.org/abs/2506.16685v5,arxiv,contact rich manipulation learning,concept,contact,,,contact rich manipulation; force control,2026-06-12T14:45:03Z,19.850,20.850
arxiv:2606.08737v1,Dream-Tac: A Unified Tactile World Action Model for Contact-Rich Robot Manipulation,"World action models inherit the predictive capability of world models, enabling action generation to be guided by anticipated future observations. However, they rely primarily on vision and often fail in contact-rich manipulation, where critical cues arise from physical interaction. In this paper, we propose Dream-Tac, a unified Tactile-World Action Model that jointly models actions, future visual observations, and tactile dynamics. Specifically, Dream-Tac introduces (i) contact-gated visuotactile fusion to selectively integrate tactile signals and (ii) a contact-aware attention bias to better regulate cross-modal interactions during manipulation. To support real-time deployment, we further design a dual-level acceleration strategy, reformulating the contact-aware bias to preserve the fused attention path during training and introducing cache-based diffusion acceleration at inference, ac",2026,arXiv,Yunfan Lou; Yifan Ye; Yankai Fu; Jun Cen; Xiaowei Chi; Yaoxu Lyu; Peidong Jia; Sirui Han; Zhihe Lu; Shanghang Zhang,,2606.08737v1,http://arxiv.org/abs/2606.08737v1,arxiv,contact rich manipulation learning,concept,contact,,,world action model; robot manipulation; contact rich manipulation; deployment,2026-06-12T14:45:03Z,19.850,20.850
arxiv:2504.19341v1,PolyTouch: A Robust Multi-Modal Tactile Sensor for Contact-rich Manipulation Using Tactile-Diffusion Policies,"Achieving robust dexterous manipulation in unstructured domestic environments remains a significant challenge in robotics. Even with state-of-the-art robot learning methods, haptic-oblivious control strategies (i.e. those relying only on external vision and/or proprioception) often fall short due to occlusions, visual complexities, and the need for precise contact interaction control. To address these limitations, we introduce PolyTouch, a novel robot finger that integrates camera-based tactile sensing, acoustic sensing, and peripheral visual sensing into a single design that is compact and durable. PolyTouch provides high-resolution tactile feedback across multiple temporal scales, which is essential for efficiently learning complex manipulation tasks. Experiments demonstrate an at least 20-fold increase in lifespan over commercial tactile sensors, with a design that is both easy to man",2025,arXiv,Jialiang Zhao; Naveen Kuppuswamy; Siyuan Feng; Benjamin Burchfiel; Edward Adelson,,2504.19341v1,http://arxiv.org/abs/2504.19341v1,arxiv,diffusion policy limitation robot manipulation,hostile,failure,,,diffusion policy; robot manipulation; contact rich manipulation; dexterous manipulation; proprioception; human demonstration; limitation; occlusion; diffusion policy limitation,2026-06-12T15:07:36Z,19.850,24.850
doi:10.31234/osf.io/d9c4h,Independent storage of real-world object features is visual rather than verbal in nature,"Previous work has shown that semantically meaningful properties of visually presented real-world objects (their color, their state/configuration of their parts/pose, the features that differentiate them from other exemplars of the same category) are stored with a high degree of independence in long-term memory (e.g., are frequently swapped or misbound across objects). But is this feature independence due to the visual representation of the objects, or because of verbal encoding? Semantically meaningful features can also be labeled by distinct words, which can be recombined to produce independent descriptions of real-world object features. Here, we directly test how much of the pattern of feature independence arises from visual vs. verbal encoding. In two experiments, during the study phase we orthogonally varied the match or mismatch of state (e.g., open/closed) and color information bet",,,Platon Tikhonenko; Timothy F. Brady; Igor Utochkin,10.31234/osf.io/d9c4h,,https://doi.org/10.31234/osf.io/d9c4h,crossref,object centric world model,concept,architecture,,2,object centric world model,2026-06-12T15:07:36Z,19.849,20.849
doi:10.1109/cvpr52733.2024.01750,Learning Object State Changes in Videos: An Open-World Perspective,,2024,2024 IEEE/CVF Conference on Computer Vision and Pattern Recognition (CVPR),Zihui Xue; Kumar Ashutosh; Kristen Grauman,10.1109/cvpr52733.2024.01750,,https://doi.org/10.1109/cvpr52733.2024.01750,crossref,object centric world model,concept,architecture,,17,object centric world model,2026-06-12T15:07:36Z,19.845,19.845
doi:10.1016/j.ensm.2024.103350,Improved interfacial contact and electrochemical performance of highly Ni-rich LiNixCoyMn1-x-yO2 (x>90%) cathode in all-solid-state lithium battery,,2024,Energy Storage Materials,Rongzheng Tian; Shan Yin; Zhenyu Wang; Kai Liu; Lianqi Zhang; Lingyun Zhu,10.1016/j.ensm.2024.103350,,https://doi.org/10.1016/j.ensm.2024.103350,crossref,contact rich manipulation learning,concept,contact,,14,contact rich manipulation,2026-06-12T15:07:36Z,19.754,19.754
doi:10.1523/jneurosci.5792-11.2012,Muscle Coordination Is Habitual Rather than Optimal,"When sharing load among multiple muscles, humans appear to select an optimal pattern of activation that minimizes costs such as the effort or variability of movement. How the nervous system achieves this behavior, however, is unknown. Here we show that contrary to predictions from optimal control theory, habitual muscle activation patterns are surprisingly robust to changes in limb biomechanics. We first developed a method to simulate joint forces in real time from electromyographic recordings of the wrist muscles. When the model was altered to simulate the effects of paralyzing a muscle, the subjects simply increased the recruitment of all muscles to accomplish the task, rather than recruiting only the useful muscles. When the model was altered to make the force output of one muscle unusually noisy, the subjects again persisted in recruiting all muscles rather than eliminating the noisy",2012,Journal of Neuroscience,Aymar de Rugy; Gerald E. Loeb; Timothy J. Carroll,10.1523/jneurosci.5792-11.2012,,https://doi.org/10.1523/jneurosci.5792-11.2012,openalex,energy based model robot learning,concept,ebm,,221,,2026-06-12T18:26:24Z,19.751,20.751
doi:10.1108/ria-02-2023-0018,Implicit contact-rich manipulation planning for a manipulator with insufficient payload,"Purpose This paper aims to study using a mobile manipulator with a collaborative robotic arm component to manipulate objects beyond the robot’s maximum payload. Design/methodology/approach This paper proposes a single-short probabilistic roadmap-based method to plan and optimize manipulation motion with environment support. The method uses an expanded object mesh model to examine contact and randomly explores object motion while keeping contact and securing affordable grasping force. It generates robotic motion trajectories after obtaining object motion using an optimization-based algorithm. With the proposed method’s help, the authors plan contact-rich manipulation without particularly analyzing an object’s contact modes and their transitions. The planner and optimizer determine them automatically. Findings The authors conducted experiments and analyses using simulations and real-world ",2023,Robotic Intelligence and Automation,Kento Nakatsuru; Weiwei Wan; Kensuke Harada,10.1108/ria-02-2023-0018,,https://doi.org/10.1108/ria-02-2023-0018,crossref,contact rich manipulation learning,concept,contact,,7,contact rich manipulation,2026-06-12T14:45:03Z,19.640,20.640
doi:10.7577/seminar.2369,Teacher education as design: technology-rich learning environments and trajectories,"Traditional school subjects are being challenged by the accelerating production and development of knowledge in all domains. This creates a need to educate student teachers not only to appropriate existing practices but to be prepared to take the initiative in designing and developing new ones. This paper examines the challenges that confront teacher education when both the amount of information and its complexity are increasing due to the growing use of technology. We argue first that we need a richer view of technology than is often found in decision documents and in some of the didactics literature. We then introduce the concept of design as both an analytical and a didactic concept that links technology-rich environments and learning trajectories to knowledge development. From an activity-theoretical perspective, we approach the notion of design as a key component in teacher educatio",2014,Seminar.net,Andreas Lund; Jonas Bakken; Kirsti Lyngvær Engelien,10.7577/seminar.2369,,https://doi.org/10.7577/seminar.2369,crossref,contact rich manipulation learning,concept,contact,,2,contact rich manipulation,2026-06-12T15:07:36Z,19.549,19.549
doi:10.1016/j.coal.2021.103857,"Macromolecular structural changes in contact metamorphosed inertinite-rich coals from the No. 2 Seam, Witbank Coalfield (South Africa): Insights from petrography, NMR and XRD",,2021,International Journal of Coal Geology,Itumeleng V. Matlala; Ofentse M. Moroeng; Nicola J. Wagner,10.1016/j.coal.2021.103857,,https://doi.org/10.1016/j.coal.2021.103857,crossref,contact rich manipulation learning,concept,contact,,21,contact rich manipulation,2026-06-12T15:07:36Z,19.346,19.346
doi:10.21203/rs.3.rs-7347334/v1,Co-Training Multimodal World Models and Diffusion-Guided Policies for Zero-Shot Contact- Rich Manipulation,"Abstract This study presents MWM‑DD (Multimodal World Model–Diffusion Decision), a unified control architecture that couples: (i) a vision–tactile–proprioceptive encoder aligned in a shared predictive latent; (ii) a Transformer‑VAE world model that captures latent dynamics and rewards; and (iii) a constraint‑ and value‑guided diffusion decision module realized as a receding‑horizon controller. The system is trained end‑to‑end using reconstruction and Kullback–Leibler (KL) annealing, cross‑modal InfoNCE, and a diffusion ELBO objective, plus kernel‑based off‑policy improvements and domain randomization. Across CALVIN (language‑conditioned rearrangements), FurnitureBench (multi‑stage assemblies), and the Functional Manipulation Benchmark (FMB; single‑ and multi‑object assemblies), the approach achieves state‑of‑the‑art zero‑shot performance and transfers to a Franka Panda + DIGIT platform w",,,Lei Li¹; Tianrong Zhang²,10.21203/rs.3.rs-7347334/v1,,https://doi.org/10.21203/rs.3.rs-7347334/v1,crossref,robot world models manipulation,concept,world_models,,,robot world model; contact rich manipulation; domain randomization; benchmark; generalization; ablation,2026-06-12T14:45:03Z,19.300,22.300
arxiv:2605.27947v1,SANTS: A State-Adaptive Scheduler for World Action Models,"World Action Models (WAMs) improve robot manipulation by using video-based future representations to condition action generation. In pixel-space WAMs, however, the best action condition is not necessarily the fully denoised video. Controlled denoising-depth scans show that video refinement can reduce action error up to a state-dependent point, after which the gain may saturate or even reverse when late predictions become less action-relevant or physically unreliable. This suggests that action generation should use a state-dependent point along the video noise trajectory rather than a fixed terminal denoising depth. We introduce State-Adaptive Noise Trajectory Scheduler (SANTS), a lightweight scheduler for video-to-action diffusion policies. At each video decision point, SANTS reads the current video-state representation and noise level, then jointly predicts a cumulative stopping hazard ",2026,arXiv,Yirui Sun; Guangyu Zhuge; Keliang Liu; Jie Gu; Xinyu Bing; Zhongxue Gan; Chunxu Tian,,2605.27947v1,http://arxiv.org/abs/2605.27947v1,arxiv,adaptive world action model robot,concept,wam,,,world action model; adaptive world action model; robot manipulation; latency,2026-06-12T14:45:03Z,19.200,19.200
arxiv:2605.27972v1,Simultaneous Contact Selection and Planning for Contact-Rich Manipulation with Cascaded Optimization,"We propose an optimization-based framework for robust contact-rich manipulation. Recent contact-implicit methods enable online hybrid planning across contact modes, allowing closed-loop manipulation for a given target state and contact location sequence of the robot and object. However, most existing approaches lack the ability to autonomously reason and generate diverse contact location sequences and manipulation trajectories, i.e., active contact location selection, which limits their applicability to relatively simple tasks. Active contact location selection is challenging due to complementarity in contact dynamics and the sparse gradients, making the design of a unified framework for contact selection and planning difficult. To address these challenges, we introduce Simultaneous Contact Selection and Planning (SCSP), a cascaded optimization framework comprising Contact Selection Opti",2026,arXiv,Zhe Zhang; Xingrong Diao; Haoxiang Liang; Han Yang; Bi-Ke Zhu; Dandan Zhang; Jiankun Wang,,2605.27972v1,http://arxiv.org/abs/2605.27972v1,arxiv,contact rich manipulation learning,concept,contact,,,contact rich manipulation; contact dynamics; generalization,2026-06-12T14:45:03Z,19.200,20.200
arxiv:2509.19047v1,ManipForce: Force-Guided Policy Learning with Frequency-Aware Representation for Contact-Rich Manipulation,"Contact-rich manipulation tasks such as precision assembly require precise control of interaction forces, yet existing imitation learning methods rely mainly on vision-only demonstrations. We propose ManipForce, a handheld system designed to capture high-frequency force-torque (F/T) and RGB data during natural human demonstrations for contact-rich manipulation. Building on these demonstrations, we introduce the Frequency-Aware Multimodal Transformer (FMT). FMT encodes asynchronous RGB and F/T signals using frequency- and modality-aware embeddings and fuses them via bi-directional cross-attention within a transformer diffusion policy. Through extensive experiments on six real-world contact-rich manipulation tasks - such as gear assembly, box flipping, and battery insertion - FMT trained on ManipForce demonstrations achieves robust performance with an average success rate of 83% across all",2025,arXiv,Geonhyup Lee; Yeongjin Lee; Kangmin Kim; Seongju Lee; Sangjun Noh; Seunghyeok Back; Kyoobin Lee,,2509.19047v1,http://arxiv.org/abs/2509.19047v1,arxiv,contact rich manipulation learning,concept,contact,,,diffusion policy; contact rich manipulation; imitation learning; human demonstration; ablation,2026-06-12T14:45:03Z,19.200,21.200
arxiv:2506.00351v2,Recasting Classical Motion Planning for Contact-Rich Manipulation,"In this work, we explore how conventional motion planning algorithms can be reapplied to contact-rich manipulation tasks. Rather than focusing solely on efficiency, we investigate how manipulation aspects can be recast in terms of conventional motion-planning algorithms. Conventional motion planners, such as Rapidly-Exploring Random Trees (RRT), typically compute collision-free paths in configuration space. However, in many manipulation tasks, contact is either unavoidable or essential for task success, such as for creating space or maintaining physical equilibrium. As such, we presents Haptic Rapidly-Exploring Random Trees (HapticRRT), a planning algorithm that incorporates a recently proposed optimality measure in the context of \textit{quasi-static} manipulation, based on the (squared) Hessian of manipulation potential. The key contributions are i) adapting classical RRT to operate on",2025,arXiv,Lin Yang; Huu-Thiet Nguyen; Chen Lv; Domenico Campolo,,2506.00351v2,http://arxiv.org/abs/2506.00351v2,arxiv,contact rich manipulation learning,concept,contact,,,contact rich manipulation; motion planning,2026-06-12T14:45:03Z,19.200,21.200
arxiv:2603.15169v1,ForceVLA2: Unleashing Hybrid Force-Position Control with Force Awareness for Contact-Rich Manipulation,"Embodied intelligence for contact-rich manipulation has predominantly relied on position control, while explicit awareness and regulation of interaction forces remain under-explored, limiting stability, precision, and robustness in real-world tasks. We propose ForceVLA2, an end-to-end vision-language-action framework that equips robots with hybrid force-position control and explicit force awareness. ForceVLA2 introduces force-based prompts into the VLM expert to construct force-aware task concepts across stages, and employs a Cross-Scale Mixture-of-Experts (MoE) in the action expert to adaptively fuse these concepts with real-time interaction forces for closed-loop hybrid force-position regulation. To support learning and evaluation, we construct ForceVLA2-Dataset, containing 1,000 trajectories over 5 contact-rich tasks, including wiping, pressing, and assembling, with multi-view images,",2026,arXiv,Yang Li; Zhaxizhuoma; Hongru Jiang; Junjie Xia; Hongquan Zhang; Jinda Du; Yunsong Zhou; Jia Zeng; Ce Hao; Jieji Ren; Qiaojun Yu; Cewu Lu; Yu Qiao; Jiangmiao Pang,,2603.15169v1,http://arxiv.org/abs/2603.15169v1,arxiv,contact rich manipulation learning,concept,contact,,,contact rich manipulation; failure mode; robustness,2026-06-12T14:45:03Z,19.200,23.200
doi:10.1109/icra46639.2022.9811675,Symbolic State Estimation with Predicates for Contact-Rich Manipulation Tasks,,2022,2022 International Conference on Robotics and Automation (ICRA),Toki Migimatsu; Wenzhao Lian; Jeannette Bohg; Stefan Schaal,10.1109/icra46639.2022.9811675,,https://doi.org/10.1109/icra46639.2022.9811675,crossref,contact rich manipulation learning,concept,contact,,9,contact rich manipulation; state estimation,2026-06-12T14:45:03Z,19.151,19.151
doi:10.3390/su13052527,Assessment of Cubic Equations of State: Machine Learning for Rich Carbon-Dioxide Systems,"Carbon capture and storage (CCS) has attracted renewed interest in the re-evaluation of the equations of state (EoS) for the prediction of thermodynamic properties. This study also evaluates EoS for Peng–Robinson (PR) and Soave–Redlich–Kwong (SRK) and their capability to predict the thermodynamic properties of CO2-rich mixtures. The investigation was carried out using machine learning such as an artificial neural network (ANN) and a classified learner. A lower average absolute relative deviation (AARD) of 7.46% was obtained for the PR in comparison with SRK (AARD = 15.0%) for three components system of CO2 with N2 and CH4. Moreover, it was found to be 13.5% for PR and 19.50% for SRK in the five components’ (CO2 with N2, CH4, Ar, and O2) case. In addition, applying machine learning provided promise and valuable insight to deal with engineering problems. The implementation of machine learn",2021,Sustainability,George Truc; Nejat Rahmanian; Mahboubeh Pishnamazi,10.3390/su13052527,,https://doi.org/10.3390/su13052527,crossref,contact rich manipulation learning,concept,contact,,9,contact rich manipulation,2026-06-12T15:07:36Z,19.001,20.001
arxiv:2407.16976v1,Simultaneous Trajectory Optimization and Contact Selection for Contact-rich Manipulation with High-Fidelity Geometry,"Contact-implicit trajectory optimization (CITO) is an effective method to plan complex trajectories for various contact-rich systems including manipulation and locomotion. CITO formulates a mathematical program with complementarity constraints (MPCC) that enforces that contact forces must be zero when points are not in contact. However, MPCC solve times increase steeply with the number of allowable points of contact, which limits CITO's applicability to problems in which only a few, simple geometries are allowed to make contact. This paper introduces simultaneous trajectory optimization and contact selection (STOCS), as an extension of CITO that overcomes this limitation. The innovation of STOCS is to identify salient contact points and times inside the iterative trajectory optimization process. This effectively reduces the number of variables and constraints in each MPCC invocation. The",2024,arXiv,Mengchao Zhang; Devesh K. Jha; Arvind U. Raghunathan; Kris Hauser,,2407.16976v1,http://arxiv.org/abs/2407.16976v1,arxiv,contact rich manipulation learning,concept,contact,,,contact rich manipulation; limitation,2026-06-12T14:45:03Z,19.000,20.000
doi:10.1109/lra.2019.2928212,Planning Approximate Exploration Trajectories for Model-Free Reinforcement Learning in Contact-Rich Manipulation,,2019,IEEE Robotics and Automation Letters,Sabrina Hoppe; Zhongyu Lou; Daniel Hennes; Marc Toussaint,10.1109/lra.2019.2928212,,https://doi.org/10.1109/lra.2019.2928212,crossref,contact dynamics robot learning,concept,contact,,23,contact rich manipulation; contact dynamics,2026-06-12T14:45:03Z,18.989,18.989
doi:10.5708/ejmh.6.2011.2.3,Schools in a Media-Rich World : Opportunities and Constraints. ‘Changes of Environment’ in Civilisation and Informal Learning,The present study is an essay-like writing based partly on a – selective – review of the relevant literature and partly on the experiences gained during a multi-year university course. Its thematic foci are the following: mediated environment and learning; information vs. knowledge; the world of media with its values and models; ‘digital folklore’; and ‘homo informaticus’ as a new human race. It gives a description and analysis of the sources and background of new metaphors (such as ‘knowledge-based society’; ‘European Learning Space’ or the ‘European dimensions’ of education) appearing in teaching and learning environments. The study discusses the following questions: is the mediated environment an ‘agora’ for wider social dialogue or a tool for the massive manipulation of the masses? What is the role repertoire of the teacher in the new learning environment? What dynamics are at work i,2011,European Journal of Mental Health,László Tamás Szabó,10.5708/ejmh.6.2011.2.3,,https://doi.org/10.5708/ejmh.6.2011.2.3,crossref,contact rich manipulation learning,concept,contact,,,contact rich manipulation,2026-06-12T15:07:36Z,18.950,18.950
doi:10.1109/icra.2019.8793572,State Estimation in Contact-Rich Manipulation,,2019,2019 International Conference on Robotics and Automation (ICRA),Florian Wirnshofer; Philipp S. Schmitt; Philine Meister; Georg v. Wichert; Wolfram Burgard,10.1109/icra.2019.8793572,,https://doi.org/10.1109/icra.2019.8793572,crossref,contact rich manipulation learning,concept,contact,,20,contact rich manipulation; state estimation,2026-06-12T14:45:03Z,18.922,18.922
arxiv:2606.06556v1,Robots Need More than VLA and World Models,"Generalist robot intelligence is often framed as a policy-scaling problem: collect more robot demonstrations, train larger Vision-Language-Action (VLA) models, and expect broader generalisation. In this position paper, we argue that this framing is incomplete. The central bottleneck is not only policy learning, but the absence of mechanisms that convert the world's abundant unstructured behavioural data into grounded robot supervision. Human motion, internet video, simulation rollouts, and interactive demonstrations contain rich information about tasks, goals, contacts, failures, and physical constraints, yet most of this information is not directly usable by robot policies because it lacks embodiment-specific action labels, task semantics, and reward structure. We identify four missing components for the next generation of robotics: data interfaces for autolabelling unstructured behavio",2026,arXiv,Elis Karcini; Faisal Mehrban; Quang Nguyen; Mac Schwager; Arash Ajoudani; Cesar Cadena; Jan Peters; Marco Hutter; Haitham Bou-Ammar,,2606.06556v1,http://arxiv.org/abs/2606.06556v1,arxiv,adaptive world action model robot,concept,wam,,,world action model; adaptive world action model; robot foundation model; learning from video,2026-06-12T14:45:03Z,18.850,20.850
doi:10.1177/02783640122067552,Automatic Generation of High-Level Contact State Space,"A divide-and-merge approach is introduced for automatic generation of high-level, discrete contact state space, represented as contact state graphs, between two contacting polyhedral solids from their geometric models. Based on the fact that a contact state graph is the union of the subgraphs called a goal-contact relaxation (GCR) graph, the approach consists of algorithms (1) to generate a complete GCR graph automatically given the most constrained contact state in the GCR graph and (2) to merge GCR graphs automatically. The algorithms arplemented for cases in which the most constrained contact state in a GCR graph consists of up to three principal contacts. The ability to capture and represent contact state information effectively and efficiently is essential for robotic operations involving compliant motions, for simulation of contact motions, and for haptic interactions.",2001,The International Journal of Robotics Research,Jing Xiao; Xuerong Ji,10.1177/02783640122067552,,https://doi.org/10.1177/02783640122067552,crossref,EBM transformer robotics contact rich manipulation,concept,architecture_x_embodiment,,80,EBM transformer robotics; contact rich manipulation,2026-06-12T15:07:36Z,18.847,18.847
doi:10.1109/iros51168.2021.9636557,State-Only Imitation Learning for Dexterous Manipulation,,2021,2021 IEEE/RSJ International Conference on Intelligent Robots and Systems (IROS),Ilija Radosavovic; Xiaolong Wang; Lerrel Pinto; Jitendra Malik,10.1109/iros51168.2021.9636557,,https://doi.org/10.1109/iros51168.2021.9636557,crossref,contact rich manipulation learning,concept,contact,,54,contact rich manipulation; dexterous manipulation; imitation learning,2026-06-12T15:07:36Z,18.804,18.804
arxiv:2310.10509v1,Efficient Sim-to-real Transfer of Contact-Rich Manipulation Skills with Online Admittance Residual Learning,"Learning contact-rich manipulation skills is essential. Such skills require the robots to interact with the environment with feasible manipulation trajectories and suitable compliance control parameters to enable safe and stable contact. However, learning these skills is challenging due to data inefficiency in the real world and the sim-to-real gap in simulation. In this paper, we introduce a hybrid offline-online framework to learn robust manipulation skills. We employ model-free reinforcement learning for the offline phase to obtain the robot motion and compliance control parameters in simulation \RV{with domain randomization}. Subsequently, in the online phase, we learn the residual of the compliance control parameters to maximize robot performance-related criteria with force sensor measurements in real time. To demonstrate the effectiveness and robustness of our approach, we provide ",2023,arXiv,Xiang Zhang; Changhao Wang; Lingfeng Sun; Zheng Wu; Xinghao Zhu; Masayoshi Tomizuka,,2310.10509v1,http://arxiv.org/abs/2310.10509v1,arxiv,online adaptation robot learning,concept,adaptation,,,contact rich manipulation; sim to real transfer; domain randomization; online adaptation; robustness,2026-06-12T14:45:03Z,18.800,21.800
arxiv:2302.13212v1,Implicit Contact-Rich Manipulation Planning for a Manipulator with Insufficient Payload,"This paper uses a mobile manipulator with a collaborative robotic arm to manipulate objects beyond the robot's maximum payload. It proposes a single-shot probabilistic roadmap-based method to plan and optimize manipulation motion with environment support. The method uses an expanded object mesh model to examine contact and randomly explores object motion while keeping contact and securing affordable grasping force. It generates robotic motion trajectories after obtaining object motion using an optimization-based algorithm. With the proposed method's help, we can plan contact-rich manipulation without particularly analyzing an object's contact modes and their transitions. The planner and optimizer determine them automatically. We conducted experiments and analyses using simulations and real-world executions to examine the method's performance. It can successfully find manipulation motion ",2023,arXiv,Kento Nakatsuru; Weiwei Wan; Kensuke Harada,,2302.13212v1,http://arxiv.org/abs/2302.13212v1,arxiv,contact rich manipulation learning,concept,contact,,,contact rich manipulation,2026-06-12T14:45:03Z,18.800,19.800
doi:10.1108/aa-10-2021-0128,Contact-consistent visual object pose estimation for contact-rich robotic manipulation tasks,"Purpose The purpose of this paper is to estimate the contact-consistent object poses during contact-rich manipulation tasks based only on visual sensors. Design/methodology/approach The method follows a four-step procedure. Initially, the raw object poses are retrieved using the available object pose estimation method and filtered using Kalman filter with nominal model; second, a group of particles are randomly generated for each pose and evaluated the corresponding object contact state using the contact simulation software. A probability guided particle averaging method is proposed to balance the accuracy and safety issues; third, the independently estimated contact states are fused in a hidden Markov model to remove the abnormal contact state observations; finally, the object poses are refined by averaging the contact state consistent particles. Findings The experiments are performed t",2022,Assembly Automation,Zhonglai Tian; Hongtai Cheng; Zhenjun Du; Zongbei Jiang; Yeping Wang,10.1108/aa-10-2021-0128,,https://doi.org/10.1108/aa-10-2021-0128,crossref,contact rich manipulation learning,concept,contact,,1,contact rich manipulation,2026-06-12T14:45:03Z,18.747,18.747
title:robots need more than vla and world models,Robots Need More than VLA and World Models,"Generalist robot intelligence is often framed as a policy-scaling problem: collect more robot demonstrations, train larger Vision-Language-Action (VLA) models, and expect broader generalisation. In this position paper, we argue that this framing is incomplete. The central bottleneck is not only policy learning, but the absence of mechanisms that convert the world's abundant unstructured behavioural data into grounded robot supervision. Human motion, internet video, simulation rollouts, and interactive demonstrations contain rich information about tasks, goals, contacts, failures, and physical constraints, yet most of this information is not directly usable by robot policies because it lacks embodiment-specific action labels, task semantics, and reward structure. We identify four missing components for the next generation of robotics: data interfaces for autolabelling unstructured behavio",2026,arXiv (Cornell University),Elis Karcini; Faisal Mehrban; Quang Nguyen; Mac Schwager; Arash Ajoudani; Cesar Cadena; Jan Peters; Marco Hutter; Haitham Bou-Ammar,,,https://openalex.org/W7164090348,openalex,energy based transformer robot policy,concept,ebm_transformer,,,energy based transformer robot policy; robot foundation model; learning from video,2026-06-12T18:05:07Z,18.700,20.700
doi:10.36227/techrxiv.12573755,Leveraging Rich Data and Machine Learning to Facilitate Policy Making on Public Health Interventions in Fighting to Contain the COVID-19 Pandemic,"This is a short article, focusing on promoting more study on SEIR modeling by leveraging rich data and machine learning. We believe that this is extremely critical as many regions at the country or state/provincial levels have been struggling with their public health intervention policies on fighting the COVID-19 pandemic. Some recent published papers on mitigation measures show promising SEIR modeling results, which could shred the light for other policymakers at different community levels. We present our perspective on this research direction. Hopefully, we can stimulate more studies and help the world win this “war” against the invisible enemy “coronavirus” sooner rather than later.",,,Robin Qiu,10.36227/techrxiv.12573755,,https://doi.org/10.36227/techrxiv.12573755,crossref,contact rich manipulation learning,concept,contact,,1,contact rich manipulation,2026-06-12T15:07:36Z,18.697,18.697
doi:10.1007/s10846-024-02215-y,High-Bandwidth Contact State Estimation with only Joint Angle Feedback for Legged Robots,,2025,Journal of Intelligent & Robotic Systems,Junjie Yang; Hao Sun; Yinghao Jia; Changhong Wang,10.1007/s10846-024-02215-y,,https://doi.org/10.1007/s10846-024-02215-y,crossref,contact dynamics robot learning,concept,contact,,,contact dynamics; state estimation,2026-06-12T15:07:36Z,18.600,18.600
arxiv:2503.16806v2,DyWA: Dynamics-adaptive World Action Model for Generalizable Non-prehensile Manipulation,"Nonprehensile manipulation is crucial for handling objects that are too thin, large, or otherwise ungraspable in unstructured environments. While conventional planning-based approaches struggle with complex contact modeling, learning-based methods have recently emerged as a promising alternative. However, existing learning-based approaches face two major limitations: they heavily rely on multi-view cameras and precise pose tracking, and they fail to generalize across varying physical conditions, such as changes in object mass and table friction. To address these challenges, we propose the Dynamics-Adaptive World Action Model (DyWA), a novel framework that enhances action learning by jointly predicting future states while adapting to dynamics variations based on historical trajectories. By unifying the modeling of geometry, state, physics, and robot actions, DyWA enables more robust polic",2025,arXiv,Jiangran Lyu; Ziming Li; Xuesong Shi; Chaoyi Xu; Yizhou Wang; He Wang,,2503.16806v2,http://arxiv.org/abs/2503.16806v2,arxiv,adaptive world action model robot,concept,wam,,,world action model; adaptive world action model; limitation; robustness; partial observability,2026-06-12T14:45:03Z,18.550,20.550
arxiv:2603.06813v1,Reinforcing the World's Edge: A Continual Learning Problem in the Multi-Agent-World Boundary,"Reusable decision structure survives across episodes in reinforcement learning, but this depends on how the agent--world boundary is drawn. In stationary, finite-horizon MDPs, an invariant core: the (not-necessarily contiguous) subsequences of state--action pairs shared by all successful trajectories (optionally under a simple abstraction) can be constructed. Under mild goal-conditioned assumptions, it's existence can be proven and explained by how the core captures prototypes that transfer across episodes. When the same task is embedded in a decentralized Markov game and the peer agent is folded into the world, each peer-policy update induces a new MDP; the per-episode invariant core can shrink or vanish, even with small changes to the induced world dynamics, sometimes leaving only the individual task core or just nothing. This policy-induced non-stationarity can be quantified with a va",2026,arXiv,Dane Malenfant,,2603.06813v1,http://arxiv.org/abs/2603.06813v1,arxiv,adaptive world action model,concept,architecture,,,world action model; adaptive world action model; continual learning,2026-06-12T14:45:03Z,18.550,18.550
arxiv:2511.20156v1,Map-World: Masked Action planning and Path-Integral World Model for Autonomous Driving,"Motion planning for autonomous driving must handle multiple plausible futures while remaining computationally efficient. Recent end-to-end systems and world-model-based planners predict rich multi-modal trajectories, but typically rely on handcrafted anchors or reinforcement learning to select a single best mode for training and control. This selection discards information about alternative futures and complicates optimization. We propose MAP-World, a prior-free multi-modal planning framework that couples masked action planning with a path-weighted world model. The Masked Action Planning (MAP) module treats future ego motion as masked sequence completion: past waypoints are encoded as visible tokens, future waypoints are represented as mask tokens, and a driving-intent path provides a coarse scaffold. A compact latent planning state is expanded into multiple trajectory queries with injec",2025,arXiv,Bin Hu; Zijian Lu; Haicheng Liao; Chengran Yuan; Bin Rao; Yongkang Li; Guofa Li; Zhiyong Cui; Cheng-zhong Xu; Zhenning Li,,2511.20156v1,http://arxiv.org/abs/2511.20156v1,arxiv,world action model,concept,architecture,,,world action model; motion planning; latency,2026-06-12T15:07:36Z,18.550,19.550
doi:10.36227/techrxiv.12573755.v1,Leveraging Rich Data and Machine Learning to Facilitate Policy Making on Public Health Interventions in Fighting to Contain the COVID-19 Pandemic,"This is a short article, focusing on promoting more study on SEIR modeling by leveraging rich data and machine learning. We believe that this is extremely critical as many regions at the country or state/provincial levels have been struggling with their public health intervention policies on fighting the COVID-19 pandemic. Some recent published papers on mitigation measures show promising SEIR modeling results, which could shred the light for other policymakers at different community levels. We present our perspective on this research direction. Hopefully, we can stimulate more studies and help the world win this “war” against the invisible enemy “coronavirus” sooner rather than later.",,,Robin Qiu,10.36227/techrxiv.12573755.v1,,https://doi.org/10.36227/techrxiv.12573755.v1,crossref,contact rich manipulation learning,concept,contact,,,contact rich manipulation,2026-06-12T15:07:36Z,18.350,18.350
doi:10.3390/app13085065,Information Rich Voxel Grid for Use in Heterogeneous Multi-Agent Robotics,"Robotic agents are now ubiquitous in both home and work environments; moreover, the degree of task complexity they can undertake is also increasing exponentially. Now that advanced robotic agents are commonplace, the question for utilisation becomes how to enable collaboration of these agents, and indeed, many have considered this over the last decade. If we can leverage the heterogeneous capabilities of multiple agents, not only can we achieve more complex tasks, but we can better position the agents in more chaotic environments and compensate for lacking systems in less sophisticated agents. Environments such as search and rescue, agriculture, autonomous vehicles, and robotic maintenance are just a few examples of complex domains that can leverage collaborative robotics. If the use of a robotic agent is fruitful, the question should be: How can we provide a world state and environment ",2023,Applied Sciences,Steven Balding; Amadou Gning; Yongqiang Cheng; Jamshed Iqbal,10.3390/app13085065,,https://doi.org/10.3390/app13085065,crossref,EBM transformer robotics contact rich manipulation,concept,architecture_x_embodiment,,7,EBM transformer robotics; contact rich manipulation,2026-06-12T15:07:36Z,18.290,18.290
doi:10.3390/s20030939,Learning Mobile Manipulation through Deep Reinforcement Learning,"Mobile manipulation has a broad range of applications in robotics. However, it is usually more challenging than fixed-base manipulation due to the complex coordination of a mobile base and a manipulator. Although recent works have demonstrated that deep reinforcement learning is a powerful technique for fixed-base manipulation tasks, most of them are not applicable to mobile manipulation. This paper investigates how to leverage deep reinforcement learning to tackle whole-body mobile manipulation tasks in unstructured environments using only on-board sensors. A novel mobile manipulation system which integrates the state-of-the-art deep reinforcement learning algorithms with visual perception is proposed. It has an efficient framework decoupling visual perception from the deep reinforcement learning control, which enables its generalization from simulation training to real-world testing. E",2020,Sensors,Cong Wang; Qifeng Zhang; Qiyan Tian; Shuo Li; Xiaohui Wang; David Lane; Yvan Petillot; Sen Wang,10.3390/s20030939,,https://doi.org/10.3390/s20030939,crossref,contact rich manipulation learning,concept,contact,,84,contact rich manipulation; mobile manipulation; generalization,2026-06-12T15:07:36Z,18.221,20.221
arxiv:2005.00227v1,Learning Compliance Adaptation in Contact-Rich Manipulation,"Compliant robot behavior is crucial for the realization of contact-rich manipulation tasks. In such tasks, it is important to ensure a high stiffness and force tracking accuracy during normal task execution as well as rapid adaptation and complaint behavior to react to abnormal situations and changes. In this paper, we propose a novel approach for learning predictive models of force profiles required for contact-rich tasks. Such models allow detecting unexpected situations and facilitates better adaptive control. The approach combines an anomaly detection based on Bidirectional Gated Recurrent Units (Bi-GRU) and an adaptive force/impedance controller. We evaluated the approach in simulated and real world experiments on a humanoid robot.The results show that the approach allow simultaneous high tracking accuracy of desired motions and force profile as well as the adaptation to force pertu",2020,arXiv,Jianfeng Gao; You Zhou; Tamim Asfour,,2005.00227v1,http://arxiv.org/abs/2005.00227v1,arxiv,contact rich manipulation learning,concept,contact,,,contact rich manipulation; humanoid robot; impedance control,2026-06-12T14:45:03Z,18.200,19.200
doi:10.1177/0278364919894385,Contact-aided invariant extended Kalman filtering for robot state estimation,"Legged robots require knowledge of pose and velocity in order to maintain stability and execute walking paths. Current solutions either rely on vision data, which is susceptible to environmental and lighting conditions, or fusion of kinematic and contact data with measurements from an inertial measurement unit (IMU). In this work, we develop a contact-aided invariant extended Kalman filter (InEKF) using the theory of Lie groups and invariant observer design. This filter combines contact-inertial dynamics with forward kinematic corrections to estimate pose and velocity along with all current contact points. We show that the error dynamics follows a log-linear autonomous differential equation with several important consequences: (a) the observable state variables can be rendered convergent with a domain of attraction that is independent of the system’s trajectory; (b) unlike the standard E",2020,The International Journal of Robotics Research,Ross Hartley; Maani Ghaffari; Ryan M Eustice; Jessy W Grizzle,10.1177/0278364919894385,,https://doi.org/10.1177/0278364919894385,crossref,EBM transformer robotics contact rich manipulation,concept,architecture_x_embodiment,,273,EBM transformer robotics; contact rich manipulation; state estimation,2026-06-12T15:07:36Z,18.107,18.107
doi:10.1089/soro.2021.0034,Neuron-Inspired Soft Robot Teams and Their Non-Contact Electric Signal Transmission Based on Electromagnetic Induction,"Transmission of electric signal among robots enables them to construct a team to behave beyond capabilities of the individuals. However, such a signal transmission is elusive so far for soft robots due to the employment of soft materials, rather than traditionally rigid electronic units. In this study, we demonstrate neuron-inspired soft robots (NISRs) with an electromagnetic induced signal transmission system. The prototype 15-cm-long NISRs can not only be moved driven by a manually moving magnet but also transmit signals to others in a noncontact type based on the electromagnetic induction through their tentacle units. Owing to the motion and special signal transmission mode, three NISRs can form diverse signal transport pathways to light up light emitting diodes in different positions. Furthermore, an alternative current (AC) signal can be generated when applying an interval loading/u",2023,Soft Robotics,Yamei Yue; Qi Wang; Zheng Ma; Zhenhua Wu; Xuan Zhang; Dong Li; Yusheng Shi; Bin Su,10.1089/soro.2021.0034,,https://doi.org/10.1089/soro.2021.0034,crossref,EBM transformer robotics contact rich manipulation,concept,architecture_x_embodiment,,4,EBM transformer robotics; contact rich manipulation,2026-06-12T15:07:36Z,18.055,18.055
arxiv:2409.11146v3,MI-HGNN: Morphology-Informed Heterogeneous Graph Neural Network for Legged Robot Contact Perception,"We present a Morphology-Informed Heterogeneous Graph Neural Network (MI-HGNN) for learning-based contact perception. The architecture and connectivity of the MI-HGNN are constructed from the robot morphology, in which nodes and edges are robot joints and links, respectively. By incorporating the morphology-informed constraints into a neural network, we improve a learning-based approach using model-based knowledge. We apply the proposed MI-HGNN to two contact perception problems, and conduct extensive experiments using both real-world and simulated data collected using two quadruped robots. Our experiments demonstrate the superiority of our method in terms of effectiveness, generalization ability, model efficiency, and sample efficiency. Our MI-HGNN improved the performance of a state-of-the-art model that leverages robot morphological symmetry by 8.4% with only 0.21% of its parameters. A",2024,arXiv,Daniel Butterfield; Sandilya Sai Garimella; Nai-Jen Cheng; Lu Gan,,2409.11146v3,http://arxiv.org/abs/2409.11146v3,arxiv,Gaussian splatting robot perception contact rich manipulation,concept,architecture_x_embodiment,,,Gaussian splatting robot perception; contact rich manipulation; generalization; sample efficiency,2026-06-12T15:07:36Z,18.000,20.000
arxiv:2511.04361v2,Causal Regime Detection in Energy Markets With Augmented Time Series Structural Causal Models,"Energy markets exhibit complex causal relationships between weather patterns, generation technologies, and price formation, with regime changes occurring continuously rather than at discrete break points. Current approaches model electricity prices without explicit causal interpretation or counterfactual reasoning capabilities. We introduce Augmented Time Series Causal Models (ATSCM) for energy markets, extending counterfactual reasoning frameworks to multivariate temporal data with learned causal structure. Our approach models energy systems through interpretable factors (weather, generation mix, demand patterns), rich grid dynamics, and observable market variables. We integrate neural causal discovery to learn time-varying causal graphs without requiring ground truth DAGs. Applied to real-world electricity price data, ATSCM enables novel counterfactual queries such as ""What would price",2025,arXiv,Dennis Thumm,,2511.04361v2,http://arxiv.org/abs/2511.04361v2,arxiv,causal robot world model,concept,architecture,,,robot world model; causal robot world model,2026-06-12T14:45:03Z,17.900,19.900
doi:10.3389/frobt.2021.777363,An Adaptive Imitation Learning Framework for Robotic Complex Contact-Rich Insertion Tasks,"Complex contact-rich insertion is a ubiquitous robotic manipulation skill and usually involves nonlinear and low-clearance insertion trajectories as well as varying force requirements. A hybrid trajectory and force learning framework can be utilized to generate high-quality trajectories by imitation learning and find suitable force control policies efficiently by reinforcement learning. However, with the mentioned approach, many human demonstrations are necessary to learn several tasks even when those tasks require topologically similar trajectories. Therefore, to reduce human repetitive teaching efforts for new tasks, we present an adaptive imitation framework for robot manipulation. The main contribution of this work is the development of a framework that introduces dynamic movement primitives into a hybrid trajectory and force learning framework to learn a specific class of complex co",2022,Frontiers in Robotics and AI,Yan Wang; Cristian C. Beltran-Hernandez; Weiwei Wan; Kensuke Harada,10.3389/frobt.2021.777363,,https://doi.org/10.3389/frobt.2021.777363,crossref,contact dynamics robot learning,concept,contact,,22,robot manipulation; contact dynamics; force control; imitation learning; human demonstration,2026-06-12T14:45:03Z,17.618,17.618
doi:10.1109/icra48891.2023.10160295,SEER: Safe Efficient Exploration for Aerial Robots using Learning to Predict Information Gain,"We address the problem of efficient 3-D exploration in indoor environments for micro aerial vehicles with limited sensing capabilities and payload/power constraints. We develop an indoor exploration framework that uses learning to predict the occupancy of unseen areas, extracts semantic features, samples viewpoints to predict information gains for different exploration goals, and plans informative trajectories to enable safe and smart exploration. Extensive experimentation in simulated and real-world environments shows the proposed approach outperforms the state-of-the-art exploration framework by 24% in terms of the total path length in a structured indoor environment and with a higher success rate during exploration.",2023,,Yuezhan Tao; Yuwei Wu; Beiming Li; Fernando Cladera; Alex Zhou; Dinesh S. Thakur; Vijay Kumar,10.1109/icra48891.2023.10160295,,https://doi.org/10.1109/icra48891.2023.10160295,openalex,robotics,concept,openalex_bulk_robotics,,43,,2026-06-12T18:57:17Z,17.542,18.542
doi:10.1007/s00170-021-08086-z,Learning and generalising object extraction skill for contact-rich disassembly tasks: an introductory study,"Abstract Remanufacturing automation must be designed to be flexible and robust enough to overcome the uncertainties, conditions of the products, and complexities in the planning and operation of the processes. Machine learning methods, in particular reinforcement learning, are presented as techniques to learn, improve, and generalise the automation of many robotic manipulation tasks (most of them related to grasping, picking, or assembly). However, not much has been exploited in remanufacturing, in particular in disassembly tasks. This work presents the state of the art of contact-rich disassembly using reinforcement learning algorithms and a study about the generalisation of object extraction skills when applied to contact-rich disassembly tasks. The generalisation capabilities of two state-of-the-art reinforcement learning agents (trained in simulation) are tested and evaluated in simu",2023,The International Journal of Advanced Manufacturing Technology,Antonio Serrano-Muñoz; Nestor Arana-Arexolaleiba; Dimitrios Chrysostomou; Simon Bøgh,10.1007/s00170-021-08086-z,,https://doi.org/10.1007/s00170-021-08086-z,crossref,contact rich manipulation learning,concept,contact,,12,contact rich manipulation,2026-06-12T14:45:03Z,17.532,17.532
doi:10.1177/1545968312445910,Resting State Changes in Functional Connectivity Correlate With Movement Recovery for BCI and Robot-Assisted Upper-Extremity Training After Stroke,"BACKGROUND: Robot-assisted training may improve motor function in some hemiparetic patients after stroke, but no physiological predictor of rehabilitation progress is reliable. Resting state functional magnetic resonance imaging (RS-fMRI) may serve as a method to assess and predict changes in the motor network. OBJECTIVE: The authors examined the effects of upper-extremity robot-assisted rehabilitation (MANUS) versus an electroencephalography-based brain computer interface setup with motor imagery (MI EEG-BCI) and compared pretreatment and posttreatment RS-fMRI. METHODS: In all, 9 adults with upper-extremity paresis were trained for 4 weeks with a MANUS shoulder-elbow robotic rehabilitation paradigm. In 3 participants, robot-assisted movement began if no voluntary movement was initiated within 2 s. In 6 participants, MI-BCI-based movement was initiated if motor imagery was detected. RS-f",2012,Neurorehabilitation and neural repair,Bálint Várkuti; Cuntai Guan; Yaozhang Pan; Kok Soon Phua; Kai Keng Ang; Christopher Wee Keong Kuah; Karen Sui Geok Chua; Beng Ti Ang; Niels Birbaumer; Ranganatha Sitaram,10.1177/1545968312445910,,https://doi.org/10.1177/1545968312445910,openalex,robotics,concept,openalex_bulk_robotics,,263,,2026-06-12T18:57:17Z,17.488,17.488
doi:10.1108/ria-01-2023-0002,A novel human-robot skill transfer method for contact-rich manipulation task,"Purpose The purpose of this paper is to enhance the robot’s ability to complete multi-step contact tasks in unknown or dynamic environments, as well as the generalization ability of the same task in different environments. Design/methodology/approach This paper proposes a framework that combines learning from demonstration (LfD), behavior tree (BT) and broad learning system (BLS). First, the original dynamic motion primitive is modified to have a better generalization ability for representing motion primitives. Then, a BT based on tasks is constructed, which will select appropriate motion primitives according to the environment state and robot ontology state, and then the BLS will generate specific parameters of the motion primitives based on the state. The weights of the BLS can also be optimized after each successful execution. Findings The authors carried out the tasks of cleaning the",2023,Robotic Intelligence and Automation,Jiale Dong; Weiyong Si; Chenguang Yang,10.1108/ria-01-2023-0002,,https://doi.org/10.1108/ria-01-2023-0002,crossref,contact rich manipulation learning,concept,contact,,22,contact rich manipulation; generalization,2026-06-12T14:45:03Z,17.468,18.468
doi:10.1016/j.lrp.2022.102218,Two heads are safer than one: Changes in CEO duality and venture failure,,2022,Long Range Planning,Ryan Krause; Rene M. Bakker; Joris Knoben,10.1016/j.lrp.2022.102218,,https://doi.org/10.1016/j.lrp.2022.102218,crossref,robot world model failure planning,hostile,failure,,16,robot world model; robot world model failure,2026-06-12T15:07:36Z,17.417,21.417
doi:10.1109/tro.2023.3300230,Global Planning for Contact-Rich Manipulation via Local Smoothing of Quasi-Dynamic Contact Models,,2023,IEEE Transactions on Robotics,Tao Pang; H. J. Terry Suh; Lujie Yang; Russ Tedrake,10.1109/tro.2023.3300230,,https://doi.org/10.1109/tro.2023.3300230,crossref,robot world models manipulation,concept,world_models,,77,robot world model; contact rich manipulation,2026-06-12T14:45:03Z,17.378,17.378
doi:10.1523/jneurosci.2125-20.2021,Did We Get Sensorimotor Adaptation Wrong? Implicit Adaptation as Direct Policy Updating Rather than Forward-Model-Based Learning,"The human motor system can rapidly adapt its motor output in response to errors. The prevailing theory of this process posits that the motor system adapts an internal forward model that predicts the consequences of outgoing motor commands and uses this forward model to plan future movements. However, despite clear evidence that adaptive forward models exist and are used to help track the state of the body, there is no definitive evidence that such models are used in movement planning. An alternative to the forward-model-based theory of adaptation is that movements are generated based on a learned policy that is adjusted over time by movement errors directly (“direct policy learning”). This learning mechanism could act in parallel with, but independent of, any updates to a predictive forward model. Forward-model-based learning and direct policy learning generate very similar predictions a",2021,The Journal of Neuroscience,Alkis M. Hadjiosif; John W. Krakauer; Adrian M. Haith,10.1523/jneurosci.2125-20.2021,,https://doi.org/10.1523/jneurosci.2125-20.2021,crossref,test time adaptation robot policy,concept,adaptation,,70,test time adaptation,2026-06-12T15:07:36Z,17.281,17.281
doi:10.1142/s0219843619500117,Robust Loop Closure Detection Using Bayes Filters and CNN Features,"This paper focuses on loop-closure detection (LCD) for a visual simultaneous localization and mapping (SLAM) system. We present a strategy that combines a Bayes filter and features from a pre-trained convolution neural network (CNN) to perform LCD. Rather than using features from only one layer, we fuse features from multiple layers based on spatial pyramid pooling. A flexible Bayes model is then formulated to integrate the sequential information and similarities that are computed by features at different scales. The introduction of a penalty factor and bidirectional propagation enables our approach to handle complex trajectories. We present extensive experiments on challenging datasets, and we compare our approach to state-of-the-art methods, to evaluate it. The results show that our approach can ensure remarkable performance under severe condition changes and handle trajectories that h",2021,International Journal of Humanoid Robotics,Qiang Liu; Fuhai Duan,10.1142/s0219843619500117,,https://doi.org/10.1142/s0219843619500117,crossref,humanoid robot foundation model,concept,humanoid,,1,robot foundation model; humanoid robot; SLAM,2026-06-12T15:07:36Z,17.247,17.247
doi:10.1177/02783649231188387,Optimizing contact patterns for robot locomotion via geometric mechanics,"Contact planning is crucial to the locomotion performance of robots: to properly self-propel forward, it is not only important to determine the sequence of internal shape changes (e.g., body bending and limb shoulder joint oscillation) but also the sequence by which contact is made and broken between the mechanism and its environment. Prior work observed that properly coupling contact patterns and shape changes allows for computationally tractable gait design and efficient gait performance. The state of the art, however, made assumptions, albeit motivated by biological observation, as to how contact and shape changes can be coupled. In this paper, we extend the geometric mechanics (GM) framework to design contact patterns. Specifically, we introduce the concept of “contact space” to the GM framework. By establishing the connection between velocities in shape and position spaces, we can e",2023,The International Journal of Robotics Research,Baxi Chong; Tianyu Wang; Lin Bo; Shengkai Li; Pranav C. Muthukrishnan; Juntao He; Daniel Irvine; Howie Choset; Grigoriy Blekherman; Daniel I. Goldman,10.1177/02783649231188387,,https://doi.org/10.1177/02783649231188387,crossref,geometric robotics,anti_myopia,anti_thesis,,6,geometric robotics,2026-06-12T15:07:36Z,17.173,20.173
doi:10.1177/0278364905056196,Bayesian Hybrid Model-State Estimation Applied to Simultaneous Contact Formation Recognition and Geometrical Parameter Estimation,"In this paper we describe a Bayesian approach to model selection and state estimation for sensor-based robot tasks. The approach is illustrated with a hybrid model-state estimation example from force-controlled autonomous compliant motion: simultaneous (discrete) contact formation recognition and estimation of (continuous) geometrical parameters. Previous research in this area mostly tries to solve one of the two subproblems, or treats the contact formation recognition problem separately, avoiding integration between the solutions to the contact formation recognition and the geometrical parameter estimation problems. A more powerful hybrid model, explicitly modeling contact formation transitions, is developed to deal with larger uncertainties. This paper demonstrates that Kalman filter variants have limits: iterated extended Kalman filters can only handle small uncertainties on the geome",2005,The International Journal of Robotics Research,K. Gadeyne; T. Lefebvre; H. Bruyninckx,10.1177/0278364905056196,,https://doi.org/10.1177/0278364905056196,crossref,foundation model limitation robotics,anti_myopia,anti_thesis,,44,force control; state estimation; SLAM; limitation; foundation model limitation robotics,2026-06-12T15:07:36Z,17.153,21.153
doi:10.1177/0278364904042195,Contact State Estimation Using Multiple Model Estimation and Hidden Markov Models,"In this paper we present an approach to estimating the contact state between a robot and its environment during task execution. Contact states are modeled by constraint equations parametrized by timedependent sensor data and time-independent object properties. At each sampling time, multiple model estimation is used to assess the most likely contact state. The assessment is performed by a hidden Markov model, which combines a measure of how well each set of constraint equations fits the sensor data with the probability of specific contact state transitions. The latter is embodied in a task-based contact state network. The approach is illustrated for a three-dimensional peg-in-hole insertion using a tabletop manipulator robot. Using only position sensing, the contact state sequence is successfully estimated without knowledge of nominal property values. Property estimates are obtained for ",2004,The International Journal of Robotics Research,Thomas J. Debus; Pierre E. Dupont; Robert D. Howe,10.1177/0278364904042195,,https://doi.org/10.1177/0278364904042195,crossref,foundation model limitation robotics,anti_myopia,anti_thesis,,36,state estimation; limitation; foundation model limitation robotics,2026-06-12T15:07:36Z,17.055,21.055
doi:10.1109/humanoids.2016.7803285,Robot Contact Task State Estimation via Action Grammars,"Uncertainty is a major difficulty in endowing robots with autonomy. Robots often fail due to unexpected events. In robot contact tasks are often design to empirically look for force thresholds to define state transitions in a Markov chain or finite state machines. Such design is prone to failure in unstructured environments, when due to external disturbances or erroneous models, such thresholds are met, and lead to state transitions that are false-positives. The focus of this paper is to perform high-level state estimation of robot behaviors and task output for robot contact tasks. Our approach encodes raw low-level 3D cartesian trajectories and converts them into a high level (HL) action grammars. Cartesian trajectories can be segmented and encoded in a way that their dynamic properties, or ""texture"" are preserved. Once an action grammar is generated, a classifier is trained to detect c",2016,arXiv,Juan Rojas; Zhengjie Huang; Kensuke Harada,10.1109/humanoids.2016.7803285,1609.04946v1,http://arxiv.org/abs/1609.04946v1,arxiv,adaptive world action model robot,concept,wam,,,world action model; adaptive world action model; state estimation; human robot interaction,2026-06-12T14:45:03Z,17.050,19.050
doi:10.1007/s40544-023-0810-2,Prediction of contact resistance of electrical contact wear using different machine learning algorithms,"Abstract H62 brass material is one of the important materials in the process of electrical energy transmission and signal transmission, and has excellent performance in all aspects. Since the wear behavior of electrical contact pairs is particularly complex when they are in service, we evaluated the effects of load, sliding velocity, displacement amplitude, current intensity, and surface roughness on the changes in contact resistance. Machine learning (ML) algorithms were used to predict the electrical contact performance of different factors after wear to determine the correlation between different factors and contact resistance. Random forest (RF), support vector regression (SVR) and BP neural network (BPNN) algorithms were used to establish RF, SVR and BPNN models, respectively, and the experimental data were trained and tested. It was proved that BP neural network model could better ",2024,Friction,Zhen-bing Cai; Chun-lin Li; Lei You; Xu-dong Chen; Li-ping He; Zhong-qing Cao; Zhi-nan Zhang,10.1007/s40544-023-0810-2,,https://doi.org/10.1007/s40544-023-0810-2,crossref,contact rich manipulation learning,concept,contact,,23,contact rich manipulation,2026-06-12T15:07:36Z,17.039,17.039
doi:10.21203/rs.3.rs-8536139/v1,A semantic belief-state world model for 3D human motion prediction,"Abstract Human motion prediction has traditionally been framed as a sequence regression problem where models extrapolate future joint coordinates from observed pose histories. While effective over short horizons this approach does not separate observation reconstruction with dynamics modeling and offers no explicit representation of the latent causes governing motion. As a result, existing methods exhibit compounding drift, mean-pose collapse, and poorly calibrated uncertainty when rolled forward beyond the training regime. Here we propose a Semantic Belief-State World Model (SBWM) that reframes human motion prediction as latent dynamical simulation on the human body manifold. Rather than predicting poses directly, SBWM maintains a recurrent probabilistic belief state whose evolution is learned independently of pose reconstruction and explicitly aligned with the SMPL-X anatomical paramet",,,Sarim Chaudhry,10.21203/rs.3.rs-8536139/v1,,https://doi.org/10.21203/rs.3.rs-8536139/v1,crossref,robot world model,concept,architecture,,,robot world model; long horizon,2026-06-12T15:07:36Z,17.000,18.000
doi:10.1017/dce.2025.10021,Quasi-static contact-rich manipulation using dynamic movement primitives and haptic potential map,"Abstract Robots need a sense of touch to handle objects effectively, and force sensors provide a straightforward way to measure touch or physical contact. However, contact force data are typically sparse and difficult to analyze, as it only appears during contact and is often affected by noise. Therefore, many researchers have consequently relied on vision-based methods for robotic manipulation. However, vision has limitations, such as occlusions that block the camera’s view, making it ineffective or insufficient for dexterous tasks involving contact. This article presents a method for robotic systems operating under quasi-static conditions to perform contact-rich manipulation using only force/torque measurements. First, the interaction forces/torques between the manipulated object and its environment are collected in advance. A potential function is then constructed from the collected f",2025,Data-Centric Engineering,Huu-Thiet Nguyen; Lin Yang; Chen Lv; Domenico Campolo,10.1017/dce.2025.10021,,https://doi.org/10.1017/dce.2025.10021,crossref,contact rich manipulation learning,concept,contact,,1,contact rich manipulation; limitation; occlusion,2026-06-12T14:45:03Z,16.997,17.997
doi:10.1017/aer.2025.10050,On the Role of Artificial Intelligence in Aerospace Engineering: Current State of the Art and Future Trajectories,"Abstract The rapid development of AI has resulted in an unprecedented paradigm shift across various industries, with aerospace among the laureates of this transformation. This review paper attempts to explore and provide comprehensive overview of the aerospace research imperatives from the AI perspective, detailing the technical sides of the full lifecycle from vehicle design and operational optimisation to advanced air traffic management systems. By examining real-world engineering implementations, the review demonstrates how AI-driven solutions are directly addressing longstanding challenges in aerospace, such as optimising flight performance, reducing operational costs and improving system reliability. A significant emphasis is placed on the crucial roles of AI in health monitoring and predictive maintenance, areas that are pivotal for ensuring the safety and longevity of aerospace en",2025,The Aeronautical Journal,Pratham Girish Shenwai; Ajay Choudhary; Tejeswar Pokuri; Amit Basak; M. Manikandan; Balbir Singh,10.1017/aer.2025.10050,,https://doi.org/10.1017/aer.2025.10050,openalex,energy based transformer robot policy,concept,ebm_transformer,,6,energy based transformer robot policy,2026-06-12T18:05:07Z,16.973,17.973
doi:10.1073/pnas.1314045110,Assessing the utility of coevolution-based residue–residue contact predictions in a sequence- and structure-rich era,Significance We develop an improved method for predicting residue–residue contacts in protein structures that achieves higher accuracy than previous methods by integrating structural context and sequence coevolution information. We then determine the conditions under which these predicted contacts are likely to be useful for structure modeling and identify more than 400 protein families where these conditions are currently met.,2013,Proceedings of the National Academy of Sciences,Hetunandan Kamisetty; Sergey Ovchinnikov; David Baker,10.1073/pnas.1314045110,,https://doi.org/10.1073/pnas.1314045110,crossref,contact rich manipulation learning,concept,contact,,652,contact rich manipulation,2026-06-12T15:07:36Z,16.950,16.950
doi:10.1177/0278364920903774,Robust navigation of a soft growing robot by exploiting contact with the environment,"Navigation and motion control of a robot to a destination are tasks that have historically been performed with the assumption that contact with the environment is harmful. This makes sense for rigid-bodied robots, where obstacle collisions are fundamentally dangerous. However, because many soft robots have bodies that are low-inertia and compliant, obstacle contact is inherently safe. As a result, constraining paths of the robot to not interact with the environment is not necessary and may be limiting. In this article, we mathematically formalize interactions of a soft growing robot with a planar environment in an empirical kinematic model. Using this interaction model, we develop a method to plan paths for the robot to a destination. Rather than avoiding contact with the environment, the planner exploits obstacle contact when beneficial for navigation. We find that a planner that takes ",2020,The International Journal of Robotics Research,Joseph D Greer; Laura H Blumenschein; Ron Alterovitz; Elliot W Hawkes; Allison M Okamura,10.1177/0278364920903774,,https://doi.org/10.1177/0278364920903774,crossref,EBM transformer robotics contact rich manipulation,concept,architecture_x_embodiment,,97,EBM transformer robotics; contact rich manipulation,2026-06-12T15:07:36Z,16.942,16.942
doi:10.1016/j.jpowsour.2025.237711,Collective improvements in flow maldistribution and interface contact resistance of flow field in proton exchange membrane fuel cells via coupling manipulation of gradient porosity and unit cell topology,,2025,Journal of Power Sources,Xueliang Wang; Yuhao Wu; Yuhang Cheng; Guangxuan Lu; Changsheng Tan,10.1016/j.jpowsour.2025.237711,,https://doi.org/10.1016/j.jpowsour.2025.237711,crossref,contact rich manipulation learning,concept,contact,,12,contact rich manipulation,2026-06-12T15:07:36Z,16.882,16.882
arxiv:2508.19851v1,Tracking World States with Language Models: State-Based Evaluation Using Chess,"Large Language Models (LLMs) exhibit emergent capabilities in structured domains, suggesting they may implicitly internalize high-fidelity representations of world models. While probing techniques have shown promising signs of this in scientific and game-based settings, they rely on model-specific internal activations, which limit interpretability and generalizability. In this work, we propose a model-agnostic, state-based evaluation framework using chess as a benchmark to assess whether LLMs preserve the semantics of structured environments. Our method analyzes the downstream legal move distributions (state affordances) to estimate semantic fidelity between predicted and actual game states. This approach offers a more meaningful evaluation than conventional string-based metrics by aligning more closely with the strategic and rule-governed nature of chess. Experimental results demonstrat",2025,arXiv,Romain Harang; Jason Naradowsky; Yaswitha Gujju; Yusuke Miyao,,2508.19851v1,http://arxiv.org/abs/2508.19851v1,arxiv,robot world models manipulation,concept,world_models,,,robot world model; limitation; benchmark,2026-06-12T14:45:03Z,16.850,19.850
arxiv:1501.05611v2,Learning Contact-Rich Manipulation Skills with Guided Policy Search,"Autonomous learning of object manipulation skills can enable robots to acquire rich behavioral repertoires that scale to the variety of objects found in the real world. However, current motion skill learning methods typically restrict the behavior to a compact, low-dimensional representation, limiting its expressiveness and generality. In this paper, we extend a recently developed policy search method \cite{la-lnnpg-14} and use it to learn a range of dynamic manipulation behaviors with highly general policy representations, without using known models or example demonstrations. Our approach learns a set of trajectories for the desired motion skill by using iteratively refitted time-varying linear models, and then unifies these trajectories into a single control policy that can generalize to new situations. To enable this method to run on a real robot, we introduce several improvements tha",2015,arXiv,Sergey Levine; Nolan Wagener; Pieter Abbeel,,1501.05611v2,http://arxiv.org/abs/1501.05611v2,arxiv,contact rich manipulation learning,concept,contact,,,contact rich manipulation; skill learning,2026-06-12T14:45:03Z,16.850,17.850
arxiv:2606.09337v2,TORL-VLA: Tactile Guided Online Reinforcement Learning for Contact-Rich Manipulation,"Vision-Language-Action (VLA) models have become a powerful framework for robotic manipulation, and recent studies have introduced tactile or force feedback into VLAs to address contact-rich tasks. However, these models are typically deployed as offline policies. When contact conditions shift from the training distribution, the policy cannot perform online adaptation, leading to problems such as inappropriate contact forces and inefficient retries. Therefore, we propose TORL-VLA, a tactile-guided online reinforcement learning framework that couples tactile feedback with policy refinement for contact-rich manipulation. Our method introduces a tactile-derived wrench-aware VLA to predict reference actions and future wrench sequences, while a lightweight online RL module is used to refine the reference actions. To stabilize learning from mixed exploratory policy-generated and human-interventi",2026,arXiv,Huaihang Zheng; Yi Yang; Kai Ma; Shenglin Xu; Tian Xie; Guozheng Li; Xiangyu Wang; Yiren Ma; Si Liu; Yinian Mao; Baoxu Liu,,2606.09337v2,http://arxiv.org/abs/2606.09337v2,arxiv,contact rich manipulation learning,concept,contact,,,contact rich manipulation; online adaptation; long horizon,2026-06-12T14:45:03Z,16.850,16.850
arxiv:2503.02881v3,Reactive Diffusion Policy: Slow-Fast Visual-Tactile Policy Learning for Contact-Rich Manipulation,"Humans can accomplish complex contact-rich tasks using vision and touch, with highly reactive capabilities such as fast response to external changes and adaptive control of contact forces; however, this remains challenging for robots. Existing visual imitation learning (IL) approaches rely on action chunking to model complex behaviors, which lacks the ability to respond instantly to real-time tactile feedback during the chunk execution. Furthermore, most teleoperation systems struggle to provide fine-grained tactile / force feedback, which limits the range of tasks that can be performed. To address these challenges, we introduce TactAR, a low-cost teleoperation system that provides real-time tactile feedback through Augmented Reality (AR), along with Reactive Diffusion Policy (RDP), a novel slow-fast visual-tactile imitation learning algorithm for learning contact-rich manipulation skill",2025,arXiv,Han Xue; Jieji Ren; Wendi Chen; Gu Zhang; Yuan Fang; Guoying Gu; Huazhe Xu; Cewu Lu,,2503.02881v3,http://arxiv.org/abs/2503.02881v3,arxiv,contact rich manipulation learning,concept,contact,,,diffusion policy; contact rich manipulation; imitation learning; teleoperation,2026-06-12T14:45:03Z,16.850,16.850
arxiv:2605.17601v1,From a Single Demonstration to a General Policy for Contact-Rich Manipulation,"We present a Learning from Demonstration (LfD) framework that achieves one-shot generalization in multi-stage, contact-rich manipulation tasks. Central to our approach is the utilization of environmental constraints as the inductive bias. By representing a demonstration as a sequence of behaviors that exploit environmental constraints, the robot separates task-general structure -- the constraint types and their transitions -- from instance-specific details such as exact demonstration trajectories, poses, and local geometries. Our four-stage pipeline builds a complete policy on this representation: the robot first abstracts a single demonstration into environmental-constraint primitives, then disambiguates them through self-guided exploration, next assimilates targeted human corrections that handle out-of-distribution variations, and finally recovers the abstracted-away details online thr",2026,arXiv,Xing Li; Oliver Brock,,2605.17601v1,http://arxiv.org/abs/2605.17601v1,arxiv,contact rich manipulation learning,concept,contact,,,contact rich manipulation; contact dynamics; generalization; out of distribution,2026-06-12T14:45:03Z,16.850,18.850
arxiv:2510.25725v2,A Humanoid Visual-Tactile-Action Dataset for Contact-Rich Manipulation,"Contact-rich manipulation has become increasingly important in robot learning. However, previous studies on robot learning datasets have focused on rigid objects and underrepresented the diversity of pressure conditions for real-world manipulation. To address this gap, we present a humanoid visual-tactile-action dataset designed for manipulating deformable soft objects. The dataset was collected via teleoperation using a humanoid robot equipped with dexterous hands, capturing multi-modal interactions under varying pressure conditions. This work also motivates future research on models with advanced optimization strategies capable of effectively leveraging the complexity and diversity of tactile signals.",2025,arXiv,Eunju Kwon; Seungwon Oh; In-Chang Baek; Yucheon Park; Gyungbo Kim; JaeYoung Moon; Yunho Choi; Kyung-Joong Kim,,2510.25725v2,http://arxiv.org/abs/2510.25725v2,arxiv,contact rich manipulation learning,concept,contact,,,contact rich manipulation; humanoid robot; teleoperation,2026-06-12T14:45:03Z,16.850,17.850
arxiv:2601.15541v2,CompliantVLA-adaptor: VLM-Guided Variable Impedance Action for Safe Contact-Rich Manipulation,"We propose a CompliantVLA-adaptor that augments the state-of-the-art Vision-Language-Action (VLA) models with vision-language model (VLM)-informed context-aware variable impedance control (VIC) to improve the safety and effectiveness of contact-rich robotic manipulation tasks. Existing VLA systems (e.g., RDT, Pi0.5, OpenVLA-oft) typically output position, but lack force-aware adaptation, leading to unsafe or failed interactions in physical tasks involving contact, compliance, or uncertainty. In the proposed CompliantVLA-adaptor, a VLM interprets task context from images and natural language to adapt the stiffness and damping parameters of a VIC controller. These parameters are further regulated using real-time force/torque feedback to ensure interaction forces remain within safe thresholds. We demonstrate that our method outperforms the VLA baselines on a suite of complex contact-rich ta",2026,arXiv,Heng Zhang; Wei-Hsing Huang; Qiyi Tong; Gokhan Solak; Puze Liu; Kaidi Zhang; Sheng Liu; Jan Peters; Yu She; Arash Ajoudani,,2601.15541v2,http://arxiv.org/abs/2601.15541v2,arxiv,contact rich manipulation learning,concept,contact,,,contact rich manipulation; impedance control,2026-06-12T14:45:03Z,16.850,17.850
arxiv:2602.23648v1,FAVLA: A Force-Adaptive Fast-Slow VLA model for Contact-Rich Robotic Manipulation,"Force/torque feedback can substantially improve Vision-Language-Action (VLA) models on contact-rich manipulation, but most existing approaches fuse all modalities at a single operating frequency. This design ignores the mismatched sampling rates of real robot sensors, forcing downsampling of the high-frequency contact cues needed for reactive correction. Combined with common VLM-action-expert (AE) pipelines that execute action chunks largely open loop between expensive VLM updates, unified-frequency fusion often yields delayed responses to impacts, stick-slip, and force spikes. We propose FAVLA, a force-adaptive fast-slow VLA that decouples slow perception planning from fast contact-aware control. FAVLA runs a slow VLM at a fixed low frequency to encode modalities to produce latent representations and to predict near-future force variation. A fast AE then executes at a variable high freq",2026,arXiv,Yao Li; Peiyuan Tang; Wuyang Zhang; Chengyang Zhu; Yifan Duan; Weikai Shi; Xiaodong Zhang; Zijiang Yang; Jianmin Ji; Yanyong Zhang,,2602.23648v1,http://arxiv.org/abs/2602.23648v1,arxiv,contact rich manipulation learning,concept,contact,,,contact rich manipulation,2026-06-12T14:45:03Z,16.850,16.850
arxiv:2602.11934v2,Robot-DIFT: Correspondence-Sensitive Diffusion Features for Contact-Rich Robot Manipulation,"Robot manipulation often fails in the final millimeters: a policy may recognize the right object yet miss the pose offsets, boundaries, or pre-contact alignments needed for action. We argue that such failures arise when semantic invariance suppresses correspondence cues for closed-loop control, or when these cues are not exposed to the policy in a usable form. Modern visual encoders provide strong semantic abstractions, but contact-rich manipulation requires correspondence sensitivity: discriminative feature responses to action-relevant changes in pose, boundary, and contact geometry. Diffusion features provide a strong prior for dense correspondence, but direct use is impractical due to stochasticity, latency, and representation drift. We introduce Robot-DIFT, a deterministic diffusion-derived backbone for real-time control. Through Manifold Distillation, Robot-DIFT converts a noise-con",2026,arXiv,Yu Deng; Yufeng Jin; Xiaogang Jia; Jiahong Xue; Gerhard Neumann; Georgia Chalvatzaki,,2602.11934v2,http://arxiv.org/abs/2602.11934v2,arxiv,contact rich manipulation learning,concept,contact,,,robot manipulation; contact rich manipulation; latency,2026-06-12T14:45:03Z,16.850,17.850
arxiv:2509.19696v3,Diffusion-Based Impedance Learning for Contact-Rich Manipulation Tasks,"Learning-based methods excel at robot motion generation but remain limited in contact-rich physical interaction. Impedance control provides stable and safe contact behavior but requires task-specific tuning of stiffness and damping parameters. We present Diffusion-Based Impedance Learning, a framework that bridges these paradigms by combining generative modeling with energy-consistent impedance control. A Transformer-based Diffusion Model, conditioned via cross-attention on measured external wrenches, reconstructs simulated Zero-Force Trajectories (sZFTs) that represent contact-consistent equilibrium behavior. A SLERP-based quaternion noise scheduler preserves geometric consistency for rotations on the unit sphere. The reconstructed sZFT is used by an energy-based estimator to adapt impedance online through directional stiffness and damping modulation. Trained on parkour and robot-assist",2025,arXiv,Noah Geiger; Tamim Asfour; Neville Hogan; Johannes Lachner,,2509.19696v3,http://arxiv.org/abs/2509.19696v3,arxiv,contact rich manipulation learning,concept,contact,,,contact rich manipulation; impedance control; teleoperation,2026-06-12T14:45:03Z,16.850,16.850
arxiv:2512.10016v1,Latent Action World Models for Control with Unlabeled Trajectories,"Inspired by how humans combine direct interaction with action-free experience (e.g., videos), we study world models that learn from heterogeneous data. Standard world models typically rely on action-conditioned trajectories, which limits effectiveness when action labels are scarce. We introduce a family of latent-action world models that jointly use action-conditioned and action-free data by learning a shared latent action representation. This latent space aligns observed control signals with actions inferred from passive observations, enabling a single dynamics model to train on large-scale unlabeled trajectories while requiring only a small set of action-labeled ones. We use the latent-action world model to learn a latent-action policy through offline reinforcement learning (RL), thereby bridging two traditionally separate domains: offline RL, which typically relies on action-condition",2025,arXiv,Marvin Alles; Xingyuan Zhang; Patrick van der Smagt; Philip Becker-Ehmck,,2512.10016v1,http://arxiv.org/abs/2512.10016v1,arxiv,adaptive world action model,concept,architecture,,,world action model; adaptive world action model; offline reinforcement learning,2026-06-12T14:45:03Z,16.850,16.850
arxiv:2505.02074v1,Learning Local Causal World Models with State Space Models and Attention,"World modelling, i.e. building a representation of the rules that govern the world so as to predict its evolution, is an essential ability for any agent interacting with the physical world. Despite their impressive performance, many solutions fail to learn a causal representation of the environment they are trying to model, which would be necessary to gain a deep enough understanding of the world to perform complex tasks. With this work, we aim to broaden the research in the intersection of causality theory and neural world modelling by assessing the potential for causal discovery of the State Space Model (SSM) architecture, which has been shown to have several advantages over the widespread Transformer. We show empirically that, compared to an equivalent Transformer, a SSM can model the dynamics of a simple environment and learn a causal model at the same time with equivalent or better ",2025,arXiv,Francesco Petri; Luigi Asprino; Aldo Gangemi,,2505.02074v1,http://arxiv.org/abs/2505.02074v1,arxiv,causal robot world model,concept,architecture,,,robot world model; causal robot world model,2026-06-12T14:45:03Z,16.850,17.850
arxiv:2603.29090v1,HCLSM: Hierarchical Causal Latent State Machines for Object-Centric World Modeling,"World models that predict future states from video remain limited by flat latent representations that entangle objects, ignore causal structure, and collapse temporal dynamics into a single scale. We present HCLSM, a world model architecture that operates on three interconnected principles: object-centric decomposition via slot attention with spatial broadcast decoding, hierarchical temporal dynamics through a three-level engine combining selective state space models for continuous physics, sparse transformers for discrete events, and compressed transformers for abstract goals, and causal structure learning through graph neural network interaction patterns. HCLSM introduces a two-stage training protocol where spatial reconstruction forces slot specialization before dynamics prediction begins. We train a 68M-parameter model on the PushT robotic manipulation benchmark from the Open X-Embod",2026,arXiv,Jaber Jaber; Osama Jaber,,2603.29090v1,http://arxiv.org/abs/2603.29090v1,arxiv,object centric world model,concept,architecture,,,object centric world model; benchmark,2026-06-12T14:45:03Z,16.850,18.850
arxiv:2602.16356v1,Articulated 3D Scene Graphs for Open-World Mobile Manipulation,"Semantics has enabled 3D scene understanding and affordance-driven object interaction. However, robots operating in real-world environments face a critical limitation: they cannot anticipate how objects move. Long-horizon mobile manipulation requires closing the gap between semantics, geometry, and kinematics. In this work, we present MoMa-SG, a novel framework for building semantic-kinematic 3D scene graphs of articulated scenes containing a myriad of interactable objects. Given RGB-D sequences containing multiple object articulations, we temporally segment object interactions and infer object motion using occlusion-robust point tracking. We then lift point trajectories into 3D and estimate articulation models using a novel unified twist estimation formulation that robustly estimates revolute and prismatic joint parameters in a single optimization pass. Next, we associate objects with e",2026,arXiv,Martin Büchner; Adrian Röfer; Tim Engelbracht; Tim Welschehold; Zuria Bauer; Hermann Blum; Marc Pollefeys; Abhinav Valada,,2602.16356v1,http://arxiv.org/abs/2602.16356v1,arxiv,3D scene understanding robot manipulation,concept,scene_understanding,,,robot manipulation; mobile manipulation; 3D scene understanding; limitation; occlusion; long horizon,2026-06-12T15:07:36Z,16.850,18.850
arxiv:2603.30042v1,HapCompass: A Rotational Haptic Device for Contact-Rich Robotic Teleoperation,"The contact-rich nature of manipulation makes it a significant challenge for robotic teleoperation. While haptic feedback is critical for contact-rich tasks, providing intuitive directional cues within wearable teleoperation interfaces remains a bottleneck. Existing solutions, such as non-directional vibrations from handheld controllers, provide limited information, while vibrotactile arrays are prone to perceptual interference. To address these limitations, we propose HapCompass, a novel, low-cost wearable haptic device that renders 2D directional cues by mechanically rotating a single linear resonant actuator (LRA). We evaluated HapCompass's ability to convey directional cues to human operators and showed that it increased the success rate, decreased the completion time and the maximum contact force for teleoperated manipulation tasks when compared to vision-only and non-directional fe",2026,arXiv,Xiangshan Tan; Jingtian Ji; Tianchong Jiang; Pedro Lopes; Matthew R. Walter,,2603.30042v1,http://arxiv.org/abs/2603.30042v1,arxiv,EBM transformer robotics contact rich manipulation,concept,architecture_x_embodiment,,,EBM transformer robotics; contact rich manipulation; imitation learning; teleoperation; limitation,2026-06-12T15:07:36Z,16.850,17.850
doi:10.20965/jrm.2015.p0469,A Study of Effective Prediction Methods of the State-Action Pair for Robot Control Using Online SVR,"Prediction of future state and action In order to work effectively, a robot should be able to adapt to different environments by deciding its correct course of action according to the situation, using determinants other than pre-registered commands. For this purpose, the ability to predict the future state of a robot would be effective. On the other hand, the future state of a robot varies infinitely if it depends on its current action. Therefore, it is difficult to predict only the future state. Thus, it is important to simultaneously predict the state and the action that the robot will adopt. The purpose of this study was to investigate the prediction of the advanced future state and action of a robot. In this paper, the results of the study are reported and methods that allow a robot to decide its appropriate behavior quickly, according to the predicted future state are discussed. As ",2015,Journal of Robotics and Mechatronics,Masashi Sugimoto; Kentarou Kurashige,10.20965/jrm.2015.p0469,,https://doi.org/10.20965/jrm.2015.p0469,crossref,adaptive world action model robot,concept,wam,,4,world action model; adaptive world action model,2026-06-12T15:07:36Z,16.805,16.805
doi:10.1007/s10514-024-10164-6,Guiding real-world reinforcement learning for in-contact manipulation tasks with Shared Control Templates,"Abstract The requirement for a high number of training episodes has been a major limiting factor for the application of Reinforcement Learning (RL) in robotics. Learning skills directly on real robots requires time, causes wear and tear and can lead to damage to the robot and environment due to unsafe exploratory actions. The success of learning skills in simulation and transferring them to real robots has also been limited by the gap between reality and simulation. This is particularly problematic for tasks involving contact with the environment as contact dynamics are hard to model and simulate. In this paper we propose a framework which leverages a shared control framework for modeling known constraints defined by object interactions and task geometry to reduce the state and action spaces and hence the overall dimensionality of the reinforcement learning problem. The unknown task know",2024,Autonomous Robots,Abhishek Padalkar; Gabriel Quere; Antonin Raffin; João Silvério; Freek Stulp,10.1007/s10514-024-10164-6,,https://doi.org/10.1007/s10514-024-10164-6,crossref,robot world models manipulation,concept,world_models,,3,robot world model; contact dynamics,2026-06-12T14:45:03Z,16.793,17.793
doi:10.1093/bib/bbac499,DeepHomo2.0: improved protein–protein contact prediction of homodimers by transformer-enhanced deep learning,"Abstract Protein–protein interactions play an important role in many biological processes. However, although structure prediction for monomer proteins has achieved great progress with the advent of advanced deep learning algorithms like AlphaFold, the structure prediction for protein–protein complexes remains an open question. Taking advantage of the Transformer model of ESM-MSA, we have developed a deep learning-based model, named DeepHomo2.0, to predict protein–protein interactions of homodimeric complexes by leveraging the direct-coupling analysis (DCA) and Transformer features of sequences and the structure features of monomers. DeepHomo2.0 was extensively evaluated on diverse test sets and compared with eight state-of-the-art methods including protein language model-based, DCA-based and machine learning-based methods. It was shown that DeepHomo2.0 achieved a high precision of &gt;70",2023,Briefings in Bioinformatics,Peicong Lin; Yumeng Yan; Sheng-You Huang,10.1093/bib/bbac499,,https://doi.org/10.1093/bib/bbac499,crossref,contact rich manipulation learning,concept,contact,,38,contact rich manipulation,2026-06-12T15:07:36Z,16.732,16.732
doi:10.3390/electronics14244950,LITransformer: Transformer-Based Vehicle Trajectory Prediction Integrating Spatio-Temporal Attention Networks with Lane Topology and Dynamic Interaction,"Vehicle trajectory prediction is a pivotal technology in intelligent transportation systems. Existing methods encounter challenges in effectively modeling lane topology and dynamic interaction relationships in complex traffic scenarios, limiting prediction accuracy and reliability. This paper presents Lane Interaction Transformer (LITransformer), a lane-informed trajectory prediction framework that builds on spatio–temporal graph attention networks and Transformer-based global aggregation. Rather than introducing entirely new network primitives, LITransformer focuses on two design aspects: (i) a lane topology encoder that fuses geometric and semantic lane features via direction-sensitive, multi-scale dilated graph convolutions, converting vectorized lane data into rich topology-aware representations; and (ii) an Interaction-Aware Graph Attention mechanism (IAGAT) that explicitly models f",2025,Electronics,Yuanchao Zhong; Zhiming Gui; Zhenji Gao; Xinyu Wang; Jiawen Wei,10.3390/electronics14244950,,https://doi.org/10.3390/electronics14244950,crossref,trajectory transformer,concept,architecture,,3,action transformer; trajectory transformer,2026-06-12T15:07:36Z,16.693,16.693
doi:10.1038/s41598-021-97003-1,A learning-based tip contact force estimation method for tendon-driven continuum manipulator,"Abstract Although tendon-driven continuum manipulators have been extensively researched, how to realize tip contact force sensing in a more general and efficient way without increasing the diameter is still a challenge. Rather than use a complex modeling approach, this paper proposes a general tip contact force-sensing method based on a recurrent neural network that takes the tendons’ position and tension as the input of a recurrent neural network and the tip contact force of the continuum manipulator as the output and fits this static model by means of machine learning so that it may be used as a real-time contact force estimator. We also designed and built a corresponding three-degree-of-freedom contact force data acquisition platform based on the structure of a continuum manipulator designed in our previous studies. After obtaining training data, we built and compared the performances",2021,Scientific Reports,Fan Feng; Wuzhou Hong; Le Xie,10.1038/s41598-021-97003-1,,https://doi.org/10.1038/s41598-021-97003-1,crossref,contact rich manipulation learning,concept,contact,,37,contact rich manipulation,2026-06-12T15:07:36Z,16.669,16.669
doi:10.1609/aaai.v40i47.41353,Data-Efficient and Contact-Rich Manipulation Through Diffusion Augmentation and Vision-Language Models,"Recent progress in robot learning has produced impressive results, yet many systems still require learning from large datasets of demonstrations and are less effective in clutter or with highly deformable objects. This talk presents work on data-efficient manipulation using (i) diffusion-based augmentation that synthesizes geometrically consistent images and action labels to reduce demonstration requirements and (ii) Vision-Language Models (VLMs) that inject high-level semantics for contact-rich motion planning in clutter. We will also introduce ManipBench, which evaluates VLMs’ abilities for low-level manipulation. Together, we show how to move the community towards achieving robot manipulators that can learn and operate with reduced demonstration requirements across cluttered and real-world environments.",2026,Proceedings of the AAAI Conference on Artificial Intelligence,Daniel Seita,10.1609/aaai.v40i47.41353,,https://doi.org/10.1609/aaai.v40i47.41353,crossref,contact rich manipulation learning,concept,contact,,,contact rich manipulation; motion planning,2026-06-12T14:45:03Z,16.650,18.650
arxiv:2412.02676v2,Planning-Guided Diffusion Policy Learning for Generalizable Contact-Rich Bimanual Manipulation,"Contact-rich bimanual manipulation involves precise coordination of two arms to change object states through strategically selected contacts and motions. Due to the inherent complexity of these tasks, acquiring sufficient demonstration data and training policies that generalize to unseen scenarios remain a largely unresolved challenge. Building on recent advances in planning through contacts, we introduce Generalizable Planning-Guided Diffusion Policy Learning (GLIDE), an approach that effectively learns to solve contact-rich bimanual manipulation tasks by leveraging model-based motion planners to generate demonstration data in high-fidelity physics simulation. Through efficient planning in randomized environments, our approach generates large-scale and high-quality synthetic motion trajectories for tasks involving diverse objects and transformations. We then train a task-conditioned dif",2024,arXiv,Xuanlin Li; Tong Zhao; Xinghao Zhu; Jiuguang Wang; Tao Pang; Kuan Fang,,2412.02676v2,http://arxiv.org/abs/2412.02676v2,arxiv,contact rich manipulation learning,concept,contact,,,diffusion policy; contact rich manipulation; bimanual manipulation; behavior cloning; generalization,2026-06-12T14:45:03Z,16.650,17.650
arxiv:2409.14440v2,Admittance Visuomotor Policy Learning for General-Purpose Contact-Rich Manipulations,"Contact force in contact-rich environments is an essential modality for robots to perform general-purpose manipulation tasks, as it provides information to compensate for the deficiencies of visual and proprioceptive data in collision perception, high-precision grasping, and efficient manipulation. In this paper, we propose an admittance visuomotor policy framework for continuous, general-purpose, contact-rich manipulations. During demonstrations, we designed a low-cost, user-friendly teleoperation system with contact interaction, aiming to gather compliant robot demonstrations and accelerate the data collection process. During training and inference, we propose a diffusion-based model to plan action trajectories and desired contact forces from multimodal observation that includes contact force, vision and proprioception. We utilize an admittance controller for compliance action executio",2024,arXiv,Bo Zhou; Ruixuan Jiao; Yi Li; Xiaogang Yuan; Fang Fang; Shihua Li,,2409.14440v2,http://arxiv.org/abs/2409.14440v2,arxiv,contact rich manipulation learning,concept,contact,,,contact rich manipulation; proprioception; teleoperation; generalization,2026-06-12T14:45:03Z,16.650,17.650
doi:10.1609/aaai.v40i22.38925,WorldAgen: Unified State-Action Prediction with Test-Time World Model Training,"How can vision-language-action (VLA) models adapt to new environments where world dynamics shift? While recent research has combined world modeling and action prediction to improve VLA performance, existing methods largely rely on pretraining in static datasets, without mechanisms for active adaptation to new environments. As a result, these models often fail to generalize when deployed in unseen scenarios with novel object configurations or dynamics. We present WorldAgen, a unified framework that jointly learns world modeling and action prediction while enabling test-time training (TTT) to adapt to new environments. WorldAgen employs a shared Transformer backbone with two heads: (1) a world-model head that predicts future states from past state-action trajectories, and (2) an agent-model head that predicts actions conditioned on task instructions. During test time, WorldAgen samples exp",2026,Proceedings of the AAAI Conference on Artificial Intelligence,Chi Wan; Kangrui Wang; Yuan Si; Pingyue Zhang; Manling Li,10.1609/aaai.v40i22.38925,,https://doi.org/10.1609/aaai.v40i22.38925,crossref,adaptive world action model robot,concept,wam,,,world action model; adaptive world action model; benchmark,2026-06-12T15:07:36Z,16.650,17.650
doi:10.1142/s0219686728500011,Visual-Haptic Fusion for Contact-Rich Robot Skill Transfer via Diffusion Models,"Contact-rich manipulation in industrial robotics faces significant challenges in skill transfer, where conventional vision-based systems rely on indirect force inference from visual observations. To address this limitation, this study developed a vision-force fusion framework combining visual and haptic measurements through learned attention mechanisms to generate manipulation trajectories satisfying contact constraints. The approach employs diffusion-based iterative refinement conditioned on multimodal observations from RGB-D cameras and force sensors. Experimental validation employed 387 demonstrations from diverse contact-rich assembly tasks using a collaborative robot with multimodal perception. The approach achieved 87.3% success rate across target task variants, outperforming Diffusion Policy (78.6%), Action Chunking Transformer (73.9%), and Behavior Cloning (62.3%), representing a",2026,Journal of Advanced Manufacturing Systems,Hongliang Xing; Yuhang Zhao,10.1142/s0219686728500011,,https://doi.org/10.1142/s0219686728500011,crossref,contact dynamics robot learning,concept,contact,,,diffusion policy; contact rich manipulation; industrial robot; contact dynamics; behavior cloning; limitation; generalization; robustness; ablation,2026-06-12T15:07:36Z,16.650,20.650
doi:10.3389/frobt.2026.1746577,Fast reprogramming and adaptive reproduction of contact-rich assembly,"Introduction Modern manufacturing demands flexible, robust robotic assembly systems capable of handling variable part geometries and dynamic task configurations. Current approaches often suffer from limited generalization, high sample complexity, and the need for extensive reconfiguration or retraining when task parameters change. This paper addresses these limitations by introducing a novel framework that enables adaptive reproduction of kinesthetically taught, contact-rich assembly policies, using only force/torque and proprioceptive sensing. Methods The approach combines three components: i. synchronized wrench–motion Dynamic Movement Primitives (wDMPs) that encode coupled motion and wrench profiles from a single demonstration; ii. an uncertainty-aware Model Predictive Controller (MPC) that updates its model online to enable compliant and adaptive contact handling using uncertainty es",2026,Frontiers in Robotics and AI,Dimitrios Rakovitis; Vamsi Krishna Origanti; Vinzenz Bargsten; Adrian Danzglock; Dennis Mronga; Frank Kirchner,10.3389/frobt.2026.1746577,,https://doi.org/10.3389/frobt.2026.1746577,crossref,contact dynamics robot learning,concept,contact,,,contact dynamics; model predictive control; limitation; benchmark; generalization; robustness,2026-06-12T15:07:36Z,16.650,22.650
doi:10.1177/0278364913506757,A direct method for trajectory optimization of rigid bodies through contact,"Direct methods for trajectory optimization are widely used for planning locally optimal trajectories of robotic systems. Many critical tasks, such as locomotion and manipulation, often involve impacting the ground or objects in the environment. Most state-of-the-art techniques treat the discontinuous dynamics that result from impacts as discrete modes and restrict the search for a complete path to a specified sequence through these modes. Here we present a novel method for trajectory planning of rigid-body systems that contact their environment through inelastic impacts and Coulomb friction. This method eliminates the requirement for a priori mode ordering. Motivated by the formulation of multi-contact dynamics as a Linear Complementarity Problem for forward simulation, the proposed algorithm poses the optimization problem as a Mathematical Program with Complementarity Constraints. We le",2014,The International Journal of Robotics Research,Michael Posa; Cecilia Cantu; Russ Tedrake,10.1177/0278364913506757,,https://doi.org/10.1177/0278364913506757,crossref,EBM transformer robotics contact rich manipulation,concept,architecture_x_embodiment,,486,EBM transformer robotics; contact rich manipulation; contact dynamics,2026-06-12T15:07:36Z,16.650,16.650
doi:10.3390/ani14060902,Learning Rich Feature Representation and State Change Monitoring for Accurate Animal Target Tracking,"Animal tracking is crucial for understanding migration, habitat selection, and behavior patterns. However, challenges in video data acquisition and the unpredictability of animal movements have hindered progress in this field. To address these challenges, we present a novel animal tracking method based on correlation filters. Our approach integrates hand-crafted features, deep features, and temporal context information to learn a rich feature representation of the target animal, enabling effective monitoring and updating of its state. Specifically, we extract hand-crafted histogram of oriented gradient features and deep features from different layers of the animal, creating tailored fusion features that encapsulate both appearance and motion characteristics. By analyzing the response map, we select optimal fusion features based on the oscillation degree. When the target animal’s state ch",2024,Animals,Kuan Yin; Jiangfan Feng; Shaokang Dong,10.3390/ani14060902,,https://doi.org/10.3390/ani14060902,crossref,contact rich manipulation learning,concept,contact,,2,contact rich manipulation,2026-06-12T15:07:36Z,16.649,16.649
doi:10.3390/robotics15030065,What Makes a Space Traversable? A Formal Definition and On-Policy Certificate for Contact-Rich Egress in Confined Environments,"When is an unknown, confined environment traversable for a specific ground robot using only touch? We answer by (i) giving an environment-anchored definition of traversability, expressed through the max-min value T★(E;A)=supπ∈ΠS→Ginfs∈[0,1]ϕ(π(s)), where the bottleneck margin ϕ aggregates the clearance, curvature (ρ≥Rmin), slope/step, and friction constraints, and (ii) introducing an on-policy, tactile certificate (TC) that maintains a conservative, monotone lower bound Tt using partial contact histories. The TC fuses pessimistic free-space from contacts and the body envelope, the M3 decaying contact memory as a risk prior, and local bend/FSR proxies; a certificate is issued when Tt>0 and the explored corridor graph connects S to G. Relative to Papers 1–2 (tactile traversal; offline software assurance), this work formalizes traversability itself and provides a tactile-only, online certif",2026,Robotics,Adam Mark Mazurick; Alex Ferworn,10.3390/robotics15030065,,https://doi.org/10.3390/robotics15030065,crossref,energy based policy robotics,concept,ebm,,1,,2026-06-12T15:07:36Z,16.647,16.647
doi:10.1049/csy2.12066,Obstacle‐transformer: A trajectory prediction network based on surrounding trajectories,"Abstract Recurrent Neural Network, Long Short‐Term Memory, and Transformer have made great progress in predicting the trajectories of moving objects. Although the trajectory element with the surrounding scene features has been merged to improve performance, there still exist some problems to be solved. One is that the time series processing models will increase the inference time with the increase of the number of prediction sequences. Another problem is that the features cannot be extracted from the scene's image and point cloud in some situations. Therefore, an Obstacle‐Transformer is proposed to predict trajectory in a constant inference time. An ‘obstacle’ is designed by the surrounding trajectory rather than images or point clouds, making Obstacle‐Transformer more applicable in a wider range of scenarios. Experiments are conducted on ETH and UCY datasets to verify the performance of",2023,IET Cyber-Systems and Robotics,Wendong Zhang; Qingjie Chai; Quanqi Zhang; Chengwei Wu,10.1049/csy2.12066,,https://doi.org/10.1049/csy2.12066,crossref,transformer energy based model robotics,concept,ebm_transformer,,7,energy based model robotics,2026-06-12T14:45:03Z,16.640,16.640
doi:10.2139/ssrn.4735975,Improved Interfacial Contact And Electrochemical Performance of Highly Ni-Rich Linixcoymn1-X-Yo2 (X＞90%) Cathode in All-Solid-State Lithium Battery,,,,Rongzheng Tian; Shan Yin; Zhenyu Wang; Kai Liu; Lingyun Zhu; Lianqi Zhang,10.2139/ssrn.4735975,,https://doi.org/10.2139/ssrn.4735975,crossref,contact rich manipulation learning,concept,contact,,,contact rich manipulation,2026-06-12T15:07:36Z,16.600,16.600
doi:10.1007/s00158-023-03621-w,Clamping force manipulation in 2D compliant gripper topology optimization under frictionless contact,,2023,Structural and Multidisciplinary Optimization,Jiaqi Huang; Zhihao Wei; Yiwen Cui; Jikai Liu,10.1007/s00158-023-03621-w,,https://doi.org/10.1007/s00158-023-03621-w,crossref,contact rich manipulation learning,concept,contact,,15,contact rich manipulation,2026-06-12T15:07:36Z,16.586,16.586
doi:10.1109/lra.2023.3302616,Nonlinear Subsystem-Based Adaptive Impedance Control of Physical Human-Robot-Environment Interaction in Contact-Rich Tasks,,2023,IEEE Robotics and Automation Letters,Mahdi Hejrati; Jouni Mattila,10.1109/lra.2023.3302616,,https://doi.org/10.1109/lra.2023.3302616,crossref,adaptive world action model robot,concept,wam,,14,world action model; adaptive world action model; impedance control,2026-06-12T15:07:36Z,16.554,16.554
arxiv:2509.16550v1,TranTac: Leveraging Transient Tactile Signals for Contact-Rich Robotic Manipulation,"Robotic manipulation tasks such as inserting a key into a lock or plugging a USB device into a port can fail when visual perception is insufficient to detect misalignment. In these situations, touch sensing is crucial for the robot to monitor the task's states and make precise, timely adjustments. Current touch sensing solutions are either insensitive to detect subtle changes or demand excessive sensor data. Here, we introduce TranTac, a data-efficient and low-cost tactile sensing and control framework that integrates a single contact-sensitive 6-axis inertial measurement unit within the elastomeric tips of a robotic gripper for completing fine insertion tasks. Our customized sensing system can detect dynamic translational and torsional deformations at the micrometer scale, enabling the tracking of visually imperceptible pose changes of the grasped object. By leveraging transformer-based",2025,arXiv,Yinghao Wu; Shuhong Hou; Haowen Zheng; Yichen Li; Weiyi Lu; Xun Zhou; Yitian Shao,,2509.16550v1,http://arxiv.org/abs/2509.16550v1,arxiv,Gaussian splatting robot perception contact rich manipulation,concept,architecture_x_embodiment,,,diffusion policy; Gaussian splatting robot perception; contact rich manipulation,2026-06-12T15:07:36Z,16.500,16.500
doi:10.55092/rl20260001,TLA: tactile-language-action model for contact-rich manipulation,,2026,Robot Learning,Peng Hao; Chaofan Zhang; Dingzhe Li; Xiaoge Cao; Xiaoshuai Hao; Shaowei Cui; Shuo Wang,10.55092/rl20260001,,https://doi.org/10.55092/rl20260001,crossref,adaptive world action model robot,concept,wam,,5,world action model; adaptive world action model; contact rich manipulation,2026-06-12T14:45:03Z,16.496,16.496
doi:10.1177/0278364917721629,"No belief propagation required: Belief space planning in high-dimensional state spaces via factor graphs, the matrix determinant lemma, and re-use of calculation","We develop a computationally efficient approach for evaluating the information-theoretic term within belief space planning (BSP), where during belief propagation the state vector can be constant or augmented. We consider both unfocused and focused problem settings, whereas uncertainty reduction of the entire system or only of chosen variables is of interest, respectively. State-of-the-art approaches typically propagate the belief state, for each candidate action, through calculation of the posterior information (or covariance) matrix and subsequently compute its determinant (required for entropy). In contrast, our approach reduces runtime complexity by avoiding these calculations. We formulate the problem in terms of factor graphs and show that belief propagation is not needed, requiring instead a one-time calculation that depends on (the increasing with time) state dimensionality, and p",2017,The International Journal of Robotics Research,Dmitry Kopitkov; Vadim Indelman,10.1177/0278364917721629,,https://doi.org/10.1177/0278364917721629,crossref,robotics,concept,crossref_bulk_robotics,,16,deployment,2026-06-12T19:29:26Z,16.467,18.467
doi:10.1613/jair.3451,Learning and Reasoning with Action-Related Places for Robust Mobile Manipulation,"We propose the concept of Action-Related Place (ARPlace) as a powerful and flexible representation of task-related place in the context of mobile manipulation. ARPlace represents robot base locations not as a single position, but rather as a collection of positions, each with an associated probability that the manipulation action will succeed when located there. ARPlaces are generated using a predictive model that is acquired through experience-based learning, and take into account the uncertainty the robot has about its own location and the location of the object to be manipulated. When executing the task, rather than choosing one specific goal position based only on the initial knowledge about the task context, the robot instantiates an ARPlace, and bases its decisions on this ARPlace, which is updated as new information about the task becomes available. To show the advantages of this ",2012,Journal of Artificial Intelligence Research,F. Stulp; A. Fedrizzi; L. Mösenlechner; M. Beetz,10.1613/jair.3451,,https://doi.org/10.1613/jair.3451,crossref,contact rich manipulation learning,concept,contact,,35,contact rich manipulation; mobile manipulation; state estimation,2026-06-12T15:07:36Z,16.442,17.442
doi:10.1177/0278364906063979,Motion Planning of Multi-Limbed Robots Subject to Equilibrium Constraints: The Free-Climbing Robot Problem,"This paper addresses the problem of planning the motion of a multilimbed robot in order to “free-climb” vertical rock surfaces. Freeclimbing only relies on frictional contact with the surfaces rather than on special fixtures or tools like pitons. It requires strength, but more importantly it requires deliberate reasoning: not only must the robot decide how to adjust its posture to reach the next feature without falling, it must plan an entire sequence of steps, where each one might have future consequences. In this paper, this process of reasoning is broken into manageable pieces by decomposing a freeclimbing robot's configuration space into manifolds associated with each state of contact between the robot and its environment. A multistep planning framework is presented that decides which manifolds to explore by generating a candidate sequence of hand and foot placements first. A one-ste",2006,The International Journal of Robotics Research,Timothy Bretl,10.1177/0278364906063979,,https://doi.org/10.1177/0278364906063979,crossref,task and motion planning robotics,anti_myopia,classic,,144,motion planning; task and motion planning,2026-06-12T15:07:36Z,16.438,20.438
doi:10.1016/j.ijedudev.2021.102350,Learning equity requires more than equality: Learning goals and achievement gaps between the rich and the poor in five developing countries⋆,,2021,International Journal of Educational Development,Maryam Akmal; Lant Pritchett,10.1016/j.ijedudev.2021.102350,,https://doi.org/10.1016/j.ijedudev.2021.102350,crossref,contact rich manipulation learning,concept,contact,,25,contact rich manipulation,2026-06-12T15:07:36Z,16.429,16.429
doi:10.1177/0278364919849235,Contact-implicit trajectory optimization using variational integrators,"Contact constraints arise naturally in many robot planning problems. In recent years, a variety of contact-implicit trajectory optimization algorithms have been developed that avoid the pitfalls of mode pre-specification by simultaneously optimizing state, input, and contact force trajectories. However, their reliance on first-order integrators leads to a linear tradeoff between optimization problem size and plan accuracy. To address this limitation, we propose a new family of trajectory optimization algorithms that leverage ideas from discrete variational mechanics to derive higher-order generalizations of the classic time-stepping method of Stewart and Trinkle. By using these dynamics formulations as constraints in direct trajectory optimization algorithms, it is possible to perform contact-implicit trajectory optimization with significantly higher accuracy. For concreteness, we derive",2019,The International Journal of Robotics Research,Zachary Manchester; Neel Doshi; Robert J Wood; Scott Kuindersma,10.1177/0278364919849235,,https://doi.org/10.1177/0278364919849235,crossref,EBM transformer robotics contact rich manipulation,concept,architecture_x_embodiment,,49,EBM transformer robotics; contact rich manipulation; limitation; generalization,2026-06-12T15:07:36Z,16.406,18.406
doi:10.1007/s10015-020-00622-6,Non-contact method of blood pressure estimation using only facial video,,2020,Artificial Life and Robotics,Ryo Takahashi; Keiko Ogawa-Ochiai; Norimichi Tsumura,10.1007/s10015-020-00622-6,,https://doi.org/10.1007/s10015-020-00622-6,crossref,EBM transformer robotics contact rich manipulation,concept,architecture_x_embodiment,,34,EBM transformer robotics; contact rich manipulation,2026-06-12T15:07:36Z,16.378,16.378
doi:10.1109/iros55552.2023.10342219,Learning Contact-Based State Estimation for Assembly Tasks,,2023,2023 IEEE/RSJ International Conference on Intelligent Robots and Systems (IROS),Johannes Pankert; Marco Hutter,10.1109/iros55552.2023.10342219,,https://doi.org/10.1109/iros55552.2023.10342219,crossref,contact rich manipulation learning,concept,contact,,9,contact rich manipulation; state estimation,2026-06-12T15:07:36Z,16.351,16.351
doi:10.2118/175536-ms,Spontaneously Imbibed Fluids for Increasing Contact Area Between Hydraulic Fracturing Fluids and Formation Matrix in Liquids-Rich Shale Plays,"Abstract For liquids-rich shale plays, a primary completion strategy is to enhance flow conductivity near the wellbore region by placing large-mesh proppant inside the fractures. One potential drawback of doing so is that the created fractures could be more planar in nature because of softer and more ductile rocks and therefore less contact could occur between fractures and the matrix during pumping. In addition, no external hydraulic force exists to drive fracturing fluids farther into the matrix after pumping is stopped at the surface. As a result, wells completed using this method could potentially suffer from a low fluid penetration rate into the reservoirs because of the resistance of capillary forces imparted by oil-wet or mixed-wet pores, which could result in lower-than-expected liquid production. In this study, a new mechanism is proposed for increasing the contact area between ",2015,SPE Liquids-Rich Basins Conference - North America,Liang Xu; Kai He; Jayant P. Rane; Xiaolong Yin; Keith Neeves,10.2118/175536-ms,,https://doi.org/10.2118/175536-ms,crossref,contact rich manipulation learning,concept,contact,,29,contact rich manipulation,2026-06-12T14:45:03Z,16.351,16.351
doi:10.36227/techrxiv.12805799.v4,Star Topology Convolution for Graph Representation Learning,"We present a novel graph convolutional method called star topology convolution (STC). This method makes graph convolution more similar to conventional convolutional neural networks (CNNs) in Euclidean feature spaces. STC learns subgraphs which have a star topology rather than learning a fixed graph like most spectral methods. Due to the properties of a star topology, STC is graph-scale free (without a fixed graph size constraint). It has fewer parameters in its convolutional filter and is inductive, so it is more flexible and can be applied to large and evolving graphs. The convolutional filter is learnable and localized, similar to CNNs in Euclidean feature spaces, and maintains a good weight sharing property. To test the method, STC was compared with state-of-the-art graph convolutional methods in a supervised learning setting on six node properties prediction benchmark datasets: Cora,",,,Chong Wu; Zhenan Feng; Jiangbin Zheng; Houwang Zhang; Jiawang Cao; Hong YAN,10.36227/techrxiv.12805799.v4,,https://doi.org/10.36227/techrxiv.12805799.v4,crossref,scene graph robot learning,concept,architecture,,,scene graph robot learning; benchmark; robustness,2026-06-12T15:07:36Z,16.350,18.350
doi:10.36227/techrxiv.12805799,Star Topology Convolution for Graph Representation Learning,"We present a novel graph convolutional method called star topology convolution (STC). This method makes graph convolution more similar to conventional convolutional neural networks (CNNs) in Euclidean feature spaces. STC learns subgraphs which have a star topology rather than learning a fixed graph like most spectral methods. Due to the properties of a star topology, STC is graph-scale free (without a fixed graph size constraint). It has fewer parameters in its convolutional filter and is inductive, so it is more flexible and can be applied to large and evolving graphs. The convolutional filter is learnable and localized, similar to CNNs in Euclidean feature spaces, and can share weights across graphs. To test the method, STC was compared with state-of-the-art graph convolutional methods in a supervised learning setting on nine node properties prediction benchmark datasets: Cora, Citesee",,,Chong Wu; Zhenan Feng; Jiangbin Zheng; Houwang Zhang; Jiawang Cao; Hong YAN,10.36227/techrxiv.12805799,,https://doi.org/10.36227/techrxiv.12805799,crossref,scene graph robot learning,concept,architecture,,,scene graph robot learning; benchmark; robustness,2026-06-12T15:07:36Z,16.350,18.350
doi:10.36227/techrxiv.12805799.v2,Star Topology Convolution for Graph Representation Learning,"We present a novel graph convolutional method called star topology convolution (STC). This method makes graph convolution more similar to conventional convolutional neural networks (CNNs) in Euclidean feature space. Unlike most existing spectral convolutional methods, this method learns subgraphs which have a star topology rather than a fixed graph. It has fewer parameters in its convolutional filter and is inductive so that it is more flexible and can be applied to large and evolving graphs. As for CNNs in Euclidean feature space, the convolutional filter is localized and maintains a good weight sharing property. By introducing deep layers, the method can learn global features like a CNN. To validate the method, STC was compared to state-of-the-art spectral convolutional and spatial convolutional methods in a supervised learning setting on three benchmark datasets: Cora, Citeseer and Pu",,,Chong Wu; Zhenan Feng; Jiangbin Zheng; Houwang Zhang; Jiawang Cao; Hong YAN,10.36227/techrxiv.12805799.v2,,https://doi.org/10.36227/techrxiv.12805799.v2,crossref,scene graph robot learning,concept,architecture,,,scene graph robot learning; benchmark,2026-06-12T15:07:36Z,16.350,17.350
doi:10.36227/techrxiv.12805799.v5,Star Topology Convolution for Graph Representation Learning,"We present a novel graph convolutional method called star topology convolution (STC). This method makes graph convolution more similar to conventional convolutional neural networks (CNNs) in Euclidean feature spaces. STC learns subgraphs which have a star topology rather than learning a fixed graph like most spectral methods. Due to the properties of a star topology, STC is graph-scale free (without a fixed graph size constraint). It has fewer parameters in its convolutional filter and is inductive, so it is more flexible and can be applied to large and evolving graphs. The convolutional filter is learnable and localized, similar to CNNs in Euclidean feature spaces, and maintains a good weight sharing property. To test the method, STC was compared with state-of-the-art graph convolutional methods in a supervised learning setting on nine node properties prediction benchmark datasets: Cora",,,Chong Wu; Zhenan Feng; Jiangbin Zheng; Houwang Zhang; Jiawang Cao; Hong YAN,10.36227/techrxiv.12805799.v5,,https://doi.org/10.36227/techrxiv.12805799.v5,crossref,scene graph robot learning,concept,architecture,,,scene graph robot learning; benchmark; robustness,2026-06-12T15:07:36Z,16.350,18.350
doi:10.36227/techrxiv.12805799.v1,Star Topology Convolution for Graph Representation Learning,"We present a novel graph convolutional method called star topology convolution (STC). This method makes graph convolution more similar to conventional convolutional in neural networks (CNNs) in Euclidean feature space. Unlike most existing spectral convolution methods, this method learns subgraphs which have a star topology rather than a fixed graph. It has fewer parameters in its convolution kernel and is inductive so that it is more flexible and can be applied to large and evolving graphs. As for CNNs in Euclidean feature spaces, the convolution kernel is localized and maintains good sharing. By increasing the depth of a layer, the method can learn lobal features like a CNN. To validate the method, STC was compared to state-of-the-art spectral convolution and spatial convolution methods in a supervised learning setting on three benchmark datasets: Cora, Citeseer and Pubmed. The experim",,,Chong Wu; Zhenan Feng; Jiangbin Zheng; Houwang Zhang; Jiawang Cao; Hong YAN,10.36227/techrxiv.12805799.v1,,https://doi.org/10.36227/techrxiv.12805799.v1,crossref,scene graph robot learning,concept,architecture,,,scene graph robot learning; benchmark,2026-06-12T15:07:36Z,16.350,17.350
doi:10.36227/techrxiv.12805799.v3,Star Topology Convolution for Graph Representation Learning,"We present a novel graph convolutional method called star topology convolution (STC). This method makes graph convolution more similar to conventional convolutional neural networks (CNNs) in Euclidean feature space. Unlike most existing spectral methods, this method learns subgraphs which have a star topology rather than a fixed graph. Due to the good properties of a star topology, STC is graph/subgraph free. It has fewer parameters in its convolutional filter and is inductive so that it is more flexible and can be applied to large and evolving graphs. Similar to CNNs in Euclidean feature space, the convolutional filter is learnable and localized and maintains a good weight sharing property. To test the method, STC was compared to state-of-the-art spectral methods and spatial methods in a supervised learning setting on five benchmark datasets: Cora, Citeseer, Pubmed, Ogbn-Arxiv, and Ogbn",,,Chong Wu; Zhenan Feng; Jiangbin Zheng; Houwang Zhang; Jiawang Cao; Hong YAN,10.36227/techrxiv.12805799.v3,,https://doi.org/10.36227/techrxiv.12805799.v3,crossref,scene graph robot learning,concept,architecture,,,scene graph robot learning; benchmark,2026-06-12T15:07:36Z,16.350,17.350
doi:10.36227/techrxiv.12805799.v6,Star Topology Convolution for Graph Representation Learning,"We present a novel graph convolutional method called star topology convolution (STC). This method makes graph convolution more similar to conventional convolutional neural networks (CNNs) in Euclidean feature spaces. STC learns subgraphs which have a star topology rather than learning a fixed graph like most spectral methods. Due to the properties of a star topology, STC is graph-scale free (without a fixed graph size constraint). It has fewer parameters in its convolutional filter and is inductive, so it is more flexible and can be applied to large and evolving graphs. The convolutional filter is learnable and localized, similar to CNNs in Euclidean feature spaces, and can share weights across graphs. To test the method, STC was compared with state-of-the-art graph convolutional methods in a supervised learning setting on nine node properties prediction benchmark datasets: Cora, Citesee",,,Chong Wu; Zhenan Feng; Jiangbin Zheng; Houwang Zhang; Jiawang Cao; Hong YAN,10.36227/techrxiv.12805799.v6,,https://doi.org/10.36227/techrxiv.12805799.v6,crossref,scene graph robot learning,concept,architecture,,,scene graph robot learning; benchmark; robustness,2026-06-12T15:07:36Z,16.350,18.350
doi:10.1017/s026357472300187x,A contact parameter estimation method for multi-modal robot locomotion on deformable granular terrains,"Abstract In this paper, we consider the problem of contact parameters (slippage and sinkage) estimation for multi-modal robot locomotion on granular terrains. To describe the contact events in the same framework for robots operated at different modes (e.g., wheel, leg), we propose a unified description of contact parameters for multi-modal robots. We also provide a parameter estimation method for multi-modal robots based on CNN and DWT (discrete wavelet transformation) techniques and verify its effectiveness over different types of granular terrains. Besides motion modes, this paper also considers the influence of slope angles and the robot’s handing angles over contact parameters. Through comparison and analysis of the prediction results, our method can not only effectively predict the contact parameters of multi-modal robot locomotion on a granular medium (better than $96\%$ accuracy) ",2024,Robotica,Shipeng Lyu; Wenyao Zhang; Chen Yao; Zhengtao Liu; Yang Su; Zheng Zhu; Zhenzhong Jia,10.1017/s026357472300187x,,https://doi.org/10.1017/s026357472300187x,crossref,deformable object manipulation robot learning,concept,deformable,,2,deformable object manipulation,2026-06-12T15:07:36Z,16.349,16.349
doi:10.1609/aaai.v32i1.12026,Learning Interpretable Spatial Operations in a Rich 3D Blocks World,"In this paper, we study the problem of mapping natural language instructions to complex spatial actions in a 3D blocks world. We first introduce a new dataset that pairs complex 3D spatial operations to rich natural language descriptions that require complex spatial and pragmatic interpretations such as “mirroring”, “twisting”, and “balancing”. This dataset, built on the simulation environment of Bisk, Yuret, and Marcu (2016), attains language that is significantly richer and more complex, while also doubling the size of the original dataset in the 2D environment with 100 new world configurations and 250,000 tokens. In addition, we propose a new neural architecture that achieves competitive results while automatically discovering an inventory of interpretable spatial operations (Figure 5).",2018,Proceedings of the AAAI Conference on Artificial Intelligence,Yonatan Bisk; Kevin Shih; Yejin Choi; Daniel Marcu,10.1609/aaai.v32i1.12026,,https://doi.org/10.1609/aaai.v32i1.12026,crossref,contact rich manipulation learning,concept,contact,,17,contact rich manipulation,2026-06-12T15:07:36Z,16.345,16.345
doi:10.1109/icra48506.2021.9561037,Contact Forces Preintegration for Estimation in Legged Robotics using Factor Graphs,,2021,2021 IEEE International Conference on Robotics and Automation (ICRA),Mederic Fourmy; Thomas Flayols; Pierre-Alexandre Leziart; Nicolas Mansard; Joan Sola,10.1109/icra48506.2021.9561037,,https://doi.org/10.1109/icra48506.2021.9561037,crossref,EBM transformer robotics contact rich manipulation,concept,architecture_x_embodiment,,20,EBM transformer robotics; contact rich manipulation,2026-06-12T15:07:36Z,16.322,16.322
doi:10.3389/fnbot.2023.1271607,Learning adaptive reaching and pushing skills using contact information,"In this paper, we propose a deep reinforcement learning-based framework that enables adaptive and continuous control of a robot to push unseen objects from random positions to the target position. Our approach takes into account contact information in the design of the reward function, resulting in improved success rates, generalization for unseen objects, and task efficiency compared to policies that do not consider contact information. Through reinforcement learning using only one object in simulation, we obtain a learned policy for manipulating a single object, which demonstrates good generalization when applied to the task of pushing unseen objects. Finally, we validate the effectiveness of our approach in real-world scenarios.",2023,Frontiers in Neurorobotics,Shuaijun Wang; Lining Sun; Fusheng Zha; Wei Guo; Pengfei Wang,10.3389/fnbot.2023.1271607,,https://doi.org/10.3389/fnbot.2023.1271607,crossref,contact rich manipulation learning,concept,contact,,7,contact rich manipulation; generalization,2026-06-12T15:07:36Z,16.290,18.290
doi:10.1007/s10846-021-01458-3,The State of Lifelong Learning in Service Robots:,"Abstract Service robots are appearing more and more in our daily life. The development of service robots combines multiple fields of research, from object perception to object manipulation. The state-of-the-art continues to improve to make a proper coupling between object perception and manipulation. This coupling is necessary for service robots not only to perform various tasks in a reasonable amount of time but also to continually adapt to new environments and safely interact with non-expert human users. Nowadays, robots are able to recognize various objects, and quickly plan a collision-free trajectory to grasp a target object in predefined settings. Besides, in most of the cases, there is a reliance on large amounts of training data. Therefore, the knowledge of such robots is fixed after the training phase, and any changes in the environment require complicated, time-consuming, and e",2021,Journal of Intelligent & Robotic Systems,S. Hamidreza Kasaei; Jorik Melsen; Floris van Beers; Christiaan Steenkist; Klemen Voncina,10.1007/s10846-021-01458-3,,https://doi.org/10.1007/s10846-021-01458-3,crossref,robot world models manipulation,concept,world_models,,16,robot world model,2026-06-12T15:07:36Z,16.267,16.267
doi:10.3390/educsci14070793,Conceptualizing an Initial Framework to Support Discipline-Rich Project-Based Learning in STEM,"Project-Based Learning (PBL) is positioned as a pedagogical approach to support authentic, discipline-rich STEM curricula. However, much of the research has focused on the effectiveness of researcher-created curricula rather than teacher-created curricula. In this manuscript, we seek to illuminate the ways in which teachers create discipline-rich STEM projects. Drawing on the theory of the curriculum enactment process, we analyzed curricular artifacts from our teaching practices that we created as secondary STEM teachers who designed and enacted project-based learning. From the analysis, we propose a framework grounded in disciplinary standards to support teachers in creating discipline-rich STEM projects by attending to (1) the Elements of PBL; (2) Content Storyline; (3) Practice Pathway.",2024,Education Sciences,Monica Sircar; Sheila Orr; Carlee Madis; Sarah DiMaria,10.3390/educsci14070793,,https://doi.org/10.3390/educsci14070793,crossref,contact rich manipulation learning,concept,contact,,4,contact rich manipulation,2026-06-12T15:07:36Z,16.255,16.255
arxiv:2211.02201v2,Learning Tool Morphology for Contact-Rich Manipulation Tasks with Differentiable Simulation,"When humans perform contact-rich manipulation tasks, customized tools are often necessary to simplify the task. For instance, we use various utensils for handling food, such as knives, forks and spoons. Similarly, robots may benefit from specialized tools that enable them to more easily complete a variety of tasks. We present an end-to-end framework to automatically learn tool morphology for contact-rich manipulation tasks by leveraging differentiable physics simulators. Previous work relied on manually constructed priors requiring detailed specification of a 3D object model, grasp pose and task description to facilitate the search or optimization process. Our approach only requires defining the objective with respect to task performance and enables learning a robust morphology through randomizing variations of the task. We make this optimization tractable by casting it as a continual le",2022,arXiv,Mengxi Li; Rika Antonova; Dorsa Sadigh; Jeannette Bohg,,2211.02201v2,http://arxiv.org/abs/2211.02201v2,arxiv,contact rich manipulation learning,concept,contact,,,contact rich manipulation; continual learning,2026-06-12T14:45:03Z,16.250,16.250
arxiv:2210.13908v1,Quasistatic contact-rich manipulation via linear complementarity quadratic programming,"Contact-rich manipulation is challenging due to dynamically-changing physical constraints by the contact mode changes undergone during manipulation. This paper proposes a versatile local planning and control framework for contact-rich manipulation that determines the continuous control action under variable contact modes online. We model the physical characteristics of contact-rich manipulation by quasistatic dynamics and complementarity constraints. We then propose a linear complementarity quadratic program (LCQP) to efficiently determine the control action that implicitly includes the decisions on the contact modes under these constraints. In the LCQP, we relax the complementarity constraints to alleviate ill-conditioned problems that are typically caused by measure noises or model miss-matches. We conduct dynamical simulations on a 3D physical simulator and demonstrate that the propos",2022,arXiv,Sotaro Katayama; Tatsunori Taniai; Kazutoshi Tanaka,,2210.13908v1,http://arxiv.org/abs/2210.13908v1,arxiv,contact rich manipulation learning,concept,contact,,,contact rich manipulation,2026-06-12T14:45:03Z,16.250,16.250
arxiv:2208.00596v1,A System for Imitation Learning of Contact-Rich Bimanual Manipulation Policies,"In this paper, we discuss a framework for teaching bimanual manipulation tasks by imitation. To this end, we present a system and algorithms for learning compliant and contact-rich robot behavior from human demonstrations. The presented system combines insights from admittance control and machine learning to extract control policies that can (a) recover from and adapt to a variety of disturbances in time and space, while also (b) effectively leveraging physical contact with the environment. We demonstrate the effectiveness of our approach using a real-world insertion task involving multiple simultaneous contacts between a manipulated object and insertion pegs. We also investigate efficient means of collecting training data for such bimanual settings. To this end, we conduct a human-subject study and analyze the effort and mental demand as reported by the users. Our experiments show that,",2022,arXiv,Simon Stepputtis; Maryam Bandari; Stefan Schaal; Heni Ben Amor,,2208.00596v1,http://arxiv.org/abs/2208.00596v1,arxiv,contact rich manipulation learning,concept,contact,,,contact rich manipulation; bimanual manipulation; imitation learning; human demonstration; robustness,2026-06-12T14:45:03Z,16.250,18.250
arxiv:2204.12844v2,Accelerating Robot Learning of Contact-Rich Manipulations: A Curriculum Learning Study,"The Reinforcement Learning (RL) paradigm has been an essential tool for automating robotic tasks. Despite the advances in RL, it is still not widely adopted in the industry due to the need for an expensive large amount of robot interaction with its environment. Curriculum Learning (CL) has been proposed to expedite learning. However, most research works have been only evaluated in simulated environments, from video games to robotic toy tasks. This paper presents a study for accelerating robot learning of contact-rich manipulation tasks based on Curriculum Learning combined with Domain Randomization (DR). We tackle complex industrial assembly tasks with position-controlled robots, such as insertion tasks. We compare different curricula designs and sampling approaches for DR. Based on this study, we propose a method that significantly outperforms previous work, which uses DR only (No CL is",2022,arXiv,Cristian C. Beltran-Hernandez; Damien Petit; Ixchel G. Ramirez-Alpizar; Kensuke Harada,,2204.12844v2,http://arxiv.org/abs/2204.12844v2,arxiv,contact rich manipulation learning,concept,contact,,,contact rich manipulation; domain randomization,2026-06-12T14:45:03Z,16.250,16.250
arxiv:2203.02214v5,Plan Your Target and Learn Your Skills: Transferable State-Only Imitation Learning via Decoupled Policy Optimization,"Recent progress in state-only imitation learning extends the scope of applicability of imitation learning to real-world settings by relieving the need for observing expert actions. However, existing solutions only learn to extract a state-to-action mapping policy from the data, without considering how the expert plans to the target. This hinders the ability to leverage demonstrations and limits the flexibility of the policy. In this paper, we introduce Decoupled Policy Optimization (DePO), which explicitly decouples the policy as a high-level state planner and an inverse dynamics model. With embedded decoupled policy gradient and generative adversarial training, DePO enables knowledge transfer to different action spaces or state transition dynamics, and can generalize the planner to out-of-demonstration state regions. Our in-depth experimental analysis shows the effectiveness of DePO on ",2022,arXiv,Minghuan Liu; Zhengbang Zhu; Yuzheng Zhuang; Weinan Zhang; Jianye Hao; Yong Yu; Jun Wang,,2203.02214v5,http://arxiv.org/abs/2203.02214v5,arxiv,state space model robot policy,concept,architecture,,,state space model robot policy; imitation learning,2026-06-12T15:07:36Z,16.250,17.250
doi:10.1109/robot.2006.1642209,Learning to predict slip for ground robots,"In this paper we predict the amount of slip an exploration rover would experience using stereo imagery by learning from previous examples of traversing similar terrain. To do that, the information of terrain appearance and geometry regarding some location is correlated to the slip measured by the rover while this location is being traversed. This relationship is learned from previous experience, so slip can be predicted later at a distance from visual information only. The advantages of the approach are: 1) learning from examples allows the system to adapt to unknown terrains rather than using fixed heuristics or predefined rules; 2) the feedback about the observed slip is received from the vehicle's own sensors which can fully automate the process; 3) learning slip from previous experience can replace complex mechanical modeling of vehicle or terrain, which is time consuming and not nec",2006,,Anelia Angelova; Larry Matthies; Daniel Helmick; G. Sibley; Pietro Perona,10.1109/robot.2006.1642209,,https://doi.org/10.1109/robot.2006.1642209,openalex,robotics,concept,openalex_bulk_robotics,,78,,2026-06-12T18:57:17Z,16.235,16.235
doi:10.1002/minf.202200135,GB‐score: Minimally designed machine learning scoring function based on distance‐weighted interatomic contact features,"Abstract In recent years, thanks to advances in computer hardware and dataset availability, data‐driven approaches (like machine learning) have become one of the essential parts of the drug design framework to accelerate drug discovery procedures. Constructing a new scoring function, a function that can predict the binding score for a generated protein‐ligand pose during docking procedure or a crystal complex, based on machine and deep learning has become an active research area in computer‐aided drug design. GB‐Score is a state‐of‐the‐art machine learning‐based scoring function that utilizes distance‐weighted interatomic contact features, PDBbind‐v2019 general set, and Gradient Boosting Trees algorithm to the binding affinity prediction. The distance‐weighted interatomic contact featurization method used the distance between different ligand and protein atom types for numerical represen",2023,Molecular Informatics,Milad Rayka; Rohoullah Firouzi,10.1002/minf.202200135,,https://doi.org/10.1002/minf.202200135,crossref,contact rich manipulation learning,concept,contact,,6,contact rich manipulation; benchmark,2026-06-12T15:07:36Z,16.223,17.223
arxiv:2503.04421v1,Revisiting the Othello World Model Hypothesis,"Li et al. (2023) used the Othello board game as a test case for the ability of GPT-2 to induce world models, and were followed up by Nanda et al. (2023b). We briefly discuss the original experiments, expanding them to include more language models with more comprehensive probing. Specifically, we analyze sequences of Othello board states and train the model to predict the next move based on previous moves. We evaluate seven language models (GPT-2, T5, Bart, Flan-T5, Mistral, LLaMA-2, and Qwen2.5) on the Othello task and conclude that these models not only learn to play Othello, but also induce the Othello board layout. We find that all models achieve up to 99% accuracy in unsupervised grounding and exhibit high similarity in the board features they learned. This provides considerably stronger evidence for the Othello World Model Hypothesis than previous works.",2025,arXiv,Yifei Yuan; Anders Søgaard,,2503.04421v1,http://arxiv.org/abs/2503.04421v1,arxiv,adaptive world action model robot,concept,wam,,,world action model; adaptive world action model,2026-06-12T14:45:03Z,16.200,16.200
arxiv:2504.03861v1,Improving World Models using Deep Supervision with Linear Probes,"Developing effective world models is crucial for creating artificial agents that can reason about and navigate complex environments. In this paper, we investigate a deep supervision technique for encouraging the development of a world model in a network trained end-to-end to predict the next observation. While deep supervision has been widely applied for task-specific learning, our focus is on improving the world models. Using an experimental environment based on the Flappy Bird game, where the agent receives only LIDAR measurements as observations, we explore the effect of adding a linear probe component to the network's loss function. This additional term encourages the network to encode a subset of the true underlying world features into its hidden state. Our experiments demonstrate that this supervision technique improves both training and test performance, enhances training stabilit",2025,arXiv,Andrii Zahorodnii,,2504.03861v1,http://arxiv.org/abs/2504.03861v1,arxiv,robot world models manipulation,concept,world_models,,,robot world model,2026-06-12T14:45:03Z,16.200,16.200
arxiv:2606.13672v1,"$\texttt{WEAVER}$, Better, Faster, Longer: An Effective World Model for Robotic Manipulation","The potential impacts of world models (WMs, i.e., learned simulators) on robotics are far-reaching -- policy evaluation, policy improvement, and test-time planning -- all with limited real-world interaction. To unlock these downstream capabilities, a WM needs to jointly satisfy three desiderata: $\textit{(i)}$ fidelity (i.e., producing simulated trajectories that correlate with reality), $\textit{(ii)}$ consistency (i.e., producing simulated trajectories that are coherent over long horizons), and $\textit{(iii)}$ efficiency (i.e., producing simulated trajectories quickly). We propose $\texttt{WEAVER}$ (World Estimation Across Views for Embodied Reasoning): a WM architecture that simultaneously achieves all three desiderata, providing state-of-the-art results on robotic manipulation tasks. $\texttt{WEAVER}$ is a multi-view WM trained to predict future latents and reward values via a flow-",2026,arXiv,Arnav Kumar Jain; Yilin Wu; Jesse Farebrother; Gokul Swamy; Andrea Bajcsy,,2606.13672v1,http://arxiv.org/abs/2606.13672v1,arxiv,robot world models manipulation,concept,world_models,,,robot world model; robot foundation model; out of distribution; long horizon,2026-06-12T14:45:03Z,16.200,19.200
arxiv:2605.27491v1,GE-Sim 2.0: A Roadmap Towards Comprehensive Closed-loop Video World Simulators for Robotic Manipulation,"We introduce GE-Sim 2.0 (Genie Envisioner World Simulator 2.0), a closed-loop video world simulator for robotic manipulation. Building on the action-conditioned video generation framework of Genie Envisioner, GE-Sim 2.0 is re-trained on thousands of hours of real-world robot data spanning teleoperation, contact-rich interaction, and on-robot policy deployment, substantially improving action-following fidelity and trajectory coverage. On top of this foundation, three new modules close the loop from video simulation to policy learning: a state expert that decodes proprioceptive state from video latents to support next-chunk prediction by downstream VLA policies; a world judge that scores generated rollouts against task instructions, yielding machine-verifiable success signals and rewards in place of manual inspection; and an acceleration framework that delivers a 25-frame rollout in 2.3 se",2026,arXiv,Boxiang Qiu; Liliang Chen; Yue Liao; Nan Wang; Lintao Wang; Jiayi Luo; Wenzhi Zhao; Shengcong Chen; Di Chen; Ye Li; Chen Gao; Shuicheng Yan; Si Liu; Maoqing Yao; Guanghui Ren,,2605.27491v1,http://arxiv.org/abs/2605.27491v1,arxiv,robot world models manipulation,concept,world_models,,,robot world model; teleoperation; deployment; long horizon,2026-06-12T14:45:03Z,16.200,18.200
arxiv:2505.19215v1,Learning the Contact Manifold for Accurate Pose Estimation During Peg-in-Hole Insertion of Complex Geometries,"Contact-rich assembly of complex, non-convex parts with tight tolerances remains a formidable challenge. Purely model-based methods struggle with discontinuous contact dynamics, while model-free methods require vast data and often lack precision. In this work, we introduce a hybrid framework that uses only contact-state information between a complex peg and its mating hole to recover the full SE(3) pose during assembly. In under 10 seconds of online execution, a sequence of primitive probing motions constructs a local contact submanifold, which is then aligned to a precomputed offline contact manifold to yield sub-mm and sub-degree pose estimates. To eliminate costly k-NN searches, we train a lightweight network that projects sparse contact observations onto the contact manifold and is 95x faster and 18% more accurate. Our method, evaluated on three industrially relevant geometries with ",2025,arXiv,Abhay Negi; Omey M. Manyar; Dhanush Kumar Varma Penmetsa; Satyandra K. Gupta,,2505.19215v1,http://arxiv.org/abs/2505.19215v1,arxiv,contact rich manipulation learning,concept,contact,,,contact rich manipulation; contact dynamics; state estimation,2026-06-12T14:45:03Z,16.200,16.200
arxiv:2605.12090v1,World Action Models: The Next Frontier in Embodied AI,"Vision-Language-Action (VLA) models have achieved strong semantic generalization for embodied policy learning, yet they learn reactive observation-to-action mappings without explicitly modeling how the physical world evolves under intervention. A growing body of work addresses this limitation by integrating world models, predictive models of environment dynamics, into the action generation pipeline. We term this emerging paradigm World Action Models (WAMs): embodied foundation models that unify predictive state modeling with action generation, targeting a joint distribution over future states and actions rather than actions alone. However, the literature remains fragmented across architectures, learning objectives, and application scenarios, lacking a unified conceptual framework. We formally define WAMs and disambiguate them from related concepts, and trace the foundations and early int",2026,arXiv,Siyin Wang; Junhao Shi; Zhaoyang Fu; Xinzhe He; Feihong Liu; Chenchen Yang; Yikang Zhou; Zhaoye Fei; Jingjing Gong; Jinlan Fu; Mike Zheng Shou; Xuanjing Huang; Xipeng Qiu; Yu-Gang Jiang,,2605.12090v1,http://arxiv.org/abs/2605.12090v1,arxiv,adaptive world action model,concept,architecture,,,world action model; adaptive world action model; human demonstration; teleoperation; limitation; generalization,2026-06-12T14:45:03Z,16.200,18.200
arxiv:2604.14732v2,World-Value-Action Model: Implicit Planning for Vision-Language-Action Systems,"Vision-Language-Action (VLA) models have emerged as a promising paradigm for building embodied agents that ground perception and language into action. However, most existing approaches rely on direct action prediction, lacking the ability to reason over long-horizon trajectories and evaluate their consequences, which limits performance in complex decision-making tasks. In this work, we introduce World-Value-Action (WAV) model, a unified framework that enables implicit planning in VLA systems. Rather than performing explicit trajectory optimization, WAV model learn a structured latent representation of future trajectories conditioned on visual observations and language instructions. A learned world model predicts future states, while a trajectory value function evaluates their long-horizon utility. Action generation is then formulated as inference in this latent space, where the model pro",2026,arXiv,Runze Li; Hongyin Zhang; Junxi Jin; Qixin Zeng; Zifeng Zhuang; Yiqi Tang; Shangke Lyu; Donglin Wang,,2604.14732v2,http://arxiv.org/abs/2604.14732v2,arxiv,adaptive world action model,concept,architecture,,,world action model; adaptive world action model; embodied agent; generalization; robustness; long horizon,2026-06-12T14:45:03Z,16.200,18.200
arxiv:2507.03298v1,Dyn-O: Building Structured World Models with Object-Centric Representations,"World models aim to capture the dynamics of the environment, enabling agents to predict and plan for future states. In most scenarios of interest, the dynamics are highly centered on interactions among objects within the environment. This motivates the development of world models that operate on object-centric rather than monolithic representations, with the goal of more effectively capturing environment dynamics and enhancing compositional generalization. However, the development of object-centric world models has largely been explored in environments with limited visual complexity (such as basic geometries). It remains underexplored whether such models can generalize to more complex settings with diverse textures and cluttered scenes. In this paper, we fill this gap by introducing Dyn-O, an enhanced structured world model built upon object-centric representations. Compared to prior wor",2025,arXiv,Zizhao Wang; Kaixin Wang; Li Zhao; Peter Stone; Jiang Bian,,2507.03298v1,http://arxiv.org/abs/2507.03298v1,arxiv,object centric world model,concept,architecture,,,object centric world model; generalization,2026-06-12T14:45:03Z,16.200,17.200
arxiv:2605.00078v1,Being-H0.7: A Latent World-Action Model from Egocentric Videos,"Visual-Language-Action models (VLAs) have advanced generalist robot control by mapping multimodal observations and language instructions directly to actions, but sparse action supervision often encourages shortcut mappings rather than representations of dynamics, contact, and task progress. Recent world-action models introduce future prediction through video rollouts, yet pixel-space prediction is a costly and indirect substrate for control, as it may model visual details irrelevant to action generation and introduces substantial training or inference overhead. We present Being-H0.7, a latent world-action model that brings future-aware reasoning into VLA-style policies without generating future frames. Being-H0.7 inserts learnable latent queries between perception and action as a compact reasoning interface, and trains them with a future-informed dual-branch design: a deployable prior br",2026,arXiv,Hao Luo; Wanpeng Zhang; Yicheng Feng; Sipeng Zheng; Haiweng Xu; Chaoyi Xu; Ziheng Xi; Yuhui Fu; Zongqing Lu,,2605.00078v1,http://arxiv.org/abs/2605.00078v1,arxiv,world action model,concept,architecture,,,world action model; benchmark,2026-06-12T15:07:36Z,16.200,17.200
arxiv:2512.10481v2,Contact SLAM: An Active Tactile Exploration Policy Based on Physical Reasoning Utilized in Robotic Fine Blind Manipulation Tasks,"Contact-rich manipulation is difficult for robots to execute and requires accurate perception of the environment. In some scenarios, vision is occluded. The robot can then no longer obtain real-time scene state information through visual feedback. This is called ``blind manipulation"". In this manuscript, a novel physically-driven contact cognition method, called ``Contact SLAM"", is proposed. It estimates the state of the environment and achieves manipulation using only tactile sensing and prior knowledge of the scene. To maximize exploration efficiency, this manuscript also designs an active exploration policy. The policy gradually reduces uncertainties in the manipulation scene. The experimental results demonstrated the effectiveness and accuracy of the proposed method in several contact-rich tasks, including the difficult and delicate socket assembly task and block-pushing task.",2025,arXiv,Gaozhao Wang; Xing Liu; Zhenduo Ye; Zhengxiong Liu; Panfeng Huang,,2512.10481v2,http://arxiv.org/abs/2512.10481v2,arxiv,Gaussian splatting robot perception contact rich manipulation,concept,architecture_x_embodiment,,,Gaussian splatting robot perception; contact rich manipulation; SLAM,2026-06-12T15:07:36Z,16.200,16.200
doi:10.1007/s42452-021-04761-8,Short term prediction of wireless traffic based on tensor decomposition and recurrent neural network,"Abstract This paper proposes a wireless network traffic prediction model based on Bayesian Gaussian tensor decomposition and recurrent neural network with rectified linear unit (BGCP-RNN-ReLU model), which can effectively predict the changes in the upstream and downstream network traffic in a short period of time in the future. The research is divided into two parts: (i) The missing observations are imputed by an algorithm based on Bayesian Gaussian tensor decomposition. (ii) The recurrent neural network is used to forecast the true observations only rather than both true and estimated observations. The results show that, compared with other combined models of missing data imputation and neural networks, the BGCP-RNN-ReLU model proposed in this paper has the smallest prediction error for both the upstream and downstream traffic. The new model achieves better forecasting precision, and th",2021,SN Applied Sciences,Tao Deng; Mengxuan Wan; Kaiwen Shi; Ling Zhu; Xichen Wang; Xuchu Jiang,10.1007/s42452-021-04761-8,,https://doi.org/10.1007/s42452-021-04761-8,openalex,transformer energy based model robotics,concept,ebm_transformer,,22,energy based model robotics,2026-06-12T18:05:07Z,16.168,16.168
doi:10.3390/pr9040676,Real-World Failure Prevention Framework for Manufacturing Facilities Using Text Data,"In recent years, manufacturing companies have been continuously engaging in research for the full implementation of smart factories, with many studies on methods to prevent facility failures that directly affect the productivity of the manufacturing sites. However, most studies have only analyzed sensor signals rather than text manually typed by operators. In addition, existing studies have not proposed an actual application system considering the manufacturing site environment but only presented a model that predicts the status or failure of the facility. Therefore, in this paper, we propose a real-world failure prevention framework that alerts the operator by providing a list of possible failure categories based on a failure pattern database before the operator starts work. The failure pattern database is constructed by analyzing and categorizing manually entered text to provide more d",2021,Processes,Jonghyuk Park; Eunyoung Choi; Yerim Choi,10.3390/pr9040676,,https://doi.org/10.3390/pr9040676,crossref,robot world model failure,anti_myopia,anti_thesis,,1,robot world model; robot world model failure,2026-06-12T15:07:36Z,16.147,21.147
doi:10.3389/fnbot.2024.1349752,Deep learning-based control framework for dynamic contact processes in humanoid grasping,"Humanoid grasping is a critical ability for anthropomorphic hand, and plays a significant role in the development of humanoid robots. In this article, we present a deep learning-based control framework for humanoid grasping, incorporating the dynamic contact process among the anthropomorphic hand, the object, and the environment. This method efficiently eliminates the constraints imposed by inaccessible grasping points on both the contact surface of the object and the table surface. To mimic human-like grasping movements, an underactuated anthropomorphic hand is utilized, which is designed based on human hand data. The utilization of hand gestures, rather than controlling each motor separately, has significantly decreased the control dimensionality. Additionally, a deep learning framework is used to select gestures and grasp actions. Our methodology, proven both in simulation and on real",2024,Frontiers in Neurorobotics,Shaowen Cheng; Yongbin Jin; Hongtao Wang,10.3389/fnbot.2024.1349752,,https://doi.org/10.3389/fnbot.2024.1349752,crossref,contact rich manipulation learning,concept,contact,,3,contact rich manipulation; humanoid robot,2026-06-12T15:07:36Z,16.143,16.143
doi:10.3389/fnsys.2021.643526,Making the World Behave: A New Embodied Account on Mobile Paradigm,"In this review article, we describe the mobile paradigm, a method used for more than 50 years to assess how infants learn and remember sensorimotor contingencies. The literature on the mobile paradigm demonstrates that infants below 6 months of age can remember the learning environment weeks after when reminded periodically and integrate temporally distributed information across modalities. The latter ability is only possible if events occur within a temporal window of a few days, and the width of this required window changes as a function of age. A major critique of these conclusions is that the majority of this literature has neglected the embodied experience, such that motor behavior was considered an equivalent developmental substitute for verbal behavior. Over recent years, simulation and empirical work have highlighted the sensorimotor aspect and opened up a discussion for possible",2021,Frontiers in Systems Neuroscience,Umay Sen; Gustaf Gredebäck,10.3389/fnsys.2021.643526,,https://doi.org/10.3389/fnsys.2021.643526,crossref,embodied world model planning control,concept,world_models,,12,,2026-06-12T15:07:36Z,16.132,16.132
doi:10.3901/jme.2022.09.200,Research on Contact Steady-state Adaptive Force Tracking of Robot Grinding and Polishing,,2022,Journal of Mechanical Engineering,,10.3901/jme.2022.09.200,,https://doi.org/10.3901/jme.2022.09.200,crossref,adaptive world action model robot,concept,wam,,8,world action model; adaptive world action model,2026-06-12T15:07:36Z,16.099,16.099
doi:10.1038/s41467-022-35149-w,Precise atom manipulation through deep reinforcement learning,"Abstract Atomic-scale manipulation in scanning tunneling microscopy has enabled the creation of quantum states of matter based on artificial structures and extreme miniaturization of computational circuitry based on individual atoms. The ability to autonomously arrange atomic structures with precision will enable the scaling up of nanoscale fabrication and expand the range of artificial structures hosting exotic quantum states. However, the a priori unknown manipulation parameters, the possibility of spontaneous tip apex changes, and the difficulty of modeling tip-atom interactions make it challenging to select manipulation parameters that can achieve atomic precision throughout extended operations. Here we use deep reinforcement learning (DRL) to control the real-world atom manipulation process. Several state-of-the-art reinforcement learning (RL) techniques are used jointly to boost da",2022,Nature Communications,I-Ju Chen; Markus Aapro; Abraham Kipnis; Alexander Ilin; Peter Liljeroth; Adam S. Foster,10.1038/s41467-022-35149-w,,https://doi.org/10.1038/s41467-022-35149-w,crossref,contact rich manipulation learning,concept,contact,,59,contact rich manipulation; data efficiency,2026-06-12T15:07:36Z,16.097,18.097
doi:10.1109/tro.2023.3309230,Invariant Descriptors of Motion and Force Trajectories for Interpreting Object Manipulation Tasks in Contact,,2023,IEEE Transactions on Robotics,Maxim Vochten; Ali Mousavi Mohammadi; Arno Verduyn; Tinne De Laet; Erwin Aertbeliën; Joris De Schutter,10.1109/tro.2023.3309230,,https://doi.org/10.1109/tro.2023.3309230,crossref,robot world models manipulation,concept,world_models,,5,robot world model,2026-06-12T15:07:36Z,16.096,16.096
doi:10.1016/j.spacepol.2023.101578,The Importance of ALCE's Role as a Political Actor Rather Than a Coordinator of Regional Space Activities,,2024,Space Policy,Sandra Cabrera Alvarado,10.1016/j.spacepol.2023.101578,,https://doi.org/10.1016/j.spacepol.2023.101578,crossref,state space model robot policy,concept,architecture,,3,state space model robot policy,2026-06-12T15:07:36Z,16.093,16.093
arxiv:2106.15713v3,Legged Robot State Estimation using Invariant Kalman Filtering and Learned Contact Events,"This work develops a learning-based contact estimator for legged robots that bypasses the need for physical sensors and takes multi-modal proprioceptive sensory data as input. Unlike vision-based state estimators, proprioceptive state estimators are agnostic to perceptually degraded situations such as dark or foggy scenes. While some robots are equipped with dedicated physical sensors to detect necessary contact data for state estimation, some robots do not have dedicated contact sensors, and the addition of such sensors is non-trivial without redesigning the hardware. The trained network can estimate contact events on different terrains. The experiments show that a contact-aided invariant extended Kalman filter can generate accurate odometry trajectories compared to a state-of-the-art visual SLAM system, enabling robust proprioceptive odometry.",2021,arXiv,Tzu-Yuan Lin; Ray Zhang; Justin Yu; Maani Ghaffari,,2106.15713v3,http://arxiv.org/abs/2106.15713v3,arxiv,energy based model robot learning,concept,ebm,,,state estimation; SLAM,2026-06-12T14:45:03Z,16.050,16.050
arxiv:2102.11825v1,Interpretability in Contact-Rich Manipulation via Kinodynamic Images,"Deep Neural Networks (NNs) have been widely utilized in contact-rich manipulation tasks to model the complicated contact dynamics. However, NN-based models are often difficult to decipher which can lead to seemingly inexplicable behaviors and unidentifiable failure cases. In this work, we address the interpretability of NN-based models by introducing the kinodynamic images. We propose a methodology that creates images from the kinematic and dynamic data of a contact-rich manipulation task. Our formulation visually reflects the task's state by encoding its kinodynamic variations and temporal evolution. By using images as the state representation, we enable the application of interpretability modules that were previously limited to vision-based tasks. We use this representation to train Convolution-based Networks and we extract interpretations of the model's decisions with Grad-CAM, a tech",2021,arXiv,Ioanna Mitsioni; Joonatan Mänttäri; Yiannis Karayiannidis; John Folkesson; Danica Kragic,,2102.11825v1,http://arxiv.org/abs/2102.11825v1,arxiv,contact rich manipulation learning,concept,contact,,,contact rich manipulation; contact dynamics; failure mode,2026-06-12T14:45:03Z,16.050,17.050
doi:10.1007/978-3-031-25555-7_13,Contact-Implicit Planning and Control for Non-prehensile Manipulation Using State-Triggered Constraints,,2023,Springer Proceedings in Advanced Robotics Robotics Research,Maozhen Wang; Aykut Özgün Önol; Philip Long; Taşkın Padır,10.1007/978-3-031-25555-7_13,,https://doi.org/10.1007/978-3-031-25555-7_13,crossref,contact rich manipulation learning,concept,contact,,4,contact rich manipulation,2026-06-12T15:07:36Z,16.005,16.005
doi:10.3390/s20247021,Non-Contact Heart Rate Detection When Face Information Is Missing during Online Learning,"Research shows that physiological signals can provide objective data support for the analysis of human emotions. At present, non-contact heart rate data have been employed in the research of medicine, intelligent transportation, smart education, etc. However, it is hard to detect heart rate data using non-contact traditional methods during head rotation, especially when face information is missing in scenarios such as online teaching/learning. Traditional remote photoplethysmography (rPPG) methods require a static, full frontal face within a fixed distance for heart rate detection. These strict requirements make it impractical to measure heart rate data in real-world scenarios, as a lot of videos only partially record the subjects’ face information, such as profile, too small distance, and wearing a mask. The current algorithm aims to solve the problem of head deflections between 30 degr",2020,Sensors,Kun Zheng; Kangyi Ci; Jinling Cui; Jiangping Kong; Jing Zhou,10.3390/s20247021,,https://doi.org/10.3390/s20247021,crossref,contact rich manipulation learning,concept,contact,,14,contact rich manipulation,2026-06-12T15:07:36Z,16.004,17.004
doi:10.1103/9gnh-89jd,Herglotz Lagrangian neural networks: Learning dissipative dynamics via contact variational principles,"Physics-informed machine learning has proven effective for learning conservative dynamical systems. However, most real-world systems are nonconservative, and current approaches typically handle dissipation through modifications or require access to full-state information. Here, we introduce the discrete Herglotz Lagrangian neural network (HLNN), a structure-preserving framework for learning a class of smooth dissipative dynamics from data. Grounded in the Herglotz variational principle, HLNN extends classical variational learning to dissipative systems by modeling dissipation intrinsically within a contact-geometric framework, without prescribing an explicit empirical dissipation law, and can be trained from position-only observations without explicit velocity supervision. Across benchmarks spanning state-dependent damping, time-modulated damping, and external driving, HLNN reliably reco",2026,Physical Review Research,Qi Huang; Jack Murdoch Moore; Ting-Ting Gao; Gang Yan,10.1103/9gnh-89jd,,https://doi.org/10.1103/9gnh-89jd,crossref,contact dynamics robot learning,concept,contact,,,contact dynamics; benchmark,2026-06-12T14:45:03Z,16.000,19.000
doi:10.4018/978-1-59904-732-4.ch016,"The Future of Rich Media, Learning Management Systems, and Content Management Systems","In a world of increasing bandwidth it is no surprise that the content of the Web is changing. A trend away from text richness towards media richness is evident. The rise and popularity of video sites such as YouTube and media–rich, social software are further examples of this trend and it is reasonable to expect a future that will be rich in online media. When rich media are integral components of online social and leisure experiences, it is reasonable that students will expect video and other examples of media richness in their online learning experiences rather than a preponderance of text as is the current experience in many institutions. Rich media have for years played the role of adjuncts to teaching and learning. For example, for many years assessment by video, in some classes, has been an option although one that has been slow to be adopted. Perhaps the time is now ripe for this ",2008,Enhancing E-Learning with Media-Rich Content and Interactions,Richard Caladine,10.4018/978-1-59904-732-4.ch016,,https://doi.org/10.4018/978-1-59904-732-4.ch016,crossref,contact rich manipulation learning,concept,contact,,,contact rich manipulation,2026-06-12T14:45:03Z,16.000,16.000
arxiv:2408.11816v3,Efficient Exploration and Discriminative World Model Learning with an Object-Centric Abstraction,"In the face of difficult exploration problems in reinforcement learning, we study whether giving an agent an object-centric mapping (describing a set of items and their attributes) allow for more efficient learning. We found this problem is best solved hierarchically by modelling items at a higher level of state abstraction to pixels, and attribute change at a higher level of temporal abstraction to primitive actions. This abstraction simplifies the transition dynamic by making specific future states easier to predict. We make use of this to propose a fully model-based algorithm that learns a discriminative world model, plans to explore efficiently with only a count-based intrinsic reward, and can subsequently plan to reach any discovered (abstract) states. We demonstrate the model's ability to (i) efficiently solve single tasks, (ii) transfer zero-shot and few-shot across item types and",2024,arXiv,Anthony GX-Chen; Kenneth Marino; Rob Fergus,,2408.11816v3,http://arxiv.org/abs/2408.11816v3,arxiv,object centric world model,concept,architecture,,,object centric world model; long horizon,2026-06-12T14:45:03Z,16.000,16.000
doi:10.1007/s12136-025-00644-4,Applying Alex Broadbent’s Reverse Counterfactual Theory to the Outbreak of World War I: A Novel Causal Analysis,"Abstract This article applies Alex Broadbent’s reverse counterfactual theory of causation to the causes of World War I (WWI), providing a novel framework for historical causal analysis. According to Broadbent’s theory, which differs radically from the more familiar account of David Lewis, an event Q is a cause of event R only if, without R, Q would not have occurred. The hypothesis posited here is that understanding the causes of WWI lies in identifying them based on a well-motivated causal philosophical framework. After showing that Broadbent’s theory is prima facie plausible, this study employs it to re-evaluate the extensively debated causes of WWI. Through doing so, it becomes evident that the Russian mobilization, rather than other frequently cited events, was the pivotal cause of Germany’s declaration of war and, consequently, the broader conflict. This analysis not only simplifies",2026,Acta Analytica,John Hanssen,10.1007/s12136-025-00644-4,,https://doi.org/10.1007/s12136-025-00644-4,crossref,causal robot world model,concept,architecture,,,robot world model; causal robot world model,2026-06-12T15:07:36Z,16.000,17.000
doi:10.63282/3050-9262.ijaidsml-v7i1p154,"Supervised, Unsupervised, and Semi-Supervised Learning: A Comparative Study for Real-World Adaptive Systems","Machine learning systems increasingly operate in dynamic, data-rich environments where labeled data is limited, data distributions evolve over time, and decisions must adapt to changing conditions. While supervised learning has traditionally dominated applied machine learning, unsupervised and semi-supervised approaches have gained importance in real-world adaptive systems. This paper presents a comparative study of supervised, unsupervised, and semi-supervised learning paradigms, focusing on their applicability, strengths, and limitations in practical deployment scenarios. Rather than emphasizing mathematical formulations, the paper highlights operational considerations such as data availability, scalability, interpretability, and adaptability. Through real-world examples drawn from enterprise platforms, cloud systems, and intelligent applications, this study provides guidance on select",2026,"International Journal of Artificial Intelligence, Data Science and Machine Learning",Rajender Reddy Muddam,10.63282/3050-9262.ijaidsml-v7i1p154,,https://doi.org/10.63282/3050-9262.ijaidsml-v7i1p154,crossref,real world robot learning deployment,concept,deployment,,,limitation; deployment,2026-06-12T15:07:36Z,16.000,19.000
doi:10.1177/02783649251379515,Simultaneous estimation of contact position and tool shape with high-dimensional parameters using force measurements and particle filtering,"Estimating the contact state between a grasped tool and the environment is essential for performing contact tasks such as assembly and object manipulation. Force signals are valuable for estimating the contact state, as they can be utilized even when the contact location is obscured by the tool. Previous studies proposed methods for estimating contact positions using force/torque signals; however, most methods require the geometry of the tool surface to be known. Although several studies have proposed methods that do not require the tool shape, these methods require considerable time for estimation or are limited to tools with low-dimensional shape parameters. Here, we propose a method for simultaneously estimating the contact position and tool shape, where the tool shape is represented by a grid, which is high-dimensional (more than 1000 dimensional). The proposed method uses a particle",2026,The International Journal of Robotics Research,Kyo Kutsuzawa; Mitsuhiro Hayashibe,10.1177/02783649251379515,,https://doi.org/10.1177/02783649251379515,crossref,EBM transformer robotics contact rich manipulation,concept,architecture_x_embodiment,,1,EBM transformer robotics; contact rich manipulation,2026-06-12T15:07:36Z,15.997,15.997
doi:10.1109/whc64065.2025.11123332,Intensity-Based Tactile Changes are Detected Faster Than Location-Based Tactile Changes,,2025,2025 IEEE World Haptics Conference (WHC),Lauren E. Horde; J. Michael Bertsch; Sara Lu Riggs,10.1109/whc64065.2025.11123332,,https://doi.org/10.1109/whc64065.2025.11123332,crossref,tactile language action robotics,concept,tactile,,1,,2026-06-12T15:07:36Z,15.947,15.947
doi:10.1002/wjs.70360,"Perioperative Systemic Stress Phenotypes Predict Immune Recovery Failure, Molecular Residual Disease, and Long‐Term Outcomes After Colorectal Cancer Surgery: A Prospective Cohort Study","ABSTRACT Background A major surgery represents a profound psychoneuroendocrine stressor that elicits coordinated inflammatory, immune, and metabolic responses. Although acute stress‐related immune dysregulation is well‐recognized, whether the magnitude and persistence of perioperative systemic stress phenotypes are associated with immune recovery failure, molecular residual disease (MRD), and long‐term clinical outcomes, remains unclear. Methods In a prospective longitudinal cohort of 950 patients undergoing curative‐intent colorectal cancer surgery, we characterized perioperative systemic stress phenotypes using a multidomain, time‐structured Aging Shock Index (ASI). Conceptualized as an integrated perioperative stress‐response phenotype rather than a direct measure of biological aging, the ASI was derived from inflammatory, immune surveillance, and immunometabolic biomarkers measured p",2026,World Journal of Surgery,Shengjie Pan; Gang Wang,10.1002/wjs.70360,,https://doi.org/10.1002/wjs.70360,crossref,robot world model failure,anti_myopia,anti_thesis,,,robot world model; robot world model failure,2026-06-12T15:07:36Z,15.900,19.900
doi:10.1111/j.1541-0072.1999.tb01997.x,Variations in the Diffusion of State Lottery Adoptions: How Revenue Dedication Changes Morality Politics 1,"Previous studies of morality policy adoption and diffusion often have failed to define the characteristics of a morality policy that result in certain kinds of politics. For example, studies of lottery diffusion include all lottery adoptions, treating them as possessing characteristics that render their politics similar. In this article we explore the possibility that different types of lotteries generate different types of politics. Although all lotteries involve considerations of morality, some types of lotteries can involve additional values beyond concerns about the “sin” of gambling. The dedication of lottery revenue to a specific purpose can arouse these additional concerns and change the politics of adoption. We hypothesize that dedication of lottery revenue to the general fund will therefore generate different politics of adoption than lotteries designed to fund education. We fin",1999,Policy Studies Journal,Patrick A. Pierce; Donald E. Miller,10.1111/j.1541-0072.1999.tb01997.x,,https://doi.org/10.1111/j.1541-0072.1999.tb01997.x,crossref,diffusion policy robot manipulation,concept,diffusion,,45,diffusion policy; robot manipulation,2026-06-12T15:07:36Z,15.864,15.864
doi:10.1038/s41598-022-17458-8,Perception is rich and probabilistic,"Abstract When we see a stimulus, e.g. a star-shaped object, our intuition is that we should perceive a single, coherent percept (even if it is inaccurate). But the neural processes that support perception are complex and probabilistic. Simple lines cause orientation-selective neurons across a population to fire in a probabilistic-like manner. Does probabilistic neural firing lead to non-probabilistic perception, or are the representations behind perception richer and more complex than intuition would suggest? To test this, we briefly presented a complex shape and had participants report the correct shape from a set of options. Rather than reporting a single value, we used a paradigm designed to encourage to directly report a representation over shape space—participants placed a series of Gaussian bets. We found that participants could report more than point-estimates of shape. The spread",2022,Scientific Reports,Syaheed B. Jabar; Daryl Fougnie,10.1038/s41598-022-17458-8,,https://doi.org/10.1038/s41598-022-17458-8,crossref,Gaussian splatting robot perception contact rich manipulation,concept,architecture_x_embodiment,,9,Gaussian splatting robot perception; contact rich manipulation,2026-06-12T15:07:36Z,15.851,15.851
arxiv:2011.08458v1,Learning Dense Rewards for Contact-Rich Manipulation Tasks,"Rewards play a crucial role in reinforcement learning. To arrive at the desired policy, the design of a suitable reward function often requires significant domain expertise as well as trial-and-error. Here, we aim to minimize the effort involved in designing reward functions for contact-rich manipulation tasks. In particular, we provide an approach capable of extracting dense reward functions algorithmically from robots' high-dimensional observations, such as images and tactile feedback. In contrast to state-of-the-art high-dimensional reward learning methodologies, our approach does not leverage adversarial training, and is thus less prone to the associated training instabilities. Instead, our approach learns rewards by estimating task progress in a self-supervised manner. We demonstrate the effectiveness and efficiency of our approach on two contact-rich manipulation tasks, namely, peg",2020,arXiv,Zheng Wu; Wenzhao Lian; Vaibhav Unhelkar; Masayoshi Tomizuka; Stefan Schaal,,2011.08458v1,http://arxiv.org/abs/2011.08458v1,arxiv,contact rich manipulation learning,concept,contact,,,contact rich manipulation,2026-06-12T14:45:03Z,15.850,15.850
arxiv:2004.10886v2,Stability-Guaranteed Reinforcement Learning for Contact-rich Manipulation,"Reinforcement learning (RL) has had its fair share of success in contact-rich manipulation tasks but it still lags behind in benefiting from advances in robot control theory such as impedance control and stability guarantees. Recently, the concept of variable impedance control (VIC) was adopted into RL with encouraging results. However, the more important issue of stability remains unaddressed. To clarify the challenge in stable RL, we introduce the term all-the-time-stability that unambiguously means that every possible rollout will be stability certified. Our contribution is a model-free RL method that not only adopts VIC but also achieves all-the-time-stability. Building on a recently proposed stable VIC controller as the policy parameterization, we introduce a novel policy search algorithm that is inspired by Cross-Entropy Method and inherently guarantees stability. Our experimental ",2020,arXiv,Shahbaz A. Khader; Hang Yin; Pietro Falco; Danica Kragic,,2004.10886v2,http://arxiv.org/abs/2004.10886v2,arxiv,contact rich manipulation learning,concept,contact,,,contact rich manipulation; impedance control; benchmark,2026-06-12T14:45:03Z,15.850,16.850
doi:10.1609/aaai.v40i5.37337,Rethinking Progression of Memory State in Robotic Manipulation: An Object-Centric Perspective,"As embodied agents operate in increasingly complex environments, the ability to perceive, track, and reason about individual object instances over time becomes essential, especially in tasks requiring sequenced interactions with visually similar objects. In non-Markovian settings, critical decision cues lie in object histories rather than the current scene. Without persistent memory of prior interactions (what was used, where it was placed, or how it changed), visuomotor policies may fail, repeat past actions, or overlook completed ones. To surface this challenge, we introduce LIBERO-Mem, a non-Markovian task suite for stress-testing robotic manipulation under object-level partial observability. It combines short- and long-horizon object tracking with temporally sequenced subgoals, requiring reasoning beyond the current frame. However, vision-language-action (VLA) models often struggle i",2026,Proceedings of the AAAI Conference on Artificial Intelligence,Nhat Chung; Taisei Hanyu; Toan Nguyen; Huy Le; Frederick Bumgarner; Duy Minh Ho Nguyen; Khoa Vo; Kashu Yamazaki; Chase Rainwater; Tung Kieu; Anh Nguyen; Ngan Le,10.1609/aaai.v40i5.37337,,https://doi.org/10.1609/aaai.v40i5.37337,crossref,object centric world model,concept,architecture,,2,object centric world model; embodied agent; partial observability; long horizon,2026-06-12T15:07:36Z,15.849,15.849
doi:10.1177/0278364910365417,Object Detection and Tracking for Autonomous Navigation in Dynamic Environments,"We address the problem of vision-based navigation in busy inner-city locations, using a stereo rig mounted on a mobile platform. In this scenario semantic information becomes important: rather than modeling moving objects as arbitrary obstacles, they should be categorized and tracked in order to predict their future behavior. To this end, we combine classical geometric world mapping with object category detection and tracking. Object-category-specific detectors serve to find instances of the most important object classes (in our case pedestrians and cars). Based on these detections, multi-object tracking recovers the objects’ trajectories, thereby making it possible to predict their future locations, and to employ dynamic path planning. The approach is evaluated on challenging, realistic video sequences recorded at busy inner-city locations.",2010,The International Journal of Robotics Research,Andreas Ess; Konrad Schindler; Bastian Leibe; Luc Van Gool,10.1177/0278364910365417,,https://doi.org/10.1177/0278364910365417,crossref,EBM transformer robotics deformable object manipulation,concept,architecture_x_embodiment,,142,EBM transformer robotics; deformable object manipulation,2026-06-12T15:07:36Z,15.831,16.831
arxiv:2309.14236v2,MoDem-V2: Visuo-Motor World Models for Real-World Robot Manipulation,"Robotic systems that aspire to operate in uninstrumented real-world environments must perceive the world directly via onboard sensing. Vision-based learning systems aim to eliminate the need for environment instrumentation by building an implicit understanding of the world based on raw pixels, but navigating the contact-rich high-dimensional search space from solely sparse visual reward signals significantly exacerbates the challenge of exploration. The applicability of such systems is thus typically restricted to simulated or heavily engineered environments since agent exploration in the real-world without the guidance of explicit state estimation and dense rewards can lead to unsafe behavior and safety faults that are catastrophic. In this study, we isolate the root causes behind these limitations to develop a system, called MoDem-V2, capable of learning contact-rich manipulation direc",2023,arXiv,Patrick Lancaster; Nicklas Hansen; Aravind Rajeswaran; Vikash Kumar,,2309.14236v2,http://arxiv.org/abs/2309.14236v2,arxiv,robot world models manipulation,concept,world_models,,,robot world model; robot manipulation; contact rich manipulation; dexterous manipulation; state estimation; limitation,2026-06-12T14:45:03Z,15.800,17.800
arxiv:2307.08243v2,Uncertainty-aware State Space Transformer for Egocentric 3D Hand Trajectory Forecasting,"Hand trajectory forecasting from egocentric views is crucial for enabling a prompt understanding of human intentions when interacting with AR/VR systems. However, existing methods handle this problem in a 2D image space which is inadequate for 3D real-world applications. In this paper, we set up an egocentric 3D hand trajectory forecasting task that aims to predict hand trajectories in a 3D space from early observed RGB videos in a first-person view. To fulfill this goal, we propose an uncertainty-aware state space Transformer (USST) that takes the merits of the attention mechanism and aleatoric uncertainty within the framework of the classical state-space model. The model can be further enhanced by the velocity constraint and visual prompt tuning (VPT) on large vision transformers. Moreover, we develop an annotation workflow to collect 3D hand trajectories with high quality. Experimenta",2023,arXiv,Wentao Bao; Lele Chen; Libing Zeng; Zhong Li; Yi Xu; Junsong Yuan; Yu Kong,,2307.08243v2,http://arxiv.org/abs/2307.08243v2,arxiv,trajectory transformer,concept,architecture,,,trajectory transformer,2026-06-12T15:07:36Z,15.800,18.800
doi:10.1002/aenm.201902568,Diffusion Limitation of Lithium Metal and Li–Mg Alloy Anodes on LLZO Type Solid Electrolytes as a Function of Temperature and Pressure,"Abstract The morphological instability of the lithium metal anode is the key factor restricting the rate capability of lithium metal solid state batteries. During lithium stripping, pore formation takes place at the interface due to the slow diffusion kinetics of vacancies in the lithium metal. The resulting current focusing increases the internal cell resistance and promotes fast lithium penetration. In this work, galvanostatic electrochemical impedance spectroscopy is used to investigate operando the morphological changes at the interface by analysis of the interface capacitances. Therewith, the effect of temperature, stack pressure, and chemical modification is investigated. The work demonstrates that introducing 10 at% Mg into the lithium metal anode can effectively prevent contact loss. Nevertheless, a fundamental kinetic limitation is also observed for the Li‐rich alloy, namely the",2019,Advanced Energy Materials,Thorben Krauskopf; Boris Mogwitz; Carolin Rosenbach; Wolfgang G. Zeier; Jürgen Janek,10.1002/aenm.201902568,,https://doi.org/10.1002/aenm.201902568,crossref,diffusion policy limitation robot manipulation,hostile,failure,,399,diffusion policy; robot manipulation; limitation; diffusion policy limitation,2026-06-12T15:07:36Z,15.796,20.796
arxiv:2304.11801v1,Efficient Robot Skill Learning with Imitation from a Single Video for Contact-Rich Fabric Manipulation,"Classical policy search algorithms for robotics typically require performing extensive explorations, which are time-consuming and expensive to implement with real physical platforms. To facilitate the efficient learning of robot manipulation skills, in this work, we propose a new approach comprised of three modules: (1) learning of general prior knowledge with random explorations in simulation, including state representations, dynamic models, and the constrained action space of the task; (2) extraction of a state alignment-based reward function from a single demonstration video; (3) real-time optimization of the imitation policy under systematic safety constraints with sampling-based model predictive control. This solution results in an efficient one-shot imitation-from-video strategy that simplifies the learning and execution of robot skills in real applications. Specifically, we learn ",2023,arXiv,Shengzeng Huo; Anqing Duan; Lijun Han; Luyin Hu; Hesheng Wang; David Navarro-Alarcon,,2304.11801v1,http://arxiv.org/abs/2304.11801v1,arxiv,contact rich manipulation learning,concept,contact,,,robot manipulation; contact rich manipulation; safety constraint; model predictive control; skill learning,2026-06-12T14:45:03Z,15.750,17.750
doi:10.1109/humanoids58906.2024.10769968,APriCoT: Action Primitives based on Contact-state Transition for In-Hand Tool Manipulation,,2024,2024 IEEE-RAS 23rd International Conference on Humanoid Robots (Humanoids),Daichi Saito; Atsushi Kanehira; Kazuhiro Sasabuchi; Naoki Wake; Jun Takamatsu; Hideki Koike; Katsushi Ikeuchi,10.1109/humanoids58906.2024.10769968,,https://doi.org/10.1109/humanoids58906.2024.10769968,crossref,contact rich manipulation learning,concept,contact,,1,contact rich manipulation,2026-06-12T15:07:36Z,15.747,15.747
doi:10.53964/id.2026001,Mechanism-Aware Foundation Models in Drug Discovery: From Molecular Representation to Biological Translation,"Foundation models pretrained on massive molecular and biological datasets are revolutionizing drug discovery by enabling transferable representations of small molecules, proteins, and cellular systems. However, translating predictive performance into real-world therapeutic impact demands mechanistic interpretability, that is, the capacity to link model outputs to chemical and biological causality rather than statistical correlations. This review synthesizes the current state of foundation models across modalities (Simplified Molecular Input Line Entry System strings, molecular graphs, 3D geometries, protein sequences, multi-omics profiles) and evaluates their mechanistic grounding through explainable AI probes, causal interventions, and concept-based interpretability. We critically assess architectures including transformers, equivariant geometric networks, diffusion models, and hybrid g",2026,Innovation Discovery,Antonio Lavecchia,10.53964/id.2026001,,https://doi.org/10.53964/id.2026001,openalex,energy based transformer robot policy,concept,ebm_transformer,,1,energy based transformer robot policy; benchmark,2026-06-12T18:05:07Z,15.747,18.747
doi:10.48550/arxiv.1609.03759,3D Simulation for Robot Arm Control with Deep Q-Learning,"Recent trends in robot arm control have seen a shift towards end-to-end solutions, using deep reinforcement learning to learn a controller directly from raw sensor data, rather than relying on a hand-crafted, modular pipeline. However, the high dimensionality of the state space often means that it is impractical to generate sufficient training data with real-world experiments. As an alternative solution, we propose to learn a robot controller in simulation, with the potential of then transferring this to a real robot. Building upon the recent success of deep Q-networks, we present an approach which uses 3D simulations to train a 7-DOF robotic arm in a control task without any prior knowledge. The controller accepts images of the environment as its only input, and outputs motor actions for the task of locating and grasping a cube, over a range of initial configurations. To encourage effic",2016,arXiv (Cornell University),Stephen James; Edward Johns,10.48550/arxiv.1609.03759,,https://doi.org/10.48550/arxiv.1609.03759,openalex,robotics,concept,openalex_bulk_robotics,,68,,2026-06-12T18:57:17Z,15.717,16.717
doi:10.1115/1.4053811,ActivationNet : Representation Learning to Predict Contact Quality of Interacting 3D Surfaces in Engineering Designs,"Abstract Engineering simulations for analysis of structural and fluid systems require information of contacts between various 3D surfaces of the geometry to accurately model the physics between them. In machine learning applications, 3D surfaces are most suitably represented with point clouds or meshes and learning representations of interacting geometries form point-based representations is challenging. The objective of this study is to introduce a machine learning algorithm, ActivationNet, that can learn from point clouds or meshes of interacting 3D surfaces and predict the quality of contact between these surfaces. The ActivationNet generates activation states from point-based representation of surfaces using a multidimensional binning approach. The activation states are further used to contact quality between surfaces using deep neural networks. The performance of our model is demons",2022,Journal of Mechanical Design,Rishikesh Ranade; Jay Pathak,10.1115/1.4053811,,https://doi.org/10.1115/1.4053811,crossref,contact rich manipulation learning,concept,contact,,,contact rich manipulation,2026-06-12T15:07:36Z,15.700,15.700
doi:10.1016/j.rcim.2022.102517,A review on reinforcement learning for contact-rich robotic manipulation tasks,,2023,Robotics and Computer-Integrated Manufacturing,Íñigo Elguea-Aguinaco; Antonio Serrano-Muñoz; Dimitrios Chrysostomou; Ibai Inziarte-Hidalgo; Simon Bøgh; Nestor Arana-Arexolaleiba,10.1016/j.rcim.2022.102517,,https://doi.org/10.1016/j.rcim.2022.102517,crossref,contact rich manipulation learning,concept,contact,,137,contact rich manipulation,2026-06-12T14:45:03Z,15.664,15.664
arxiv:1910.03973v1,Towards Learning to Detect and Predict Contact Events on Vision-based Tactile Sensors,"In essence, successful grasp boils down to correct responses to multiple contact events between fingertips and objects. In most scenarios, tactile sensing is adequate to distinguish contact events. Due to the nature of high dimensionality of tactile information, classifying spatiotemporal tactile signals using conventional model-based methods is difficult. In this work, we propose to predict and classify tactile signal using deep learning methods, seeking to enhance the adaptability of the robotic grasp system to external event changes that may lead to grasping failure. We develop a deep learning framework and collect 6650 tactile image sequences with a vision-based tactile sensor, and the neural network is integrated into a contact-event-based robotic grasping system. In grasping experiments, we achieved 52% increase in terms of object lifting success rate with contact detection, signif",2019,arXiv,Yazhan Zhang; Weihao Yuan; Zicheng Kan; Michael Yu Wang,,1910.03973v1,http://arxiv.org/abs/1910.03973v1,arxiv,contact dynamics robot learning,concept,contact,,,contact dynamics; robustness,2026-06-12T14:45:03Z,15.650,17.650
arxiv:2409.14674v1,RACER: Rich Language-Guided Failure Recovery Policies for Imitation Learning,"Developing robust and correctable visuomotor policies for robotic manipulation is challenging due to the lack of self-recovery mechanisms from failures and the limitations of simple language instructions in guiding robot actions. To address these issues, we propose a scalable data generation pipeline that automatically augments expert demonstrations with failure recovery trajectories and fine-grained language annotations for training. We then introduce Rich languAge-guided failure reCovERy (RACER), a supervisor-actor framework, which combines failure recovery data with rich language descriptions to enhance robot control. RACER features a vision-language model (VLM) that acts as an online supervisor, providing detailed language guidance for error correction and task execution, and a language-conditioned visuomotor policy as an actor to predict the next actions. Our experimental results sh",2024,arXiv,Yinpei Dai; Jayjun Lee; Nima Fazeli; Joyce Chai,,2409.14674v1,http://arxiv.org/abs/2409.14674v1,arxiv,contact rich manipulation learning,concept,contact,,,contact rich manipulation; imitation learning; limitation; long horizon,2026-06-12T14:45:03Z,15.650,17.650
doi:10.1002/rob.70248,Deep Reinforcement Learning Based Autonomous Decision‐Making for Cooperative Uncrewed Aerial Vehicles: A Search and Rescue Real World Application,"ABSTRACT This paper presents the first end‐to‐end framework that combines guidance, navigation, and centralized task allocation for multiple UAVs performing autonomous search‐and‐rescue (SAR) in GNSS‐denied indoor environments. A twin delayed deep deterministic policy gradient controller is trained with an artificial potential field (APF) reward that blends attractive and repulsive potentials with continuous control, accelerating convergence and yielding smoother, safer trajectories than distance‐only baselines. Collaborative mission assignment is solved by a deep Graph Attention Network that, at each decision step, reasons over the drone‐task graph to produce near‐optimal allocations with negligible on‐board compute. To arrest the notorious Z‐drift of indoor LiDAR‐SLAM, we fuse depth‐camera altimetry with IMU vertical velocity in a lightweight complementary filter, giving centimeter‐lev",2026,Journal of Field Robotics,Thomas Hickling; Maxwell Hogan; Abdulla Tammam; Nabil Aouf,10.1002/rob.70248,,https://doi.org/10.1002/rob.70248,crossref,model based reinforcement learning robotics,concept,architecture,,,model based reinforcement learning robotics; SLAM,2026-06-12T14:45:03Z,15.650,16.650
doi:10.18357/cjpe.2026.40.1.1212,Translating Evidence to Action in a Post-Truth World Traduire les preuves en action dans un monde post-vérité,"In today’s post-truth socio-political landscape, characterised by populism, misinformation, and systematic threats to equity and sustainability, traditional evaluation methods may often fall short. This paper introduces a framework built around four interrelated approaches: principles-focused, participatory, developmental, and resilience-oriented evaluation. Together, these approaches provide evaluators with practical strategies for countering misinformation, embedding community ownership of evidence, and fostering adaptive learning that builds resilience. The framework is distinct from prebunking or debunking in that it centres on the evaluation process itself; how evidence is generated, validated, and used with communities, rather than on correcting falsehoods alone. The framework presented in this paper offers significant benefits: It not only builds the adaptive resilience of communi",2026,Canadian Journal of Program Evaluation,Hur Hassnain; Michael Quinn Patton,10.18357/cjpe.2026.40.1.1212,,https://doi.org/10.18357/cjpe.2026.40.1.1212,crossref,world action model robotics,concept,wam,,,world action model,2026-06-12T15:07:36Z,15.650,16.650
doi:10.3390/foods12040721,"The “Vertigo” of the Food Sector within the Triangle of Climate Change, the Post-Pandemic World, and the Russian-Ukrainian War","Over the last few years, the world has been facing dramatic changes due to a condensed period of multiple crises, including climate change, the COVID-19 pandemic, and the Russian-Ukrainian war. Although different, these consecutive crises share common characteristics (e.g., systemic shocks and non-stationary nature) and impacts (e.g., disruption of markets and supply chains), questioning food safety, security, and sustainability. The current article analyses the effects of the noted crises in the food sector before proposing target mitigation measures to address the different challenges. The goal is to transform the food systems to increase their resilience and sustainability. This goal can only be achieved if all relevant actors within the supply chain (e.g., governments, companies, distributors, farmers, etc.) play their role by designing and implementing target interventions and polic",2023,Foods,Charis M. Galanakis,10.3390/foods12040721,,https://doi.org/10.3390/foods12040721,openalex,energy based policy robotics,concept,ebm,,108,,2026-06-12T18:43:24Z,15.646,15.646
doi:10.1109/iros.2018.8594140,Human-Robot Cooperative Object Manipulation with Contact Changes,,2018,2018 IEEE/RSJ International Conference on Intelligent Robots and Systems (IROS),Michael Gienger; Dirk Ruiken; Tamas Bates; Mohamed Regaieg; Michael MeiBner; Jens Kober; Philipp Seiwald; Arne-Christoph Hildebrandt,10.1109/iros.2018.8594140,,https://doi.org/10.1109/iros.2018.8594140,crossref,robot world models manipulation,concept,world_models,,17,robot world model,2026-06-12T15:07:36Z,15.645,15.645
doi:10.1146/annurev-control-061520-010504,Factor Graphs: Exploiting Structure in Robotics,"Many estimation, planning, and optimal control problems in robotics have an optimization problem at their core. In most of these optimization problems, the objective to be maximized or minimized is composed of many different factors or terms that are local in nature—that is, they depend only on a small subset of the variables. A particularly insightful way of modeling this locality structure is to use the concept of factor graphs, a bipartite graphical model in which factors represent functions on subsets of variables. Factor graphs can represent a wide variety of problems across robotics, expose opportunities to improve computational performance, and are beneficial in designing and thinking about how to model a problem, even aside from performance considerations. I discuss each of these three aspects in detail and review several state-of-the-art robotics applications in which factor gra",2021,"Annual Review of Control, Robotics, and Autonomous Systems",Frank Dellaert,10.1146/annurev-control-061520-010504,,https://doi.org/10.1146/annurev-control-061520-010504,crossref,hybrid systems robot control manipulation,anti_myopia,control,,79,hybrid systems,2026-06-12T15:07:36Z,15.641,19.641
doi:10.1109/lra.2022.3150497,Vision-Only Robot Navigation in a Neural Radiance World,,2022,IEEE Robotics and Automation Letters,Michal Adamkiewicz; Timothy Chen; Adam Caccavale; Rachel Gardner; Preston Culbertson; Jeannette Bohg; Mac Schwager,10.1109/lra.2022.3150497,,https://doi.org/10.1109/lra.2022.3150497,crossref,neural radiance field robotics,concept,architecture,,190,neural radiance field robotics,2026-06-12T14:45:03Z,15.626,15.626
doi:10.15607/rss.2018.xiv.041,Contact-Implicit Optimization of Locomotion Trajectories for a Quadrupedal Microrobot,,2018,Robotics: Science and Systems XIV,Neel Doshi; Kaushik Jayaram; Benjamin Goldberg; Zachary Manchester; Robert Wood; Scott Kuindersma,10.15607/rss.2018.xiv.041,,https://doi.org/10.15607/rss.2018.xiv.041,crossref,EBM transformer robotics contact rich manipulation,concept,architecture_x_embodiment,,16,EBM transformer robotics; contact rich manipulation,2026-06-12T15:07:36Z,15.617,15.617
doi:10.3390/vision3040061,A Three-Feature Model to Predict Colour Change Blindness,"Change blindness is a striking shortcoming of our visual system which is exploited in the popular ‘Spot the difference’ game, as it makes us unable to notice large visual changes happening right before our eyes. Change blindness illustrates the fact that we see much less than we think we do. In this paper, we introduce a fully automated model to predict colour change blindness in cartoon images based on image complexity, change magnitude and observer experience. Using linear regression with only three parameters, the predictions of the proposed model correlate significantly with measured detection times. We also demonstrate the efficacy of the model to classify stimuli in terms of difficulty.",2019,Vision,Steven Le Moan; Marius Pedersen,10.3390/vision3040061,,https://doi.org/10.3390/vision3040061,crossref,vision language action model,concept,architecture,,4,vision language action model,2026-06-12T15:07:36Z,15.605,15.605
doi:10.1109/lra.2025.3597864,From Composable Models to Correct-by-Construction Software for Contact-Rich Robotic Mobile-Manipulation Tasks,,2025,IEEE Robotics and Automation Letters,Sven Schneider; Vamsi Kalagaturu; Herman Bruyninckx; Nico Hochgeschwender,10.1109/lra.2025.3597864,,https://doi.org/10.1109/lra.2025.3597864,crossref,robot world models manipulation,concept,world_models,,,robot world model; mobile manipulation,2026-06-12T14:45:03Z,15.600,15.600
doi:10.1109/lra.2026.3655193,Generative Models From and for Sampling-Based MPC: A Bootstrapped Approach for Adaptive Contact-Rich Manipulation,,2026,IEEE Robotics and Automation Letters,Lara Brudermüller; Brandon Hung; Xinghao Zhu; Jiuguang Wang; Nick Hawes; Preston Culbertson; Simon Le Cleac’h,10.1109/lra.2026.3655193,,https://doi.org/10.1109/lra.2026.3655193,crossref,robot world models manipulation,concept,world_models,,,robot world model; contact rich manipulation,2026-06-12T14:45:03Z,15.600,15.600
doi:10.1109/icra55743.2025.11127769,Efficient Gradient-Based Inference for Manipulation Planning in Contact Factor Graphs,,2025,2025 IEEE International Conference on Robotics and Automation (ICRA),Jeongmin Lee; Sunkyung Park; Minji Lee; Dongjun Lee,10.1109/icra55743.2025.11127769,,https://doi.org/10.1109/icra55743.2025.11127769,crossref,contact rich manipulation learning,concept,contact,,,contact rich manipulation,2026-06-12T14:45:03Z,15.600,15.600
doi:10.1016/j.advengsoft.2026.104210,Topology optimization for particle manipulation in fluidic systems with wall contact interactions,,2026,Advances in Engineering Software,Young Hun Choi; Gil Ho Yoon,10.1016/j.advengsoft.2026.104210,,https://doi.org/10.1016/j.advengsoft.2026.104210,crossref,contact rich manipulation learning,concept,contact,,,contact rich manipulation,2026-06-12T14:45:03Z,15.600,15.600
doi:10.1109/case58245.2025.11163796,Estimating Force/Torque Sensor Offsets and Gravity Parameters Using Only Wrench Measurements to Facilitate Human Demonstration of Robot Manipulation Tasks in Contact,,2025,2025 IEEE 21st International Conference on Automation Science and Engineering (CASE),Ali Mousavi Mohammadi; Maxim Vochten; Joris De Schutter; Erwin Aertbeliën,10.1109/case58245.2025.11163796,,https://doi.org/10.1109/case58245.2025.11163796,crossref,robot world models manipulation,concept,world_models,,,robot world model; robot manipulation; human demonstration,2026-06-12T15:07:36Z,15.600,15.600
doi:10.32479/ijeep.14171,Strategic Decision-Making on Mining Sector Company Stock Prices and Economic Variable (State Space Model Application),"Energy sector is not excluded from the recession in global economics. However, one can be stable during such outbreak was gold prices which showed incredible stable prices and relatively increasing. That also affected on daily stock prices for the gold producing companies such as PT Aneka Tambang (issuer code: ANTM) that showed conversely increasing than other mining sector companies. This study aims to investigate causal relationships between ANTM stock prices and Indonesian exchange rates in order to have strategic decision-making for investors by employing State Space model and to provide forecasting daily data for both variables. The study found that the State Space model confirmed their dynamic relationship, in which ANTM was not only affected by itself but also by the movement of exchange rates. The forecasting graphs then provide the insight of strategic decision-making for invest",2023,International Journal of Energy Economics and Policy,Ayi Ahadiat; Fajrin Satria Dwi Kesumah; Rialdi Azhar; Febryan Kusuma Wisnu,10.32479/ijeep.14171,,https://doi.org/10.32479/ijeep.14171,crossref,state space model robot policy,concept,architecture,,,state space model robot policy,2026-06-12T15:07:36Z,15.600,16.600
doi:10.1109/hicss.2004.1265326,Evaluation of supervisory vs. peer-peer interaction with human-robot teams,"We submit that the most interesting and fruitful human-robot interaction (HRI) may be possible when the robot is able to interact with the human as a true team member, rather than a tool. However, the benefits of shared control can all too easily be overshadowed by challenges inherent to blending human and robot initiative. The most important requirements for peer-peer interaction are system trust and ability to predict system behavior. The human must be able to understand the reason for and effects of robot initiative. These requirements can only be met through careful application of human factors principles and usability testing to determine how users interact with the system. This paper discusses the recent human participant usability testing, which took our current implementation to task using a search and rescue scenario within a complex, real-world environment. The purpose of testi",2004,,Julie L. Marble; David J. Bruemmer; Douglas A. Few; Donald D. Dudenhoeffer,10.1109/hicss.2004.1265326,,https://doi.org/10.1109/hicss.2004.1265326,openalex,robotics,concept,openalex_bulk_robotics,,75,human robot interaction,2026-06-12T18:57:17Z,15.565,17.565
arxiv:2510.17439v3,From Spatial to Actions: Grounding Vision-Language-Action Model in Spatial Foundation Priors,"Existing vision-language-action (VLA) models act in 3D real-world but are typically built on 2D encoders, leaving a spatial reasoning gap that limits generalization and adaptability. Recent 3D integration techniques for VLAs either require specialized sensors and transfer poorly across modalities, or inject weak cues that lack geometry and degrade vision-language alignment. In this work, we introduce FALCON (From Spatial to Action), a novel paradigm that injects rich 3D spatial tokens into the action head. FALCON leverages spatial foundation models to deliver strong geometric priors from RGB alone, and includes an Embodied Spatial Model that can optionally fuse depth, or pose for higher fidelity when available, without retraining or architectural changes. To preserve language reasoning, spatial tokens are consumed by a Spatial-Enhanced Action Head rather than being concatenated into the ",2025,arXiv,Zhengshen Zhang; Hao Li; Yalun Dai; Zhengbang Zhu; Lei Zhou; Chenchen Liu; Dong Wang; Francis E. H. Tay; Sijin Chen; Ziwei Liu; Yuxiao Liu; Xinghang Li; Pan Zhou,,2510.17439v3,http://arxiv.org/abs/2510.17439v3,arxiv,robot foundation model vision language action,concept,vla,,,vision language action model; robot foundation model; limitation; benchmark; generalization,2026-06-12T14:45:03Z,15.550,19.550
doi:10.1016/j.crbeha.2023.100112,Do concreteness fading and guidance fading aid learning from perceptually rich visualizations? Changes in style lead to more cognitive load and interfere with learning,,2023,Current Research in Behavioral Sciences,Alexander Skulmowski,10.1016/j.crbeha.2023.100112,,https://doi.org/10.1016/j.crbeha.2023.100112,crossref,contact rich manipulation learning,concept,contact,,1,contact rich manipulation,2026-06-12T15:07:36Z,15.547,15.547
doi:10.1609/aaai.v35i18.17881,"Robotic Manipulation with Reinforcement Learning, State Representation Learning, and Imitation Learning (Student Abstract)","Humans possess the advanced ability to grab, hold, and manipulate objects with dexterous hands. What about robots? Can they interact with the surrounding world intelligently to achieve certain goals (e.g., grasping, object-relocation)? Actually, robotic manipulation is central to achieving the premise of robotics and represents immense potential to be widely applied in various scenarios like industries, hospitals, and homes. In this work, we aim to address multiple robotic manipulation tasks like grasping, button-pushing, and door-opening with reinforcement learning (RL), state representation learning (SRL), and imitation learning. For diverse missions, we self-built the PyBullet or MuJoCo simulated environments and independently explored three different learning-style methods to successfully solve such tasks: (1) Normal reinforcement learning methods; (2) Combined state representation l",2021,Proceedings of the AAAI Conference on Artificial Intelligence,Hanxiao Chen,10.1609/aaai.v35i18.17881,,https://doi.org/10.1609/aaai.v35i18.17881,crossref,contact rich manipulation learning,concept,contact,,7,contact rich manipulation; imitation learning,2026-06-12T14:45:03Z,15.540,15.540
doi:10.1039/d3mh01138k,High-sensitivity and ultralow-hysteresis fluorine-rich ionogel strain sensors for multi-environment contact and contactless sensing,"Encapsulation-free strain sensors are realized using fluorine-rich ionogels with abundant ion–dipole interactions, which feature multi-environment tolerance, high sensitivity, ultralow hysteresis, and enable contact or contactless sensing underwater.",2023,Materials Horizons,Faqi Hu; Zhenkai Huang; Chuan Luo; Kan Yue,10.1039/d3mh01138k,,https://doi.org/10.1039/d3mh01138k,crossref,contact rich manipulation learning,concept,contact,,25,contact rich manipulation; hysteresis,2026-06-12T15:07:36Z,15.529,15.529
doi:10.1002/rob.20357,Augmented state–extended Kalman filter combined framework for topology estimation in large‐area underwater mapping,"Abstract Over the past few years, underwater vehicles have greatly improved as a tool for undersea exploration and navigation. In particular, autonomous navigation, localization, and mapping through optical imaging have become topics of interest for researchers in both underwater robotics and marine science. Underwater imagery can be used to construct image composites (photomosaics) used in many different application areas such as underwater surveying and navigation. For surveying operations with a low‐cost robot limited to a down‐looking camera and a sonar altimeter, it is common practice to ensure that there is enough overlap between time‐consecutive images as this is the only data source of navigation. When the robot revisits a previously surveyed area, it is essential to detect and match the non‐time‐consecutive images to close a loop and, thus, improve trajectory estimation. While c",2010,Journal of Field Robotics,Armagan Elibol; Nuno Gracias; Rafael Garcia,10.1002/rob.20357,,https://doi.org/10.1002/rob.20357,crossref,neural radiance field robotics,concept,architecture,,22,neural radiance field robotics,2026-06-12T15:07:36Z,15.518,15.518
doi:10.5772/50899,Contact State Estimation by Vision-Based Tactile Sensors for Dexterous Manipulation with Robot Hands Based on Shape-Sensing,"We propose a new method for estimating the contact state of objects with varying shapes on a vision-based fluid-type tactile sensor, which touch pad is an elastic transparent membrane of silicon rubber with dotted pattern printed on its inner side. The membrane is filled with translucent red colored water. The proposed method leads to better understanding of the object's shape and movement, and can be applied for accomplishing reliable and dexterous handling tasks by robot hands.",2011,International Journal of Advanced Robotic Systems,Yuji Ito; Youngwoo Kim; Chikara Nagai; Goro Obinata,10.5772/50899,,https://doi.org/10.5772/50899,crossref,robot world models manipulation,concept,world_models,,10,robot world model; dexterous manipulation; robot hand; state estimation,2026-06-12T15:07:36Z,15.499,15.499
doi:10.1017/s1537592709992672,It Takes a State: A Policy Feedback Model of Women's Political Representation,"American women attain more professional success in medicine, business, and higher education than do most of their counterparts around the world. An enduring puzzle is, therefore, why the US lags so far behind other countries when it comes to women's political representation. In 2008, women held only 16.8 percent of seats in the House of Representatives, a proportion that ranks America lower than 83 other countries. This article addresses this conundrum. It establishes that equal rights alone are insufficient to ensure equal access to political office. Also necessary are public policies representing maternal traits that voters associate with women. Such policies have feedback effects that teach voters that the maternal traits attributed to women represent strengths not only in the private sphere of the home but also in the public sphere of the state. Most other democracies now have such p",2010,Perspectives on Politics,Eileen McDonagh,10.1017/s1537592709992672,,https://doi.org/10.1017/s1537592709992672,crossref,state space model robot policy,concept,architecture,,19,state space model robot policy,2026-06-12T15:07:36Z,15.498,15.498
doi:10.1109/icdl49984.2021.9515680,Contact State Recognition for Selective Cutting Task of Flexible Objects,,2021,2021 IEEE International Conference on Development and Learning (ICDL),Yasuhiro Kato; Sho Sakaino; Toshiaki Tsuji,10.1109/icdl49984.2021.9515680,,https://doi.org/10.1109/icdl49984.2021.9515680,crossref,contact rich manipulation learning,concept,contact,,3,contact rich manipulation,2026-06-12T15:07:36Z,15.493,15.493
doi:10.3758/bf03205508,Judgments of relative time-to-contact of more than two approaching objects: Toward a method,,1997,Perception & Psychophysics,Patricia R. Delucia; Jennifer Blume Novak,10.3758/bf03205508,,https://doi.org/10.3758/bf03205508,crossref,Gaussian splatting robot perception contact rich manipulation,concept,architecture_x_embodiment,,41,Gaussian splatting robot perception; contact rich manipulation,2026-06-12T15:07:36Z,15.469,15.469
doi:10.3389/fnbot.2023.1280773,Vision-force-fused curriculum learning for robotic contact-rich assembly tasks,"Contact-rich robotic manipulation tasks such as assembly are widely studied due to their close relevance with social and manufacturing industries. Although the task is highly related to vision and force, current methods lack a unified mechanism to effectively fuse the two sensors. We consider coordinating multimodality from perception to control and propose a vision-force curriculum policy learning scheme to effectively fuse the features and generate policy. Experiments in simulations indicate the priorities of our method, which could insert pegs with 0.1 mm clearance. Furthermore, the system is generalizable to various initial configurations and unseen shapes, and it can be robustly transferred from simulation to reality without fine-tuning, showing the effectiveness and generalization of our proposed method. The experiment videos and code will be available at https://sites.google.com/v",2023,Frontiers in Neurorobotics,Piaopiao Jin; Yinjie Lin; Yaoxian Song; Tiefeng Li; Wei Yang,10.3389/fnbot.2023.1280773,,https://doi.org/10.3389/fnbot.2023.1280773,crossref,contact rich manipulation learning,concept,contact,,22,contact rich manipulation; generalization,2026-06-12T14:45:03Z,15.468,16.468
doi:10.1109/hicss.2005.1,"""Turn Off the Television!"": Real-World Robotic Exploration Experiments with a Virtual 3-D Display","In order to apply mobile robots to a new range of applications, we require control architectures and interfaces that support symbiotic interaction. Remote deployment of mobile robots offers one of the most compelling opportunities to merge human intelligence with machine proficiency. This paper discusses a mixed-initiative control strategy based not on video, but on an abstracted, collaborative workspace - a 3-D, video-game representation constructed on-the-fly - that promotes situation-awareness and efficient tasking. The new interface requires orders of magnitude less bandwidth than teleoperation and permits transmission ranges of thousands of miles. Unlike video, which offers only a first person, local environment perspective, the 3-D interface changes perspective to support changing levels of operator involvement and robot autonomy. The human-participant study presented here evaluate",2005,,David J. Bruemmer; Douglas A. Few; Miles Walton; Ronald L. Boring; Julie L. Marble; Curtis W. Nielsen; James Garner,10.1109/hicss.2005.1,,https://doi.org/10.1109/hicss.2005.1,openalex,robotics,concept,openalex_bulk_robotics,,33,teleoperation; deployment,2026-06-12T18:57:17Z,15.463,17.463
doi:10.1126/scirobotics.ads6790,Learning contact-rich whole-body manipulation with example-guided reinforcement learning,"Humans use diverse skills and strategies to effectively manipulate various objects, ranging from dexterous in-hand manipulation (fine motor skills) to complex whole-body manipulation (gross motor skills). The latter involves full-body engagement and extensive contact with various body parts beyond just the hands, where the compliance of our skin and muscles plays a crucial role in increasing contact stability and mitigating uncertainty. For robots, synthesizing these contact-rich behaviors has fundamental challenges because of the rapidly growing combinatorics inherent to this amount of contact, making explicit reasoning about all contact interactions intractable. We explore the use of example-guided reinforcement learning to generate robust whole-body skills for the manipulation of large and unwieldy objects. Our method’s effectiveness is demonstrated on Toyota Research Institute’s Puny",2025,Science Robotics,Jose A. Barreiros; Aykut Özgün Önol; Mengchao Zhang; Sam Creasey; Aimee Goncalves; Andrew Beaulieu; Aditya Bhat; Kate M. Tsui; Alex Alspach,10.1126/scirobotics.ads6790,,https://doi.org/10.1126/scirobotics.ads6790,crossref,contact dynamics robot learning,concept,contact,,9,humanoid robot; contact dynamics; domain randomization,2026-06-12T14:45:03Z,15.451,16.451
doi:10.1177/1059712312449545,Multiple levels of spatial organization: World Graphs and spatial difference learning,"It is often suggested that the place cells of the hippocampus (and more recently, the grid cells of the entorhinal cortex) furnish a cognitive map. However, this can only be part of the story: (1) the “hippocampal chart” provided by place cells and grid cells differs radically when a rat is placed in different environments and so a higher level organization is needed to link these charts into an overall cognitive map of the rat’s world; and (2) even without a hippocampus a rat can exploit much of the spatial structure of its world. The World Graph (WG) model addressed the former problem, whereas the Taxon Affordance Model (TAM) was developed to address the latter, with the two models being integrated to form the TAM-WG model. Here we provide a new version strengthened in three ways: (1) we relate the TAM model to explicit ideas of executability and desirability; (2) we show how temporal ",2012,Adaptive Behavior,Michael A Arbib; James J Bonaiuto,10.1177/1059712312449545,,https://doi.org/10.1177/1059712312449545,crossref,adaptive world action model robot,concept,wam,,9,world action model; adaptive world action model,2026-06-12T15:07:36Z,15.451,15.451
doi:10.3389/fpsyg.2021.592711,More Than a Feeling—Interrelation of Trust Layers in Human-Robot Interaction and the Role of User Dispositions and State Anxiety,"With service robots becoming more ubiquitous in social life, interaction design needs to adapt to novice users and the associated uncertainty in the first encounter with this technology in new emerging environments. Trust in robots is an essential psychological prerequisite to achieve safe and convenient cooperation between users and robots. This research focuses on psychological processes in which user dispositions and states affect trust in robots, which in turn is expected to impact the behavior and reactions in the interaction with robotic systems. In a laboratory experiment, the influence of propensity to trust in automation and negative attitudes toward robots on state anxiety, trust, and comfort distance toward a robot were explored. Participants were approached by a humanoid domestic robot two times and indicated their comfort distance and trust. The results favor the differentia",2021,Frontiers in Psychology,Linda Miller; Johannes Kraus; Franziska Babel; Martin Baumann,10.3389/fpsyg.2021.592711,,https://doi.org/10.3389/fpsyg.2021.592711,openalex,robotics,concept,openalex_bulk_robotics,,87,human robot interaction,2026-06-12T18:57:17Z,15.439,17.439
doi:10.1021/acsenergylett.4c03504,Contact Ion-Pair-Dominated Electrolyte Enabling Inorganic-Rich Solid–Electrolyte Interphase for Long-Cycling Magnesium Metal Anodes,,2025,ACS Energy Letters,Meng Zhang; Wanyu Zhao; Yuan Liu; Mengyuan Zhou; Zhenghui Pan; Xiaowei Yang,10.1021/acsenergylett.4c03504,,https://doi.org/10.1021/acsenergylett.4c03504,crossref,contact rich manipulation learning,concept,contact,,37,contact rich manipulation,2026-06-12T15:07:36Z,15.419,15.419
doi:10.1109/icarm62033.2024.10715919,Visual-Tactile Based Manipulation Control for Complex Robot Manipulation Process via Geometric and Contact State Modeling,,2024,2024 International Conference on Advanced Robotics and Mechatronics (ICARM),Gaozhao Wang; Xing Liu; Zhengxiong Liu; Yizhai Zhang; Panfeng Huang,10.1109/icarm62033.2024.10715919,,https://doi.org/10.1109/icarm62033.2024.10715919,crossref,robot world models manipulation,concept,world_models,,,robot world model; robot manipulation,2026-06-12T14:45:03Z,15.400,15.400
doi:10.1109/robosoft60065.2024.10521972,Non-Contact Manipulation of Objects in Fluid with Soft Robots Through Behavioral Primitives and Finite State Machine,,2024,2024 IEEE 7th International Conference on Soft Robotics (RoboSoft),Arnaud Klipfel; Nana Obayashi; Josie Hughes,10.1109/robosoft60065.2024.10521972,,https://doi.org/10.1109/robosoft60065.2024.10521972,crossref,contact rich manipulation learning,concept,contact,,,contact rich manipulation,2026-06-12T15:07:36Z,15.400,15.400
doi:10.1177/20416695221089678,Less is More: Perception as a fun way to Rich Minimalism,"Perceptual science is important to understand how humans and other animals perceive and experience scenes, objects and events. So, it is the essential science to predict how we construct reality and our Umwelt. We learn from perceptual phenomena that we only need a minimal amount of information to create rich worlds of imagination and perception. As such, perception is the perfect analogue to what we would like to call “Rich Minimalism” – the way to save resources while having even more fun as our brains complete the missing parts in a creative way. Here, we briefly mention three little examples from basic research to demonstrate the power of perception for creating efficiency, effectiveness, and economy while having great fun with the resulting minimalism.",2022,i-Perception,Claus-Christian Carbon; Sandra Utz; Vera M. Hesslinger,10.1177/20416695221089678,,https://doi.org/10.1177/20416695221089678,crossref,Gaussian splatting robot perception contact rich manipulation,concept,architecture_x_embodiment,,1,Gaussian splatting robot perception; contact rich manipulation,2026-06-12T15:07:36Z,15.397,15.397
doi:10.3389/fpubh.2022.853294,Early-Stage Alzheimer's Disease Prediction Using Machine Learning Models,"Alzheimer's disease (AD) is the leading cause of dementia in older adults. There is currently a lot of interest in applying machine learning to find out metabolic diseases like Alzheimer's and Diabetes that affect a large population of people around the world. Their incidence rates are increasing at an alarming rate every year. In Alzheimer's disease, the brain is affected by neurodegenerative changes. As our aging population increases, more and more individuals, their families, and healthcare will experience diseases that affect memory and functioning. These effects will be profound on the social, financial, and economic fronts. In its early stages, Alzheimer's disease is hard to predict. A treatment given at an early stage of AD is more effective, and it causes fewer minor damage than a treatment done at a later stage. Several techniques such as Decision Tree, Random Forest, Support Ve",2022,Frontiers in Public Health,C. Kavitha; Vinodhini Mani; S. Srividhya; Osamah Ibrahim Khalaf; Carlos Andrés Tavera Romero,10.3389/fpubh.2022.853294,,https://doi.org/10.3389/fpubh.2022.853294,openalex,energy based model robot learning,concept,ebm,,348,,2026-06-12T18:05:07Z,15.378,15.378
doi:10.3390/s23136202,"Augmented Reality (AR) for Surgical Robotic and Autonomous Systems: State of the Art, Challenges, and Solutions","Despite the substantial progress achieved in the development and integration of augmented reality (AR) in surgical robotic and autonomous systems (RAS), the center of focus in most devices remains on improving end-effector dexterity and precision, as well as improved access to minimally invasive surgeries. This paper aims to provide a systematic review of different types of state-of-the-art surgical robotic platforms while identifying areas for technological improvement. We associate specific control features, such as haptic feedback, sensory stimuli, and human-robot collaboration, with AR technology to perform complex surgical interventions for increased user perception of the augmented world. Current researchers in the field have, for long, faced innumerable issues with low accuracy in tool placement around complex trajectories, pose estimation, and difficulty in depth perception durin",2023,Sensors,Jenna Seetohul; Mahmood Shafiee; Konstantinos Sirlantzis,10.3390/s23136202,,https://doi.org/10.3390/s23136202,openalex,robotics,concept,openalex_bulk_robotics,,62,surgical robot; occlusion,2026-06-12T18:57:17Z,15.372,15.372
doi:10.1038/s41598-023-28763-1,Machine learning enabled orthogonal camera goniometry for accurate and robust contact angle measurements,"Abstract Characterization of surface wettability plays an integral role in physical, chemical, and biological processes. However, the conventional fitting algorithms are not suitable for accurate estimation of wetting properties, especially on hydrophilic surfaces, due to optical distortions triggered by changes in the focal length of the moving drops. Therefore, here we present an original setup coupled with Convolutional Neural Networks (CNN) for estimation of Contact Angle (CA). The developed algorithm is trained on 3375 ground truth images (at different front-lit illuminations), less sensitive to the edges of the drops, and retains its stability for images that are synthetically blurred with higher Gaussian Blurring (GB) values (GB: 0–22) if compared to existing goniometers (GB: 0–12). Besides, the proposed technique can precisely analyze drops of various colors and chemistries on di",2023,Scientific Reports,Hossein Kabir; Nishant Garg,10.1038/s41598-023-28763-1,,https://doi.org/10.1038/s41598-023-28763-1,crossref,contact rich manipulation learning,concept,contact,,137,contact rich manipulation,2026-06-12T15:07:36Z,15.364,15.364
doi:10.3389/frobt.2026.1851102,DPTG: diffusion policy with tactile feasibility guidance,"Robotic manipulation in contact-rich environments requires integrating vision and tactile sensing, yet effective fusion of these modalities remains challenging. Existing methods often adopt symmetric feature fusion or joint policy learning, implicitly treating tactile as a continuous motion generator comparable to vision. However, this misaligns with the nature of touch, which primarily provides physical constraints and phase cues rather than action proposals. In this work, we propose DPTG, a framework that reformulates tactile sensing as a physical feasibility constraint rather than a parallel action generator. Actions are sampled from a vision-driven diffusion policy and guided by a tactile feasibility classifier. To extract phase-relevant cues, we derive an adaptive guidance schedule from feasibility scores, selectively activating constraints only when contact is informative. Moreover",2026,Frontiers in Robotics and AI,Jin Liu; Hongzhan Yu; Can Zhao; Haonan Zhao; Zhemeng Zhang; Daolin Ma; Weiming Wang,10.3389/frobt.2026.1851102,,https://doi.org/10.3389/frobt.2026.1851102,crossref,diffusion policy robot manipulation,concept,diffusion,,,diffusion policy; robot manipulation,2026-06-12T14:45:03Z,15.350,15.350
doi:10.55493/5052.v6i1.4501,Enabling Teaching and Learning Environments in a Contact-Less World,"The educational paradigm is constantly evolving; this is largely due to continuous emerging educational tools and technologies. This development has altered the traditional ways of teaching and learning. Present global trends have further increased or forced the adoption of technology in all its ramifications, resulting in a reliance that could have prolonged implications for teaching and learning activities and outcomes. This study discusses the need for enabling teaching and learning environments in the face of swift and continuing technological developments in a post global pandemic era, which has resulted in a contactless world. Metadata and abstracts of reviews on studies were retrieved from science direct database via the search words “enhanced teaching/learning” and “teaching/learning in COVID-19 era”, published between the years 2018 - 2020 and the years 2020–2021 for teaching an",2022,Asian Journal of Contemporary Education,Patience E Idoga; Ahamed Sani Kazaure,10.55493/5052.v6i1.4501,,https://doi.org/10.55493/5052.v6i1.4501,crossref,contact rich manipulation learning,concept,contact,,,contact rich manipulation,2026-06-12T15:07:36Z,15.350,15.350
doi:10.3390/computers15040234,Distilling Vision Foundation Models into LiDAR Networks via Manifold-Aware Topological Alignment,"LiDAR point cloud semantic segmentation is essential for autonomous driving, yet LiDAR-only methods remain constrained by sparsity and limited texture cues. We propose Cross-Modal Collaborative Manifold Distillation (CMCMD), which transfers open-world semantic priors from the DINOv3 Vision Foundation Model to a LiDAR student network. The framework combines an Adaptive Relation Convolution (ARConv) backbone with geometry-conditioned aggregation, a Unified Bidirectional Mapping Module (UBMM) for explicit 2D–3D interaction, and Manifold-Aware Topological Distillation (MATD), which aligns inter-sample affinity structures in a shared latent manifold rather than enforcing pointwise feature matching. By preserving relational topology instead of absolute feature coordinates, CMCMD mitigates negative transfer across heterogeneous modalities. Experiments on SemanticKITTI and nuScenes yield mIoU va",2026,Computers,Yuchuan Yang; Xiaosu Xu,10.3390/computers15040234,,https://doi.org/10.3390/computers15040234,crossref,robot foundation model vision language action,concept,vla,,,robot foundation model; robustness,2026-06-12T15:07:36Z,15.350,17.350
doi:10.1115/detc2025-168430,Image-Based Hand Pose Data Acquisition Framework for Robot Learning,"Abstract Humanoid robots have long received strong public interest; however, with the rise of computational power, they have only recently gained the processing capabilities to perform independent tasks. They have also benefited from novel hardware enabling them to replicate human dexterity in complex tasks, although there is still a strong need for development on robotic hands for contact-rich manipulation. Learning from human demonstrations has proven effective for training dexterous manipulators. However, generating large-scale, high-quality datasets of hand-object interactions remains challenging due to complexities in data collection, annotation, and human motion variability. Existing approaches primarily focus on global hand position tracking, rather than detailed pose dynamics, which are crucial for precise finger articulation and contact force modeling. This paper proposes a nove",2025,Volume 5: 21st IEEE/ASME International Conference on Mechatronic and Embedded Systems and Applications (MESA); 49th Mechanisms and Robotics Conference (MR),Sofya Sellak; Amanda de Oliveira Barros,10.1115/detc2025-168430,,https://doi.org/10.1115/detc2025-168430,crossref,EBM transformer robotics robot hand,concept,architecture_x_embodiment,,,EBM transformer robotics; contact rich manipulation; humanoid robot; robot hand; imitation learning; human demonstration,2026-06-12T15:07:36Z,15.350,15.350
doi:10.33093/ijoras.2025.7.2.11,Chaos Synchronization of the Lu System Using Single-Variable Feedback,"This paper explores a simple yet effective way to synchronize the chaotic Lü system using just one variable from the master system. Rather than relying on full-state observation or advanced nonlinear control, the method uses a straightforward linear feedback approach and takes advantage of the inherent stability in cascade-connected systems to achieve synchronization. One of the main strengths of this approach is its efficiency. By transmitting only a single state variable, it keeps communication demands low—something that’s especially helpful in real-time applications or when resources are limited. Another benefit is that the method doesn’t depend on knowing the bounds of the master system’s trajectories in advance, which makes it more flexible for systems that are unpredictable or constantly changing. The controller itself is also relatively simple to put into practice, avoiding the co",2025,"International Journal on Robotics, Automation and Sciences",Grienggrai Rajchakit,10.33093/ijoras.2025.7.2.11,,https://doi.org/10.33093/ijoras.2025.7.2.11,crossref,robotics,concept,crossref_bulk_robotics,,,,2026-06-12T19:29:26Z,15.350,15.350
doi:10.1063/1.4952293,An industrial robot singular trajectories planning based on graphs and neural networks,,2016,AIP Conference Proceedings,Adrian Łȩgowski; Michał Niezabitowski,10.1063/1.4952293,,https://doi.org/10.1063/1.4952293,crossref,robot world model failure planning,hostile,failure,,2,robot world model; industrial robot; robot world model failure,2026-06-12T15:07:36Z,15.349,19.349
doi:10.1109/etfa52439.2022.9921720,Learning-based Detection of Leg-Surface Contact using Position Feedback Only,,2022,2022 IEEE 27th International Conference on Emerging Technologies and Factory Automation (ETFA),Jiri Kubik; Rudolf Szadkowski; Jan Faigl,10.1109/etfa52439.2022.9921720,,https://doi.org/10.1109/etfa52439.2022.9921720,crossref,contact rich manipulation learning,concept,contact,,1,contact rich manipulation,2026-06-12T15:07:36Z,15.347,15.347
doi:10.1145/3548608.3559234,Research on Non-contact Monitoring Method of Human Knee Joint Movement State,,2022,Proceedings of the 2022 2nd International Conference on Control and Intelligent Robotics,Yunwei Li,10.1145/3548608.3559234,,https://doi.org/10.1145/3548608.3559234,crossref,EBM transformer robotics contact rich manipulation,concept,architecture_x_embodiment,,1,EBM transformer robotics; contact rich manipulation,2026-06-12T15:07:36Z,15.347,15.347
doi:10.1109/icra48891.2023.10161485,Probabilistic Contact State Estimation for Legged Robots using Inertial Information,,2023,2023 IEEE International Conference on Robotics and Automation (ICRA),Michael Maravgakis; Despina-Ekaterini Argiropoulos; Stylianos Piperakis; Panos Trahanias,10.1109/icra48891.2023.10161485,,https://doi.org/10.1109/icra48891.2023.10161485,crossref,probabilistic robotics,anti_myopia,anti_thesis,,21,state estimation; probabilistic robotics,2026-06-12T15:07:36Z,15.346,18.346
doi:10.1180/002646198547585,"Textures of diffusion-controlled reaction in contact-metamorphosed Mg-rich granulite, Kokchetav area, Kazakhstan","Abstrsct In a granulite from the Kokchetav massif, a complex mineral assemblage and intricate textures have resulted from a combination of unusual rock composition and two–stage metamorphic history. The second, contact metamorphism produced mainly cordierite and anthophyllite, reflecting a bulk composition attributed to pre–metamorphic alteration of basic igneous rock. From the first, highpressure metamorphism, garnet relics persist while another mineral has been completely pseudomorphed. The garnet is partly replaced by a symplectite of three minerals: orthopyroxene vermicules in a coarser intergrowth of cordierite and calcic plagioclase. Despite variable proportions of cordierite and plagioclase, the Al:Si ratio of the symplectite is almost constant, because the proportion of orthopyroxene is smaller where the dominant aluminous mineral is cordierite (Al:Si ≈ 0.8) than where the even m",1998,Mineralogical Magazine,J. R. Ashworth; V. V. Reverdatto; V. YU. kolobov; V. V. Lepetyukha; V. S. Sheplev; N. A. Bryxina,10.1180/002646198547585,,https://doi.org/10.1180/002646198547585,crossref,contact rich manipulation learning,concept,contact,,7,contact rich manipulation,2026-06-12T15:07:36Z,15.340,15.340
doi:10.1016/j.robot.2007.09.018,Recognition of in-hand manipulation using contact state transition for multifingered robot hand control,,2008,Robotics and Autonomous Systems,Masahiro Kondo; Jun Ueda; Tsukasa Ogasawara,10.1016/j.robot.2007.09.018,,https://doi.org/10.1016/j.robot.2007.09.018,crossref,robot world models manipulation,concept,world_models,,31,robot world model; robot hand,2026-06-12T15:07:36Z,15.333,15.333
doi:10.1596/978-1-4648-1328-3,World Development Report 2019: The Changing Nature of Work,"Work is constantly reshaped by technological progress. New ways of production are adopted, markets expand, and societies evolve. But some changes provoke more attention than others, in part due to the vast uncertainty involved in making predictions about the future. The 2019 World Development Report will study how the nature of work is changing as a result of advances in technology today. Technological progress disrupts existing systems. A new social contract is needed to smooth the transition and guard against rising inequality. Significant investments in human capital throughout a person’s lifecycle are vital to this effort. If workers are to stay competitive against machines they need to train or retool existing skills. A social protection system that includes a minimum basic level of protection for workers and citizens can complement new forms of employment. Improved private sector p",2018,"Washington, DC: World Bank eBooks",World Bank,10.1596/978-1-4648-1328-3,,https://doi.org/10.1596/978-1-4648-1328-3,openalex,energy based policy robotics,concept,ebm,,859,,2026-06-12T18:05:07Z,15.300,16.300
doi:10.3390/s24123956,Research on Foot Contact State Detection Technology of Wheel-Legged Robot,"The accurate perception of external environment information through the robot foot is crucial for the mobile robot to evaluate its ability to traverse terrain. Adequate foot-end contact signals can provide robust support for robot motion control and decision-making processes. The shape and uncertain rotation of the wheel-legged robot foot end represent a significant challenge to sensing the robot foot-end contact state, which current foot-end sensing schemes cannot solve. This paper presents a sensing method for the tire stress field of wheel-legged robots. A finite element analysis was conducted to study the deformation characteristics of the foot-end tire under force. Based on this analysis, a heuristic contact position estimator was designed that utilizes symmetrical deformation characteristics. Strain sensors, arranged in an array, extract the deformation information on the inner sur",2024,Sensors,Yaodong Wang; Meng Hong; Hui Chai; Yinglong Zhang; Guan Wang; Chaoqun Wu; Min Guo,10.3390/s24123956,,https://doi.org/10.3390/s24123956,crossref,contact dynamics robot learning,concept,contact,,10,contact dynamics,2026-06-12T15:07:36Z,15.299,15.299
doi:10.1145/3527660,DiffCloth: Differentiable Cloth Simulation with Dry Frictional Contact,"Cloth simulation has wide applications in computer animation, garment design, and robot-assisted dressing. This work presents a differentiable cloth simulator whose additional gradient information facilitates cloth-related applications. Our differentiable simulator extends a state-of-the-art cloth simulator based on Projective Dynamics (PD) and with dry frictional contact [Ly et al. 2020 ]. We draw inspiration from previous work [Du et al. 2021 ] to propose a fast and novel method for deriving gradients in PD-based cloth simulation with dry frictional contact. Furthermore, we conduct a comprehensive analysis and evaluation of the usefulness of gradients in contact-rich cloth simulation. Finally, we demonstrate the efficacy of our simulator in a number of downstream applications, including system identification, trajectory optimization for assisted dressing, closed-loop control, inverse d",2022,ACM Transactions on Graphics,Yifei Li; Tao Du; Kui Wu; Jie Xu; Wojciech Matusik,10.1145/3527660,,https://doi.org/10.1145/3527660,openalex,energy based policy robotics,concept,ebm,,80,system identification,2026-06-12T18:43:24Z,15.297,16.297
doi:10.1126/scirobotics.abf1416,When less is more: Robot swarms adapt better to changes with constrained communication,"To effectively perform collective monitoring of dynamic environments, a robot swarm needs to adapt to changes by processing the latest information and discarding outdated beliefs. We show that in a swarm composed of robots relying on local sensing, adaptation is better achieved if the robots have a shorter rather than longer communication range. This result is in contrast with the widespread belief that more communication links always improve the information exchange on a network. We tasked robots with reaching agreement on the best option currently available in their operating environment. We propose a variety of behaviors composed of reactive rules to process environmental and social information. Our study focuses on simple behaviors based on the voter model-a well-known minimal protocol to regulate social interactions-that can be implemented in minimalistic machines. Although differen",2021,Science Robotics,Mohamed S. Talamali; Arindam Saha; James A. R. Marshall; Andreagiovanni Reina,10.1126/scirobotics.abf1416,,https://doi.org/10.1126/scirobotics.abf1416,openalex,robotics,concept,openalex_bulk_robotics,,119,,2026-06-12T18:57:17Z,15.294,15.294
doi:10.1007/s10015-020-00626-2,Image-based non-contact monitoring of changes in facial skin texture induced by the contact needle technique of acupuncture,,2020,Artificial Life and Robotics,Kanji Kawasaki; Hongyang Li; Mako Iwahashi; Masaki Tsuda; Takae Takebe; Akiko Shirai; Norimichi Tsumura; Keiko Ogawa-Ochiai,10.1007/s10015-020-00626-2,,https://doi.org/10.1007/s10015-020-00626-2,crossref,EBM transformer robotics contact rich manipulation,concept,architecture_x_embodiment,,3,EBM transformer robotics; contact rich manipulation,2026-06-12T15:07:36Z,15.293,15.293
doi:10.1016/j.ijhydene.2023.09.148,CO2 rich cushion gas for hydrogen storage in depleted gas reservoirs: Insight on contact angle and surface tension,,2024,International Journal of Hydrogen Energy,Nasiru Salahu Muhammed; Bashirul Haq; Dhafer Al Shehri,10.1016/j.ijhydene.2023.09.148,,https://doi.org/10.1016/j.ijhydene.2023.09.148,crossref,contact rich manipulation learning,concept,contact,,43,contact rich manipulation,2026-06-12T15:07:36Z,15.292,15.292
doi:10.15607/rss.2025.xxi.052,Reactive Diffusion Policy: Slow-Fast Visual-Tactile Policy Learning for Contact-Rich Manipulation,,2025,Robotics: Science and Systems XXI,Han Xue; Jieji Ren; Wendi Chen; Gu Zhang; Fang Yuan; Guoying Gu; Huazhe Xu; Cewu Lu,10.15607/rss.2025.xxi.052,,https://doi.org/10.15607/rss.2025.xxi.052,crossref,contact rich manipulation learning,concept,contact,,28,diffusion policy; contact rich manipulation,2026-06-12T14:45:03Z,15.284,15.284
doi:10.1007/s00268-013-2275-3,State of the Art of Robotic Pancreatic Surgery,"More than a decade has passed since robotic technology was adopted for abdominal surgery, and virtually every gastrointestinal operation has since been shown to be feasible, safe, and reproducible using the robotic approach. Robotic pancreatic surgery had been left behind at the beginning, because they were technically challenging, requiring not only being very familiar with the robotic technology but also having a perfect knowledge of the anatomical variations, very frequent in this area. Nonetheless in the last few years many authors have approached the robot for pancreatic surgery with very promising results in terms of surgical and oncological outcomes. The aim of this article is to review the literature on robotic pancreatic surgery and to define the state of the art use of the robotic approach for pancreatic disease.",2013,World Journal of Surgery,Luca Milone; Despoina Daskalaki; Xiaoying Wang; Pier Cristoforo Giulianotti,10.1007/s00268-013-2275-3,,https://doi.org/10.1007/s00268-013-2275-3,openalex,robotics,concept,openalex_bulk_robotics,,22,,2026-06-12T18:57:17Z,15.268,15.268
doi:10.1109/tro.2019.2959445,Making Sense of Vision and Touch: Learning Multimodal Representations for Contact-Rich Tasks,,2020,IEEE Transactions on Robotics,Michelle A. Lee; Yuke Zhu; Peter Zachares; Matthew Tan; Krishnan Srinivasan; Silvio Savarese; Li Fei-Fei; Animesh Garg; Jeannette Bohg,10.1109/tro.2019.2959445,,https://doi.org/10.1109/tro.2019.2959445,crossref,contact rich manipulation learning,concept,contact,,205,contact rich manipulation,2026-06-12T14:45:03Z,15.264,15.264
doi:10.1115/imece2023-112871,Experimental Comparison of Model-Free Vibration Control Based on Virtual Controlled Object and Model-Based Control: Robustness to Characteristic Changes in Actual Controlled Object,Abstract Model-free active vibration control based on a virtual controlled object (VCO) has attracted a great deal of attention due to its simplicity. This study experimentally compares VCO-based model-free vibration control with model-based control in terms of the robustness to characteristic changes in an actual controlled object. The VCO is designed so as to achieve model-free vibration suppression in the designated frequency band. A state equation for designing a model-free vibration controller is constructed using only the actuator model and the VCO. The VCO-based model-free controller is designed based on the mixed H2/H∞ synthesis for the state equation. The model-based mixed H2/H∞ controller is designed based on the mathematical model of a both ends supported plate (BESP). The VCO-based and model-based controllers are tuned through vibration control experiment so that both control,2023,"Volume 6: Dynamics, Vibration, and Control",Ansei Yonezawa; Heisei Yonezawa; Itsuro Kajiwara,10.1115/imece2023-112871,,https://doi.org/10.1115/imece2023-112871,crossref,object centric world model,concept,architecture,,,object centric world model; robustness,2026-06-12T15:07:36Z,15.250,16.250
arxiv:2209.08662v2,Multi-contact MPC for Dynamic Loco-manipulation on Humanoid Robots,"This paper presents a novel method to control humanoid robot dynamic loco-manipulation with multiple contact modes via multi-contact Model Predictive Control (MPC) framework. The proposed framework includes a multi-contact dynamics model capable of capturing various contact modes in loco-manipulation, such as hand-object contact and foot-ground contacts. Our proposed dynamics model represents the object dynamics as an external force acting on the system, which simplifies the model and makes it feasible for solving the MPC problem. In numerical validations, our multi-contact MPC framework only needs contact timings of each task and desired states to give MPC the knowledge of changes in contact modes in the prediction horizons in loco-manipulation. The proposed framework can control the humanoid robot to complete multi-tasks dynamic loco-manipulation applications such as efficiently pickin",2022,arXiv,Junheng Li; Quan Nguyen,,2209.08662v2,http://arxiv.org/abs/2209.08662v2,arxiv,Gaussian splatting robot perception contact rich manipulation,concept,architecture_x_embodiment,,,Gaussian splatting robot perception; contact rich manipulation; humanoid robot; contact dynamics; model predictive control,2026-06-12T15:07:36Z,15.250,16.250
doi:10.1007/978-981-32-9335-9_2,Rich Representations for Analyzing Learning Trajectories: Systematic Review on Sequential Data Analytics in Game-Based Learning Research,,2019,Smart Computing and Intelligence Data Analytics Approaches in Educational Games and Gamification Systems,Jewoong Moon; Zhichun Liu,10.1007/978-981-32-9335-9_2,,https://doi.org/10.1007/978-981-32-9335-9_2,crossref,contact rich manipulation learning,concept,contact,,4,contact rich manipulation,2026-06-12T15:07:36Z,15.205,15.205
doi:10.1016/j.trc.2023.104224,Physics-informed neural networks for integrated traffic state and queue profile estimation: A differentiable programming approach on layered computational graphs,,2023,Transportation Research Part C: Emerging Technologies,Jiawei Lu; Chongnan Li; Xin Bruce Wu; Xuesong Simon Zhou,10.1016/j.trc.2023.104224,,https://doi.org/10.1016/j.trc.2023.104224,crossref,differentiable physics robot learning,concept,architecture,,54,differentiable physics robot learning,2026-06-12T15:07:36Z,15.204,15.204
arxiv:2605.17681v1,PRIME: Physically-consistent Robotic Inertial and Motion Estimation for Legged and Humanoid Robots,"Humanoid and legged robots interact with the environment through intermittent contacts, making accurate motion estimation fundamentally dependent on reasoning about contact dynamics. However, standard sensing pipelines-whether based on onboard proprioception with Extended Kalman Filters (EKFs) or external motion capture systems-recover only kinematics, while contact forces, contact timing, and inertial parameters remain unobserved. As a result, purely kinematic reconstructions often violate rigid-body dynamics, particularly during contact-rich motions. To enable accurate motion estimation from onboard kinematics in real-world deployment, we propose PRIME (Physically-consistent Robotic Inertial and Motion Estimation), a Maximum A Posteriori (MAP) formulation that refines measured kinematics and actuator commands into a dynamically consistent trajectory while jointly estimating frictional ",2026,arXiv,Jiarong Kang; Kunzhao Ren; Tao Pang; Xiaobin Xiong,,2605.17681v1,http://arxiv.org/abs/2605.17681v1,arxiv,physical reasoning robotics manipulation,concept,physical_reasoning,,,robot foundation model; humanoid robot; contact dynamics; proprioception; state estimation; deployment,2026-06-12T14:45:03Z,15.200,17.200
doi:10.3233/ip-239001,Information Polity publishes more than strong empirical studies: It is a rich platform for learning and debate,,2023,Information Polity,,10.3233/ip-239001,,https://doi.org/10.3233/ip-239001,crossref,contact rich manipulation learning,concept,contact,,,contact rich manipulation,2026-06-12T15:07:36Z,15.200,15.200
doi:10.21203/rs.3.rs-331448/v1,Learning and Generalising Object Extraction Skill for Contact-rich Disassembly Tasks: An Introductory Study,"Abstract Remanufacturing automation must be designed to be flexible and robust enough to overcome the uncertainties, conditions of the products, and complexities in the process's planning and operation. Machine learning, particularly reinforcement learning, methods are presented as techniques to learn, improve, and generalise the automation of many robotic manipulation tasks (most of them related to grasping, picking, or assembly). However, not much has been exploited in remanufacturing, in particular in disassembly tasks. This work presents the State-of-the-Art of contact-rich disassembly using reinforcement learning algorithms and a study about the object extraction skill's generalisation when applied to contact-rich disassembly tasks. The generalisation capabilities of two State-of-the-Art reinforcement learning agents (trained in simulation) are tested and evaluated in simulation and",,,Antonio Serrano Muñoz; Nestor Arana-Arexolaleiba; Dimitrios Chrysostomou; Simon Bøgh,10.21203/rs.3.rs-331448/v1,,https://doi.org/10.21203/rs.3.rs-331448/v1,crossref,contact rich manipulation learning,concept,contact,,2,contact rich manipulation,2026-06-12T14:45:03Z,15.199,15.199
doi:10.1177/02783649261417694,A survey on imitation learning for contact-rich tasks in robotics,"This paper comprehensively surveys research trends in imitation learning (IL) for contact-rich robotic tasks. Contact-rich tasks, which require complex physical interactions with the environment, represent a central challenge in robotics due to their nonlinear dynamics and sensitivity to small positional deviations. The paper examines demonstration collection methodologies, including teaching methods and sensory modalities crucial for capturing subtle interaction dynamics. We then analyze IL approaches, highlighting their applications to contact-rich manipulation. Recent advances in multimodal learning and foundation models have significantly enhanced performance in complex contact tasks across industrial, household, and healthcare domains. Through systematic organization of current research and identification of challenges, this survey provides a foundation for future advancements in co",2026,The International Journal of Robotics Research,Toshiaki Tsuji; Yasuhiro Kato; Gokhan Solak; Heng Zhang; Tadej Petrič; Francesco Nori; Arash Ajoudani,10.1177/02783649261417694,,https://doi.org/10.1177/02783649261417694,crossref,contact rich manipulation learning,concept,contact,,5,contact rich manipulation; imitation learning,2026-06-12T14:45:03Z,15.196,15.196
doi:10.1068/p6945,The Effect of Body Posture on Long-Range Time-to-Contact Estimation,"On Earth, gravity accelerates freely moving objects downward, whereas upward-moving objects are being decelerated. Do humans take internalised knowledge of gravity into account when estimating time-to-contact (TTC, the time remaining before the moving object reaches the observer)? To answer this question, we created a motion-prediction task in which participants saw the initial part of an object's trajectory moving on a collision course prior to an occlusion. Observers had to judge when the object would make contact with them. The visual scene was presented with a head-mounted display. Participants lay either supine (looking up) or prone (looking down), suggestive of the ball either rising up or falling down toward them. Results showed that body posture had a significant effect on time-to-contact estimation, but only when occlusion times were long (2.5 s). The effect was also rather smal",2011,Perception,Robin Baurès; Heiko Hecht,10.1068/p6945,,https://doi.org/10.1068/p6945,crossref,Gaussian splatting robot perception contact rich manipulation,concept,architecture_x_embodiment,,21,Gaussian splatting robot perception; contact rich manipulation; occlusion,2026-06-12T15:07:36Z,15.196,15.196
doi:10.1155/2010/581840,Prediction Control for Brachytherapy Robotic System,"In contemporary brachytherapy procedure, needle placement at desired location is challenging due to a variety of reasons. We have designed and fabricated an image-guided robot-assisted brachytherapy system to improve the needle placement and seed delivery. In this article we have used two different predictive control strategies in order to investigate the needle insertion efficacy and system dynamics during prostate brachytherapy. First, we used neural network predictive control (NNPC) to predict an insertion force. The NNPC uses the linearized state-space model of the robotic system to predict future system performances. Second, we used feedforward model predictive control (MPC) which allows the controller to compensate the influence of a measured disturbance's impact immediately rather than waiting until the effect appears in the system. Feedback control problem for the contact force r",2010,Journal of Robotics,Ivan Buzurovic; Tarun K. Podder; Yan Yu,10.1155/2010/581840,,https://doi.org/10.1155/2010/581840,crossref,classical control robotics,anti_myopia,anti_thesis,,11,model predictive control; classical control robotics,2026-06-12T15:07:36Z,15.192,20.192
doi:10.1101/2020.01.22.914473,Did we get sensorimotor adaptation wrong? Implicit adaptation as direct policy updating rather than forward-model-based learning,"Abstract The human motor system can rapidly adapt its motor output in response to errors. The prevailing theory of this process posits that the motor system adapts an internal forward model that predicts the consequences of outgoing motor commands, and that this forward model is then used to guide selection of motor output. However, although there is clear evidence for the existence of adaptive forward models to help track the state of the body, there is no real evidence that such models influence the selection of motor output. A possible alternative to the forward-model-based theory of adaptation is that motor output could be directly adjusted by movement errors (“direct policy learning”), in parallel with but independent of any updates to a predictive forward model. Here, we show evidence for this latter theory based on the properties of implicit adaptation under mirror-reversed visual",,,Alkis M. Hadjiosif; John W. Krakauer; Adrian M. Haith,10.1101/2020.01.22.914473,,https://doi.org/10.1101/2020.01.22.914473,crossref,online adaptation robot learning,concept,adaptation,,11,online adaptation,2026-06-12T15:07:36Z,15.192,15.192
doi:10.1038/s41467-024-49207-y,Real-time outage management in active distribution networks using reinforcement learning over graphs,"Self-healing smart grids are characterized by fast-acting, intelligent control mechanisms that minimize power disruptions during outages. The corrective actions adopted during outages in power distribution networks include reconfiguration through switching control and emergency load shedding. The conventional decision-making models for outage mitigation are, however, not suitable for smart grids due to their slow response and computational inefficiency. Here, we present a graph reinforcement learning model for outage management in the distribution network to enhance its resilience. The distinctive characteristic of our approach is that it explicitly accounts for the underlying network topology and its variations with switching control, while also capturing the complex interdependencies between state variables (along nodes and edges) by modeling the task as a graph learning problem. Our m",2024,Nature Communications,Roshni Anna Jacob; Steve Paul; Souma Chowdhury; Yulia R. Gel; Jie Zhang,10.1038/s41467-024-49207-y,,https://doi.org/10.1038/s41467-024-49207-y,openalex,energy based model robot learning,concept,ebm,,58,,2026-06-12T18:05:07Z,15.189,15.189
doi:10.1080/13575279.2017.1406895,Promoting Contact for Children in State Care: Learning from Northern Ireland on the Development of a Framework for Assessing Contact,,2018,Child Care in Practice,Kimberley Wilson; John Devaney,10.1080/13575279.2017.1406895,,https://doi.org/10.1080/13575279.2017.1406895,crossref,contact rich manipulation learning,concept,contact,,6,contact rich manipulation,2026-06-12T15:07:36Z,15.173,15.173
doi:10.1177/027836499701600405,A Model-Based Approach to Cartesian Manipulation Contact Sensing,"This article describes a new statistical, model-based approach to building a contact-state observer for time-invariant con straints for a point in three dimensions. Three-dimensional constraint estimation and selection, and the application of these procedures to a planar, two-dimensional maze is described in detail. The observer uses measurements of the contact force and position, and prior information about the task encoded in a network, to determine the current location of the robot in the task-configuration space. Each node represents what the measurements will look like in a small region of configuration space by storing a predictive, statistical, measurement model. Construction of the task network requires a model of both the grasped part and the environment. The model makes the system robust to alignment errors, however, gross errors can occur if the topology of the modeled configu",1997,The International Journal of Robotics Research,Brian Eberman,10.1177/027836499701600405,,https://doi.org/10.1177/027836499701600405,crossref,contact rich manipulation learning,concept,contact,,20,contact rich manipulation,2026-06-12T14:45:03Z,15.172,15.172
doi:10.1109/icra.2019.8793485,Making Sense of Vision and Touch: Self-Supervised Learning of Multimodal Representations for Contact-Rich Tasks,,2019,2019 International Conference on Robotics and Automation (ICRA),Michelle A. Lee; Yuke Zhu; Krishnan Srinivasan; Parth Shah; Silvio Savarese; Li Fei-Fei; Animesh Garg; Jeannette Bohg,10.1109/icra.2019.8793485,,https://doi.org/10.1109/icra.2019.8793485,crossref,contact rich manipulation learning,concept,contact,,245,contact rich manipulation; self supervised learning,2026-06-12T14:45:03Z,15.153,15.153
arxiv:2309.14616v3,NDC-Scene: Boost Monocular 3D Semantic Scene Completion in Normalized Device Coordinates Space,"Monocular 3D Semantic Scene Completion (SSC) has garnered significant attention in recent years due to its potential to predict complex semantics and geometry shapes from a single image, requiring no 3D inputs. In this paper, we identify several critical issues in current state-of-the-art methods, including the Feature Ambiguity of projected 2D features in the ray to the 3D space, the Pose Ambiguity of the 3D convolution, and the Computation Imbalance in the 3D convolution across different depth levels. To address these problems, we devise a novel Normalized Device Coordinates scene completion network (NDC-Scene) that directly extends the 2D feature map to a Normalized Device Coordinates (NDC) space, rather than to the world space directly, through progressive restoration of the dimension of depth with deconvolution operations. Experiment results demonstrate that transferring the majorit",2023,arXiv,Jiawei Yao; Chuming Li; Keqiang Sun; Yingjie Cai; Hao Li; Wanli Ouyang; Hongsheng Li,,2309.14616v3,http://arxiv.org/abs/2309.14616v3,arxiv,3D scene understanding robot manipulation,concept,scene_understanding,,,robot manipulation; 3D scene understanding,2026-06-12T15:07:36Z,15.150,15.150
doi:10.1016/j.adapen.2024.100188,Advancing state of health estimation for electric vehicles: Transformer-based approach leveraging real-world data,,2024,Advances in Applied Energy,Kosaku Nakano; Sophia Vögler; Kenji Tanaka,10.1016/j.adapen.2024.100188,,https://doi.org/10.1016/j.adapen.2024.100188,crossref,energy based transformer robot policy,concept,ebm_transformer,,32,energy based transformer robot policy,2026-06-12T15:07:36Z,15.148,16.148
doi:10.1109/lra.2020.3013848,Sim2Real Predictivity: Does Evaluation in Simulation Predict Real-World Performance?,,2020,IEEE Robotics and Automation Letters,Abhishek Kadian; Joanne Truong; Aaron Gokaslan; Alexander Clegg; Erik Wijmans; Stefan Lee; Manolis Savva; Sonia Chernova; Dhruv Batra,10.1109/lra.2020.3013848,,https://doi.org/10.1109/lra.2020.3013848,crossref,real world robot learning deployment,concept,deployment,,162,deployment,2026-06-12T15:07:36Z,15.147,18.147
doi:10.33137/cpoj.v6i2.42221,LEVERAGING DIGITAL WORKFLOWS TO TRANSITION THE ORTHOTICS AND PROSTHETICS PROFESSION TOWARD A CLIENT-CENTRIC AND VALUES-BASED CARE MODEL,"The orthotics and prosthetics (O&P) profession has a history of responding to market demands in a reactive rather than proactive manner. This has created significant impacts including shrinkage in scope of practice and constraint in remuneration for professional services due to a fee-for-device third party payer system. Rapid changes in technology and healthcare combined with an outdated device-centric reimbursement system are creating unprecedented challenges that threaten sustainability of the O&P profession. Hence, a reassessment of the value of O&P care, and the O&P workflow process is necessary to inform an update to the value proposition and practice model for sustainability. This article reviews key factors contributing to the current state of O&P, and potential solutions involving an update in practitioner competencies, and the care delivery model (from device-centric to client-c",2024,CANADIAN PROSTHETICS & ORTHOTICS JOURNAL,Christopher F. Hovorka,10.33137/cpoj.v6i2.42221,,https://doi.org/10.33137/cpoj.v6i2.42221,crossref,object centric world model,concept,architecture,,1,object centric world model,2026-06-12T15:07:36Z,15.147,15.147
doi:10.1109/access.2022.3210514,Wearable Robotics for Impaired Upper-Limb Assistance and Rehabilitation: State of the Art and Future Perspectives,"Despite more than thirty-five years of research on wearable technologies to assist the upper-limb and a multitude of promising preliminary results, the goal of restoring pre-impairment quality of life of people with physical disabilities has not been fully reached yet. Whether it is for rehabilitation or for assistance, nowadays robotics is still only used in a few high-tech clinics and hospitals, limiting the access to a small amount of people. This work provides a description of the three major “revolutions” occurred in the field (end-effector robots, rigid exoskeletons, and soft exosuits), reviewing forty-eight systems for the upper-limb (excluding hand-only devices) used in eighty-nine studies enrolling a clinical population before June 2022. The review critically discusses the state of the art, analyzes the different technologies, and compares the clinical outcomes, with the goal of",2022,IEEE Access,Tommaso Proietti; Emilia Ambrosini; Alessandra Pedrocchi; Silvestro Micera,10.1109/access.2022.3210514,,https://doi.org/10.1109/access.2022.3210514,openalex,robotics,concept,openalex_bulk_robotics,,56,,2026-06-12T18:57:17Z,15.122,15.122
doi:10.1101/2022.07.20.500905,Polymer dynamics relates chromosome mixing to temporal changes in biological contact maps,"Chromosomes are arranged in distinct territories within the nucleus of animal cells. Recent experiments have shown that these territories overlap at their edges, suggesting partial mixing during interphase. Genomewide, biological contact maps in humans and Drosophila show only a low degree of contact between different chromosomes; however, the mixing in yeast is considerably higher. Recent theoretical estimates considered topological mixing of chromosomes by polymer reptation, and suggested that the time scale for chromosome mixing is years. This implies that a cell will typically divide before its chromosomes mix by reptation. Here, we use a generic polymer simulation to quantify the dynamics of chromosome mixing over time. We introduce the chromosome mixing index that quantifies the mixing of distinct chromosomes in the nucleus. We find that the chromosome mixing index increases as a p",,,Gaurav Bajpai; Samuel Safran,10.1101/2022.07.20.500905,,https://doi.org/10.1101/2022.07.20.500905,crossref,contact dynamics robot learning,concept,contact,,4,contact dynamics,2026-06-12T15:07:36Z,15.105,15.105
doi:10.1145/3723872,Kinematic Motion Retargeting for Contact-Rich Anthropomorphic Manipulations,"Hand motion capture data are now relatively easy to obtain, even for complicated grasps; however, these data are of limited use without the ability to retarget it onto the hands of a specific character or robot. The target hand may differ dramatically in geometry, number of degree of freedom (DOF), or number of fingers. We present a simple but effective framework capable of kinematically retargeting human hand-object manipulations from a publicly available dataset to diverse target hands through the exploitation of contact areas. We do so by formulating the retargeting operation as a nonisometric shape matching problem and use a combination of both surface contact and marker data to progressively estimate, refine, and fit the final target hand trajectory using inverse kinematics. Foundational to our framework is the introduction of a novel shape matching process, which we show enables pr",2025,ACM Transactions on Graphics,Arjun S. Lakshmipathy; Jessica K. Hodgins; Nancy S. Pollard,10.1145/3723872,,https://doi.org/10.1145/3723872,crossref,contact rich manipulation learning,concept,contact,,9,contact rich manipulation,2026-06-12T15:07:36Z,15.101,15.101
doi:10.1016/j.procir.2014.10.061,Contact-state Modeling of Robotic Assembly Tasks Using Gaussian Mixture Models,,2014,Procedia CIRP,Ibrahim F. Jasim; Peter W. Plapper,10.1016/j.procir.2014.10.061,,https://doi.org/10.1016/j.procir.2014.10.061,crossref,Gaussian splatting robot perception contact rich manipulation,concept,architecture_x_embodiment,,19,Gaussian splatting robot perception; contact rich manipulation,2026-06-12T15:07:36Z,15.098,15.098
doi:10.35489/bsg-rise-wp_2019/028,Learning Equity Requires More than Equality: Learning Goals and Achievement Gaps between the Rich and the Poor in Five Developing Countries,,2019,,Maryam Akmal; Lant Pritchett,10.35489/bsg-rise-wp_2019/028,,https://doi.org/10.35489/bsg-rise-wp_2019/028,crossref,contact rich manipulation learning,concept,contact,,3,contact rich manipulation,2026-06-12T15:07:36Z,15.093,15.093
doi:10.7551/mitpress/9954.001.0001,Documenting and Assessing Learning in Informal and Media-Rich Environments,"An extensive review of the literature on learning assessment in informal settings, expert discussion of key issues, and a new model for good assessment practice. Today educational activities take place not only in school but also in after-school programs, community centers, museums, and online communities and forums. The success and expansion of these out-of-school initiatives depends on our ability to document and assess what works and what doesn't in informal learning, but learning outcomes in these settings are often unpredictable. Goals are open-ended; participation is voluntary; and relationships, means, and ends are complex. This report charts the state of the art for learning assessment in informal settings, offering an extensive review of the literature, expert discussion on key topics, a suggested model for comprehensive assessment, and recommendations for good assessment practi",2015,,Jay Lemke; Robert Lecusay; Michael Cole; Vera Michalchik,10.7551/mitpress/9954.001.0001,,https://doi.org/10.7551/mitpress/9954.001.0001,crossref,contact rich manipulation learning,concept,contact,,35,contact rich manipulation,2026-06-12T15:07:36Z,15.092,15.092
doi:10.1177/0278364915581193,Learning preferences for manipulation tasks from online coactive feedback,"We consider the problem of learning preferences over trajectories for mobile manipulators such as personal robots and assembly line robots. The preferences we learn are more intricate than simple geometric constraints on trajectories; they are rather governed by the surrounding context of various objects and human interactions in the environment. We propose a coactive online learning framework for teaching preferences in contextually rich environments. The key novelty of our approach lies in the type of feedback expected from the user: the human user does not need to demonstrate optimal trajectories as training data, but merely needs to iteratively provide trajectories that slightly improve over the trajectory currently proposed by the system. We argue that this coactive preference feedback can be more easily elicited than demonstrations of optimal trajectories. Nevertheless, theoretical",2015,The International Journal of Robotics Research,Ashesh Jain; Shikhar Sharma; Thorsten Joachims; Ashutosh Saxena,10.1177/0278364915581193,,https://doi.org/10.1177/0278364915581193,crossref,contact rich manipulation learning,concept,contact,,63,contact rich manipulation,2026-06-12T15:07:36Z,15.079,15.079
doi:10.1109/access.2023.3332762,PredictEYE: Personalized Time Series Model for Mental State Prediction Using Eye Tracking,"Mental health is vital for emotional, psychological, and social well-being. Mental illness can affect thoughts, feelings, and behaviors. Early intervention and specialized care can manage major mental illnesses. Predicting mental state accurately can facilitate behavioral changes and promote overall well-being. The paper proposes a novel personalized time series model called PredictEYE, which aims to predict a person’s mental state and identify the specific scene responsible for that mental state. The model achieves this by analyzing individuals’ eye-tracking time series data while watching calm and stressful videos. The model utilizes deep learning time-series univariate regression model based on Long Short-Term Memory for predicting the future sequence of each feature and a machine learning-based Random Forest algorithm for the mental state prediction. The model’s performance was compa",2023,IEEE Access,C. Jyotsna; J. Amudha; Amritanshu Ram; Damiano Fruet; Giandomenico Nollo,10.1109/access.2023.3332762,,https://doi.org/10.1109/access.2023.3332762,openalex,energy based model robot learning,concept,ebm,,34,,2026-06-12T18:26:24Z,15.078,15.078
doi:10.1109/icra55743.2025.11128061,ForceMimic: Force-Centric Imitation Learning with Force-Motion Capture System for Contact-Rich Manipulation,,2025,2025 IEEE International Conference on Robotics and Automation (ICRA),Wenhai Liu; Junbo Wang; Yiming Wang; Weiming Wang; Cewu Lu,10.1109/icra55743.2025.11128061,,https://doi.org/10.1109/icra55743.2025.11128061,crossref,contact rich manipulation learning,concept,contact,,18,contact rich manipulation; imitation learning,2026-06-12T14:45:03Z,15.072,15.072
doi:10.1109/lra.2020.3010739,Learning Force Control for Contact-Rich Manipulation Tasks With Rigid Position-Controlled Robots,,2020,IEEE Robotics and Automation Letters,Cristian Camilo Beltran-Hernandez; Damien Petit; Ixchel Georgina Ramirez-Alpizar; Takayuki Nishi; Shinichi Kikuchi; Takamitsu Matsubara; Kensuke Harada,10.1109/lra.2020.3010739,,https://doi.org/10.1109/lra.2020.3010739,crossref,contact rich manipulation learning,concept,contact,,139,contact rich manipulation; force control,2026-06-12T14:45:03Z,15.071,15.071
doi:10.1038/s41467-023-41379-3,Model-free tracking control of complex dynamical trajectories with machine learning,"Nonlinear tracking control enabling a dynamical system to track a desired trajectory is fundamental to robotics, serving a wide range of civil and defense applications. In control engineering, designing tracking control requires complete knowledge of the system model and equations. We develop a model-free, machine-learning framework to control a two-arm robotic manipulator using only partially observed states, where the controller is realized by reservoir computing. Stochastic input is exploited for training, which consists of the observed partial state vector as the first and its immediate future as the second component so that the neural machine regards the latter as the future state of the former. In the testing (deployment) phase, the immediate-future component is replaced by the desired observational vector from the reference trajectory. We demonstrate the effectiveness of the contr",2023,Nature Communications,Zheng-Meng Zhai; Mohammadamin Moradi; Ling-Wei Kong; Bryan Glaz; Mulugeta Haile; Ying‐Cheng Lai,10.1038/s41467-023-41379-3,,https://doi.org/10.1038/s41467-023-41379-3,openalex,energy based model robot learning,concept,ebm,,67,robustness; deployment,2026-06-12T18:05:07Z,15.060,17.060
doi:10.15607/rss.2023.xix.039,IndustReal: Transferring Contact-Rich Assembly Tasks from Simulation to Reality,,2023,Robotics: Science and Systems XIX,Bingjie Tang; Michael Lin; Iretiayo Akinola; Ankur Handa; Gaurav Sukhatme; Fabio Ramos; Dieter Fox; Yashraj Narang,10.15607/rss.2023.xix.039,,https://doi.org/10.15607/rss.2023.xix.039,crossref,contact rich manipulation learning,concept,contact,,40,contact rich manipulation,2026-06-12T15:07:36Z,15.057,15.057
doi:10.1109/lra.2018.2852779,More Than a Feeling: Learning to Grasp and Regrasp using Vision and Touch,"For humans, the process of grasping an object relies heavily on rich tactile feedback. Most recent robotic grasping work, however, has been based only on visual input, and thus cannot easily benefit from feedback after initiating contact. In this paper, we investigate how a robot can learn to use tactile information to iteratively and efficiently adjust its grasp. To this end, we propose an end-to-end action-conditional model that learns regrasping policies from raw visuo-tactile data. This model -- a deep, multimodal convolutional network -- predicts the outcome of a candidate grasp adjustment, and then executes a grasp by iteratively selecting the most promising actions. Our approach requires neither calibration of the tactile sensors, nor any analytical modeling of contact forces, thus reducing the engineering effort required to obtain efficient grasping policies. We train our model w",2018,arXiv,Roberto Calandra; Andrew Owens; Dinesh Jayaraman; Justin Lin; Wenzhen Yuan; Jitendra Malik; Edward H. Adelson; Sergey Levine,10.1109/lra.2018.2852779,1805.11085v2,http://arxiv.org/abs/1805.11085v2,arxiv,analytical grasping,anti_myopia,anti_thesis,,,analytical grasping,2026-06-12T15:07:36Z,15.050,18.050
arxiv:1812.01127v2,Learning to Predict Ego-Vehicle Poses for Sampling-Based Nonholonomic Motion Planning,"Sampling-based motion planning is an effective tool to compute safe trajectories for automated vehicles in complex environments. However, a fast convergence to the optimal solution can only be ensured with the use of problem-specific sampling distributions. Due to the large variety of driving situations within the context of automated driving, it is very challenging to manually design such distributions. This paper introduces therefore a data-driven approach utilizing a deep convolutional neural network (CNN): Given the current driving situation, future ego-vehicle poses can be directly generated from the output of the CNN allowing to guide the motion planner efficiently towards the optimal solution. A benchmark highlights that the CNN predicts future vehicle poses with a higher accuracy compared to uniform sampling and a state-of-the-art A*-based approach. Combining this CNN-guided samp",2018,arXiv,Holger Banzhaf; Paul Sanzenbacher; Ulrich Baumann; J. Marius Zöllner,,1812.01127v2,http://arxiv.org/abs/1812.01127v2,arxiv,sampling based motion planning,anti_myopia,anti_thesis,,,motion planning; benchmark; sampling based motion planning,2026-06-12T15:07:36Z,15.050,20.050
arxiv:2111.07753v1,An Adaptive Framework for Reliable Trajectory Following in Changing-Contact Robot Manipulation Tasks,"We describe a framework for changing-contact robot manipulation tasks that require the robot to make and break contacts with objects and surfaces. The discontinuous interaction dynamics of such tasks make it difficult to construct and use a single dynamics model or control strategy, and the highly non-linear nature of the dynamics during contact changes can be damaging to the robot and the objects. We present an adaptive control framework that enables the robot to incrementally learn to predict contact changes in a changing contact task, learn the interaction dynamics of the piece-wise continuous system, and provide smooth and accurate trajectory tracking using a task-space variable impedance controller. We experimentally compare the performance of our framework against that of representative control methods to establish that the adaptive control and incremental learning components of ou",2021,arXiv,Saif Sidhik; Mohan Sridharan; Dirk Ruiken,,2111.07753v1,http://arxiv.org/abs/2111.07753v1,arxiv,Gaussian splatting robot perception contact rich manipulation,concept,architecture_x_embodiment,,,Gaussian splatting robot perception; robot manipulation; contact rich manipulation; impedance control,2026-06-12T15:07:36Z,15.050,15.050
doi:10.1177/1476750318789475,"Embracing problems, processes, and contact zones: Using youth participatory action research to challenge adultism","In the United States, adultism creates dynamics in which youth are oppressed and their experiences dismissed. Youth participatory action research (YPAR), a research method and theoretical construct, provides one forum through which to challenge adultism by providing youth with voice and input. Such an approach contrasts with traditional banking models of education to focus on the assets youth possess. In this article, I argue that YPAR can serve as a tool for liberation when approached as a contact zone, problem-posing education, and a process rather than a product. I then advocate for key considerations of YPAR work to include the need to challenge research norms, encourage reflexivity, and promote youth-centered approaches. These considerations span individual, collective, and institutional measures to support equitable and just applications of YPAR work.",2020,Action Research,Genia M Bettencourt,10.1177/1476750318789475,,https://doi.org/10.1177/1476750318789475,crossref,action transformer,concept,architecture,,117,action transformer,2026-06-12T15:07:36Z,15.035,15.035
doi:10.1177/0146167219900439,"Positive Emotions, More Than Anxiety or Other Negative Emotions, Predict Willingness to Interact With Robots","Like early work on human intergroup interaction, previous research on people's willingness to interact with robots has focused mainly on effects of anxiety. However, existing findings suggest that other negative emotions as well as some positive emotions also have effects. This article systematically examines the roles of positive and negative emotions in predicting willingness to interact with robots, using an integrative analysis of data across five studies that use diverse interaction conditions and several types of robots. We hypothesize and find that positive emotions account for more variance than negative emotions. Practically, the findings suggest new strategies for interventions, aimed at increasing positive emotions to increase willingness to engage in intergroup interaction. No existing work has examined whether positive emotions are stronger predictors than negative emotions ",2020,Personality and Social Psychology Bulletin,Eliot R. Smith; Steven Sherrin; Marlena R. Fraune; Selma Šabanović,10.1177/0146167219900439,,https://doi.org/10.1177/0146167219900439,openalex,robotics,concept,openalex_bulk_robotics,,57,,2026-06-12T18:57:17Z,15.030,16.030
doi:10.48550/arxiv.2206.14176,DayDreamer: World Models for Physical Robot Learning,"To solve tasks in complex environments, robots need to learn from experience. Deep reinforcement learning is a common approach to robot learning but requires a large amount of trial and error to learn, limiting its deployment in the physical world. As a consequence, many advances in robot learning rely on simulators. On the other hand, learning inside of simulators fails to capture the complexity of the real world, is prone to simulator inaccuracies, and the resulting behaviors do not adapt to changes in the world. The Dreamer algorithm has recently shown great promise for learning from small amounts of interaction by planning within a learned world model, outperforming pure reinforcement learning in video games. Learning a world model to predict the outcomes of potential actions enables planning in imagination, reducing the amount of trial and error needed in the real environment. Howev",2022,arXiv (Cornell University),Philipp Wu; Alejandro Escontrela; Danijar Hafner; Ken Goldberg; Pieter Abbeel,10.48550/arxiv.2206.14176,,https://doi.org/10.48550/arxiv.2206.14176,openalex,robotics,concept,openalex_bulk_robotics,,46,deployment,2026-06-12T18:57:17Z,15.025,17.025
doi:10.1016/j.autcon.2023.104829,Mutual physical state-aware object handover in full-contact collaborative human-robot construction work,,2023,Automation in Construction,Hongrui Yu; Vineet R. Kamat; Carol C. Menassa; Wes McGee; Yijie Guo; Honglak Lee,10.1016/j.autcon.2023.104829,,https://doi.org/10.1016/j.autcon.2023.104829,openalex,robotics,concept,openalex_bulk_robotics,,33,,2026-06-12T18:57:17Z,15.013,15.013
doi:10.3390/agronomy15010190,Organic Fertilization Leads to N Limitation Rather than P Limitation in Both Vegetable Soils,"Organic amendments are widely used to enhance soil fertility and nutrient cycling in greenhouse cultivation, but their effectiveness can vary depending on their origin and composition. This study investigated the impact of four organic materials (rice husk, coconut coir, biochar, and sheep manure) on nutrient cycling and enzyme activities in two of greenhouse tomato soils. The distribution of soil nutrients and enzyme activities was analyzed under controlled conditions during a pot experiment. The addition of organic amendments, regardless of their source, significantly altered the microbial resource allocation, reducing the carbon limitation while increasing the nitrogen demand. The effect on soil nutrient pools was largely determined by the chemical composition of the amendments. In clayey soils, biochar and rice husk additions most effectively promoted enzyme activities related to car",2025,Agronomy,Qingshan Li; Mengqian Xu; Lingying Xu; Xingwang Wu; Yuqin Zhang; Jia Xin; Yazhen Shen; Jichao Gao,10.3390/agronomy15010190,,https://doi.org/10.3390/agronomy15010190,crossref,diffusion policy limitation,anti_myopia,anti_thesis,,4,diffusion policy; limitation; diffusion policy limitation,2026-06-12T15:07:36Z,15.005,19.005
doi:10.21495/91-8-485,Numerical simulation of stochastic process as a model of technical object state changes,,2018,Engineering Mechanics Engineering Mechanics 2018,,10.21495/91-8-485,,https://doi.org/10.21495/91-8-485,crossref,object centric world model,concept,architecture,,4,object centric world model,2026-06-12T15:07:36Z,15.005,15.005
doi:10.1163/187740911x558806,Why Don't All Contact Features Act Alike? Contact Features as Enregistered Features,"Abstract It has been widely observed that speakers of Andean Spanish use features that are borrowed or calqued from Quechua (de Granda 2001; Pfänder 2009). In this article, I demonstrate that these features are not evenly distributed over contexts of language use; rather, most contact features occur significantly more frequently in conversations than in formal contexts such as meetings. However, some contact features behave differently: they are more likely to occur in meetings than in conversation. Why don't all contact features act alike? I suggest that this result can be explained by the linguistic anthropological theory of enregisterment (Agha 2005, 2007). Agha defines register as 'a linguistic repertoire that is associated, culture-internally, with particular social practices and with persons who engage in such practices' (2004: 24). I demonstrate that while some Quechua contact fea",2011,Journal of Language Contact,Anna Babel,10.1163/187740911x558806,,https://doi.org/10.1163/187740911x558806,crossref,contact rich manipulation learning,concept,contact,,14,contact rich manipulation,2026-06-12T15:07:36Z,15.004,15.004
arxiv:1911.05884v1,Robots Assembling Machines: Learning from the World Robot Summit 2018 Assembly Challenge,"The Industrial Assembly Challenge at the World Robot Summit was held in 2018 to showcase the state-of-the-art of autonomous manufacturing systems. The challenge included various tasks, such as bin picking, kitting, and assembly of standard industrial parts into 2D and 3D assemblies. Some of the tasks were only revealed at the competition itself, representing the challenge of ""level 5"" automation, i. e., programming and setting up an autonomous assembly system in less than one day. We conducted a survey among the teams that participated in the challenge and investigated aspects such as team composition, development costs, system setups as well as the teams' strategies and approaches. An analysis of the survey results reveals that the competitors have been in two camps: those constructing conventional robotic work cells with off-the-shelf tools, and teams who mostly relied on custom-made e",2019,arXiv,Felix von Drigalski; Christian Schlette; Martin Rudorfer; Nikolaus Correll; Joshua Triyonoputro; Weiwei Wan; Tokuo Tsuji; Tetsuyou Watanabe,,1911.05884v1,http://arxiv.org/abs/1911.05884v1,arxiv,world action model robotics,concept,wam,,,world action model; force control,2026-06-12T14:45:03Z,15.000,15.000
doi:10.1109/cacre54574.2022.9834102,Interaction Primitives for Robotic Manipulation Based on the Contact State,,2022,"2022 7th International Conference on Automation, Control and Robotics Engineering (CACRE)",Hechao Ji; Shiqi Li; Jia Wang; Jie Chen,10.1109/cacre54574.2022.9834102,,https://doi.org/10.1109/cacre54574.2022.9834102,crossref,contact rich manipulation learning,concept,contact,,,contact rich manipulation,2026-06-12T14:45:03Z,15.000,15.000
doi:10.61508/refl.v33i1.287226,Beyond Defensive Fixations: Using the Adult-Ego-Centric (ADEC) Model to Enhance Critical Thinking in L2 Speakers,"Critical thinking (CT) is central to education, including EFL and EMI contexts, yet effectively fostering it in learners remains a challenge. CT is often assessed through multiple-choice tests or essay writing, but rarely within the context of spoken interactions, which are more challenging, as responses are not only more spontaneous in nature but can also be influenced by a need to defend self-face rather than seek optimal solutions, particularly during disagreements. Defensive fixations, driven by a desire to protect face, hinder active listening necessary for critical engagement by triggering emotionally charged responses. The Adult ego state (Berne, 1960s) refers to the aspect of individuals’ personalities that enables accurate data processing and problem-solving using facts, reducing defensive fixations caused by prejudged thoughts (Parent ego) or reactive emotions (Child ego), whic",2026,rEFLections,Hlaing Minn Khant; Punchalee Wasanasomsithi,10.61508/refl.v33i1.287226,,https://doi.org/10.61508/refl.v33i1.287226,crossref,object centric world model,concept,architecture,,,object centric world model,2026-06-12T15:07:36Z,15.000,15.000
doi:10.1007/s40747-023-01174-5,Learning high-level robotic manipulation actions with visual predictive model,"Abstract Learning visual predictive models has great potential for real-world robot manipulations. Visual predictive models serve as a model of real-world dynamics to comprehend the interactions between the robot and objects. However, prior works in the literature have focused mainly on low-level elementary robot actions, which typically result in lengthy, inefficient, and highly complex robot manipulation. In contrast, humans usually employ top–down thinking of high-level actions rather than bottom–up stacking of low-level ones. To address this limitation, we present a novel formulation for robot manipulation that can be accomplished by pick-and-place, a commonly applied high-level robot action, through grasping. We propose a novel visual predictive model that combines an action decomposer and a video prediction network to learn the intrinsic semantic information of high-level actions. ",2024,Complex & Intelligent Systems,Anji Ma; Guoyi Chi; Serena Ivaldi; Lipeng Chen,10.1007/s40747-023-01174-5,,https://doi.org/10.1007/s40747-023-01174-5,crossref,contact rich manipulation learning,concept,contact,,2,robot manipulation; contact rich manipulation; limitation,2026-06-12T15:07:36Z,14.999,16.999
doi:10.1177/02783649251369549,Open scene graphs for open-world object-goal navigation,"How can we build general-purpose robot systems for open-world semantic navigation, for example, searching a novel environment for a target object specified in natural language? To tackle this challenge, we introduce OSG Navigator , a modular system composed of foundation models, for open-world Object-Goal Navigation (ObjectNav). Foundation models provide enormous semantic knowledge about the world, but struggle to organise and maintain spatial information effectively at scale. Key to OSG Navigator is the Open Scene Graph representation, which acts as spatial memory for OSG Navigator. It organises spatial information hierarchically using OSG schemas , which are templates, each describing the common structure of a class of environments. OSG schemas can be automatically generated from simple semantic labels of a given environment, for example, ‘home’ or ‘supermarket’. They enable OSG Naviga",2025,The International Journal of Robotics Research,Joel Loo; Zhanxin Wu; David Hsu,10.1177/02783649251369549,,https://doi.org/10.1177/02783649251369549,crossref,world action model robotics,concept,wam,,7,world action model; benchmark,2026-06-12T15:07:36Z,14.990,15.990
doi:10.3389/frobt.2020.600584,Combining Self-Organizing and Graph Neural Networks for Modeling Deformable Objects in Robotic Manipulation,"Modeling deformable objects is an important preliminary step for performing robotic manipulation tasks with more autonomy and dexterity. Currently, generalization capabilities in unstructured environments using analytical approaches are limited, mainly due to the lack of adaptation to changes in the object shape and properties. Therefore, this paper proposes the design and implementation of a data-driven approach, which combines machine learning techniques on graphs to estimate and predict the state and transition dynamics of deformable objects with initially undefined shape and material characteristics. The learned object model is trained using RGB-D sensor data and evaluated in terms of its ability to estimate the current state of the object shape, in addition to predicting future states with the goal to plan and support the manipulation actions of a robotic hand.",2020,Frontiers in Robotics and AI,Angel J. Valencia; Pierre Payeur,10.3389/frobt.2020.600584,,https://doi.org/10.3389/frobt.2020.600584,crossref,robot world models manipulation,concept,world_models,,6,robot world model; generalization,2026-06-12T15:07:36Z,14.973,15.973
doi:10.1115/detc2000/mech-14054,Finite-State-Machine Representations for Mechanisms and Chains With Variable Topologies,"Abstract This paper provides a novel representation for the topological structures of mechanisms and chains with variable topologies. The concept is finite state machines. Graphs are traditional representations of mechanism topologies and have the advantages of easily observing. Finite state machine is proposed for expressing the changes of input links and operating stages. The double-dwell slider-crank mechanism is applied as an example to illustrate the proposed representations. These representations are useful for analyzing the characteristics of topology structures of mechanisms and chains with variable topologies. And, the result of this work can be extended for synthesizing mechanisms and chains with variable topologies.",2000,Volume 7A: 26th Biennial Mechanisms and Robotics Conference,Hong-Sen Yan; Nien-Te Liu,10.1115/detc2000/mech-14054,,https://doi.org/10.1115/detc2000/mech-14054,crossref,robotics,concept,crossref_bulk_robotics,,6,,2026-06-12T19:29:26Z,14.973,14.973
doi:10.1177/26349825221082167,Ethics as first method: Reframing geographies at an(other) ending-of-the-world as co-motion,"Drawing inspiration from diverse Indigenous scholars and mentors, as well as Levinas’ advocacy of ‘ethics as first philosophy’, this article advocates a radical contextualist reframing of geographical research as needing to address the challenges targeted by this new peer review journal. Reframing our disciplinary challenges in this way might acknowledge the need to cast off the discipline’s Eurocentric (or more particularly, its Anglo-American) blinkers, and also many other taken-for-granted notions of philosophy, theory, models, methods and practice. Even the most critical geographies often start with the imperative to speak rather than listen, to direct rather than engage, to command rather than respond. In Geography, we aim literally to write the world. This article argues that transforming chaotic commotion to ethical co-motion invites deep listening across barriers of difference to",2022,Environment and Planning F,Richard Howitt,10.1177/26349825221082167,,https://doi.org/10.1177/26349825221082167,crossref,sampling based motion planning,anti_myopia,anti_thesis,,13,motion planning; sampling based motion planning,2026-06-12T15:07:36Z,14.970,18.970
doi:10.3390/ph18091271,"Artificial Intelligence in Small-Molecule Drug Discovery: A Critical Review of Methods, Applications, and Real-World Outcomes","Artificial intelligence (AI) is emerging as a valuable complementary tool in small-molecule drug discovery, augmenting traditional methodologies rather than replacing them. This review examines the evolution of AI from early rule-based systems to advanced deep learning, generative models, diffusion models, and autonomous agentic AI systems, highlighting their applications in target identification, hit discovery, lead optimization, and safety prediction. We present both successes and failures to provide a balanced perspective. Notable achievements include baricitinib (BenevolentAI/Eli Lilly, an existing drug repurposed through AI-assisted analysis for COVID-19 and rheumatoid arthritis), halicin (MIT, preclinical antibiotic), DSP-1181 (Exscientia, discontinued after Phase I), and ISM001-055/rentosertib (Insilico Medicine, positive Phase IIa results). However, several AI-assisted compounds ",2025,Pharmaceuticals,Sarfaraz K. Niazi,10.3390/ph18091271,,https://doi.org/10.3390/ph18091271,openalex,energy based transformer robot policy,concept,ebm_transformer,,24,energy based transformer robot policy; limitation,2026-06-12T18:05:07Z,14.959,17.959
doi:10.1109/lra.2022.3150024,Residual Learning From Demonstration: Adapting DMPs for Contact-Rich Manipulation,,2022,IEEE Robotics and Automation Letters,Todor Davchev; Kevin Sebastian Luck; Michael Burke; Franziska Meier; Stefan Schaal; Subramanian Ramamoorthy,10.1109/lra.2022.3150024,,https://doi.org/10.1109/lra.2022.3150024,crossref,contact dynamics robot learning,concept,contact,,49,contact rich manipulation; contact dynamics,2026-06-12T14:45:03Z,14.956,14.956
doi:10.1016/j.rcim.2024.102896,Variable impedance control on contact-rich manipulation of a collaborative industrial mobile manipulator: An imitation learning approach,,2025,Robotics and Computer-Integrated Manufacturing,Zhengxue Zhou; Xingyu Yang; Xuping Zhang,10.1016/j.rcim.2024.102896,,https://doi.org/10.1016/j.rcim.2024.102896,crossref,contact rich manipulation learning,concept,contact,,14,contact rich manipulation; impedance control; imitation learning,2026-06-12T14:45:03Z,14.954,14.954
doi:10.1109/tro.2025.3548493,Human-Inspired Active Compliant and Passive Shared Control Framework for Robotic Contact-Rich Tasks in Medical Applications,,2025,IEEE Transactions on Robotics,Junling Fu; Giorgia Maimone; Elisa Iovene; Jianzhuang Zhao; Alberto Redaelli; Giancarlo Ferrigno; Elena De Momi,10.1109/tro.2025.3548493,,https://doi.org/10.1109/tro.2025.3548493,crossref,contact rich manipulation learning,concept,contact,,14,contact rich manipulation,2026-06-12T15:07:36Z,14.954,14.954
doi:10.1109/tro.2023.3328202,Invariant Smoother for Legged Robot State Estimation With Dynamic Contact Event Information,,2024,IEEE Transactions on Robotics,Ziwon Yoon; Joon-Ha Kim; Hae-Won Park,10.1109/tro.2023.3328202,,https://doi.org/10.1109/tro.2023.3328202,crossref,contact dynamics robot learning,concept,contact,,21,contact dynamics; state estimation,2026-06-12T14:45:03Z,14.946,14.946
doi:10.1080/00423114.2023.2292651,Output-only estimation of lateral wheel-rail contact forces and track irregularities,,2024,Vehicle System Dynamics,Salvatore Strano; Mario Terzo; Ciro Tordela,10.1080/00423114.2023.2292651,,https://doi.org/10.1080/00423114.2023.2292651,crossref,contact dynamics robot learning,concept,contact,,21,contact dynamics,2026-06-12T15:07:36Z,14.946,14.946
doi:10.34133/hds.0019,A Machine Learning Approach to Predict HIV Viral Load Hotspots in Kenya Using Real-World Data,"Background Machine learning models are not in routine use for predicting HIV status. Our objective is to describe the development of a machine learning model to predict HIV viral load (VL) hotspots as an early warning system in Kenya, based on routinely collected data by affiliate entities of the Ministry of Health. Based on World Health Organization’s recommendations, hotspots are health facilities with ≥20% people living with HIV whose VL is not suppressed. Prediction of VL hotspots provides an early warning system to health administrators to optimize treatment and resources distribution. Methods A random forest model was built to predict the hotspot status of a health facility in the upcoming month, starting from 2016. Prior to model building, the datasets were cleaned and checked for outliers and multicollinearity at the patient level. The patient-level data were aggregated up to the",2023,Health Data Science,Nancy Kagendi; Matilu Mwau,10.34133/hds.0019,,https://doi.org/10.34133/hds.0019,crossref,real world robot learning deployment,concept,deployment,,7,deployment,2026-06-12T15:07:36Z,14.940,16.940
doi:10.1080/13563467.2021.1994539,The EU as catalytic state? Rethinking European climate and energy governance,"The regulatory state has provided a useful framework for conceptualizing the nature of the EU and its role in policy making. Although it is widely accepted that the conditions of European integration have dramatically changed since the 1990s, when this approach was formulated, few scholars have sought to theorize the EU ‘beyond’ the regulatory state. To fill this gap, this article puts forward the concept of the catalytic state, tracing its emergence within the field of climate and energy. The article proposes an initial theorization of the EU’s role as a catalytic state, situating it between the direct approach of the positive state and the indirect one of the regulatory state. On that basis, it provides a detailed mapping of catalytic state capacities in the climate and energy sector. Rather than replacing existing regulatory capacities, the paper argues, these new capacities have expa",2021,New Political Economy,Andrea Prontera; Rainer Quitzow,10.1080/13563467.2021.1994539,,https://doi.org/10.1080/13563467.2021.1994539,openalex,energy based policy robotics,concept,ebm,,58,,2026-06-12T18:05:07Z,14.939,14.939
doi:10.1109/msp.2020.3016143,"Graphs, Convolutions, and Neural Networks: From Graph Filters to Graph Neural Networks","Network data can be conveniently modeled as a graph signal, where data values are assigned to nodes of a graph that describes the underlying network topology. Successful learning from network data is built upon methods that effectively exploit this graph structure. In this article, we leverage graph signal processing (GSP) to characterize the representation space of graph neural networks (GNNs). We discuss the role of graph convolutional filters in GNNs and show that any architecture built with such filters has the fundamental properties of permutation equivariance and stability to changes in the topology. These two properties offer insight about the workings of GNNs and help explain their scalability and transferability properties, which, coupled with their local and distributed nature, make GNNs powerful tools for learning in physical networks. We also introduce GNN extensions using ed",2020,IEEE Signal Processing Magazine,Fernando Gama; Elvin Isufi; Geert Leus; Alejandro Ribeiro,10.1109/msp.2020.3016143,,https://doi.org/10.1109/msp.2020.3016143,openalex,energy based model robot learning,concept,ebm,,173,,2026-06-12T18:26:24Z,14.930,14.930
doi:10.1109/iros.2006.282370,Towards Whole Arm Manipulation by Contact State Transition,,2006,2006 IEEE/RSJ International Conference on Intelligent Robots and Systems,Tetsuyou Watanabe; Kensuke Harada; Tsuneo Yoshikawa; Zhongwei Jiang,10.1109/iros.2006.282370,,https://doi.org/10.1109/iros.2006.282370,crossref,contact rich manipulation learning,concept,contact,,13,contact rich manipulation,2026-06-12T14:45:03Z,14.920,14.920
doi:10.1007/978-1-4471-0749-1_8,Force- and Vision-Based Detection of Contact State Transitions,,2000,Advanced Manufacturing Robot Manipulation of Deformable Objects,F. Abegg; A. Remde; D. Henrich,10.1007/978-1-4471-0749-1_8,,https://doi.org/10.1007/978-1-4471-0749-1_8,crossref,contact rich manipulation learning,concept,contact,,13,contact rich manipulation,2026-06-12T14:45:03Z,14.920,14.920
doi:10.1163/156855305323383794,Distinguishability and identifiability testing of contact state models,,2005,Advanced Robotics,Thomas J. Debus; Pierre E. Dupont; Robert D. Howe,10.1163/156855305323383794,,https://doi.org/10.1163/156855305323383794,crossref,EBM transformer robotics contact rich manipulation,concept,architecture_x_embodiment,,13,EBM transformer robotics; contact rich manipulation,2026-06-12T15:07:36Z,14.920,14.920
